/* Generated by tools/generate_cjk_font.py. Do not edit. */
/* Font: Noto Sans CJK SC Regular */
/* Font source: https://raw.githubusercontent.com/notofonts/noto-cjk/f8d157532fbfaeda587e826d4cd5b21a49186f7c/Sans/OTF/SimplifiedChinese/NotoSansCJKsc-Regular.otf */
/* Font source file: NotoSansCJKsc-Regular.otf */
/* Font SHA-256: 2c76254f6fc379fddfce0a7e84fb5385bb135d3e399294f6eeb6680d0365b74b */
/* License: SIL Open Font License 1.1 (NotoSansCJK-OFL.txt) */
/* Glyphs: 6793; cell: 12x12; packed bytes: 18 */

static const uint16_t cjk_codepoints[] = {
    0x00B7, 0x2014, 0x2018, 0x2019, 0x201C, 0x201D, 0x2026, 0x3001, 0x3002, 0x3008, 0x3009, 0x300A,
    0x300B, 0x300C, 0x300D, 0x300E, 0x300F, 0x3010, 0x3011, 0x4E00, 0x4E01, 0x4E03, 0x4E07, 0x4E08,
    0x4E09, 0x4E0A, 0x4E0B, 0x4E0C, 0x4E0D, 0x4E0E, 0x4E10, 0x4E11, 0x4E13, 0x4E14, 0x4E15, 0x4E16,
    0x4E18, 0x4E19, 0x4E1A, 0x4E1B, 0x4E1C, 0x4E1D, 0x4E1E, 0x4E22, 0x4E24, 0x4E25, 0x4E27, 0x4E28,
    0x4E2A, 0x4E2B, 0x4E2C, 0x4E2D, 0x4E30, 0x4E32, 0x4E34, 0x4E36, 0x4E38, 0x4E39, 0x4E3A, 0x4E3B,
    0x4E3D, 0x4E3E, 0x4E3F, 0x4E43, 0x4E45, 0x4E47, 0x4E48, 0x4E49, 0x4E4B, 0x4E4C, 0x4E4D, 0x4E4E,
    0x4E4F, 0x4E50, 0x4E52, 0x4E53, 0x4E54, 0x4E56, 0x4E58, 0x4E59, 0x4E5C, 0x4E5D, 0x4E5E, 0x4E5F,
    0x4E60, 0x4E61, 0x4E66, 0x4E69, 0x4E70, 0x4E71, 0x4E73, 0x4E7E, 0x4E86, 0x4E88, 0x4E89, 0x4E8B,
    0x4E8C, 0x4E8D, 0x4E8E, 0x4E8F, 0x4E91, 0x4E92, 0x4E93, 0x4E94, 0x4E95, 0x4E98, 0x4E9A, 0x4E9B,
    0x4E9F, 0x4EA0, 0x4EA1, 0x4EA2, 0x4EA4, 0x4EA5, 0x4EA6, 0x4EA7, 0x4EA8, 0x4EA9, 0x4EAB, 0x4EAC,
    0x4EAD, 0x4EAE, 0x4EB2, 0x4EB3, 0x4EB5, 0x4EBA, 0x4EBB, 0x4EBF, 0x4EC0, 0x4EC1, 0x4EC2, 0x4EC3,
    0x4EC4, 0x4EC5, 0x4EC6, 0x4EC7, 0x4EC9, 0x4ECA, 0x4ECB, 0x4ECD, 0x4ECE, 0x4ED1, 0x4ED3, 0x4ED4,
    0x4ED5, 0x4ED6, 0x4ED7, 0x4ED8, 0x4ED9, 0x4EDD, 0x4EDE, 0x4EDF, 0x4EE1, 0x4EE3, 0x4EE4, 0x4EE5,
    0x4EE8, 0x4EEA, 0x4EEB, 0x4EEC, 0x4EF0, 0x4EF2, 0x4EF3, 0x4EF5, 0x4EF6, 0x4EF7, 0x4EFB, 0x4EFD,
    0x4EFF, 0x4F01, 0x4F09, 0x4F0A, 0x4F0D, 0x4F0E, 0x4F0F, 0x4F10, 0x4F11, 0x4F17, 0x4F18, 0x4F19,
    0x4F1A, 0x4F1B, 0x4F1E, 0x4F1F, 0x4F20, 0x4F22, 0x4F24, 0x4F25, 0x4F26, 0x4F27, 0x4F2A, 0x4F2B,
    0x4F2F, 0x4F30, 0x4F32, 0x4F34, 0x4F36, 0x4F38, 0x4F3A, 0x4F3C, 0x4F3D, 0x4F43, 0x4F46, 0x4F4D,
    0x4F4E, 0x4F4F, 0x4F50, 0x4F51, 0x4F53, 0x4F55, 0x4F57, 0x4F58, 0x4F59, 0x4F5A, 0x4F5B, 0x4F5C,
    0x4F5D, 0x4F5E, 0x4F5F, 0x4F60, 0x4F63, 0x4F64, 0x4F65, 0x4F67, 0x4F69, 0x4F6C, 0x4F6F, 0x4F70,
    0x4F73, 0x4F74, 0x4F76, 0x4F7B, 0x4F7C, 0x4F7E, 0x4F7F, 0x4F83, 0x4F84, 0x4F88, 0x4F89, 0x4F8B,
    0x4F8D, 0x4F8F, 0x4F91, 0x4F94, 0x4F97, 0x4F9B, 0x4F9D, 0x4FA0, 0x4FA3, 0x4FA5, 0x4FA6, 0x4FA7,
    0x4FA8, 0x4FA9, 0x4FAA, 0x4FAC, 0x4FAE, 0x4FAF, 0x4FB5, 0x4FBF, 0x4FC3, 0x4FC4, 0x4FC5, 0x4FCA,
    0x4FCE, 0x4FCF, 0x4FD0, 0x4FD1, 0x4FD7, 0x4FD8, 0x4FDA, 0x4FDC, 0x4FDD, 0x4FDE, 0x4FDF, 0x4FE1,
    0x4FE3, 0x4FE6, 0x4FE8, 0x4FE9, 0x4FEA, 0x4FED, 0x4FEE, 0x4FEF, 0x4FF1, 0x4FF3, 0x4FF8, 0x4FFA,
    0x4FFE, 0x500C, 0x500D, 0x500F, 0x5012, 0x5014, 0x5018, 0x5019, 0x501A, 0x501C, 0x501F, 0x5021,
    0x5025, 0x5026, 0x5028, 0x5029, 0x502A, 0x502C, 0x502D, 0x502E, 0x503A, 0x503C, 0x503E, 0x5043,
    0x5047, 0x5048, 0x504C, 0x504E, 0x504F, 0x5055, 0x505A, 0x505C, 0x5065, 0x506C, 0x5076, 0x5077,
    0x507B, 0x507E, 0x507F, 0x5080, 0x5085, 0x5088, 0x508D, 0x50A3, 0x50A5, 0x50A7, 0x50A8, 0x50A9,
    0x50AC, 0x50B2, 0x50BA, 0x50BB, 0x50CF, 0x50D6, 0x50DA, 0x50E6, 0x50E7, 0x50EC, 0x50ED, 0x50EE,
    0x50F3, 0x50F5, 0x50FB, 0x5106, 0x5107, 0x510B, 0x5112, 0x5121, 0x513F, 0x5140, 0x5141, 0x5143,
    0x5144, 0x5145, 0x5146, 0x5148, 0x5149, 0x514B, 0x514D, 0x5151, 0x5154, 0x5155, 0x5156, 0x515A,
    0x515C, 0x5162, 0x5165, 0x5168, 0x516B, 0x516C, 0x516D, 0x516E, 0x5170, 0x5171, 0x5173, 0x5174,
    0x5175, 0x5176, 0x5177, 0x5178, 0x5179, 0x517B, 0x517C, 0x517D, 0x5180, 0x5181, 0x5182, 0x5185,
    0x5188, 0x5189, 0x518C, 0x518D, 0x5192, 0x5195, 0x5196, 0x5197, 0x5199, 0x519B, 0x519C, 0x51A0,
    0x51A2, 0x51A4, 0x51A5, 0x51AB, 0x51AC, 0x51AF, 0x51B0, 0x51B1, 0x51B2, 0x51B3, 0x51B5, 0x51B6,
    0x51B7, 0x51BB, 0x51BC, 0x51BD, 0x51C0, 0x51C4, 0x51C6, 0x51C7, 0x51C9, 0x51CB, 0x51CC, 0x51CF,
    0x51D1, 0x51DB, 0x51DD, 0x51E0, 0x51E1, 0x51E4, 0x51EB, 0x51ED, 0x51EF, 0x51F0, 0x51F3, 0x51F5,
    0x51F6, 0x51F8, 0x51F9, 0x51FA, 0x51FB, 0x51FC, 0x51FD, 0x51FF, 0x5200, 0x5201, 0x5202, 0x5203,
    0x5206, 0x5207, 0x5208, 0x520A, 0x520D, 0x520E, 0x5211, 0x5212, 0x5216, 0x5217, 0x5218, 0x5219,
    0x521A, 0x521B, 0x521D, 0x5220, 0x5224, 0x5228, 0x5229, 0x522B, 0x522D, 0x522E, 0x5230, 0x5233,
    0x5236, 0x5237, 0x5238, 0x5239, 0x523A, 0x523B, 0x523D, 0x523F, 0x5240, 0x5241, 0x5242, 0x5243,
    0x524A, 0x524C, 0x524D, 0x5250, 0x5251, 0x5254, 0x5256, 0x525C, 0x525E, 0x5261, 0x5265, 0x5267,
    0x5269, 0x526A, 0x526F, 0x5272, 0x527D, 0x527F, 0x5281, 0x5282, 0x5288, 0x5290, 0x5293, 0x529B,
    0x529D, 0x529E, 0x529F, 0x52A0, 0x52A1, 0x52A2, 0x52A3, 0x52A8, 0x52A9, 0x52AA, 0x52AB, 0x52AC,
    0x52AD, 0x52B1, 0x52B2, 0x52B3, 0x52BE, 0x52BF, 0x52C3, 0x52C7, 0x52C9, 0x52CB, 0x52D0, 0x52D2,
    0x52D6, 0x52D8, 0x52DF, 0x52E4, 0x52F0, 0x52F9, 0x52FA, 0x52FE, 0x52FF, 0x5300, 0x5305, 0x5306,
    0x5308, 0x530D, 0x530F, 0x5310, 0x5315, 0x5316, 0x5317, 0x5319, 0x531A, 0x531D, 0x5320, 0x5321,
    0x5323, 0x5326, 0x532A, 0x532E, 0x5339, 0x533A, 0x533B, 0x533E, 0x533F, 0x5341, 0x5343, 0x5345,
    0x5347, 0x5348, 0x5349, 0x534A, 0x534E, 0x534F, 0x5351, 0x5352, 0x5353, 0x5355, 0x5356, 0x5357,
    0x535A, 0x535C, 0x535E, 0x535F, 0x5360, 0x5361, 0x5362, 0x5363, 0x5364, 0x5366, 0x5367, 0x5369,
    0x536B, 0x536E, 0x536F, 0x5370, 0x5371, 0x5373, 0x5374, 0x5375, 0x5377, 0x5378, 0x537A, 0x537F,
    0x5382, 0x5384, 0x5385, 0x5386, 0x5389, 0x538B, 0x538C, 0x538D, 0x5395, 0x5398, 0x539A, 0x539D,
    0x539F, 0x53A2, 0x53A3, 0x53A5, 0x53A6, 0x53A8, 0x53A9, 0x53AE, 0x53B6, 0x53BB, 0x53BF, 0x53C1,
    0x53C2, 0x53C8, 0x53C9, 0x53CA, 0x53CB, 0x53CC, 0x53CD, 0x53D1, 0x53D4, 0x53D6, 0x53D7, 0x53D8,
    0x53D9, 0x53DB, 0x53DF, 0x53E0, 0x53E3, 0x53E4, 0x53E5, 0x53E6, 0x53E8, 0x53E9, 0x53EA, 0x53EB,
    0x53EC, 0x53ED, 0x53EE, 0x53EF, 0x53F0, 0x53F1, 0x53F2, 0x53F3, 0x53F5, 0x53F6, 0x53F7, 0x53F8,
    0x53F9, 0x53FB, 0x53FC, 0x53FD, 0x5401, 0x5403, 0x5404, 0x5406, 0x5408, 0x5409, 0x540A, 0x540C,
    0x540D, 0x540E, 0x540F, 0x5410, 0x5411, 0x5412, 0x5413, 0x5415, 0x5416, 0x5417, 0x541B, 0x541D,
    0x541E, 0x541F, 0x5420, 0x5421, 0x5423, 0x5426, 0x5427, 0x5428, 0x5429, 0x542B, 0x542C, 0x542D,
    0x542E, 0x542F, 0x5431, 0x5432, 0x5434, 0x5435, 0x5438, 0x5439, 0x543B, 0x543C, 0x543E, 0x5440,
    0x5443, 0x5446, 0x5448, 0x544A, 0x544B, 0x5450, 0x5452, 0x5453, 0x5454, 0x5455, 0x5456, 0x5457,
    0x5458, 0x5459, 0x545B, 0x545C, 0x5462, 0x5464, 0x5466, 0x5468, 0x5471, 0x5472, 0x5473, 0x5475,
    0x5476, 0x5477, 0x5478, 0x547B, 0x547C, 0x547D, 0x5480, 0x5482, 0x5484, 0x5486, 0x548B, 0x548C,
    0x548E, 0x548F, 0x5490, 0x5492, 0x5494, 0x5495, 0x5496, 0x5499, 0x549A, 0x549B, 0x549D, 0x54A3,
    0x54A4, 0x54A6, 0x54A7, 0x54A8, 0x54A9, 0x54AA, 0x54AB, 0x54AC, 0x54AD, 0x54AF, 0x54B1, 0x54B3,
    0x54B4, 0x54B8, 0x54BB, 0x54BD, 0x54BF, 0x54C0, 0x54C1, 0x54C2, 0x54C4, 0x54C6, 0x54C7, 0x54C8,
    0x54C9, 0x54CC, 0x54CD, 0x54CE, 0x54CF, 0x54D0, 0x54D1, 0x54D2, 0x54D3, 0x54D4, 0x54D5, 0x54D7,
    0x54D9, 0x54DA, 0x54DC, 0x54DD, 0x54DE, 0x54DF, 0x54E5, 0x54E6, 0x54E7, 0x54E8, 0x54E9, 0x54EA,
    0x54ED, 0x54EE, 0x54F2, 0x54F3, 0x54FA, 0x54FC, 0x54FD, 0x54FF, 0x5501, 0x5506, 0x5507, 0x5509,
    0x550F, 0x5510, 0x5511, 0x5514, 0x551B, 0x5520, 0x5522, 0x5523, 0x5524, 0x5527, 0x552A, 0x552C,
    0x552E, 0x552F, 0x5530, 0x5531, 0x5533, 0x5537, 0x553C, 0x553E, 0x553F, 0x5541, 0x5543, 0x5544,
    0x5546, 0x5549, 0x554A, 0x5550, 0x5555, 0x5556, 0x555C, 0x5561, 0x5564, 0x5565, 0x5566, 0x5567,
    0x556A, 0x556C, 0x556D, 0x556E, 0x5575, 0x5576, 0x5577, 0x5578, 0x557B, 0x557C, 0x557E, 0x5580,
    0x5581, 0x5582, 0x5583, 0x5584, 0x5587, 0x5588, 0x5589, 0x558A, 0x558B, 0x558F, 0x5591, 0x5594,
    0x5598, 0x5599, 0x559C, 0x559D, 0x559F, 0x55A7, 0x55B1, 0x55B3, 0x55B5, 0x55B7, 0x55B9, 0x55BB,
    0x55BD, 0x55BE, 0x55C4, 0x55C5, 0x55C9, 0x55CC, 0x55CD, 0x55D1, 0x55D2, 0x55D3, 0x55D4, 0x55D6,
    0x55DC, 0x55DD, 0x55DF, 0x55E1, 0x55E3, 0x55E4, 0x55E5, 0x55E6, 0x55E8, 0x55EA, 0x55EB, 0x55EC,
    0x55EF, 0x55F2, 0x55F3, 0x55F5, 0x55F7, 0x55FD, 0x55FE, 0x5600, 0x5601, 0x5608, 0x5609, 0x560C,
    0x560E, 0x560F, 0x5618, 0x561B, 0x561E, 0x561F, 0x5623, 0x5624, 0x5627, 0x562C, 0x562D, 0x5631,
    0x5632, 0x5634, 0x5636, 0x5639, 0x563B, 0x563F, 0x564C, 0x564D, 0x564E, 0x5654, 0x5657, 0x5658,
    0x5659, 0x565C, 0x5662, 0x5664, 0x5668, 0x5669, 0x566A, 0x566B, 0x566C, 0x5671, 0x5676, 0x567B,
    0x567C, 0x5685, 0x5686, 0x568E, 0x568F, 0x5693, 0x56A3, 0x56AF, 0x56B7, 0x56BC, 0x56CA, 0x56D4,
    0x56D7, 0x56DA, 0x56DB, 0x56DD, 0x56DE, 0x56DF, 0x56E0, 0x56E1, 0x56E2, 0x56E4, 0x56EB, 0x56ED,
    0x56F0, 0x56F1, 0x56F4, 0x56F5, 0x56F9, 0x56FA, 0x56FD, 0x56FE, 0x56FF, 0x5703, 0x5704, 0x5706,
    0x5708, 0x5709, 0x570A, 0x571C, 0x571F, 0x5723, 0x5728, 0x5729, 0x572A, 0x572C, 0x572D, 0x572E,
    0x572F, 0x5730, 0x5733, 0x5739, 0x573A, 0x573B, 0x573E, 0x5740, 0x5742, 0x5747, 0x574A, 0x574C,
    0x574D, 0x574E, 0x574F, 0x5750, 0x5751, 0x5757, 0x575A, 0x575B, 0x575C, 0x575D, 0x575E, 0x575F,
    0x5760, 0x5761, 0x5764, 0x5766, 0x5768, 0x5769, 0x576A, 0x576B, 0x576D, 0x576F, 0x5773, 0x5776,
    0x5777, 0x577B, 0x577C, 0x5782, 0x5783, 0x5784, 0x5785, 0x5786, 0x578B, 0x578C, 0x5792, 0x5793,
    0x579B, 0x57A0, 0x57A1, 0x57A2, 0x57A3, 0x57A4, 0x57A6, 0x57A7, 0x57A9, 0x57AB, 0x57AD, 0x57AE,
    0x57B2, 0x57B4, 0x57B8, 0x57C2, 0x57C3, 0x57CB, 0x57CE, 0x57CF, 0x57D2, 0x57D4, 0x57D5, 0x57D8,
    0x57D9, 0x57DA, 0x57DD, 0x57DF, 0x57E0, 0x57E4, 0x57ED, 0x57EF, 0x57F4, 0x57F8, 0x57F9, 0x57FA,
    0x57FD, 0x5800, 0x5802, 0x5806, 0x5807, 0x580B, 0x580D, 0x5811, 0x5815, 0x5819, 0x581E, 0x5820,
    0x5821, 0x5824, 0x582A, 0x5830, 0x5835, 0x5844, 0x584C, 0x584D, 0x5851, 0x5854, 0x5858, 0x585E,
    0x5865, 0x586B, 0x586C, 0x587E, 0x5880, 0x5881, 0x5883, 0x5885, 0x5889, 0x5892, 0x5893, 0x5899,
    0x589A, 0x589E, 0x589F, 0x58A8, 0x58A9, 0x58BC, 0x58C1, 0x58C5, 0x58D1, 0x58D5, 0x58E4, 0x58EB,
    0x58EC, 0x58EE, 0x58F0, 0x58F3, 0x58F6, 0x58F9, 0x5902, 0x5904, 0x5907, 0x590D, 0x590F, 0x5914,
    0x5915, 0x5916, 0x5919, 0x591A, 0x591C, 0x591F, 0x5924, 0x5925, 0x5927, 0x5929, 0x592A, 0x592B,
    0x592D, 0x592E, 0x592F, 0x5931, 0x5934, 0x5937, 0x5938, 0x5939, 0x593A, 0x593C, 0x5941, 0x5942,
    0x5944, 0x5947, 0x5948, 0x5949, 0x594B, 0x594E, 0x594F, 0x5951, 0x5954, 0x5955, 0x5956, 0x5957,
    0x5958, 0x595A, 0x5960, 0x5962, 0x5965, 0x5973, 0x5974, 0x5976, 0x5978, 0x5979, 0x597D, 0x5981,
    0x5982, 0x5983, 0x5984, 0x5986, 0x5987, 0x5988, 0x598A, 0x598D, 0x5992, 0x5993, 0x5996, 0x5997,
    0x5999, 0x599E, 0x59A3, 0x59A4, 0x59A5, 0x59A8, 0x59A9, 0x59AA, 0x59AB, 0x59AE, 0x59AF, 0x59B2,
    0x59B9, 0x59BB, 0x59BE, 0x59C6, 0x59CA, 0x59CB, 0x59D0, 0x59D1, 0x59D2, 0x59D3, 0x59D4, 0x59D7,
    0x59D8, 0x59DA, 0x59DC, 0x59DD, 0x59E3, 0x59E5, 0x59E8, 0x59EC, 0x59F9, 0x59FB, 0x59FF, 0x5A01,
    0x5A03, 0x5A04, 0x5A05, 0x5A06, 0x5A07, 0x5A08, 0x5A09, 0x5A0C, 0x5A11, 0x5A13, 0x5A18, 0x5A1C,
    0x5A1F, 0x5A20, 0x5A23, 0x5A25, 0x5A29, 0x5A31, 0x5A32, 0x5A34, 0x5A36, 0x5A3C, 0x5A40, 0x5A46,
    0x5A49, 0x5A4A, 0x5A55, 0x5A5A, 0x5A62, 0x5A67, 0x5A6A, 0x5A74, 0x5A75, 0x5A76, 0x5A77, 0x5A7A,
    0x5A7F, 0x5A92, 0x5A9A, 0x5A9B, 0x5AAA, 0x5AB2, 0x5AB3, 0x5AB5, 0x5AB8, 0x5ABE, 0x5AC1, 0x5AC2,
    0x5AC9, 0x5ACC, 0x5AD2, 0x5AD4, 0x5AD6, 0x5AD8, 0x5ADC, 0x5AE0, 0x5AE1, 0x5AE3, 0x5AE6, 0x5AE9,
    0x5AEB, 0x5AF1, 0x5B09, 0x5B16, 0x5B17, 0x5B32, 0x5B34, 0x5B37, 0x5B40, 0x5B50, 0x5B51, 0x5B53,
    0x5B54, 0x5B55, 0x5B57, 0x5B58, 0x5B59, 0x5B5A, 0x5B5B, 0x5B5C, 0x5B5D, 0x5B5F, 0x5B62, 0x5B63,
    0x5B64, 0x5B65, 0x5B66, 0x5B69, 0x5B6A, 0x5B6C, 0x5B70, 0x5B71, 0x5B73, 0x5B75, 0x5B7A, 0x5B7D,
    0x5B80, 0x5B81, 0x5B83, 0x5B84, 0x5B85, 0x5B87, 0x5B88, 0x5B89, 0x5B8B, 0x5B8C, 0x5B8F, 0x5B93,
    0x5B95, 0x5B97, 0x5B98, 0x5B99, 0x5B9A, 0x5B9B, 0x5B9C, 0x5B9D, 0x5B9E, 0x5BA0, 0x5BA1, 0x5BA2,
    0x5BA3, 0x5BA4, 0x5BA5, 0x5BA6, 0x5BAA, 0x5BAB, 0x5BB0, 0x5BB3, 0x5BB4, 0x5BB5, 0x5BB6, 0x5BB8,
    0x5BB9, 0x5BBD, 0x5BBE, 0x5BBF, 0x5BC2, 0x5BC4, 0x5BC5, 0x5BC6, 0x5BC7, 0x5BCC, 0x5BD0, 0x5BD2,
    0x5BD3, 0x5BDD, 0x5BDE, 0x5BDF, 0x5BE1, 0x5BE4, 0x5BE5, 0x5BE8, 0x5BEE, 0x5BF0, 0x5BF8, 0x5BF9,
    0x5BFA, 0x5BFB, 0x5BFC, 0x5BFF, 0x5C01, 0x5C04, 0x5C06, 0x5C09, 0x5C0A, 0x5C0F, 0x5C11, 0x5C14,
    0x5C15, 0x5C16, 0x5C18, 0x5C1A, 0x5C1C, 0x5C1D, 0x5C22, 0x5C24, 0x5C25, 0x5C27, 0x5C2C, 0x5C31,
    0x5C34, 0x5C38, 0x5C39, 0x5C3A, 0x5C3B, 0x5C3C, 0x5C3D, 0x5C3E, 0x5C3F, 0x5C40, 0x5C41, 0x5C42,
    0x5C45, 0x5C48, 0x5C49, 0x5C4A, 0x5C4B, 0x5C4E, 0x5C4F, 0x5C50, 0x5C51, 0x5C55, 0x5C59, 0x5C5E,
    0x5C60, 0x5C61, 0x5C63, 0x5C65, 0x5C66, 0x5C6E, 0x5C6F, 0x5C71, 0x5C79, 0x5C7A, 0x5C7F, 0x5C81,
    0x5C82, 0x5C88, 0x5C8C, 0x5C8D, 0x5C90, 0x5C91, 0x5C94, 0x5C96, 0x5C97, 0x5C98, 0x5C99, 0x5C9A,
    0x5C9B, 0x5C9C, 0x5CA2, 0x5CA3, 0x5CA9, 0x5CAB, 0x5CAC, 0x5CAD, 0x5CB1, 0x5CB3, 0x5CB5, 0x5CB7,
    0x5CB8, 0x5CBD, 0x5CBF, 0x5CC1, 0x5CC4, 0x5CCB, 0x5CD2, 0x5CD9, 0x5CE1, 0x5CE4, 0x5CE5, 0x5CE6,
    0x5CE8, 0x5CEA, 0x5CED, 0x5CF0, 0x5CFB, 0x5D02, 0x5D03, 0x5D06, 0x5D07, 0x5D0E, 0x5D14, 0x5D16,
    0x5D1B, 0x5D1E, 0x5D24, 0x5D26, 0x5D27, 0x5D29, 0x5D2D, 0x5D2E, 0x5D34, 0x5D3D, 0x5D3E, 0x5D47,
    0x5D4A, 0x5D4B, 0x5D4C, 0x5D58, 0x5D5B, 0x5D5D, 0x5D69, 0x5D6B, 0x5D6C, 0x5D6F, 0x5D74, 0x5D82,
    0x5D99, 0x5D9D, 0x5DB7, 0x5DC5, 0x5DCD, 0x5DDB, 0x5DDD, 0x5DDE, 0x5DE1, 0x5DE2, 0x5DE5, 0x5DE6,
    0x5DE7, 0x5DE8, 0x5DE9, 0x5DEB, 0x5DEE, 0x5DEF, 0x5DF1, 0x5DF2, 0x5DF3, 0x5DF4, 0x5DF7, 0x5DFD,
    0x5DFE, 0x5E01, 0x5E02, 0x5E03, 0x5E05, 0x5E06, 0x5E08, 0x5E0C, 0x5E0F, 0x5E10, 0x5E11, 0x5E14,
    0x5E15, 0x5E16, 0x5E18, 0x5E19, 0x5E1A, 0x5E1B, 0x5E1C, 0x5E1D, 0x5E26, 0x5E27, 0x5E2D, 0x5E2E,
    0x5E31, 0x5E37, 0x5E38, 0x5E3B, 0x5E3C, 0x5E3D, 0x5E42, 0x5E44, 0x5E45, 0x5E4C, 0x5E54, 0x5E55,
    0x5E5B, 0x5E5E, 0x5E61, 0x5E62, 0x5E72, 0x5E73, 0x5E74, 0x5E76, 0x5E78, 0x5E7A, 0x5E7B, 0x5E7C,
    0x5E7D, 0x5E7F, 0x5E80, 0x5E84, 0x5E86, 0x5E87, 0x5E8A, 0x5E8B, 0x5E8F, 0x5E90, 0x5E91, 0x5E93,
    0x5E94, 0x5E95, 0x5E96, 0x5E97, 0x5E99, 0x5E9A, 0x5E9C, 0x5E9E, 0x5E9F, 0x5EA0, 0x5EA5, 0x5EA6,
    0x5EA7, 0x5EAD, 0x5EB3, 0x5EB5, 0x5EB6, 0x5EB7, 0x5EB8, 0x5EB9, 0x5EBE, 0x5EC9, 0x5ECA, 0x5ED1,
    0x5ED2, 0x5ED3, 0x5ED6, 0x5EDB, 0x5EE8, 0x5EEA, 0x5EF4, 0x5EF6, 0x5EF7, 0x5EFA, 0x5EFE, 0x5EFF,
    0x5F00, 0x5F01, 0x5F02, 0x5F03, 0x5F04, 0x5F08, 0x5F0A, 0x5F0B, 0x5F0F, 0x5F11, 0x5F13, 0x5F15,
    0x5F17, 0x5F18, 0x5F1B, 0x5F1F, 0x5F20, 0x5F25, 0x5F26, 0x5F27, 0x5F29, 0x5F2A, 0x5F2D, 0x5F2F,
    0x5F31, 0x5F39, 0x5F3A, 0x5F3C, 0x5F40, 0x5F50, 0x5F52, 0x5F53, 0x5F55, 0x5F56, 0x5F57, 0x5F58,
    0x5F5D, 0x5F61, 0x5F62, 0x5F64, 0x5F66, 0x5F69, 0x5F6A, 0x5F6C, 0x5F6D, 0x5F70, 0x5F71, 0x5F73,
    0x5F77, 0x5F79, 0x5F7B, 0x5F7C, 0x5F80, 0x5F81, 0x5F82, 0x5F84, 0x5F85, 0x5F87, 0x5F88, 0x5F89,
    0x5F8A, 0x5F8B, 0x5F8C, 0x5F90, 0x5F92, 0x5F95, 0x5F97, 0x5F98, 0x5F99, 0x5F9C, 0x5FA1, 0x5FA8,
    0x5FAA, 0x5FAD, 0x5FAE, 0x5FB5, 0x5FB7, 0x5FBC, 0x5FBD, 0x5FC3, 0x5FC4, 0x5FC5, 0x5FC6, 0x5FC9,
    0x5FCC, 0x5FCD, 0x5FCF, 0x5FD0, 0x5FD1, 0x5FD2, 0x5FD6, 0x5FD7, 0x5FD8, 0x5FD9, 0x5FDD, 0x5FE0,
    0x5FE1, 0x5FE4, 0x5FE7, 0x5FEA, 0x5FEB, 0x5FED, 0x5FEE, 0x5FF1, 0x5FF5, 0x5FF8, 0x5FFB, 0x5FFD,
    0x5FFE, 0x5FFF, 0x6000, 0x6001, 0x6002, 0x6003, 0x6004, 0x6005, 0x6006, 0x600A, 0x600D, 0x600E,
    0x600F, 0x6012, 0x6014, 0x6015, 0x6016, 0x6019, 0x601B, 0x601C, 0x601D, 0x6020, 0x6021, 0x6025,
    0x6026, 0x6027, 0x6028, 0x6029, 0x602A, 0x602B, 0x602F, 0x6035, 0x603B, 0x603C, 0x603F, 0x6041,
    0x6042, 0x6043, 0x604B, 0x604D, 0x6050, 0x6052, 0x6055, 0x6059, 0x605A, 0x605D, 0x6062, 0x6063,
    0x6064, 0x6067, 0x6068, 0x6069, 0x606A, 0x606B, 0x606C, 0x606D, 0x606F, 0x6070, 0x6073, 0x6076,
    0x6078, 0x6079, 0x607A, 0x607B, 0x607C, 0x607D, 0x607F, 0x6083, 0x6084, 0x6089, 0x608C, 0x608D,
    0x6092, 0x6094, 0x6096, 0x609A, 0x609B, 0x609D, 0x609F, 0x60A0, 0x60A3, 0x60A6, 0x60A8, 0x60AB,
    0x60AC, 0x60AD, 0x60AF, 0x60B1, 0x60B2, 0x60B4, 0x60B8, 0x60BB, 0x60BC, 0x60C5, 0x60C6, 0x60CA,
    0x60CB, 0x60D1, 0x60D5, 0x60D8, 0x60DA, 0x60DC, 0x60DD, 0x60DF, 0x60E0, 0x60E6, 0x60E7, 0x60E8,
    0x60E9, 0x60EB, 0x60EC, 0x60ED, 0x60EE, 0x60EF, 0x60F0, 0x60F3, 0x60F4, 0x60F6, 0x60F9, 0x60FA,
    0x6100, 0x6101, 0x6106, 0x6108, 0x6109, 0x610D, 0x610E, 0x610F, 0x6115, 0x611A, 0x611F, 0x6120,
    0x6123, 0x6124, 0x6126, 0x6127, 0x612B, 0x613F, 0x6148, 0x614A, 0x614C, 0x614E, 0x6151, 0x6155,
    0x615D, 0x6162, 0x6167, 0x6168, 0x6170, 0x6175, 0x6177, 0x618B, 0x618E, 0x6194, 0x619D, 0x61A7,
    0x61A8, 0x61A9, 0x61AC, 0x61B7, 0x61BE, 0x61C2, 0x61C8, 0x61CA, 0x61CB, 0x61D1, 0x61D2, 0x61D4,
    0x61E6, 0x61F5, 0x61FF, 0x6206, 0x6208, 0x620A, 0x620B, 0x620C, 0x620D, 0x620E, 0x620F, 0x6210,
    0x6211, 0x6212, 0x6215, 0x6216, 0x6217, 0x6218, 0x621A, 0x621B, 0x621F, 0x6221, 0x6222, 0x6224,
    0x6225, 0x622A, 0x622C, 0x622E, 0x6233, 0x6234, 0x6237, 0x623D, 0x623E, 0x623F, 0x6240, 0x6241,
    0x6243, 0x6247, 0x6248, 0x6249, 0x624B, 0x624C, 0x624D, 0x624E, 0x6251, 0x6252, 0x6253, 0x6254,
    0x6258, 0x625B, 0x6263, 0x6266, 0x6267, 0x6269, 0x626A, 0x626B, 0x626C, 0x626D, 0x626E, 0x626F,
    0x6270, 0x6273, 0x6276, 0x6279, 0x627C, 0x627E, 0x627F, 0x6280, 0x6284, 0x6289, 0x628A, 0x6291,
    0x6292, 0x6293, 0x6295, 0x6296, 0x6297, 0x6298, 0x629A, 0x629B, 0x629F, 0x62A0, 0x62A1, 0x62A2,
    0x62A4, 0x62A5, 0x62A8, 0x62AB, 0x62AC, 0x62B1, 0x62B5, 0x62B9, 0x62BB, 0x62BC, 0x62BD, 0x62BF,
    0x62C2, 0x62C4, 0x62C5, 0x62C6, 0x62C7, 0x62C8, 0x62C9, 0x62CA, 0x62CC, 0x62CD, 0x62CE, 0x62D0,
    0x62D2, 0x62D3, 0x62D4, 0x62D6, 0x62D7, 0x62D8, 0x62D9, 0x62DA, 0x62DB, 0x62DC, 0x62DF, 0x62E2,
    0x62E3, 0x62E5, 0x62E6, 0x62E7, 0x62E8, 0x62E9, 0x62EC, 0x62ED, 0x62EE, 0x62EF, 0x62F1, 0x62F3,
    0x62F4, 0x62F6, 0x62F7, 0x62FC, 0x62FD, 0x62FE, 0x62FF, 0x6301, 0x6302, 0x6307, 0x6308, 0x6309,
    0x630E, 0x6311, 0x6316, 0x631A, 0x631B, 0x631D, 0x631E, 0x631F, 0x6320, 0x6321, 0x6322, 0x6323,
    0x6324, 0x6325, 0x6328, 0x632A, 0x632B, 0x632F, 0x6332, 0x6339, 0x633A, 0x633D, 0x6342, 0x6343,
    0x6345, 0x6346, 0x6349, 0x634B, 0x634C, 0x634D, 0x634E, 0x634F, 0x6350, 0x6355, 0x635E, 0x635F,
    0x6361, 0x6362, 0x6363, 0x6367, 0x6369, 0x636D, 0x636E, 0x6371, 0x6376, 0x6377, 0x637A, 0x637B,
    0x6380, 0x6382, 0x6387, 0x6388, 0x6389, 0x638A, 0x638C, 0x638E, 0x638F, 0x6390, 0x6392, 0x6396,
    0x6398, 0x63A0, 0x63A2, 0x63A3, 0x63A5, 0x63A7, 0x63A8, 0x63A9, 0x63AA, 0x63AC, 0x63AD, 0x63AE,
    0x63B0, 0x63B3, 0x63B4, 0x63B7, 0x63B8, 0x63BA, 0x63BC, 0x63BE, 0x63C4, 0x63C6, 0x63C9, 0x63CD,
    0x63CE, 0x63CF, 0x63D0, 0x63D2, 0x63D6, 0x63DE, 0x63E0, 0x63E1, 0x63E3, 0x63E9, 0x63EA, 0x63ED,
    0x63F2, 0x63F4, 0x63F6, 0x63F8, 0x63FD, 0x63FF, 0x6400, 0x6401, 0x6402, 0x6405, 0x640B, 0x640C,
    0x640F, 0x6410, 0x6413, 0x6414, 0x641B, 0x641C, 0x641E, 0x6420, 0x6421, 0x6426, 0x642A, 0x642C,
    0x642D, 0x6434, 0x643A, 0x643D, 0x643F, 0x6441, 0x6444, 0x6445, 0x6446, 0x6447, 0x6448, 0x644A,
    0x6452, 0x6454, 0x6458, 0x645E, 0x6467, 0x6469, 0x646D, 0x6478, 0x6479, 0x647A, 0x6482, 0x6484,
    0x6485, 0x6487, 0x6491, 0x6492, 0x6495, 0x6496, 0x6499, 0x649E, 0x64A4, 0x64A9, 0x64AC, 0x64AD,
    0x64AE, 0x64B0, 0x64B5, 0x64B7, 0x64B8, 0x64BA, 0x64BC, 0x64C0, 0x64C2, 0x64C5, 0x64CD, 0x64CE,
    0x64D0, 0x64D2, 0x64D7, 0x64D8, 0x64DE, 0x64E2, 0x64E4, 0x64E6, 0x6500, 0x6509, 0x6512, 0x6518,
    0x6525, 0x652B, 0x652E, 0x652F, 0x6534, 0x6535, 0x6536, 0x6538, 0x6539, 0x653B, 0x653E, 0x653F,
    0x6545, 0x6548, 0x6549, 0x654C, 0x654F, 0x6551, 0x6555, 0x6556, 0x6559, 0x655B, 0x655D, 0x655E,
    0x6562, 0x6563, 0x6566, 0x656B, 0x656C, 0x6570, 0x6572, 0x6574, 0x6577, 0x6587, 0x658B, 0x658C,
    0x6590, 0x6591, 0x6593, 0x6597, 0x6599, 0x659B, 0x659C, 0x659F, 0x65A1, 0x65A4, 0x65A5, 0x65A7,
    0x65A9, 0x65AB, 0x65AD, 0x65AF, 0x65B0, 0x65B9, 0x65BC, 0x65BD, 0x65C1, 0x65C3, 0x65C4, 0x65C5,
    0x65C6, 0x65CB, 0x65CC, 0x65CE, 0x65CF, 0x65D2, 0x65D6, 0x65D7, 0x65E0, 0x65E2, 0x65E5, 0x65E6,
    0x65E7, 0x65E8, 0x65E9, 0x65EC, 0x65ED, 0x65EE, 0x65EF, 0x65F0, 0x65F1, 0x65F6, 0x65F7, 0x65FA,
    0x6600, 0x6602, 0x6603, 0x6606, 0x660A, 0x660C, 0x660E, 0x660F, 0x6613, 0x6614, 0x6615, 0x6619,
    0x661D, 0x661F, 0x6620, 0x6625, 0x6627, 0x6628, 0x662D, 0x662F, 0x6631, 0x6634, 0x6635, 0x6636,
    0x663C, 0x663E, 0x6641, 0x6643, 0x664B, 0x664C, 0x664F, 0x6652, 0x6653, 0x6654, 0x6655, 0x6656,
    0x6657, 0x665A, 0x665F, 0x6661, 0x6664, 0x6666, 0x6668, 0x666E, 0x666F, 0x6670, 0x6674, 0x6676,
    0x6677, 0x667A, 0x667E, 0x6682, 0x6684, 0x6687, 0x668C, 0x6691, 0x6696, 0x6697, 0x669D, 0x66A7,
    0x66A8, 0x66AE, 0x66B4, 0x66B9, 0x66BE, 0x66D9, 0x66DB, 0x66DC, 0x66DD, 0x66E6, 0x66E9, 0x66F0,
    0x66F2, 0x66F3, 0x66F4, 0x66F7, 0x66F9, 0x66FC, 0x66FE, 0x66FF, 0x6700, 0x6708, 0x6709, 0x670A,
    0x670B, 0x670D, 0x6710, 0x6714, 0x6715, 0x6717, 0x671B, 0x671D, 0x671F, 0x6726, 0x6728, 0x672A,
    0x672B, 0x672C, 0x672D, 0x672F, 0x6731, 0x6734, 0x6735, 0x673A, 0x673D, 0x6740, 0x6742, 0x6743,
    0x6746, 0x6748, 0x6749, 0x674C, 0x674E, 0x674F, 0x6750, 0x6751, 0x6753, 0x6756, 0x675C, 0x675E,
    0x675F, 0x6760, 0x6761, 0x6765, 0x6768, 0x6769, 0x676A, 0x676D, 0x676F, 0x6770, 0x6772, 0x6773,
    0x6775, 0x6777, 0x677C, 0x677E, 0x677F, 0x6781, 0x6784, 0x6787, 0x6789, 0x678B, 0x6790, 0x6795,
    0x6797, 0x6798, 0x679A, 0x679C, 0x679D, 0x679E, 0x67A2, 0x67A3, 0x67A5, 0x67A7, 0x67A8, 0x67AA,
    0x67AB, 0x67AD, 0x67AF, 0x67B0, 0x67B3, 0x67B5, 0x67B6, 0x67B7, 0x67B8, 0x67C1, 0x67C3, 0x67C4,
    0x67CF, 0x67D0, 0x67D1, 0x67D2, 0x67D3, 0x67D4, 0x67D8, 0x67D9, 0x67DA, 0x67DC, 0x67DD, 0x67DE,
    0x67E0, 0x67E2, 0x67E5, 0x67E9, 0x67EC, 0x67EF, 0x67F0, 0x67F1, 0x67F3, 0x67F4, 0x67FD, 0x67FF,
    0x6800, 0x6805, 0x6807, 0x6808, 0x6809, 0x680A, 0x680B, 0x680C, 0x680E, 0x680F, 0x6811, 0x6813,
    0x6816, 0x6817, 0x681D, 0x6821, 0x6829, 0x682A, 0x6832, 0x6833, 0x6837, 0x6838, 0x6839, 0x683C,
    0x683D, 0x683E, 0x6840, 0x6841, 0x6842, 0x6843, 0x6844, 0x6845, 0x6846, 0x6848, 0x6849, 0x684A,
    0x684C, 0x684E, 0x6850, 0x6851, 0x6853, 0x6854, 0x6855, 0x6860, 0x6861, 0x6862, 0x6863, 0x6864,
    0x6865, 0x6866, 0x6867, 0x6868, 0x6869, 0x686B, 0x6874, 0x6876, 0x6877, 0x6881, 0x6883, 0x6885,
    0x6886, 0x688F, 0x6893, 0x6897, 0x68A2, 0x68A6, 0x68A7, 0x68A8, 0x68AD, 0x68AF, 0x68B0, 0x68B3,
    0x68B5, 0x68C0, 0x68C2, 0x68C9, 0x68CB, 0x68CD, 0x68D2, 0x68D5, 0x68D8, 0x68DA, 0x68E0, 0x68E3,
    0x68EE, 0x68F0, 0x68F1, 0x68F5, 0x68F9, 0x68FA, 0x68FC, 0x6901, 0x6905, 0x690B, 0x690D, 0x690E,
    0x6910, 0x6912, 0x691F, 0x6920, 0x6924, 0x692D, 0x6930, 0x6934, 0x6939, 0x693D, 0x693F, 0x6942,
    0x6954, 0x6957, 0x695A, 0x695D, 0x695E, 0x6960, 0x6963, 0x6966, 0x696B, 0x696E, 0x6971, 0x6977,
    0x6978, 0x6979, 0x697C, 0x6980, 0x6982, 0x6984, 0x6986, 0x6987, 0x6988, 0x6989, 0x698D, 0x6994,
    0x6995, 0x6998, 0x699B, 0x699C, 0x69A7, 0x69A8, 0x69AB, 0x69AD, 0x69B1, 0x69B4, 0x69B7, 0x69BB,
    0x69C1, 0x69CA, 0x69CC, 0x69CE, 0x69D0, 0x69D4, 0x69DB, 0x69DF, 0x69E0, 0x69ED, 0x69F2, 0x69FD,
    0x69FF, 0x6A0A, 0x6A17, 0x6A18, 0x6A1F, 0x6A21, 0x6A28, 0x6A2A, 0x6A2F, 0x6A31, 0x6A35, 0x6A3D,
    0x6A3E, 0x6A44, 0x6A47, 0x6A50, 0x6A58, 0x6A59, 0x6A5B, 0x6A61, 0x6A65, 0x6A71, 0x6A79, 0x6A7C,
    0x6A80, 0x6A84, 0x6A8E, 0x6A90, 0x6A91, 0x6A97, 0x6AA0, 0x6AA9, 0x6AAB, 0x6AAC, 0x6B20, 0x6B21,
    0x6B22, 0x6B23, 0x6B24, 0x6B27, 0x6B32, 0x6B37, 0x6B39, 0x6B3A, 0x6B3E, 0x6B43, 0x6B46, 0x6B47,
    0x6B49, 0x6B4C, 0x6B59, 0x6B62, 0x6B63, 0x6B64, 0x6B65, 0x6B66, 0x6B67, 0x6B6A, 0x6B79, 0x6B7B,
    0x6B7C, 0x6B81, 0x6B82, 0x6B83, 0x6B84, 0x6B86, 0x6B87, 0x6B89, 0x6B8A, 0x6B8B, 0x6B8D, 0x6B92,
    0x6B93, 0x6B96, 0x6B9A, 0x6B9B, 0x6BA1, 0x6BAA, 0x6BB3, 0x6BB4, 0x6BB5, 0x6BB7, 0x6BBF, 0x6BC1,
    0x6BC2, 0x6BC5, 0x6BCB, 0x6BCD, 0x6BCF, 0x6BD2, 0x6BD3, 0x6BD4, 0x6BD5, 0x6BD6, 0x6BD7, 0x6BD9,
    0x6BDB, 0x6BE1, 0x6BEA, 0x6BEB, 0x6BEF, 0x6BF3, 0x6BF5, 0x6BF9, 0x6BFD, 0x6C05, 0x6C06, 0x6C07,
    0x6C0D, 0x6C0F, 0x6C10, 0x6C11, 0x6C13, 0x6C14, 0x6C15, 0x6C16, 0x6C18, 0x6C19, 0x6C1A, 0x6C1B,
    0x6C1F, 0x6C21, 0x6C22, 0x6C24, 0x6C26, 0x6C27, 0x6C28, 0x6C29, 0x6C2A, 0x6C2E, 0x6C2F, 0x6C30,
    0x6C32, 0x6C34, 0x6C35, 0x6C38, 0x6C3D, 0x6C40, 0x6C41, 0x6C42, 0x6C46, 0x6C47, 0x6C49, 0x6C4A,
    0x6C50, 0x6C54, 0x6C55, 0x6C57, 0x6C5B, 0x6C5C, 0x6C5D, 0x6C5E, 0x6C5F, 0x6C60, 0x6C61, 0x6C64,
    0x6C68, 0x6C69, 0x6C6A, 0x6C70, 0x6C72, 0x6C74, 0x6C76, 0x6C79, 0x6C7D, 0x6C7E, 0x6C81, 0x6C82,
    0x6C83, 0x6C85, 0x6C86, 0x6C88, 0x6C89, 0x6C8C, 0x6C8F, 0x6C90, 0x6C93, 0x6C94, 0x6C99, 0x6C9B,
    0x6C9F, 0x6CA1, 0x6CA3, 0x6CA4, 0x6CA5, 0x6CA6, 0x6CA7, 0x6CA9, 0x6CAA, 0x6CAB, 0x6CAD, 0x6CAE,
    0x6CB1, 0x6CB2, 0x6CB3, 0x6CB8, 0x6CB9, 0x6CBB, 0x6CBC, 0x6CBD, 0x6CBE, 0x6CBF, 0x6CC4, 0x6CC5,
    0x6CC9, 0x6CCA, 0x6CCC, 0x6CD0, 0x6CD3, 0x6CD4, 0x6CD5, 0x6CD6, 0x6CD7, 0x6CDB, 0x6CDE, 0x6CE0,
    0x6CE1, 0x6CE2, 0x6CE3, 0x6CE5, 0x6CE8, 0x6CEA, 0x6CEB, 0x6CEE, 0x6CEF, 0x6CF0, 0x6CF1, 0x6CF3,
    0x6CF5, 0x6CF6, 0x6CF7, 0x6CF8, 0x6CFA, 0x6CFB, 0x6CFC, 0x6CFD, 0x6CFE, 0x6D01, 0x6D04, 0x6D07,
    0x6D0B, 0x6D0C, 0x6D0E, 0x6D12, 0x6D17, 0x6D19, 0x6D1A, 0x6D1B, 0x6D1E, 0x6D25, 0x6D27, 0x6D2A,
    0x6D2B, 0x6D2E, 0x6D31, 0x6D32, 0x6D33, 0x6D35, 0x6D39, 0x6D3B, 0x6D3C, 0x6D3D, 0x6D3E, 0x6D41,
    0x6D43, 0x6D45, 0x6D46, 0x6D47, 0x6D48, 0x6D4A, 0x6D4B, 0x6D4D, 0x6D4E, 0x6D4F, 0x6D51, 0x6D52,
    0x6D53, 0x6D54, 0x6D59, 0x6D5A, 0x6D5C, 0x6D5E, 0x6D60, 0x6D63, 0x6D66, 0x6D69, 0x6D6A, 0x6D6E,
    0x6D6F, 0x6D74, 0x6D77, 0x6D78, 0x6D7C, 0x6D82, 0x6D85, 0x6D88, 0x6D89, 0x6D8C, 0x6D8E, 0x6D91,
    0x6D93, 0x6D94, 0x6D95, 0x6D9B, 0x6D9D, 0x6D9E, 0x6D9F, 0x6DA0, 0x6DA1, 0x6DA3, 0x6DA4, 0x6DA6,
    0x6DA7, 0x6DA8, 0x6DA9, 0x6DAA, 0x6DAB, 0x6DAE, 0x6DAF, 0x6DB2, 0x6DB5, 0x6DB8, 0x6DBF, 0x6DC0,
    0x6DC4, 0x6DC5, 0x6DC6, 0x6DC7, 0x6DCB, 0x6DCC, 0x6DD1, 0x6DD6, 0x6DD8, 0x6DD9, 0x6DDD, 0x6DDE,
    0x6DE0, 0x6DE1, 0x6DE4, 0x6DE6, 0x6DEB, 0x6DEC, 0x6DEE, 0x6DF1, 0x6DF3, 0x6DF7, 0x6DF9, 0x6DFB,
    0x6DFC, 0x6E05, 0x6E0A, 0x6E0C, 0x6E0D, 0x6E0E, 0x6E10, 0x6E11, 0x6E14, 0x6E16, 0x6E17, 0x6E1A,
    0x6E1D, 0x6E20, 0x6E21, 0x6E23, 0x6E24, 0x6E25, 0x6E29, 0x6E2B, 0x6E2D, 0x6E2F, 0x6E32, 0x6E34,
    0x6E38, 0x6E3A, 0x6E43, 0x6E44, 0x6E4D, 0x6E4E, 0x6E53, 0x6E54, 0x6E56, 0x6E58, 0x6E5B, 0x6E5F,
    0x6E6B, 0x6E6E, 0x6E7E, 0x6E7F, 0x6E83, 0x6E85, 0x6E86, 0x6E89, 0x6E8F, 0x6E90, 0x6E98, 0x6E9C,
    0x6E9F, 0x6EA2, 0x6EA5, 0x6EA7, 0x6EAA, 0x6EAF, 0x6EB1, 0x6EB2, 0x6EB4, 0x6EB6, 0x6EB7, 0x6EBA,
    0x6EBB, 0x6EBD, 0x6EC1, 0x6EC2, 0x6EC7, 0x6ECB, 0x6ECF, 0x6ED1, 0x6ED3, 0x6ED4, 0x6ED5, 0x6ED7,
    0x6EDA, 0x6EDE, 0x6EDF, 0x6EE0, 0x6EE1, 0x6EE2, 0x6EE4, 0x6EE5, 0x6EE6, 0x6EE8, 0x6EE9, 0x6EF4,
    0x6EF9, 0x6F02, 0x6F06, 0x6F09, 0x6F0F, 0x6F13, 0x6F14, 0x6F15, 0x6F20, 0x6F24, 0x6F29, 0x6F2A,
    0x6F2B, 0x6F2D, 0x6F2F, 0x6F31, 0x6F33, 0x6F36, 0x6F3E, 0x6F46, 0x6F47, 0x6F4B, 0x6F4D, 0x6F58,
    0x6F5C, 0x6F5E, 0x6F62, 0x6F66, 0x6F6D, 0x6F6E, 0x6F72, 0x6F74, 0x6F78, 0x6F7A, 0x6F7C, 0x6F84,
    0x6F88, 0x6F89, 0x6F8C, 0x6F8D, 0x6F8E, 0x6F9C, 0x6FA1, 0x6FA7, 0x6FB3, 0x6FB6, 0x6FB9, 0x6FC0,
    0x6FC2, 0x6FC9, 0x6FD1, 0x6FD2, 0x6FDE, 0x6FE0, 0x6FE1, 0x6FEE, 0x6FEF, 0x7011, 0x701A, 0x701B,
    0x7023, 0x7035, 0x7039, 0x704C, 0x704F, 0x705E, 0x706B, 0x706C, 0x706D, 0x706F, 0x7070, 0x7075,
    0x7076, 0x7078, 0x707C, 0x707E, 0x707F, 0x7080, 0x7085, 0x7089, 0x708A, 0x708E, 0x7092, 0x7094,
    0x7095, 0x7096, 0x7099, 0x709C, 0x709D, 0x70AB, 0x70AC, 0x70AD, 0x70AE, 0x70AF, 0x70B1, 0x70B3,
    0x70B7, 0x70B8, 0x70B9, 0x70BB, 0x70BC, 0x70BD, 0x70C0, 0x70C1, 0x70C2, 0x70C3, 0x70C8, 0x70CA,
    0x70D8, 0x70D9, 0x70DB, 0x70DF, 0x70E4, 0x70E6, 0x70E7, 0x70E8, 0x70E9, 0x70EB, 0x70EC, 0x70ED,
    0x70EF, 0x70F7, 0x70F9, 0x70FD, 0x7109, 0x710A, 0x7110, 0x7113, 0x7115, 0x7116, 0x7118, 0x7119,
    0x711A, 0x7126, 0x712F, 0x7130, 0x7131, 0x7136, 0x7145, 0x714A, 0x714C, 0x714E, 0x715C, 0x715E,
    0x7164, 0x7166, 0x7167, 0x7168, 0x716E, 0x7172, 0x7173, 0x7178, 0x717A, 0x717D, 0x7184, 0x718A,
    0x718F, 0x7194, 0x7198, 0x7199, 0x719F, 0x71A0, 0x71A8, 0x71AC, 0x71B3, 0x71B5, 0x71B9, 0x71C3,
    0x71CE, 0x71D4, 0x71D5, 0x71E0, 0x71E5, 0x71E7, 0x71EE, 0x71F9, 0x7206, 0x721D, 0x7228, 0x722A,
    0x722C, 0x7230, 0x7231, 0x7235, 0x7236, 0x7237, 0x7238, 0x7239, 0x723B, 0x723D, 0x723F, 0x7247,
    0x7248, 0x724C, 0x724D, 0x7252, 0x7256, 0x7259, 0x725B, 0x725D, 0x725F, 0x7261, 0x7262, 0x7266,
    0x7267, 0x7269, 0x726E, 0x726F, 0x7272, 0x7275, 0x7279, 0x727A, 0x727E, 0x727F, 0x7280, 0x7281,
    0x7284, 0x728A, 0x728B, 0x728D, 0x728F, 0x7292, 0x729F, 0x72AC, 0x72AD, 0x72AF, 0x72B0, 0x72B4,
    0x72B6, 0x72B7, 0x72B8, 0x72B9, 0x72C1, 0x72C2, 0x72C3, 0x72C4, 0x72C8, 0x72CD, 0x72CE, 0x72D0,
    0x72D2, 0x72D7, 0x72D9, 0x72DE, 0x72E0, 0x72E1, 0x72E8, 0x72E9, 0x72EC, 0x72ED, 0x72EE, 0x72EF,
    0x72F0, 0x72F1, 0x72F2, 0x72F3, 0x72F4, 0x72F7, 0x72F8, 0x72FA, 0x72FB, 0x72FC, 0x7301, 0x7303,
    0x730A, 0x730E, 0x7313, 0x7315, 0x7316, 0x7317, 0x731B, 0x731C, 0x731D, 0x731E, 0x7321, 0x7322,
    0x7325, 0x7329, 0x732A, 0x732B, 0x732C, 0x732E, 0x7331, 0x7334, 0x7337, 0x7338, 0x7339, 0x733E,
    0x733F, 0x734D, 0x7350, 0x7352, 0x7357, 0x7360, 0x736C, 0x736D, 0x736F, 0x737E, 0x7384, 0x7387,
    0x7389, 0x738B, 0x738E, 0x7391, 0x7396, 0x739B, 0x739F, 0x73A2, 0x73A9, 0x73AB, 0x73AE, 0x73AF,
    0x73B0, 0x73B2, 0x73B3, 0x73B7, 0x73BA, 0x73BB, 0x73C0, 0x73C2, 0x73C8, 0x73C9, 0x73CA, 0x73CD,
    0x73CF, 0x73D0, 0x73D1, 0x73D9, 0x73DE, 0x73E0, 0x73E5, 0x73E7, 0x73E9, 0x73ED, 0x73F2, 0x7403,
    0x7405, 0x7406, 0x7409, 0x740A, 0x740F, 0x7410, 0x741A, 0x741B, 0x7422, 0x7425, 0x7426, 0x7428,
    0x742A, 0x742C, 0x742E, 0x7430, 0x7433, 0x7434, 0x7435, 0x7436, 0x743C, 0x7441, 0x7455, 0x7457,
    0x7459, 0x745A, 0x745B, 0x745C, 0x745E, 0x745F, 0x746D, 0x7470, 0x7476, 0x7477, 0x747E, 0x7480,
    0x7481, 0x7483, 0x7487, 0x748B, 0x748E, 0x7490, 0x749C, 0x749E, 0x74A7, 0x74A8, 0x74A9, 0x74BA,
    0x74D2, 0x74DC, 0x74DE, 0x74E0, 0x74E2, 0x74E3, 0x74E4, 0x74E6, 0x74EE, 0x74EF, 0x74F4, 0x74F6,
    0x74F7, 0x74FF, 0x7504, 0x750D, 0x750F, 0x7511, 0x7513, 0x7518, 0x7519, 0x751A, 0x751C, 0x751F,
    0x7525, 0x7528, 0x7529, 0x752B, 0x752C, 0x752D, 0x752F, 0x7530, 0x7531, 0x7532, 0x7533, 0x7535,
    0x7537, 0x7538, 0x753A, 0x753B, 0x753E, 0x7540, 0x7545, 0x7548, 0x754B, 0x754C, 0x754E, 0x754F,
    0x7554, 0x7559, 0x755A, 0x755B, 0x755C, 0x7565, 0x7566, 0x756A, 0x7572, 0x7574, 0x7578, 0x7579,
    0x757F, 0x7583, 0x7586, 0x758B, 0x758F, 0x7591, 0x7592, 0x7594, 0x7596, 0x7597, 0x7599, 0x759A,
    0x759D, 0x759F, 0x75A0, 0x75A1, 0x75A3, 0x75A4, 0x75A5, 0x75AB, 0x75AC, 0x75AE, 0x75AF, 0x75B0,
    0x75B1, 0x75B2, 0x75B3, 0x75B4, 0x75B5, 0x75B8, 0x75B9, 0x75BC, 0x75BD, 0x75BE, 0x75C2, 0x75C3,
    0x75C4, 0x75C5, 0x75C7, 0x75C8, 0x75C9, 0x75CA, 0x75CD, 0x75D2, 0x75D4, 0x75D5, 0x75D6, 0x75D8,
    0x75DB, 0x75DE, 0x75E2, 0x75E3, 0x75E4, 0x75E6, 0x75E7, 0x75E8, 0x75EA, 0x75EB, 0x75F0, 0x75F1,
    0x75F4, 0x75F9, 0x75FC, 0x75FF, 0x7600, 0x7601, 0x7603, 0x7605, 0x760A, 0x760C, 0x7610, 0x7615,
    0x7617, 0x7618, 0x7619, 0x761B, 0x761F, 0x7620, 0x7622, 0x7624, 0x7625, 0x7626, 0x7629, 0x762A,
    0x762B, 0x762D, 0x7630, 0x7633, 0x7634, 0x7635, 0x7638, 0x763C, 0x763E, 0x763F, 0x7640, 0x7643,
    0x764C, 0x764D, 0x7654, 0x7656, 0x765C, 0x765E, 0x7663, 0x766B, 0x766F, 0x7678, 0x767B, 0x767D,
    0x767E, 0x7682, 0x7684, 0x7686, 0x7687, 0x7688, 0x768B, 0x768E, 0x7691, 0x7693, 0x7696, 0x7699,
    0x76A4, 0x76AE, 0x76B1, 0x76B2, 0x76B4, 0x76BF, 0x76C2, 0x76C5, 0x76C6, 0x76C8, 0x76CA, 0x76CD,
    0x76CE, 0x76CF, 0x76D0, 0x76D1, 0x76D2, 0x76D4, 0x76D6, 0x76D7, 0x76D8, 0x76DB, 0x76DF, 0x76E5,
    0x76EE, 0x76EF, 0x76F1, 0x76F2, 0x76F4, 0x76F8, 0x76F9, 0x76FC, 0x76FE, 0x7701, 0x7704, 0x7707,
    0x7708, 0x7709, 0x770B, 0x770D, 0x7719, 0x771A, 0x771F, 0x7720, 0x7722, 0x7726, 0x7728, 0x7729,
    0x772D, 0x772F, 0x7735, 0x7736, 0x7737, 0x7738, 0x773A, 0x773C, 0x7740, 0x7741, 0x7743, 0x7747,
    0x7750, 0x7751, 0x775A, 0x775B, 0x7761, 0x7762, 0x7763, 0x7765, 0x7766, 0x7768, 0x776B, 0x776C,
    0x7779, 0x777D, 0x777E, 0x777F, 0x7780, 0x7784, 0x7785, 0x778C, 0x778D, 0x778E, 0x7791, 0x7792,
    0x779F, 0x77A0, 0x77A2, 0x77A5, 0x77A7, 0x77A9, 0x77AA, 0x77AC, 0x77B0, 0x77B3, 0x77B5, 0x77BB,
    0x77BD, 0x77BF, 0x77CD, 0x77D7, 0x77DB, 0x77DC, 0x77E2, 0x77E3, 0x77E5, 0x77E7, 0x77E9, 0x77EB,
    0x77EC, 0x77ED, 0x77EE, 0x77F3, 0x77F6, 0x77F8, 0x77FD, 0x77FE, 0x77FF, 0x7800, 0x7801, 0x7802,
    0x7809, 0x780C, 0x780D, 0x7811, 0x7812, 0x7814, 0x7816, 0x7817, 0x7818, 0x781A, 0x781C, 0x781D,
    0x781F, 0x7823, 0x7825, 0x7826, 0x7827, 0x7829, 0x782C, 0x782D, 0x7830, 0x7834, 0x7837, 0x7838,
    0x7839, 0x783A, 0x783B, 0x783C, 0x783E, 0x7840, 0x7845, 0x7847, 0x784C, 0x784E, 0x7850, 0x7852,
    0x7855, 0x7856, 0x7857, 0x785D, 0x786A, 0x786B, 0x786C, 0x786D, 0x786E, 0x7877, 0x787C, 0x7887,
    0x7889, 0x788C, 0x788D, 0x788E, 0x7891, 0x7893, 0x7897, 0x7898, 0x789A, 0x789B, 0x789C, 0x789F,
    0x78A1, 0x78A3, 0x78A5, 0x78A7, 0x78B0, 0x78B1, 0x78B2, 0x78B3, 0x78B4, 0x78B9, 0x78BE, 0x78C1,
    0x78C5, 0x78C9, 0x78CA, 0x78CB, 0x78D0, 0x78D4, 0x78D5, 0x78D9, 0x78E8, 0x78EC, 0x78F2, 0x78F4,
    0x78F7, 0x78FA, 0x7901, 0x7905, 0x7913, 0x791E, 0x7924, 0x7934, 0x793A, 0x793B, 0x793C, 0x793E,
    0x7940, 0x7941, 0x7946, 0x7948, 0x7949, 0x7953, 0x7956, 0x7957, 0x795A, 0x795B, 0x795C, 0x795D,
    0x795E, 0x795F, 0x7960, 0x7962, 0x7965, 0x7967, 0x7968, 0x796D, 0x796F, 0x7977, 0x7978, 0x797A,
    0x7980, 0x7981, 0x7984, 0x7985, 0x798A, 0x798F, 0x799A, 0x79A7, 0x79B3, 0x79B9, 0x79BA, 0x79BB,
    0x79BD, 0x79BE, 0x79C0, 0x79C1, 0x79C3, 0x79C6, 0x79C9, 0x79CB, 0x79CD, 0x79D1, 0x79D2, 0x79D5,
    0x79D8, 0x79DF, 0x79E3, 0x79E4, 0x79E6, 0x79E7, 0x79E9, 0x79EB, 0x79ED, 0x79EF, 0x79F0, 0x79F8,
    0x79FB, 0x79FD, 0x7A00, 0x7A02, 0x7A03, 0x7A06, 0x7A0B, 0x7A0D, 0x7A0E, 0x7A14, 0x7A17, 0x7A1A,
    0x7A1E, 0x7A20, 0x7A23, 0x7A33, 0x7A37, 0x7A39, 0x7A3B, 0x7A3C, 0x7A3D, 0x7A3F, 0x7A46, 0x7A51,
    0x7A57, 0x7A70, 0x7A74, 0x7A76, 0x7A77, 0x7A78, 0x7A79, 0x7A7A, 0x7A7F, 0x7A80, 0x7A81, 0x7A83,
    0x7A84, 0x7A86, 0x7A88, 0x7A8D, 0x7A91, 0x7A92, 0x7A95, 0x7A96, 0x7A97, 0x7A98, 0x7A9C, 0x7A9D,
    0x7A9F, 0x7AA0, 0x7AA5, 0x7AA6, 0x7AA8, 0x7AAC, 0x7AAD, 0x7AB3, 0x7ABF, 0x7ACB, 0x7AD6, 0x7AD9,
    0x7ADE, 0x7ADF, 0x7AE0, 0x7AE3, 0x7AE5, 0x7AE6, 0x7AED, 0x7AEF, 0x7AF9, 0x7AFA, 0x7AFD, 0x7AFF,
    0x7B03, 0x7B04, 0x7B06, 0x7B08, 0x7B0A, 0x7B0B, 0x7B0F, 0x7B11, 0x7B14, 0x7B15, 0x7B19, 0x7B1B,
    0x7B1E, 0x7B20, 0x7B24, 0x7B25, 0x7B26, 0x7B28, 0x7B2A, 0x7B2B, 0x7B2C, 0x7B2E, 0x7B31, 0x7B33,
    0x7B38, 0x7B3A, 0x7B3C, 0x7B3E, 0x7B45, 0x7B47, 0x7B49, 0x7B4B, 0x7B4C, 0x7B4F, 0x7B50, 0x7B51,
    0x7B52, 0x7B54, 0x7B56, 0x7B58, 0x7B5A, 0x7B5B, 0x7B5D, 0x7B60, 0x7B62, 0x7B6E, 0x7B71, 0x7B72,
    0x7B75, 0x7B77, 0x7B79, 0x7B7B, 0x7B7E, 0x7B80, 0x7B85, 0x7B8D, 0x7B90, 0x7B94, 0x7B95, 0x7B97,
    0x7B9C, 0x7B9D, 0x7BA1, 0x7BA2, 0x7BA6, 0x7BA7, 0x7BA8, 0x7BA9, 0x7BAA, 0x7BAB, 0x7BAC, 0x7BAD,
    0x7BB1, 0x7BB4, 0x7BB8, 0x7BC1, 0x7BC6, 0x7BC7, 0x7BCC, 0x7BD1, 0x7BD3, 0x7BD9, 0x7BDA, 0x7BDD,
    0x7BE1, 0x7BE5, 0x7BE6, 0x7BEA, 0x7BEE, 0x7BF1, 0x7BF7, 0x7BFC, 0x7BFE, 0x7C07, 0x7C0B, 0x7C0C,
    0x7C0F, 0x7C16, 0x7C1F, 0x7C26, 0x7C27, 0x7C2A, 0x7C38, 0x7C3F, 0x7C40, 0x7C41, 0x7C4D, 0x7C73,
    0x7C74, 0x7C7B, 0x7C7C, 0x7C7D, 0x7C89, 0x7C91, 0x7C92, 0x7C95, 0x7C97, 0x7C98, 0x7C9C, 0x7C9D,
    0x7C9E, 0x7C9F, 0x7CA2, 0x7CA4, 0x7CA5, 0x7CAA, 0x7CAE, 0x7CB1, 0x7CB2, 0x7CB3, 0x7CB9, 0x7CBC,
    0x7CBD, 0x7CBE, 0x7CC1, 0x7CC5, 0x7CC7, 0x7CC8, 0x7CCA, 0x7CCC, 0x7CCD, 0x7CD5, 0x7CD6, 0x7CD7,
    0x7CD9, 0x7CDC, 0x7CDF, 0x7CE0, 0x7CE8, 0x7CEF, 0x7CF8, 0x7CFB, 0x7D0A, 0x7D20, 0x7D22, 0x7D27,
    0x7D2B, 0x7D2F, 0x7D6E, 0x7D77, 0x7DA6, 0x7DAE, 0x7E3B, 0x7E41, 0x7E47, 0x7E82, 0x7E9B, 0x7E9F,
    0x7EA0, 0x7EA1, 0x7EA2, 0x7EA3, 0x7EA4, 0x7EA5, 0x7EA6, 0x7EA7, 0x7EA8, 0x7EA9, 0x7EAA, 0x7EAB,
    0x7EAC, 0x7EAD, 0x7EAF, 0x7EB0, 0x7EB1, 0x7EB2, 0x7EB3, 0x7EB5, 0x7EB6, 0x7EB7, 0x7EB8, 0x7EB9,
    0x7EBA, 0x7EBD, 0x7EBE, 0x7EBF, 0x7EC0, 0x7EC1, 0x7EC2, 0x7EC3, 0x7EC4, 0x7EC5, 0x7EC6, 0x7EC7,
    0x7EC8, 0x7EC9, 0x7ECA, 0x7ECB, 0x7ECC, 0x7ECD, 0x7ECE, 0x7ECF, 0x7ED0, 0x7ED1, 0x7ED2, 0x7ED3,
    0x7ED4, 0x7ED5, 0x7ED7, 0x7ED8, 0x7ED9, 0x7EDA, 0x7EDB, 0x7EDC, 0x7EDD, 0x7EDE, 0x7EDF, 0x7EE0,
    0x7EE1, 0x7EE2, 0x7EE3, 0x7EE5, 0x7EE6, 0x7EE7, 0x7EE8, 0x7EE9, 0x7EEA, 0x7EEB, 0x7EED, 0x7EEE,
    0x7EEF, 0x7EF0, 0x7EF1, 0x7EF2, 0x7EF3, 0x7EF4, 0x7EF5, 0x7EF6, 0x7EF7, 0x7EF8, 0x7EFA, 0x7EFB,
    0x7EFC, 0x7EFD, 0x7EFE, 0x7EFF, 0x7F00, 0x7F01, 0x7F02, 0x7F03, 0x7F04, 0x7F05, 0x7F06, 0x7F07,
    0x7F08, 0x7F09, 0x7F0B, 0x7F0C, 0x7F0D, 0x7F0E, 0x7F0F, 0x7F11, 0x7F12, 0x7F13, 0x7F14, 0x7F15,
    0x7F16, 0x7F17, 0x7F18, 0x7F19, 0x7F1A, 0x7F1B, 0x7F1C, 0x7F1D, 0x7F1F, 0x7F20, 0x7F21, 0x7F22,
    0x7F23, 0x7F24, 0x7F25, 0x7F26, 0x7F27, 0x7F28, 0x7F29, 0x7F2A, 0x7F2B, 0x7F2C, 0x7F2D, 0x7F2E,
    0x7F2F, 0x7F30, 0x7F31, 0x7F32, 0x7F33, 0x7F34, 0x7F35, 0x7F36, 0x7F38, 0x7F3A, 0x7F42, 0x7F44,
    0x7F45, 0x7F50, 0x7F51, 0x7F54, 0x7F55, 0x7F57, 0x7F58, 0x7F5A, 0x7F5F, 0x7F61, 0x7F62, 0x7F68,
    0x7F69, 0x7F6A, 0x7F6E, 0x7F71, 0x7F72, 0x7F74, 0x7F79, 0x7F7E, 0x7F81, 0x7F8A, 0x7F8C, 0x7F8E,
    0x7F94, 0x7F9A, 0x7F9D, 0x7F9E, 0x7F9F, 0x7FA1, 0x7FA4, 0x7FA7, 0x7FAF, 0x7FB0, 0x7FB2, 0x7FB8,
    0x7FB9, 0x7FBC, 0x7FBD, 0x7FBF, 0x7FC1, 0x7FC5, 0x7FCA, 0x7FCC, 0x7FCE, 0x7FD4, 0x7FD5, 0x7FD8,
    0x7FDF, 0x7FE0, 0x7FE1, 0x7FE5, 0x7FE6, 0x7FE9, 0x7FEE, 0x7FF0, 0x7FF1, 0x7FF3, 0x7FFB, 0x7FFC,
    0x8000, 0x8001, 0x8003, 0x8004, 0x8005, 0x8006, 0x800B, 0x800C, 0x800D, 0x8010, 0x8012, 0x8014,
    0x8015, 0x8016, 0x8017, 0x8018, 0x8019, 0x801C, 0x8020, 0x8022, 0x8025, 0x8026, 0x8027, 0x8028,
    0x8029, 0x802A, 0x8031, 0x8033, 0x8035, 0x8036, 0x8037, 0x8038, 0x803B, 0x803D, 0x803F, 0x8042,
    0x8043, 0x8046, 0x804A, 0x804B, 0x804C, 0x804D, 0x8052, 0x8054, 0x8058, 0x805A, 0x8069, 0x806A,
    0x8071, 0x807F, 0x8080, 0x8083, 0x8084, 0x8086, 0x8087, 0x8089, 0x808B, 0x808C, 0x8093, 0x8096,
    0x8098, 0x809A, 0x809B, 0x809C, 0x809D, 0x809F, 0x80A0, 0x80A1, 0x80A2, 0x80A4, 0x80A5, 0x80A9,
    0x80AA, 0x80AB, 0x80AD, 0x80AE, 0x80AF, 0x80B1, 0x80B2, 0x80B4, 0x80B7, 0x80BA, 0x80BC, 0x80BD,
    0x80BE, 0x80BF, 0x80C0, 0x80C1, 0x80C2, 0x80C3, 0x80C4, 0x80C6, 0x80CC, 0x80CD, 0x80CE, 0x80D6,
    0x80D7, 0x80D9, 0x80DA, 0x80DB, 0x80DC, 0x80DD, 0x80DE, 0x80E1, 0x80E4, 0x80E5, 0x80E7, 0x80E8,
    0x80E9, 0x80EA, 0x80EB, 0x80EC, 0x80ED, 0x80EF, 0x80F0, 0x80F1, 0x80F2, 0x80F3, 0x80F4, 0x80F6,
    0x80F8, 0x80FA, 0x80FC, 0x80FD, 0x8102, 0x8106, 0x8109, 0x810A, 0x810D, 0x810E, 0x810F, 0x8110,
    0x8111, 0x8112, 0x8113, 0x8114, 0x8116, 0x8118, 0x811A, 0x811E, 0x812C, 0x812F, 0x8131, 0x8132,
    0x8136, 0x8138, 0x813E, 0x8146, 0x8148, 0x814A, 0x814B, 0x814C, 0x8150, 0x8151, 0x8153, 0x8154,
    0x8155, 0x8159, 0x815A, 0x8160, 0x8165, 0x8167, 0x8169, 0x816D, 0x816E, 0x8170, 0x8171, 0x8174,
    0x8179, 0x817A, 0x817B, 0x817C, 0x817D, 0x817E, 0x817F, 0x8180, 0x8182, 0x8188, 0x818A, 0x818F,
    0x8191, 0x8198, 0x819B, 0x819C, 0x819D, 0x81A3, 0x81A6, 0x81A8, 0x81AA, 0x81B3, 0x81BA, 0x81BB,
    0x81C0, 0x81C1, 0x81C2, 0x81C3, 0x81C6, 0x81CA, 0x81CC, 0x81E3, 0x81E7, 0x81EA, 0x81EC, 0x81ED,
    0x81F3, 0x81F4, 0x81FB, 0x81FC, 0x81FE, 0x8200, 0x8201, 0x8202, 0x8204, 0x8205, 0x8206, 0x820C,
    0x820D, 0x8210, 0x8212, 0x8214, 0x821B, 0x821C, 0x821E, 0x821F, 0x8221, 0x8222, 0x8223, 0x8228,
    0x822A, 0x822B, 0x822C, 0x822D, 0x822F, 0x8230, 0x8231, 0x8233, 0x8234, 0x8235, 0x8236, 0x8237,
    0x8238, 0x8239, 0x823B, 0x823E, 0x8244, 0x8247, 0x8249, 0x824B, 0x824F, 0x8258, 0x825A, 0x825F,
    0x8268, 0x826E, 0x826F, 0x8270, 0x8272, 0x8273, 0x8274, 0x8279, 0x827A, 0x827D, 0x827E, 0x827F,
    0x8282, 0x8284, 0x8288, 0x828A, 0x828B, 0x828D, 0x828E, 0x828F, 0x8291, 0x8292, 0x8297, 0x8298,
    0x8299, 0x829C, 0x829D, 0x829F, 0x82A1, 0x82A4, 0x82A5, 0x82A6, 0x82A8, 0x82A9, 0x82AA, 0x82AB,
    0x82AC, 0x82AD, 0x82AE, 0x82AF, 0x82B0, 0x82B1, 0x82B3, 0x82B4, 0x82B7, 0x82B8, 0x82B9, 0x82BD,
    0x82BE, 0x82C1, 0x82C4, 0x82C7, 0x82C8, 0x82CA, 0x82CB, 0x82CC, 0x82CD, 0x82CE, 0x82CF, 0x82D1,
    0x82D2, 0x82D3, 0x82D4, 0x82D5, 0x82D7, 0x82D8, 0x82DB, 0x82DC, 0x82DE, 0x82DF, 0x82E0, 0x82E1,
    0x82E3, 0x82E4, 0x82E5, 0x82E6, 0x82EB, 0x82EF, 0x82F1, 0x82F4, 0x82F7, 0x82F9, 0x82FB, 0x8301,
    0x8302, 0x8303, 0x8304, 0x8305, 0x8306, 0x8307, 0x8308, 0x8309, 0x830C, 0x830E, 0x830F, 0x8311,
    0x8314, 0x8315, 0x8317, 0x831A, 0x831B, 0x831C, 0x8327, 0x8328, 0x832B, 0x832C, 0x832D, 0x832F,
    0x8331, 0x8333, 0x8334, 0x8335, 0x8336, 0x8338, 0x8339, 0x833A, 0x833C, 0x8340, 0x8343, 0x8346,
    0x8347, 0x8349, 0x834F, 0x8350, 0x8351, 0x8352, 0x8354, 0x835A, 0x835B, 0x835C, 0x835E, 0x835F,
    0x8360, 0x8361, 0x8363, 0x8364, 0x8365, 0x8366, 0x8367, 0x8368, 0x8369, 0x836A, 0x836B, 0x836C,
    0x836D, 0x836E, 0x836F, 0x8377, 0x8378, 0x837B, 0x837C, 0x837D, 0x8385, 0x8386, 0x8389, 0x838E,
    0x8392, 0x8393, 0x8398, 0x839B, 0x839C, 0x839E, 0x83A0, 0x83A8, 0x83A9, 0x83AA, 0x83AB, 0x83B0,
    0x83B1, 0x83B2, 0x83B3, 0x83B4, 0x83B6, 0x83B7, 0x83B8, 0x83B9, 0x83BA, 0x83BC, 0x83BD, 0x83C0,
    0x83C1, 0x83C5, 0x83C7, 0x83CA, 0x83CC, 0x83CF, 0x83D4, 0x83D6, 0x83D8, 0x83DC, 0x83DD, 0x83DF,
    0x83E0, 0x83E1, 0x83E5, 0x83E9, 0x83EA, 0x83F0, 0x83F1, 0x83F2, 0x83F8, 0x83F9, 0x83FD, 0x8401,
    0x8403, 0x8404, 0x8406, 0x840B, 0x840C, 0x840D, 0x840E, 0x840F, 0x8411, 0x8418, 0x841C, 0x841D,
    0x8424, 0x8425, 0x8426, 0x8427, 0x8428, 0x8431, 0x8438, 0x843C, 0x843D, 0x8446, 0x8451, 0x8457,
    0x8459, 0x845A, 0x845B, 0x845C, 0x8461, 0x8463, 0x8469, 0x846B, 0x846C, 0x846D, 0x8471, 0x8473,
    0x8475, 0x8476, 0x8478, 0x847A, 0x8482, 0x8487, 0x8488, 0x8489, 0x848B, 0x848C, 0x848E, 0x8497,
    0x8499, 0x849C, 0x84A1, 0x84AF, 0x84B2, 0x84B4, 0x84B8, 0x84B9, 0x84BA, 0x84BD, 0x84BF, 0x84C1,
    0x84C4, 0x84C9, 0x84CA, 0x84CD, 0x84D0, 0x84D1, 0x84D3, 0x84D6, 0x84DD, 0x84DF, 0x84E0, 0x84E3,
    0x84E5, 0x84E6, 0x84EC, 0x84F0, 0x84FC, 0x84FF, 0x850C, 0x8511, 0x8513, 0x8517, 0x851A, 0x851F,
    0x8521, 0x852B, 0x852C, 0x8537, 0x8538, 0x8539, 0x853A, 0x853B, 0x853C, 0x853D, 0x8543, 0x8548,
    0x8549, 0x854A, 0x8556, 0x8559, 0x855E, 0x8564, 0x8568, 0x8572, 0x8574, 0x8579, 0x857A, 0x857B,
    0x857E, 0x8584, 0x8585, 0x8587, 0x858F, 0x859B, 0x859C, 0x85A4, 0x85A8, 0x85AA, 0x85AE, 0x85AF,
    0x85B0, 0x85B7, 0x85B9, 0x85C1, 0x85C9, 0x85CF, 0x85D0, 0x85D3, 0x85D5, 0x85DC, 0x85E4, 0x85E9,
    0x85FB, 0x85FF, 0x8605, 0x8611, 0x8616, 0x8627, 0x8629, 0x8638, 0x863C, 0x864D, 0x864E, 0x864F,
    0x8650, 0x8651, 0x8654, 0x865A, 0x865E, 0x8662, 0x866B, 0x866C, 0x866E, 0x8671, 0x8679, 0x867A,
    0x867B, 0x867C, 0x867D, 0x867E, 0x867F, 0x8680, 0x8681, 0x8682, 0x868A, 0x868B, 0x868C, 0x868D,
    0x8693, 0x8695, 0x869C, 0x869D, 0x86A3, 0x86A4, 0x86A7, 0x86A8, 0x86A9, 0x86AA, 0x86AC, 0x86AF,
    0x86B0, 0x86B1, 0x86B4, 0x86B5, 0x86B6, 0x86BA, 0x86C0, 0x86C4, 0x86C6, 0x86C7, 0x86C9, 0x86CA,
    0x86CB, 0x86CE, 0x86CF, 0x86D0, 0x86D1, 0x86D4, 0x86D8, 0x86D9, 0x86DB, 0x86DE, 0x86DF, 0x86E4,
    0x86E9, 0x86ED, 0x86EE, 0x86F0, 0x86F1, 0x86F2, 0x86F3, 0x86F4, 0x86F8, 0x86F9, 0x86FE, 0x8700,
    0x8702, 0x8703, 0x8707, 0x8708, 0x8709, 0x870A, 0x870D, 0x8712, 0x8713, 0x8715, 0x8717, 0x8718,
    0x871A, 0x871C, 0x871E, 0x8721, 0x8722, 0x8723, 0x8725, 0x8729, 0x872E, 0x8731, 0x8734, 0x8737,
    0x873B, 0x873E, 0x873F, 0x8747, 0x8748, 0x8749, 0x874C, 0x874E, 0x8753, 0x8757, 0x8759, 0x8760,
    0x8763, 0x8764, 0x8765, 0x876E, 0x8770, 0x8774, 0x8776, 0x877B, 0x877C, 0x877D, 0x877E, 0x8782,
    0x8783, 0x8785, 0x8788, 0x878B, 0x878D, 0x8793, 0x8797, 0x879F, 0x87A8, 0x87AB, 0x87AC, 0x87AD,
    0x87AF, 0x87B3, 0x87B5, 0x87BA, 0x87BD, 0x87C0, 0x87C6, 0x87CA, 0x87CB, 0x87D1, 0x87D2, 0x87D3,
    0x87DB, 0x87E0, 0x87E5, 0x87EA, 0x87EE, 0x87F9, 0x87FE, 0x8803, 0x880A, 0x8813, 0x8815, 0x8816,
    0x881B, 0x8821, 0x8822, 0x8832, 0x8839, 0x883C, 0x8840, 0x8844, 0x8845, 0x884C, 0x884D, 0x8854,
    0x8857, 0x8859, 0x8861, 0x8862, 0x8863, 0x8864, 0x8865, 0x8868, 0x8869, 0x886B, 0x886C, 0x886E,
    0x8870, 0x8872, 0x8877, 0x887D, 0x887E, 0x887F, 0x8881, 0x8882, 0x8884, 0x8885, 0x8888, 0x888B,
    0x888D, 0x8892, 0x8896, 0x889C, 0x88A2, 0x88A4, 0x88AB, 0x88AD, 0x88B1, 0x88B7, 0x88BC, 0x88C1,
    0x88C2, 0x88C5, 0x88C6, 0x88C9, 0x88CE, 0x88D2, 0x88D4, 0x88D5, 0x88D8, 0x88D9, 0x88DF, 0x88E2,
    0x88E3, 0x88E4, 0x88E5, 0x88E8, 0x88F0, 0x88F1, 0x88F3, 0x88F4, 0x88F8, 0x88F9, 0x88FC, 0x88FE,
    0x8902, 0x890A, 0x8910, 0x8912, 0x8913, 0x8919, 0x891A, 0x891B, 0x8921, 0x8925, 0x892A, 0x892B,
    0x8930, 0x8934, 0x8936, 0x8941, 0x8944, 0x895E, 0x895F, 0x8966, 0x897B, 0x897F, 0x8981, 0x8983,
    0x8986, 0x89C1, 0x89C2, 0x89C4, 0x89C5, 0x89C6, 0x89C7, 0x89C8, 0x89C9, 0x89CA, 0x89CB, 0x89CC,
    0x89CE, 0x89CF, 0x89D0, 0x89D1, 0x89D2, 0x89D6, 0x89DA, 0x89DC, 0x89DE, 0x89E3, 0x89E5, 0x89E6,
    0x89EB, 0x89EF, 0x89F3, 0x8A00, 0x8A07, 0x8A3E, 0x8A48, 0x8A79, 0x8A89, 0x8A8A, 0x8A93, 0x8B07,
    0x8B26, 0x8B66, 0x8B6C, 0x8BA0, 0x8BA1, 0x8BA2, 0x8BA3, 0x8BA4, 0x8BA5, 0x8BA6, 0x8BA7, 0x8BA8,
    0x8BA9, 0x8BAA, 0x8BAB, 0x8BAD, 0x8BAE, 0x8BAF, 0x8BB0, 0x8BB2, 0x8BB3, 0x8BB4, 0x8BB5, 0x8BB6,
    0x8BB7, 0x8BB8, 0x8BB9, 0x8BBA, 0x8BBC, 0x8BBD, 0x8BBE, 0x8BBF, 0x8BC0, 0x8BC1, 0x8BC2, 0x8BC3,
    0x8BC4, 0x8BC5, 0x8BC6, 0x8BC8, 0x8BC9, 0x8BCA, 0x8BCB, 0x8BCC, 0x8BCD, 0x8BCE, 0x8BCF, 0x8BD1,
    0x8BD2, 0x8BD3, 0x8BD4, 0x8BD5, 0x8BD6, 0x8BD7, 0x8BD8, 0x8BD9, 0x8BDA, 0x8BDB, 0x8BDC, 0x8BDD,
    0x8BDE, 0x8BDF, 0x8BE0, 0x8BE1, 0x8BE2, 0x8BE3, 0x8BE4, 0x8BE5, 0x8BE6, 0x8BE7, 0x8BE8, 0x8BE9,
    0x8BEB, 0x8BEC, 0x8BED, 0x8BEE, 0x8BEF, 0x8BF0, 0x8BF1, 0x8BF2, 0x8BF3, 0x8BF4, 0x8BF5, 0x8BF6,
    0x8BF7, 0x8BF8, 0x8BF9, 0x8BFA, 0x8BFB, 0x8BFC, 0x8BFD, 0x8BFE, 0x8BFF, 0x8C00, 0x8C01, 0x8C02,
    0x8C03, 0x8C04, 0x8C05, 0x8C06, 0x8C07, 0x8C08, 0x8C0A, 0x8C0B, 0x8C0C, 0x8C0D, 0x8C0E, 0x8C0F,
    0x8C10, 0x8C11, 0x8C12, 0x8C13, 0x8C14, 0x8C15, 0x8C16, 0x8C17, 0x8C18, 0x8C19, 0x8C1A, 0x8C1B,
    0x8C1C, 0x8C1D, 0x8C1F, 0x8C20, 0x8C21, 0x8C22, 0x8C23, 0x8C24, 0x8C25, 0x8C26, 0x8C27, 0x8C28,
    0x8C29, 0x8C2A, 0x8C2B, 0x8C2C, 0x8C2D, 0x8C2E, 0x8C2F, 0x8C30, 0x8C31, 0x8C32, 0x8C33, 0x8C34,
    0x8C35, 0x8C36, 0x8C37, 0x8C41, 0x8C46, 0x8C47, 0x8C49, 0x8C4C, 0x8C55, 0x8C5A, 0x8C61, 0x8C62,
    0x8C6A, 0x8C6B, 0x8C73, 0x8C78, 0x8C79, 0x8C7A, 0x8C82, 0x8C85, 0x8C89, 0x8C8A, 0x8C8C, 0x8C94,
    0x8C98, 0x8D1D, 0x8D1E, 0x8D1F, 0x8D21, 0x8D22, 0x8D23, 0x8D24, 0x8D25, 0x8D26, 0x8D27, 0x8D28,
    0x8D29, 0x8D2A, 0x8D2B, 0x8D2C, 0x8D2D, 0x8D2E, 0x8D2F, 0x8D30, 0x8D31, 0x8D32, 0x8D33, 0x8D34,
    0x8D35, 0x8D36, 0x8D37, 0x8D38, 0x8D39, 0x8D3A, 0x8D3B, 0x8D3C, 0x8D3D, 0x8D3E, 0x8D3F, 0x8D40,
    0x8D41, 0x8D42, 0x8D43, 0x8D44, 0x8D45, 0x8D46, 0x8D47, 0x8D48, 0x8D49, 0x8D4A, 0x8D4B, 0x8D4C,
    0x8D4D, 0x8D4E, 0x8D4F, 0x8D50, 0x8D53, 0x8D54, 0x8D55, 0x8D56, 0x8D58, 0x8D59, 0x8D5A, 0x8D5B,
    0x8D5C, 0x8D5D, 0x8D5E, 0x8D60, 0x8D61, 0x8D62, 0x8D63, 0x8D64, 0x8D66, 0x8D67, 0x8D6B, 0x8D6D,
    0x8D70, 0x8D73, 0x8D74, 0x8D75, 0x8D76, 0x8D77, 0x8D81, 0x8D84, 0x8D85, 0x8D8A, 0x8D8B, 0x8D91,
    0x8D94, 0x8D9F, 0x8DA3, 0x8DB1, 0x8DB3, 0x8DB4, 0x8DB5, 0x8DB8, 0x8DBA, 0x8DBC, 0x8DBE, 0x8DBF,
    0x8DC3, 0x8DC4, 0x8DC6, 0x8DCB, 0x8DCC, 0x8DCE, 0x8DCF, 0x8DD1, 0x8DD6, 0x8DD7, 0x8DDA, 0x8DDB,
    0x8DDD, 0x8DDE, 0x8DDF, 0x8DE3, 0x8DE4, 0x8DE8, 0x8DEA, 0x8DEB, 0x8DEC, 0x8DEF, 0x8DF3, 0x8DF5,
    0x8DF7, 0x8DF8, 0x8DF9, 0x8DFA, 0x8DFB, 0x8DFD, 0x8E05, 0x8E09, 0x8E0A, 0x8E0C, 0x8E0F, 0x8E14,
    0x8E1D, 0x8E1E, 0x8E1F, 0x8E22, 0x8E23, 0x8E29, 0x8E2A, 0x8E2C, 0x8E2E, 0x8E2F, 0x8E31, 0x8E35,
    0x8E39, 0x8E3A, 0x8E3D, 0x8E40, 0x8E41, 0x8E42, 0x8E44, 0x8E47, 0x8E48, 0x8E49, 0x8E4A, 0x8E4B,
    0x8E51, 0x8E52, 0x8E59, 0x8E66, 0x8E69, 0x8E6C, 0x8E6D, 0x8E6F, 0x8E70, 0x8E72, 0x8E74, 0x8E76,
    0x8E7C, 0x8E7F, 0x8E81, 0x8E85, 0x8E87, 0x8E8F, 0x8E90, 0x8E94, 0x8E9C, 0x8E9E, 0x8EAB, 0x8EAC,
    0x8EAF, 0x8EB2, 0x8EBA, 0x8ECE, 0x8F66, 0x8F67, 0x8F68, 0x8F69, 0x8F6B, 0x8F6C, 0x8F6D, 0x8F6E,
    0x8F6F, 0x8F70, 0x8F71, 0x8F72, 0x8F73, 0x8F74, 0x8F75, 0x8F76, 0x8F77, 0x8F78, 0x8F79, 0x8F7A,
    0x8F7B, 0x8F7C, 0x8F7D, 0x8F7E, 0x8F7F, 0x8F81, 0x8F82, 0x8F83, 0x8F84, 0x8F85, 0x8F86, 0x8F87,
    0x8F88, 0x8F89, 0x8F8A, 0x8F8B, 0x8F8D, 0x8F8E, 0x8F8F, 0x8F90, 0x8F91, 0x8F93, 0x8F94, 0x8F95,
    0x8F96, 0x8F97, 0x8F98, 0x8F99, 0x8F9A, 0x8F9B, 0x8F9C, 0x8F9E, 0x8F9F, 0x8FA3, 0x8FA8, 0x8FA9,
    0x8FAB, 0x8FB0, 0x8FB1, 0x8FB6, 0x8FB9, 0x8FBD, 0x8FBE, 0x8FC1, 0x8FC2, 0x8FC4, 0x8FC5, 0x8FC7,
    0x8FC8, 0x8FCE, 0x8FD0, 0x8FD1, 0x8FD3, 0x8FD4, 0x8FD5, 0x8FD8, 0x8FD9, 0x8FDB, 0x8FDC, 0x8FDD,
    0x8FDE, 0x8FDF, 0x8FE2, 0x8FE4, 0x8FE5, 0x8FE6, 0x8FE8, 0x8FE9, 0x8FEA, 0x8FEB, 0x8FED, 0x8FEE,
    0x8FF0, 0x8FF3, 0x8FF7, 0x8FF8, 0x8FF9, 0x8FFD, 0x9000, 0x9001, 0x9002, 0x9003, 0x9004, 0x9005,
    0x9006, 0x9009, 0x900A, 0x900B, 0x900D, 0x900F, 0x9010, 0x9011, 0x9012, 0x9014, 0x9016, 0x9017,
    0x901A, 0x901B, 0x901D, 0x901E, 0x901F, 0x9020, 0x9021, 0x9022, 0x9026, 0x902D, 0x902E, 0x902F,
    0x9035, 0x9036, 0x9038, 0x903B, 0x903C, 0x903E, 0x9041, 0x9042, 0x9044, 0x9047, 0x904D, 0x904F,
    0x9050, 0x9051, 0x9052, 0x9053, 0x9057, 0x9058, 0x905B, 0x9062, 0x9063, 0x9065, 0x9068, 0x906D,
    0x906E, 0x9074, 0x9075, 0x907D, 0x907F, 0x9080, 0x9082, 0x9083, 0x9088, 0x908B, 0x9091, 0x9093,
    0x9095, 0x9097, 0x9099, 0x909B, 0x909D, 0x90A1, 0x90A2, 0x90A3, 0x90A6, 0x90AA, 0x90AC, 0x90AE,
    0x90AF, 0x90B0, 0x90B1, 0x90B3, 0x90B4, 0x90B5, 0x90B6, 0x90B8, 0x90B9, 0x90BA, 0x90BB, 0x90BE,
    0x90C1, 0x90C4, 0x90C5, 0x90C7, 0x90CA, 0x90CE, 0x90CF, 0x90D0, 0x90D1, 0x90D3, 0x90D7, 0x90DB,
    0x90DC, 0x90DD, 0x90E1, 0x90E2, 0x90E6, 0x90E7, 0x90E8, 0x90EB, 0x90ED, 0x90EF, 0x90F4, 0x90F8,
    0x90FD, 0x90FE, 0x9102, 0x9104, 0x9119, 0x911E, 0x9122, 0x9123, 0x912F, 0x9131, 0x9139, 0x9143,
    0x9146, 0x9149, 0x914A, 0x914B, 0x914C, 0x914D, 0x914E, 0x914F, 0x9150, 0x9152, 0x9157, 0x915A,
    0x915D, 0x915E, 0x9161, 0x9162, 0x9163, 0x9164, 0x9165, 0x9169, 0x916A, 0x916C, 0x916E, 0x916F,
    0x9170, 0x9171, 0x9172, 0x9174, 0x9175, 0x9176, 0x9177, 0x9178, 0x9179, 0x917D, 0x917E, 0x917F,
    0x9185, 0x9187, 0x9189, 0x918B, 0x918C, 0x918D, 0x9190, 0x9191, 0x9192, 0x919A, 0x919B, 0x91A2,
    0x91A3, 0x91AA, 0x91AD, 0x91AE, 0x91AF, 0x91B4, 0x91B5, 0x91BA, 0x91C7, 0x91C9, 0x91CA, 0x91CC,
    0x91CD, 0x91CE, 0x91CF, 0x91D1, 0x91DC, 0x9274, 0x928E, 0x92AE, 0x92C8, 0x933E, 0x936A, 0x938F,
    0x93CA, 0x93D6, 0x943E, 0x946B, 0x9485, 0x9486, 0x9487, 0x9488, 0x9489, 0x948A, 0x948B, 0x948C,
    0x948D, 0x948E, 0x948F, 0x9490, 0x9492, 0x9493, 0x9494, 0x9495, 0x9497, 0x9499, 0x949A, 0x949B,
    0x949C, 0x949D, 0x949E, 0x949F, 0x94A0, 0x94A1, 0x94A2, 0x94A3, 0x94A4, 0x94A5, 0x94A6, 0x94A7,
    0x94A8, 0x94A9, 0x94AA, 0x94AB, 0x94AC, 0x94AD, 0x94AE, 0x94AF, 0x94B0, 0x94B1, 0x94B2, 0x94B3,
    0x94B4, 0x94B5, 0x94B6, 0x94B7, 0x94B8, 0x94B9, 0x94BA, 0x94BB, 0x94BC, 0x94BD, 0x94BE, 0x94BF,
    0x94C0, 0x94C1, 0x94C2, 0x94C3, 0x94C4, 0x94C5, 0x94C6, 0x94C8, 0x94C9, 0x94CA, 0x94CB, 0x94CC,
    0x94CD, 0x94CE, 0x94D0, 0x94D1, 0x94D2, 0x94D5, 0x94D6, 0x94D7, 0x94D8, 0x94D9, 0x94DB, 0x94DC,
    0x94DD, 0x94DE, 0x94DF, 0x94E0, 0x94E1, 0x94E2, 0x94E3, 0x94E4, 0x94E5, 0x94E7, 0x94E8, 0x94E9,
    0x94EA, 0x94EB, 0x94EC, 0x94ED, 0x94EE, 0x94EF, 0x94F0, 0x94F1, 0x94F2, 0x94F3, 0x94F4, 0x94F5,
    0x94F6, 0x94F7, 0x94F8, 0x94F9, 0x94FA, 0x94FC, 0x94FD, 0x94FE, 0x94FF, 0x9500, 0x9501, 0x9502,
    0x9503, 0x9504, 0x9505, 0x9506, 0x9507, 0x9508, 0x9509, 0x950A, 0x950B, 0x950C, 0x950D, 0x950E,
    0x950F, 0x9510, 0x9511, 0x9512, 0x9513, 0x9514, 0x9515, 0x9516, 0x9517, 0x9518, 0x9519, 0x951A,
    0x951B, 0x951D, 0x951E, 0x951F, 0x9521, 0x9522, 0x9523, 0x9524, 0x9525, 0x9526, 0x9528, 0x9529,
    0x952A, 0x952B, 0x952C, 0x952D, 0x952E, 0x952F, 0x9530, 0x9531, 0x9532, 0x9534, 0x9535, 0x9536,
    0x9537, 0x9538, 0x9539, 0x953A, 0x953B, 0x953C, 0x953E, 0x953F, 0x9540, 0x9541, 0x9542, 0x9544,
    0x9545, 0x9546, 0x9547, 0x9549, 0x954A, 0x954C, 0x954D, 0x954E, 0x954F, 0x9550, 0x9551, 0x9552,
    0x9553, 0x9554, 0x9556, 0x9557, 0x9558, 0x9559, 0x955B, 0x955C, 0x955D, 0x955E, 0x955F, 0x9561,
    0x9562, 0x9563, 0x9564, 0x9565, 0x9566, 0x9567, 0x9568, 0x9569, 0x956A, 0x956B, 0x956C, 0x956D,
    0x956F, 0x9570, 0x9571, 0x9572, 0x9573, 0x9576, 0x957F, 0x95E8, 0x95E9, 0x95EA, 0x95EB, 0x95ED,
    0x95EE, 0x95EF, 0x95F0, 0x95F1, 0x95F2, 0x95F3, 0x95F4, 0x95F5, 0x95F6, 0x95F7, 0x95F8, 0x95F9,
    0x95FA, 0x95FB, 0x95FC, 0x95FD, 0x95FE, 0x9600, 0x9601, 0x9602, 0x9603, 0x9604, 0x9605, 0x9606,
    0x9608, 0x9609, 0x960A, 0x960B, 0x960C, 0x960D, 0x960E, 0x960F, 0x9610, 0x9611, 0x9612, 0x9614,
    0x9615, 0x9616, 0x9617, 0x9619, 0x961A, 0x961C, 0x961D, 0x961F, 0x9621, 0x9622, 0x962A, 0x962E,
    0x9631, 0x9632, 0x9633, 0x9634, 0x9635, 0x9636, 0x963B, 0x963C, 0x963D, 0x963F, 0x9640, 0x9642,
    0x9644, 0x9645, 0x9646, 0x9647, 0x9648, 0x9649, 0x964B, 0x964C, 0x964D, 0x9650, 0x9654, 0x9655,
    0x965B, 0x965F, 0x9661, 0x9662, 0x9664, 0x9667, 0x9668, 0x9669, 0x966A, 0x966C, 0x9672, 0x9674,
    0x9675, 0x9676, 0x9677, 0x9685, 0x9686, 0x9688, 0x968B, 0x968D, 0x968F, 0x9690, 0x9694, 0x9697,
    0x9698, 0x9699, 0x969C, 0x96A7, 0x96B0, 0x96B3, 0x96B6, 0x96B9, 0x96BC, 0x96BD, 0x96BE, 0x96C0,
    0x96C1, 0x96C4, 0x96C5, 0x96C6, 0x96C7, 0x96C9, 0x96CC, 0x96CD, 0x96CE, 0x96CF, 0x96D2, 0x96D5,
    0x96E0, 0x96E8, 0x96E9, 0x96EA, 0x96EF, 0x96F3, 0x96F6, 0x96F7, 0x96F9, 0x96FE, 0x9700, 0x9701,
    0x9704, 0x9706, 0x9707, 0x9708, 0x9709, 0x970D, 0x970E, 0x970F, 0x9713, 0x9716, 0x971C, 0x971E,
    0x972A, 0x972D, 0x9730, 0x9732, 0x9738, 0x9739, 0x973E, 0x9752, 0x9753, 0x9756, 0x9759, 0x975B,
    0x975E, 0x9760, 0x9761, 0x9762, 0x9765, 0x9769, 0x9773, 0x9774, 0x9776, 0x977C, 0x9785, 0x978B,
    0x978D, 0x9791, 0x9792, 0x9794, 0x9798, 0x97A0, 0x97A3, 0x97AB, 0x97AD, 0x97AF, 0x97B2, 0x97B4,
    0x97E6, 0x97E7, 0x97E9, 0x97EA, 0x97EB, 0x97EC, 0x97ED, 0x97F3, 0x97F5, 0x97F6, 0x9875, 0x9876,
    0x9877, 0x9878, 0x9879, 0x987A, 0x987B, 0x987C, 0x987D, 0x987E, 0x987F, 0x9880, 0x9881, 0x9882,
    0x9883, 0x9884, 0x9885, 0x9886, 0x9887, 0x9888, 0x9889, 0x988A, 0x988C, 0x988D, 0x988F, 0x9890,
    0x9891, 0x9893, 0x9894, 0x9896, 0x9897, 0x9898, 0x989A, 0x989B, 0x989C, 0x989D, 0x989E, 0x989F,
    0x98A0, 0x98A1, 0x98A2, 0x98A4, 0x98A5, 0x98A6, 0x98A7, 0x98CE, 0x98D1, 0x98D2, 0x98D3, 0x98D5,
    0x98D8, 0x98D9, 0x98DA, 0x98DE, 0x98DF, 0x98E7, 0x98E8, 0x990D, 0x9910, 0x992E, 0x9954, 0x9955,
    0x9963, 0x9965, 0x9967, 0x9968, 0x9969, 0x996A, 0x996B, 0x996C, 0x996D, 0x996E, 0x996F, 0x9970,
    0x9971, 0x9972, 0x9974, 0x9975, 0x9976, 0x9977, 0x997A, 0x997C, 0x997D, 0x997F, 0x9980, 0x9981,
    0x9984, 0x9985, 0x9986, 0x9987, 0x9988, 0x998A, 0x998B, 0x998D, 0x998F, 0x9990, 0x9991, 0x9992,
    0x9993, 0x9994, 0x9995, 0x9996, 0x9997, 0x9998, 0x9999, 0x99A5, 0x99A8, 0x9A6C, 0x9A6D, 0x9A6E,
    0x9A6F, 0x9A70, 0x9A71, 0x9A73, 0x9A74, 0x9A75, 0x9A76, 0x9A77, 0x9A78, 0x9A79, 0x9A7A, 0x9A7B,
    0x9A7C, 0x9A7D, 0x9A7E, 0x9A7F, 0x9A80, 0x9A81, 0x9A82, 0x9A84, 0x9A85, 0x9A86, 0x9A87, 0x9A88,
    0x9A8A, 0x9A8B, 0x9A8C, 0x9A8F, 0x9A90, 0x9A91, 0x9A92, 0x9A93, 0x9A96, 0x9A97, 0x9A98, 0x9A9A,
    0x9A9B, 0x9A9C, 0x9A9D, 0x9A9E, 0x9A9F, 0x9AA0, 0x9AA1, 0x9AA2, 0x9AA3, 0x9AA4, 0x9AA5, 0x9AA7,
    0x9AA8, 0x9AB0, 0x9AB1, 0x9AB6, 0x9AB7, 0x9AB8, 0x9ABA, 0x9ABC, 0x9AC0, 0x9AC1, 0x9AC2, 0x9AC5,
    0x9ACB, 0x9ACC, 0x9AD1, 0x9AD3, 0x9AD8, 0x9ADF, 0x9AE1, 0x9AE6, 0x9AEB, 0x9AED, 0x9AEF, 0x9AF9,
    0x9AFB, 0x9B03, 0x9B08, 0x9B0F, 0x9B13, 0x9B1F, 0x9B23, 0x9B2F, 0x9B32, 0x9B3B, 0x9B3C, 0x9B41,
    0x9B42, 0x9B43, 0x9B44, 0x9B45, 0x9B47, 0x9B48, 0x9B49, 0x9B4D, 0x9B4F, 0x9B51, 0x9B54, 0x9C7C,
    0x9C7F, 0x9C81, 0x9C82, 0x9C85, 0x9C86, 0x9C87, 0x9C88, 0x9C8B, 0x9C8D, 0x9C8E, 0x9C90, 0x9C91,
    0x9C92, 0x9C94, 0x9C95, 0x9C9A, 0x9C9B, 0x9C9C, 0x9C9E, 0x9C9F, 0x9CA0, 0x9CA1, 0x9CA2, 0x9CA3,
    0x9CA4, 0x9CA5, 0x9CA6, 0x9CA7, 0x9CA8, 0x9CA9, 0x9CAB, 0x9CAD, 0x9CAE, 0x9CB0, 0x9CB1, 0x9CB2,
    0x9CB3, 0x9CB4, 0x9CB5, 0x9CB6, 0x9CB7, 0x9CB8, 0x9CBA, 0x9CBB, 0x9CBC, 0x9CBD, 0x9CC3, 0x9CC4,
    0x9CC5, 0x9CC6, 0x9CC7, 0x9CCA, 0x9CCB, 0x9CCC, 0x9CCD, 0x9CCE, 0x9CCF, 0x9CD0, 0x9CD3, 0x9CD4,
    0x9CD5, 0x9CD6, 0x9CD7, 0x9CD8, 0x9CD9, 0x9CDC, 0x9CDD, 0x9CDE, 0x9CDF, 0x9CE2, 0x9E1F, 0x9E20,
    0x9E21, 0x9E22, 0x9E23, 0x9E25, 0x9E26, 0x9E28, 0x9E29, 0x9E2A, 0x9E2B, 0x9E2C, 0x9E2D, 0x9E2F,
    0x9E31, 0x9E32, 0x9E33, 0x9E35, 0x9E36, 0x9E37, 0x9E38, 0x9E39, 0x9E3A, 0x9E3D, 0x9E3E, 0x9E3F,
    0x9E41, 0x9E42, 0x9E43, 0x9E44, 0x9E45, 0x9E46, 0x9E47, 0x9E48, 0x9E49, 0x9E4A, 0x9E4B, 0x9E4C,
    0x9E4E, 0x9E4F, 0x9E51, 0x9E55, 0x9E57, 0x9E58, 0x9E5A, 0x9E5B, 0x9E5C, 0x9E5E, 0x9E63, 0x9E64,
    0x9E66, 0x9E67, 0x9E68, 0x9E69, 0x9E6A, 0x9E6B, 0x9E6C, 0x9E6D, 0x9E70, 0x9E71, 0x9E73, 0x9E7E,
    0x9E7F, 0x9E82, 0x9E87, 0x9E88, 0x9E8B, 0x9E92, 0x9E93, 0x9E9D, 0x9E9F, 0x9EA6, 0x9EB4, 0x9EB8,
    0x9EBB, 0x9EBD, 0x9EBE, 0x9EC4, 0x9EC9, 0x9ECD, 0x9ECE, 0x9ECF, 0x9ED1, 0x9ED4, 0x9ED8, 0x9EDB,
    0x9EDC, 0x9EDD, 0x9EDF, 0x9EE0, 0x9EE2, 0x9EE5, 0x9EE7, 0x9EE9, 0x9EEA, 0x9EEF, 0x9EF9, 0x9EFB,
    0x9EFC, 0x9EFE, 0x9F0B, 0x9F0D, 0x9F0E, 0x9F10, 0x9F13, 0x9F17, 0x9F19, 0x9F20, 0x9F22, 0x9F2C,
    0x9F2F, 0x9F37, 0x9F39, 0x9F3B, 0x9F3D, 0x9F3E, 0x9F44, 0x9F50, 0x9F51, 0x9F7F, 0x9F80, 0x9F83,
    0x9F84, 0x9F85, 0x9F86, 0x9F87, 0x9F88, 0x9F89, 0x9F8A, 0x9F8B, 0x9F8C, 0x9F99, 0x9F9A, 0x9F9B,
    0x9F9F, 0x9FA0, 0xFF01, 0xFF08, 0xFF09, 0xFF0C, 0xFF1A, 0xFF1B, 0xFF1F, 0xFF3B, 0xFF3D, 0xFF5E,
    0xFFE5,
};

static const uint8_t cjk_bitmaps[][18] = {
    /* U+00B7 */ {0x00, 0x00, 0x00, 0x00, 0x00, 0x60, 0x06, 0x00, 0x60, 0x00, 0x00, 0x00, 0x00, 0x00, 0x00, 0x00, 0x00, 0x00},
    /* U+2014 */ {0x00, 0x00, 0x00, 0x00, 0x00, 0x00, 0x00, 0x00, 0x00, 0xFF, 0xC0, 0x00, 0x00, 0x00, 0x00, 0x00, 0x00, 0x00},
    /* U+2018 */ {0x00, 0x20, 0x07, 0x00, 0x20, 0x00, 0x00, 0x00, 0x00, 0x00, 0x00, 0x00, 0x00, 0x00, 0x00, 0x00, 0x00, 0x00},
    /* U+2019 */ {0x40, 0x04, 0x00, 0x00, 0x00, 0x00, 0x00, 0x00, 0x00, 0x00, 0x00, 0x00, 0x00, 0x00, 0x00, 0x00, 0x00, 0x00},
    /* U+201C */ {0x01, 0xA0, 0x1F, 0x00, 0xA0, 0x00, 0x00, 0x00, 0x00, 0x00, 0x00, 0x00, 0x00, 0x00, 0x00, 0x00, 0x00, 0x00},
    /* U+201D */ {0x58, 0x05, 0x00, 0x00, 0x00, 0x00, 0x00, 0x00, 0x00, 0x00, 0x00, 0x00, 0x00, 0x00, 0x00, 0x00, 0x00, 0x00},
    /* U+2026 */ {0x00, 0x00, 0x00, 0x00, 0x00, 0x00, 0x66, 0x66, 0x66, 0x00, 0x00, 0x00, 0x00, 0x00, 0x00, 0x00, 0x00, 0x00},
    /* U+3001 */ {0x00, 0x00, 0x00, 0x00, 0x00, 0x00, 0x00, 0x00, 0x00, 0x00, 0x04, 0x00, 0x60, 0x03, 0x00, 0x00, 0x00, 0x00},
    /* U+3002 */ {0x00, 0x00, 0x00, 0x00, 0x00, 0x00, 0x00, 0x00, 0x00, 0x00, 0x07, 0x00, 0xD0, 0x0D, 0x00, 0x60, 0x00, 0x00},
    /* U+3008 */ {0x00, 0x60, 0x04, 0x00, 0xC0, 0x18, 0x01, 0x00, 0x18, 0x00, 0x80, 0x04, 0x00, 0x60, 0x02, 0x00, 0x00, 0x00},
    /* U+3009 */ {0x60, 0x02, 0x00, 0x30, 0x01, 0x00, 0x08, 0x01, 0x80, 0x30, 0x02, 0x00, 0x60, 0x04, 0x00, 0x00, 0x00, 0x00},
    /* U+300A */ {0x00, 0xA0, 0x0E, 0x01, 0x40, 0x14, 0x02, 0x80, 0x1C, 0x01, 0x40, 0x1E, 0x00, 0xA0, 0x0F, 0x00, 0x00, 0x00},
    /* U+300B */ {0x50, 0x07, 0x00, 0x28, 0x02, 0x80, 0x14, 0x03, 0x80, 0x28, 0x07, 0x00, 0x50, 0x0F, 0x00, 0x00, 0x00, 0x00},
    /* U+300C */ {0x00, 0x80, 0x08, 0x00, 0x80, 0x08, 0x00, 0x80, 0x08, 0x00, 0x80, 0x00, 0x00, 0x00, 0x00, 0x00, 0x00, 0x00},
    /* U+300D */ {0x00, 0x00, 0x00, 0x00, 0x01, 0x00, 0x10, 0x01, 0x00, 0x10, 0x01, 0x00, 0x10, 0x01, 0x00, 0xF0, 0x00, 0x00},
    /* U+300E */ {0x01, 0x70, 0x10, 0x01, 0x00, 0x10, 0x01, 0x00, 0x10, 0x01, 0x00, 0x18, 0x00, 0x00, 0x00, 0x00, 0x00, 0x00},
    /* U+300F */ {0x00, 0x00, 0x00, 0x18, 0x00, 0x80, 0x08, 0x00, 0x80, 0x08, 0x00, 0x80, 0x08, 0x0E, 0x80, 0xF8, 0x00, 0x00},
    /* U+3010 */ {0x00, 0xE0, 0x0C, 0x00, 0xC0, 0x0C, 0x00, 0x80, 0x0C, 0x00, 0xC0, 0x0C, 0x00, 0xE0, 0x0E, 0x00, 0x00, 0x00},
    /* U+3011 */ {0x70, 0x03, 0x00, 0x30, 0x03, 0x00, 0x10, 0x03, 0x00, 0x30, 0x03, 0x00, 0x70, 0x07, 0x00, 0x00, 0x00, 0x00},
    /* U+4E00 */ {0x00, 0x00, 0x00, 0x00, 0x00, 0x00, 0xFF, 0xF0, 0x00, 0x00, 0x00, 0x00, 0x00, 0x00, 0x00, 0x00, 0x00, 0x00},
    /* U+4E01 */ {0xFF, 0xE0, 0x20, 0x02, 0x00, 0x20, 0x02, 0x00, 0x20, 0x02, 0x00, 0x20, 0x02, 0x00, 0x60, 0x1E, 0x00, 0x00},
    /* U+4E03 */ {0x08, 0x00, 0x80, 0x08, 0x20, 0xFE, 0x7E, 0x04, 0x80, 0x08, 0x00, 0x80, 0x08, 0x20, 0x82, 0x0F, 0xE0, 0x00},
    /* U+4E07 */ {0x7F, 0xE0, 0x80, 0x08, 0x00, 0x80, 0x1F, 0xC1, 0x84, 0x18, 0x41, 0x04, 0x30, 0x46, 0x0C, 0xC3, 0x80, 0x00},
    /* U+4E08 */ {0x01, 0x00, 0x10, 0x7F, 0xE0, 0x30, 0x33, 0x01, 0x30, 0x1A, 0x00, 0xE0, 0x0E, 0x03, 0xBC, 0x60, 0xE0, 0x00},
    /* U+4E09 */ {0x7F, 0xE0, 0x00, 0x00, 0x00, 0x00, 0x00, 0x03, 0xFC, 0x00, 0x00, 0x00, 0x00, 0x07, 0xFE, 0x00, 0x00, 0x00},
    /* U+4E0A */ {0x04, 0x00, 0x40, 0x04, 0x00, 0x7E, 0x04, 0x00, 0x40, 0x04, 0x00, 0x40, 0x04, 0x0F, 0xFF, 0x00, 0x00, 0x00},
    /* U+4E0B */ {0xFF, 0xF0, 0x40, 0x04, 0x00, 0x70, 0x07, 0x80, 0x4E, 0x04, 0x40, 0x40, 0x04, 0x00, 0x40, 0x04, 0x00, 0x00},
    /* U+4E0C */ {0x7F, 0xE1, 0x08, 0x10, 0x81, 0x08, 0x10, 0x81, 0x08, 0x10, 0x83, 0x08, 0x20, 0x86, 0x08, 0xC0, 0x80, 0x00},
    /* U+4E0D */ {0x7F, 0xE0, 0x20, 0x06, 0x00, 0xF0, 0x1F, 0xC3, 0x66, 0x66, 0x30, 0x60, 0x06, 0x00, 0x60, 0x06, 0x00, 0x00},
    /* U+4E0E */ {0x10, 0x03, 0xFE, 0x30, 0x03, 0x00, 0x3F, 0xE0, 0x06, 0x00, 0x6F, 0xF6, 0x00, 0x40, 0x04, 0x03, 0xC0, 0x00},
    /* U+4E10 */ {0x7F, 0xE0, 0x60, 0x26, 0x02, 0x7E, 0x26, 0x02, 0x60, 0x7F, 0xE0, 0x02, 0x00, 0x20, 0x06, 0x03, 0xC0, 0x00},
    /* U+4E11 */ {0x7F, 0xC0, 0x84, 0x08, 0xC0, 0x8C, 0x7F, 0xC0, 0x8C, 0x08, 0xC1, 0x8C, 0x18, 0xC1, 0x8C, 0xFF, 0xF0, 0x00},
    /* U+4E13 */ {0x7F, 0xC0, 0xC0, 0x08, 0x0F, 0xFE, 0x18, 0x01, 0xFC, 0x00, 0xC0, 0x18, 0x1F, 0x00, 0x70, 0x01, 0x80, 0x00},
    /* U+4E14 */ {0x3F, 0xC3, 0x0C, 0x30, 0xC3, 0xFC, 0x30, 0xC3, 0x0C, 0x3F, 0xC3, 0x0C, 0x30, 0xCF, 0xFF, 0x00, 0x00, 0x00},
    /* U+4E15 */ {0x7F, 0xE0, 0x20, 0x06, 0x00, 0xF8, 0x3E, 0xC6, 0x66, 0x46, 0x20, 0x60, 0x06, 0x0F, 0xFF, 0x00, 0x00, 0x00},
    /* U+4E16 */ {0x36, 0xC3, 0x6C, 0xFF, 0xF3, 0x6C, 0x36, 0xC3, 0x6C, 0x37, 0xC3, 0x00, 0x30, 0x03, 0xFE, 0x00, 0x00, 0x00},
    /* U+4E18 */ {0x3F, 0x83, 0x00, 0x30, 0x03, 0x00, 0x3F, 0xE3, 0x08, 0x30, 0x83, 0x08, 0x30, 0x8F, 0xFF, 0x00, 0x00, 0x00},
    /* U+4E19 */ {0x7F, 0xE0, 0x60, 0x06, 0x07, 0xFE, 0x46, 0x24, 0x62, 0x4F, 0x25, 0x9E, 0x70, 0xA4, 0x02, 0x40, 0xE0, 0x00},
    /* U+4E1A */ {0x09, 0x00, 0x90, 0x49, 0x26, 0x96, 0x29, 0x42, 0x9C, 0x29, 0x80, 0x90, 0x09, 0x07, 0xFF, 0x00, 0x00, 0x00},
    /* U+4E1B */ {0x11, 0x81, 0x18, 0x11, 0x81, 0x98, 0x39, 0x83, 0xFC, 0x27, 0x46, 0x66, 0x46, 0x20, 0x00, 0xFF, 0xF0, 0x00},
    /* U+4E1C */ {0x0C, 0x07, 0xFE, 0x18, 0x01, 0x20, 0x32, 0x03, 0xFE, 0x02, 0x03, 0x2C, 0x22, 0x46, 0x22, 0x4E, 0x00, 0x00},
    /* U+4E1D */ {0x10, 0x83, 0x1A, 0x27, 0x66, 0xBC, 0x78, 0xC1, 0x18, 0x21, 0x07, 0xFE, 0x00, 0x0F, 0xFF, 0x00, 0x00, 0x00},
    /* U+4E1E */ {0x01, 0x80, 0x30, 0x7F, 0x61, 0xF4, 0x17, 0xC3, 0x68, 0x26, 0xC6, 0x66, 0x5E, 0x20, 0x00, 0x7F, 0xE0, 0x00},
    /* U+4E22 */ {0x7F, 0x80, 0x60, 0x7F, 0xE0, 0x60, 0x06, 0x0F, 0xFE, 0x0C, 0x01, 0x88, 0x30, 0xC7, 0xFE, 0x20, 0x20, 0x00},
    /* U+4E24 */ {0x7F, 0xF0, 0x90, 0x09, 0x07, 0xFE, 0x49, 0x25, 0x92, 0x5F, 0xA5, 0x6E, 0x76, 0x64, 0x02, 0x40, 0xE0, 0x00},
    /* U+4E25 */ {0x7F, 0xE2, 0x94, 0x29, 0xC1, 0x98, 0x7F, 0xE4, 0x00, 0x40, 0x04, 0x00, 0x40, 0x0C, 0x00, 0xC0, 0x00, 0x00},
    /* U+4E27 */ {0x7F, 0xE2, 0x64, 0x36, 0xC1, 0x68, 0x16, 0x0F, 0xFF, 0x36, 0x63, 0x3C, 0x31, 0x83, 0xEC, 0x38, 0x60, 0x00},
    /* U+4E28 */ {0x06, 0x00, 0x60, 0x06, 0x00, 0x60, 0x06, 0x00, 0x60, 0x06, 0x00, 0x60, 0x06, 0x00, 0x60, 0x06, 0x00, 0x00},
    /* U+4E2A */ {0x06, 0x00, 0x98, 0x30, 0xC6, 0x66, 0x46, 0x20, 0x60, 0x06, 0x00, 0x60, 0x06, 0x00, 0x60, 0x00, 0x00, 0x00},
    /* U+4E2B */ {0x20, 0x41, 0x8C, 0x0D, 0x80, 0x20, 0x06, 0x00, 0x60, 0x06, 0x00, 0x60, 0x06, 0x00, 0x60, 0x06, 0x00, 0x00},
    /* U+4E2C */ {0x02, 0x00, 0x20, 0x1A, 0x00, 0xE0, 0x02, 0x00, 0x20, 0x06, 0x01, 0xE0, 0x12, 0x00, 0x20, 0x02, 0x00, 0x00},
    /* U+4E2D */ {0x06, 0x07, 0xFE, 0x46, 0x24, 0x62, 0x46, 0x24, 0x62, 0x7F, 0xE4, 0x62, 0x06, 0x00, 0x60, 0x06, 0x00, 0x00},
    /* U+4E30 */ {0x06, 0x07, 0xFE, 0x06, 0x00, 0x60, 0x7F, 0xE0, 0x60, 0x06, 0x0F, 0xFF, 0x06, 0x00, 0x60, 0x06, 0x00, 0x00},
    /* U+4E32 */ {0x3F, 0xC6, 0x64, 0x66, 0x47, 0xFC, 0x06, 0x07, 0xFE, 0x46, 0x24, 0x62, 0x7F, 0xE4, 0x62, 0x06, 0x00, 0x00},
    /* U+4E34 */ {0x12, 0x05, 0x7F, 0x55, 0x05, 0xD8, 0x50, 0x05, 0x7E, 0x55, 0xA5, 0x5A, 0x55, 0xA1, 0x7E, 0x14, 0x20, 0x00},
    /* U+4E36 */ {0x00, 0x00, 0x00, 0x18, 0x00, 0xC0, 0x06, 0x00, 0x30, 0x01, 0x80, 0x00, 0x00, 0x00, 0x00, 0x00, 0x00, 0x00},
    /* U+4E38 */ {0x0C, 0x00, 0xC0, 0x7F, 0x80, 0x88, 0x28, 0x83, 0x88, 0x1C, 0x81, 0xE8, 0x32, 0x96, 0x09, 0xC0, 0xF0, 0x00},
    /* U+4E39 */ {0x3F, 0xC2, 0x04, 0x24, 0x42, 0x24, 0x20, 0x4F, 0xFF, 0x20, 0x42, 0x04, 0x60, 0x44, 0x04, 0xC3, 0xC0, 0x00},
    /* U+4E3A */ {0x34, 0x01, 0x40, 0x7F, 0xE0, 0xC2, 0x0C, 0x20, 0xB6, 0x09, 0x61, 0x96, 0x30, 0x66, 0x06, 0x41, 0xC0, 0x00},
    /* U+4E3B */ {0x06, 0x00, 0x20, 0x7F, 0xE0, 0x60, 0x06, 0x03, 0xFC, 0x06, 0x00, 0x60, 0x06, 0x00, 0x60, 0xFF, 0xF0, 0x00},
    /* U+4E3D */ {0xFF, 0xF0, 0x00, 0x7F, 0xE4, 0xF2, 0x6F, 0x27, 0xFA, 0x5F, 0xE4, 0xF2, 0x4F, 0x24, 0xF2, 0x5B, 0xE0, 0x00},
    /* U+4E3E */ {0x36, 0xC1, 0x28, 0xFF, 0xF1, 0x08, 0x66, 0x6F, 0xFF, 0x06, 0x07, 0xFE, 0x06, 0x00, 0x60, 0x06, 0x00, 0x00},
    /* U+4E3F */ {0x02, 0x00, 0x20, 0x02, 0x00, 0x20, 0x02, 0x00, 0x20, 0x06, 0x00, 0x60, 0x0C, 0x01, 0x80, 0x10, 0x00, 0x00},
    /* U+4E43 */ {0x7F, 0x81, 0x18, 0x11, 0x01, 0x10, 0x13, 0xE3, 0x06, 0x30, 0x62, 0x06, 0x60, 0x64, 0x06, 0xC3, 0xC0, 0x00},
    /* U+4E45 */ {0x18, 0x01, 0xF0, 0x31, 0x02, 0x30, 0x62, 0x0C, 0x70, 0x05, 0x00, 0xD8, 0x18, 0xC7, 0x06, 0x60, 0x30, 0x00},
    /* U+4E47 */ {0x0F, 0x87, 0xC0, 0x0C, 0x00, 0xC0, 0x0D, 0xFF, 0xFE, 0x0C, 0x00, 0xC0, 0x0C, 0x30, 0xC3, 0x07, 0xE0, 0x00},
    /* U+4E48 */ {0x0C, 0x01, 0x80, 0x31, 0x86, 0x30, 0x46, 0x00, 0xC8, 0x08, 0xC3, 0x04, 0x7F, 0xE3, 0x02, 0x00, 0x00, 0x00},
    /* U+4E49 */ {0x26, 0x42, 0x24, 0x30, 0xC1, 0x08, 0x09, 0x00, 0xF0, 0x06, 0x00, 0xF0, 0x39, 0xCE, 0x06, 0x00, 0x00, 0x00},
    /* U+4E4B */ {0x06, 0x00, 0x20, 0x7F, 0xC0, 0x0C, 0x01, 0x80, 0x30, 0x06, 0x00, 0xC0, 0x30, 0x07, 0x82, 0x4F, 0xF0, 0x00},
    /* U+4E4C */ {0x3F, 0xC2, 0x04, 0x20, 0xC2, 0x1C, 0x20, 0x03, 0xFE, 0x00, 0x2F, 0xFA, 0x00, 0x20, 0x06, 0x01, 0xC0, 0x00},
    /* U+4E4D */ {0x10, 0x03, 0xFF, 0x24, 0x06, 0x40, 0xC7, 0xE0, 0x40, 0x04, 0x00, 0x7E, 0x04, 0x00, 0x40, 0x04, 0x00, 0x00},
    /* U+4E4E */ {0x7F, 0xC2, 0x64, 0x36, 0x43, 0x6C, 0x16, 0x8F, 0xFF, 0x06, 0x00, 0x60, 0x06, 0x00, 0x60, 0x1E, 0x00, 0x00},
    /* U+4E4F */ {0x7F, 0xC0, 0x40, 0x06, 0x07, 0xFC, 0x00, 0xC0, 0x18, 0x03, 0x00, 0xE0, 0x38, 0x05, 0x80, 0x4F, 0xF0, 0x00},
    /* U+4E50 */ {0x3F, 0x82, 0x20, 0x22, 0x06, 0x20, 0x7F, 0xE0, 0x20, 0x32, 0xC2, 0x24, 0x62, 0x6C, 0x63, 0x0E, 0x00, 0x00},
    /* U+4E52 */ {0x3F, 0x83, 0x00, 0x3F, 0xE3, 0x18, 0x31, 0x83, 0x18, 0xFF, 0xF0, 0x80, 0x18, 0x07, 0x00, 0x40, 0x00, 0x00},
    /* U+4E53 */ {0x3F, 0x83, 0x00, 0x3F, 0xE3, 0x18, 0x31, 0x83, 0x18, 0xFF, 0xF0, 0x10, 0x01, 0xC0, 0x06, 0x00, 0x20, 0x00},
    /* U+4E54 */ {0x7F, 0x80, 0x40, 0xFF, 0xF1, 0x98, 0x30, 0xC7, 0x9F, 0x59, 0x81, 0x98, 0x11, 0x83, 0x18, 0x61, 0x80, 0x00},
    /* U+4E56 */ {0x7F, 0x80, 0x60, 0xFF, 0xF1, 0x68, 0x77, 0xE1, 0x78, 0x17, 0x87, 0x7B, 0x56, 0xE0, 0x60, 0x06, 0x00, 0x00},
    /* U+4E58 */ {0x7F, 0x80, 0x60, 0x7F, 0xE1, 0x78, 0x77, 0xE1, 0x7A, 0x7F, 0xE1, 0xF0, 0x36, 0xCE, 0x66, 0x06, 0x00, 0x00},
    /* U+4E59 */ {0x7F, 0xC0, 0x18, 0x03, 0x00, 0xE0, 0x18, 0x03, 0x00, 0x20, 0x26, 0x02, 0x60, 0x27, 0xFE, 0x00, 0x00, 0x00},
    /* U+4E5C */ {0x10, 0x01, 0x0C, 0x17, 0xC3, 0xC4, 0xF0, 0x41, 0x0C, 0x13, 0x81, 0x02, 0x10, 0x21, 0xFE, 0x00, 0x00, 0x00},
    /* U+4E5D */ {0x08, 0x00, 0x80, 0x7F, 0x80, 0x88, 0x08, 0x80, 0x88, 0x18, 0x81, 0x08, 0x30, 0x96, 0x0B, 0xC0, 0xF0, 0x00},
    /* U+4E5E */ {0x30, 0x03, 0xFE, 0x60, 0x07, 0xF8, 0x03, 0x00, 0x60, 0x0C, 0x01, 0x00, 0x20, 0x22, 0x02, 0x3F, 0xE0, 0x00},
    /* U+4E5F */ {0x32, 0x03, 0x2E, 0x37, 0xE3, 0xE6, 0xF2, 0x63, 0x24, 0x33, 0xC3, 0x22, 0x30, 0x33, 0x02, 0x1F, 0xE0, 0x00},
    /* U+4E60 */ {0x7F, 0xE0, 0x06, 0x10, 0x60, 0xC6, 0x06, 0x60, 0x06, 0x07, 0xE1, 0xE6, 0x70, 0x60, 0x06, 0x01, 0xC0, 0x00},
    /* U+4E61 */ {0x0C, 0x01, 0x8C, 0x3F, 0x80, 0x60, 0x1C, 0x67, 0xFC, 0x01, 0x80, 0x30, 0x1E, 0x07, 0x00, 0x00, 0x00, 0x00},
    /* U+4E66 */ {0x04, 0x67, 0xFE, 0x04, 0xC0, 0x4C, 0x04, 0xC7, 0xFF, 0x04, 0x20, 0x42, 0x04, 0x20, 0x5E, 0x04, 0x00, 0x00},
    /* U+4E69 */ {0x11, 0x01, 0xF0, 0x11, 0x01, 0x10, 0x11, 0x07, 0xD0, 0x45, 0x04, 0x53, 0x45, 0x37, 0xDB, 0x44, 0xE0, 0x00},
    /* U+4E70 */ {0x7F, 0xE0, 0x26, 0x1A, 0x40, 0xA0, 0x32, 0x01, 0x20, 0x7F, 0xE0, 0x60, 0x0F, 0x83, 0x8E, 0x60, 0x20, 0x00},
    /* U+4E71 */ {0x7D, 0x01, 0x10, 0x11, 0x0F, 0xF0, 0x11, 0x01, 0x10, 0x7F, 0x04, 0x70, 0x47, 0x37, 0xFB, 0x45, 0xE0, 0x00},
    /* U+4E73 */ {0x7F, 0x85, 0x78, 0x7D, 0x87, 0xD8, 0x0D, 0x81, 0x98, 0x3F, 0x8F, 0xF8, 0x11, 0xB1, 0x1B, 0x30, 0xE0, 0x00},
    /* U+4E7E */ {0xFD, 0x01, 0x3F, 0x12, 0x07, 0xE0, 0x7F, 0xE4, 0x4C, 0x7C, 0x81, 0x18, 0xFF, 0x11, 0x33, 0x13, 0xE0, 0x00},
    /* U+4E86 */ {0x7F, 0xE0, 0x0C, 0x01, 0x80, 0x70, 0x06, 0x00, 0x60, 0x06, 0x00, 0x60, 0x06, 0x00, 0x60, 0x1C, 0x00, 0x00},
    /* U+4E88 */ {0x3F, 0xC0, 0x18, 0x0F, 0x00, 0x70, 0xFF, 0xE0, 0x66, 0x06, 0x40, 0x60, 0x06, 0x00, 0x60, 0x1C, 0x00, 0x00},
    /* U+4E89 */ {0x1F, 0x83, 0x10, 0x7F, 0xC4, 0x64, 0x06, 0x4F, 0xFF, 0x06, 0x47, 0xFC, 0x06, 0x00, 0x60, 0x1C, 0x00, 0x00},
    /* U+4E8B */ {0x7F, 0xE3, 0xFC, 0x26, 0x43, 0xFC, 0x06, 0x03, 0xFC, 0xFF, 0xF0, 0x64, 0x7F, 0xC0, 0x64, 0x0C, 0x00, 0x00},
    /* U+4E8C */ {0x00, 0x07, 0xFE, 0x00, 0x00, 0x00, 0x00, 0x00, 0x00, 0x00, 0x00, 0x00, 0x00, 0x0F, 0xFF, 0x00, 0x00, 0x00},
    /* U+4E8D */ {0x3F, 0xC0, 0x00, 0x00, 0x0F, 0xFF, 0x06, 0x00, 0x60, 0x06, 0x00, 0x60, 0x06, 0x00, 0x60, 0x1E, 0x00, 0x00},
    /* U+4E8E */ {0x7F, 0xE0, 0x60, 0x06, 0x00, 0x60, 0xFF, 0xF0, 0x60, 0x06, 0x00, 0x60, 0x06, 0x00, 0x60, 0x1E, 0x00, 0x00},
    /* U+4E8F */ {0x7F, 0xE0, 0x00, 0x00, 0x0F, 0xFF, 0x18, 0x01, 0x00, 0x1F, 0xC0, 0x04, 0x00, 0x40, 0x0C, 0x07, 0x80, 0x00},
    /* U+4E91 */ {0x3F, 0xC0, 0x00, 0x00, 0x00, 0x00, 0xFF, 0xF0, 0xC0, 0x19, 0x81, 0x08, 0x30, 0xC7, 0xFE, 0x20, 0x20, 0x00},
    /* U+4E92 */ {0x7F, 0xE1, 0x80, 0x18, 0x01, 0xF8, 0x10, 0x81, 0x08, 0x30, 0x83, 0xF8, 0x01, 0x80, 0x18, 0xFF, 0xF0, 0x00},
    /* U+4E93 */ {0x3F, 0xC0, 0x00, 0x00, 0x07, 0xFE, 0x19, 0x81, 0x98, 0x19, 0x81, 0x18, 0x31, 0x86, 0x18, 0x41, 0x80, 0x00},
    /* U+4E94 */ {0x7F, 0xE0, 0x40, 0x0C, 0x00, 0xC0, 0x3F, 0xC0, 0x88, 0x08, 0x80, 0x88, 0x18, 0x8F, 0xFF, 0x00, 0x00, 0x00},
    /* U+4E95 */ {0x19, 0x81, 0x98, 0x7F, 0xE1, 0x98, 0x19, 0x81, 0x98, 0xFF, 0xF1, 0x18, 0x31, 0x82, 0x18, 0x61, 0x80, 0x00},
    /* U+4E98 */ {0x7F, 0xE0, 0x00, 0x3F, 0xC3, 0x0C, 0x30, 0xC3, 0xFC, 0x30, 0xC3, 0xFC, 0x00, 0x00, 0x00, 0xFF, 0xF0, 0x00},
    /* U+4E9A */ {0x7F, 0xE0, 0x90, 0x09, 0x04, 0x96, 0x69, 0x62, 0x94, 0x39, 0xC0, 0x90, 0x09, 0x0F, 0xFF, 0x00, 0x00, 0x00},
    /* U+4E9B */ {0x53, 0x65, 0xFC, 0x53, 0x05, 0x33, 0x57, 0x3F, 0xDE, 0x00, 0x03, 0xFC, 0x00, 0x00, 0x00, 0xFF, 0xF0, 0x00},
    /* U+4E9F */ {0x01, 0x80, 0x70, 0x7F, 0xE5, 0xE6, 0x5F, 0xC5, 0xEC, 0x7E, 0xC0, 0x7E, 0x0F, 0x00, 0x00, 0xFF, 0xF0, 0x00},
    /* U+4EA0 */ {0x06, 0x00, 0x20, 0xFF, 0xF0, 0x00, 0x00, 0x00, 0x00, 0x00, 0x00, 0x00, 0x00, 0x00, 0x00, 0x00, 0x00, 0x00},
    /* U+4EA1 */ {0x06, 0x00, 0x20, 0xFF, 0xF3, 0x00, 0x30, 0x03, 0x00, 0x30, 0x03, 0x00, 0x30, 0x03, 0xFE, 0x00, 0x00, 0x00},
    /* U+4EA2 */ {0x06, 0x07, 0xFE, 0x00, 0x00, 0x00, 0x1F, 0x81, 0x98, 0x19, 0x81, 0x18, 0x31, 0x96, 0x1B, 0xC0, 0xE0, 0x00},
    /* U+4EA4 */ {0x06, 0x07, 0xFE, 0x18, 0x83, 0x0C, 0x70, 0xE5, 0x9A, 0x0F, 0x00, 0x60, 0x0F, 0x03, 0x9C, 0x60, 0x60, 0x00},
    /* U+4EA5 */ {0x06, 0x0F, 0xFF, 0x08, 0x01, 0x98, 0x3F, 0x40, 0x6C, 0x1D, 0x87, 0x30, 0x0F, 0x83, 0xCC, 0x60, 0x60, 0x00},
    /* U+4EA6 */ {0x06, 0x07, 0xFE, 0x09, 0x02, 0x94, 0x29, 0x46, 0x96, 0x49, 0x25, 0x92, 0x11, 0x03, 0x10, 0x67, 0x00, 0x00},
    /* U+4EA7 */ {0x06, 0x07, 0xFE, 0x18, 0x80, 0x98, 0x7F, 0xE6, 0x00, 0x60, 0x06, 0x00, 0x40, 0x04, 0x00, 0xC0, 0x00, 0x00},
    /* U+4EA8 */ {0xFF, 0xE0, 0x00, 0x3F, 0xC3, 0x0C, 0x3F, 0xC7, 0xFC, 0x01, 0xC0, 0x70, 0x06, 0x00, 0x60, 0x1E, 0x00, 0x00},
    /* U+4EA9 */ {0x06, 0x0F, 0xFE, 0x00, 0x07, 0xFE, 0x66, 0x66, 0x66, 0x7F, 0xE6, 0x66, 0x66, 0x67, 0xFE, 0x60, 0x60, 0x00},
    /* U+4EAB */ {0x7F, 0xE0, 0x00, 0x3F, 0xC2, 0x04, 0x3F, 0xC3, 0xFC, 0x03, 0x80, 0x60, 0xFF, 0xF0, 0x60, 0x1E, 0x00, 0x00},
    /* U+4EAC */ {0x06, 0x07, 0xFE, 0x00, 0x03, 0xFC, 0x20, 0x42, 0x04, 0x3F, 0xC0, 0x60, 0x26, 0xC6, 0x66, 0x5E, 0x20, 0x00},
    /* U+4EAD */ {0x7F, 0xE0, 0x00, 0x3F, 0xC3, 0xFC, 0x00, 0x07, 0xFE, 0x40, 0x27, 0xFE, 0x06, 0x00, 0x60, 0x1E, 0x00, 0x00},
    /* U+4EAE */ {0x7F, 0xE0, 0x00, 0x3F, 0xC3, 0xFC, 0x00, 0x07, 0xFE, 0x40, 0x21, 0xF8, 0x19, 0x83, 0x1A, 0x61, 0xE0, 0x00},
    /* U+4EB2 */ {0x06, 0x07, 0xFE, 0x10, 0x81, 0x98, 0x7F, 0xE0, 0x60, 0x7F, 0xE1, 0x68, 0x36, 0xC6, 0x66, 0x4E, 0x00, 0x00},
    /* U+4EB3 */ {0x7F, 0xE0, 0x00, 0x3F, 0xC3, 0xFC, 0x00, 0x07, 0xFE, 0x7F, 0xA0, 0x40, 0x7F, 0xE0, 0x42, 0x07, 0xE0, 0x00},
    /* U+4EB5 */ {0x7F, 0xE1, 0x10, 0x7F, 0xC1, 0xF4, 0x7B, 0xD1, 0x6E, 0x76, 0xC3, 0xB8, 0xF1, 0x81, 0xEE, 0x1C, 0x20, 0x00},
    /* U+4EBA */ {0x06, 0x00, 0x60, 0x06, 0x00, 0x60, 0x0F, 0x00, 0xD0, 0x19, 0x81, 0x0C, 0x70, 0x64, 0x03, 0x00, 0x00, 0x00},
    /* U+4EBB */ {0x08, 0x01, 0x80, 0x30, 0x03, 0x00, 0xD0, 0x01, 0x00, 0x10, 0x01, 0x00, 0x10, 0x01, 0x00, 0x00, 0x00, 0x00},
    /* U+4EBF */ {0x3F, 0xE2, 0x04, 0x60, 0xCE, 0x18, 0xA3, 0x02, 0x20, 0x24, 0x02, 0xC2, 0x2C, 0x22, 0x7E, 0x20, 0x00, 0x00},
    /* U+4EC0 */ {0x31, 0x03, 0x10, 0x61, 0x0E, 0xFF, 0xE1, 0x02, 0x10, 0x21, 0x02, 0x10, 0x21, 0x02, 0x10, 0x21, 0x00, 0x00},
    /* U+4EC1 */ {0x10, 0x03, 0xFE, 0x60, 0x06, 0x00, 0xE0, 0x02, 0x00, 0x20, 0x02, 0x00, 0x20, 0x02, 0xFF, 0x20, 0x00, 0x00},
    /* U+4EC2 */ {0x33, 0x02, 0x30, 0x6F, 0xE6, 0x32, 0xE3, 0x22, 0x22, 0x22, 0x22, 0x62, 0x24, 0x22, 0xC6, 0x29, 0xC0, 0x00},
    /* U+4EC3 */ {0x3F, 0xF2, 0x08, 0x60, 0x86, 0x08, 0xE0, 0x82, 0x08, 0x20, 0x82, 0x08, 0x20, 0x82, 0x08, 0x23, 0x80, 0x00},
    /* U+4EC4 */ {0x7F, 0xE6, 0x30, 0x63, 0x06, 0x30, 0x63, 0x06, 0x30, 0x67, 0x84, 0x68, 0x4C, 0xC5, 0x86, 0xD0, 0x20, 0x00},
    /* U+4EC5 */ {0x1F, 0xE3, 0x42, 0x64, 0x66, 0x64, 0xE2, 0x42, 0x2C, 0x23, 0x82, 0x18, 0x23, 0xC2, 0xE6, 0x38, 0x30, 0x00},
    /* U+4EC6 */ {0x13, 0x03, 0x30, 0x33, 0x06, 0x38, 0x63, 0xCE, 0x36, 0x23, 0x22, 0x30, 0x23, 0x02, 0x30, 0x23, 0x00, 0x00},
    /* U+4EC7 */ {0x32, 0x02, 0x20, 0x6F, 0xC6, 0x6C, 0xE6, 0xC2, 0x6C, 0x24, 0xC2, 0x4C, 0x2C, 0xD2, 0x8F, 0x38, 0x60, 0x00},
    /* U+4EC9 */ {0x37, 0xC2, 0x4C, 0x64, 0xC6, 0x4C, 0xE4, 0xC2, 0x4C, 0x24, 0xC2, 0x4C, 0x2C, 0xD2, 0x8F, 0x38, 0x60, 0x00},
    /* U+4ECA */ {0x0F, 0x01, 0x98, 0x34, 0xCE, 0x67, 0x03, 0x03, 0xFC, 0x00, 0xC0, 0x18, 0x01, 0x00, 0x30, 0x02, 0x00, 0x00},
    /* U+4ECB */ {0x06, 0x01, 0x98, 0x30, 0xCE, 0x07, 0x18, 0x81, 0x88, 0x10, 0x81, 0x08, 0x30, 0x86, 0x08, 0x00, 0x00, 0x00},
    /* U+4ECD */ {0x3F, 0xC2, 0x4C, 0x64, 0x86, 0x48, 0xE4, 0xE2, 0x42, 0x24, 0x22, 0xC2, 0x28, 0x23, 0x86, 0x31, 0xC0, 0x00},
    /* U+4ECE */ {0x11, 0x81, 0x18, 0x11, 0x81, 0x18, 0x39, 0x83, 0x98, 0x2F, 0x82, 0x7C, 0x62, 0x44, 0x42, 0x44, 0x20, 0x00},
    /* U+4ED1 */ {0x06, 0x00, 0x90, 0x30, 0xC7, 0x06, 0x50, 0xA1, 0x38, 0x1E, 0x01, 0x80, 0x10, 0x41, 0x04, 0x1F, 0xC0, 0x00},
    /* U+4ED3 */ {0x06, 0x00, 0xF0, 0x19, 0x87, 0x0E, 0xFF, 0xB3, 0x08, 0x30, 0x83, 0x38, 0x30, 0x61, 0x04, 0x1F, 0xC0, 0x00},
    /* U+4ED4 */ {0x3F, 0xE2, 0x04, 0x61, 0x86, 0x10, 0xE1, 0x02, 0xFF, 0x21, 0x02, 0x10, 0x21, 0x02, 0x10, 0x27, 0x00, 0x00},
    /* U+4ED5 */ {0x11, 0x03, 0x10, 0x61, 0x07, 0xFF, 0xE1, 0x02, 0x10, 0x21, 0x02, 0x10, 0x21, 0x02, 0xFF, 0x20, 0x00, 0x00},
    /* U+4ED6 */ {0x35, 0x82, 0x5A, 0x65, 0xE6, 0x7A, 0xFF, 0xA3, 0xDA, 0x25, 0xA2, 0x5E, 0x24, 0x02, 0x43, 0x27, 0xE0, 0x00},
    /* U+4ED7 */ {0x10, 0x83, 0x08, 0x2F, 0xF6, 0x08, 0xE4, 0x82, 0x58, 0x27, 0x82, 0x30, 0x23, 0x82, 0xEC, 0x38, 0x70, 0x00},
    /* U+4ED8 */ {0x10, 0x43, 0x04, 0x2F, 0xF6, 0x04, 0xE4, 0x42, 0x64, 0x22, 0x42, 0x24, 0x20, 0x42, 0x04, 0x23, 0xC0, 0x00},
    /* U+4ED9 */ {0x31, 0x02, 0x10, 0x69, 0x26, 0x92, 0xE9, 0x22, 0x92, 0x29, 0x22, 0x92, 0x29, 0x22, 0xFE, 0x20, 0x20, 0x00},
    /* U+4EDD */ {0x06, 0x00, 0xF0, 0x19, 0x83, 0x0C, 0xE0, 0x73, 0xFC, 0x06, 0x00, 0x60, 0x06, 0x00, 0x60, 0x7F, 0xE0, 0x00},
    /* U+4EDE */ {0x3F, 0xF2, 0x13, 0x61, 0x3E, 0xD2, 0xAD, 0x22, 0xB2, 0x23, 0x22, 0x22, 0x26, 0x22, 0xC6, 0x39, 0xE0, 0x00},
    /* U+4EDF */ {0x37, 0xE2, 0xF0, 0x61, 0x0E, 0x10, 0xEF, 0xF2, 0x10, 0x21, 0x02, 0x10, 0x21, 0x02, 0x10, 0x21, 0x00, 0x00},
    /* U+4EE1 */ {0x36, 0x02, 0x7E, 0x6C, 0x06, 0x80, 0xE7, 0xC2, 0x18, 0x23, 0x02, 0x60, 0x24, 0x32, 0xC3, 0x27, 0xE0, 0x00},
    /* U+4EE3 */ {0x13, 0x63, 0x32, 0x31, 0x27, 0xFE, 0xFD, 0x03, 0x10, 0x31, 0x03, 0x18, 0x30, 0x93, 0x0F, 0x30, 0x60, 0x00},
    /* U+4EE4 */ {0x0F, 0x01, 0x98, 0x34, 0xCE, 0x67, 0x02, 0x03, 0xFC, 0x00, 0xC0, 0x98, 0x0F, 0x00, 0x70, 0x01, 0x00, 0x00},
    /* U+4EE5 */ {0x20, 0x42, 0x44, 0x26, 0x42, 0x24, 0x20, 0xC2, 0x08, 0x24, 0x83, 0xDC, 0x73, 0x60, 0xE2, 0x08, 0x00, 0x00},
    /* U+4EE8 */ {0x10, 0x03, 0xFE, 0x20, 0x06, 0x00, 0xE0, 0x02, 0x7E, 0x20, 0x02, 0x00, 0x20, 0x02, 0xFF, 0x20, 0x00, 0x00},
    /* U+4EEA */ {0x11, 0x23, 0xD2, 0x25, 0xE6, 0x44, 0xE4, 0x4A, 0x6C, 0x23, 0x82, 0x38, 0x23, 0x82, 0xEE, 0x38, 0x30, 0x00},
    /* U+4EEB */ {0x12, 0x01, 0x20, 0x36, 0x06, 0x48, 0xED, 0x8A, 0x90, 0x23, 0x42, 0x24, 0x26, 0x62, 0xFE, 0x24, 0x20, 0x00},
    /* U+4EEC */ {0x26, 0x22, 0xA2, 0x68, 0x26, 0x82, 0xE8, 0x26, 0x82, 0x28, 0x22, 0x82, 0x28, 0x22, 0x82, 0x28, 0xE0, 0x00},
    /* U+4EF0 */ {0x2D, 0xE2, 0x92, 0x69, 0x2E, 0x92, 0xE9, 0x22, 0x92, 0x29, 0x22, 0xF2, 0x2D, 0xE2, 0x10, 0x21, 0x00, 0x00},
    /* U+4EF2 */ {0x31, 0x02, 0x10, 0x6F, 0xE6, 0x92, 0xE9, 0x22, 0x92, 0x2F, 0xE2, 0x92, 0x21, 0x02, 0x10, 0x21, 0x00, 0x00},
    /* U+4EF3 */ {0x3D, 0x82, 0xD8, 0x6D, 0xA6, 0xFE, 0xED, 0x82, 0xD8, 0x2D, 0x82, 0xD8, 0x2D, 0xB2, 0xFB, 0x2C, 0xE0, 0x00},
    /* U+4EF5 */ {0x34, 0x02, 0xFE, 0x69, 0x07, 0x90, 0xE1, 0x03, 0xFF, 0x21, 0x02, 0x10, 0x21, 0x02, 0x10, 0x21, 0x00, 0x00},
    /* U+4EF6 */ {0x35, 0x02, 0x50, 0x6F, 0xE6, 0x90, 0xE1, 0x02, 0xFF, 0x21, 0x02, 0x10, 0x21, 0x02, 0x10, 0x21, 0x00, 0x00},
    /* U+4EF7 */ {0x11, 0x03, 0x38, 0x26, 0xC6, 0xC6, 0xFC, 0x72, 0x4C, 0x24, 0xC2, 0x4C, 0x24, 0xC2, 0xCC, 0x38, 0xC0, 0x00},
    /* U+4EFB */ {0x17, 0xE3, 0xF0, 0x21, 0x06, 0x10, 0xE1, 0x03, 0xFF, 0x21, 0x02, 0x10, 0x21, 0x02, 0x10, 0x2F, 0xF0, 0x00},
    /* U+4EFD */ {0x36, 0xC2, 0x44, 0x6C, 0x66, 0x82, 0xFF, 0xF2, 0x24, 0x22, 0x42, 0x64, 0x26, 0x42, 0xC4, 0x29, 0xC0, 0x00},
    /* U+4EFF */ {0x31, 0x82, 0xFF, 0x62, 0x06, 0x20, 0xE3, 0xE2, 0x66, 0x26, 0x62, 0x46, 0x24, 0x62, 0xC4, 0x39, 0xC0, 0x00},
    /* U+4F01 */ {0x06, 0x00, 0x90, 0x31, 0xC6, 0x66, 0x46, 0x32, 0x60, 0x37, 0xC3, 0x60, 0x36, 0x03, 0x60, 0x7F, 0xE0, 0x00},
    /* U+4F09 */ {0x31, 0x02, 0xFF, 0x60, 0x06, 0x00, 0xE7, 0xC2, 0x4C, 0x24, 0xC2, 0x4C, 0x24, 0xD2, 0x8F, 0x38, 0x60, 0x00},
    /* U+4F0A */ {0x3F, 0xE2, 0x32, 0x63, 0x2F, 0xFF, 0xE3, 0x22, 0x32, 0x2F, 0xE2, 0x22, 0x26, 0x02, 0xC0, 0x38, 0x00, 0x00},
    /* U+4F0D */ {0x3F, 0xE2, 0x30, 0x63, 0x06, 0x20, 0xEF, 0xE2, 0x26, 0x22, 0x42, 0x64, 0x26, 0x43, 0xFF, 0x20, 0x00, 0x00},
    /* U+4F0E */ {0x31, 0x03, 0xFF, 0x61, 0x06, 0x10, 0xEF, 0xE2, 0x46, 0x26, 0x42, 0x38, 0x23, 0x82, 0xFE, 0x3C, 0x70, 0x00},
    /* U+4F0F */ {0x31, 0x43, 0x16, 0x61, 0x06, 0xFF, 0xE1, 0x02, 0x38, 0x23, 0x82, 0x28, 0x26, 0xC2, 0xC6, 0x28, 0x30, 0x00},
    /* U+4F10 */ {0x13, 0x43, 0x30, 0x27, 0xE7, 0xF0, 0xE3, 0x62, 0x14, 0x21, 0xC2, 0x18, 0x27, 0xB2, 0xCF, 0x28, 0x60, 0x00},
    /* U+4F11 */ {0x11, 0x03, 0x10, 0x7F, 0xFE, 0x38, 0xE3, 0x82, 0x7C, 0x25, 0x42, 0xD6, 0x39, 0x32, 0x10, 0x21, 0x00, 0x00},
    /* U+4F17 */ {0x06, 0x00, 0x90, 0x30, 0xC7, 0x0E, 0x11, 0x81, 0x18, 0x39, 0x82, 0x7C, 0x62, 0x64, 0x62, 0x00, 0x00, 0x00},
    /* U+4F18 */ {0x32, 0x42, 0x26, 0x7F, 0xF6, 0x20, 0xE3, 0x82, 0x38, 0x27, 0x82, 0x78, 0x25, 0xB2, 0xDB, 0x38, 0xE0, 0x00},
    /* U+4F19 */ {0x31, 0x02, 0x52, 0x6D, 0x2E, 0xD6, 0x29, 0x42, 0x38, 0x23, 0x82, 0x2C, 0x2C, 0x62, 0x83, 0x00, 0x00, 0x00},
    /* U+4F1A */ {0x06, 0x01, 0x98, 0x30, 0xC7, 0xFF, 0x40, 0x00, 0x00, 0x7F, 0xE0, 0x88, 0x18, 0xC3, 0xFC, 0x3C, 0x60, 0x00},
    /* U+4F1B */ {0x3F, 0xE2, 0xC0, 0x6E, 0x66, 0xD4, 0xED, 0xC2, 0xDC, 0x2D, 0x42, 0xF2, 0x2E, 0x02, 0xFF, 0x20, 0x00, 0x00},
    /* U+4F1E */ {0x0F, 0x01, 0x98, 0x76, 0xE6, 0x66, 0x16, 0xC1, 0x68, 0x06, 0x0F, 0xFF, 0x06, 0x00, 0x60, 0x06, 0x00, 0x00},
    /* U+4F1F */ {0x31, 0x03, 0xFE, 0x61, 0x06, 0xFE, 0xE1, 0x02, 0x10, 0x3F, 0xF2, 0x12, 0x21, 0x22, 0x16, 0x21, 0x00, 0x00},
    /* U+4F20 */ {0x3F, 0xE2, 0x20, 0x62, 0x0F, 0xFF, 0xE6, 0x02, 0x7E, 0x20, 0x42, 0x28, 0x23, 0x82, 0x18, 0x20, 0x80, 0x00},
    /* U+4F22 */ {0x3F, 0xE2, 0x44, 0x64, 0x46, 0x44, 0xEF, 0xF2, 0x1C, 0x21, 0x42, 0x24, 0x2C, 0x43, 0x84, 0x21, 0xC0, 0x00},
    /* U+4F24 */ {0x36, 0x02, 0x7E, 0x69, 0x0E, 0xB0, 0xAF, 0xE2, 0x32, 0x22, 0x22, 0x22, 0x26, 0x22, 0xC6, 0x29, 0xC0, 0x00},
    /* U+4F25 */ {0x34, 0x42, 0x4C, 0x65, 0x86, 0x50, 0xFF, 0xF2, 0x58, 0x24, 0x82, 0x4C, 0x25, 0xC2, 0x76, 0x24, 0x20, 0x00},
    /* U+4F26 */ {0x33, 0x82, 0x68, 0x64, 0x67, 0x83, 0xF4, 0x02, 0x4C, 0x27, 0x82, 0x60, 0x24, 0x22, 0x42, 0x27, 0xE0, 0x00},
    /* U+4F27 */ {0x33, 0x82, 0x68, 0x2C, 0xC7, 0xC6, 0xFF, 0xE2, 0x44, 0x24, 0xC2, 0x58, 0x24, 0x22, 0x42, 0x27, 0xE0, 0x00},
    /* U+4F2A */ {0x3F, 0x02, 0x70, 0x6F, 0xEE, 0x22, 0xA2, 0x22, 0x3A, 0x26, 0xA2, 0x6A, 0x2C, 0x22, 0x86, 0x39, 0xC0, 0x00},
    /* U+4F2B */ {0x11, 0x03, 0x18, 0x2F, 0xF6, 0x83, 0xE8, 0x22, 0x00, 0x20, 0x02, 0x00, 0x20, 0x02, 0xFF, 0x20, 0x00, 0x00},
    /* U+4F2F */ {0x33, 0x02, 0xFE, 0x2C, 0x66, 0xC6, 0xEC, 0x62, 0xFE, 0x2C, 0x62, 0xC6, 0x2C, 0x62, 0xFE, 0x28, 0x60, 0x00},
    /* U+4F30 */ {0x31, 0x02, 0x10, 0x6F, 0xFE, 0x10, 0xE1, 0x02, 0xFE, 0x2C, 0x22, 0xC2, 0x2C, 0x22, 0xFE, 0x2C, 0x20, 0x00},
    /* U+4F32 */ {0x3F, 0xE2, 0x82, 0x6F, 0xEE, 0x80, 0xEA, 0x22, 0xAE, 0x2B, 0x82, 0xA0, 0x2A, 0x33, 0xA3, 0x33, 0xE0, 0x00},
    /* U+4F34 */ {0x3D, 0x62, 0x54, 0x65, 0x4E, 0xFE, 0xA1, 0x02, 0x10, 0x3F, 0xF2, 0x10, 0x21, 0x02, 0x10, 0x21, 0x00, 0x00},
    /* U+4F36 */ {0x33, 0x82, 0x68, 0x6C, 0x47, 0xB6, 0xE1, 0x02, 0xFE, 0x20, 0x42, 0x08, 0x27, 0x82, 0x30, 0x20, 0x80, 0x00},
    /* U+4F38 */ {0x31, 0x02, 0xFE, 0x69, 0x36, 0x93, 0xEF, 0xF2, 0x93, 0x2F, 0xF2, 0x92, 0x21, 0x02, 0x10, 0x21, 0x00, 0x00},
    /* U+4F3A */ {0x3F, 0xE2, 0x02, 0x6F, 0xEE, 0x02, 0xEF, 0xA2, 0xCA, 0x2C, 0xA2, 0xFA, 0x2C, 0x22, 0x02, 0x20, 0xE0, 0x00},
    /* U+4F3C */ {0x30, 0x62, 0xA6, 0x6B, 0x66, 0x94, 0xE9, 0x4A, 0x84, 0x28, 0xC2, 0xFE, 0x2C, 0xA2, 0x9B, 0x23, 0x00, 0x00},
    /* U+4F3D */ {0x2C, 0xE6, 0xCA, 0x7F, 0xAE, 0xFA, 0xEB, 0xA2, 0xBA, 0x2B, 0xA2, 0xBA, 0x2A, 0xE3, 0xAA, 0x36, 0xA0, 0x00},
    /* U+4F43 */ {0x3F, 0xE2, 0x92, 0x69, 0x2E, 0x92, 0xAF, 0xE2, 0x92, 0x29, 0x22, 0x92, 0x29, 0x22, 0xFE, 0x28, 0x20, 0x00},
    /* U+4F46 */ {0x3F, 0xE2, 0xC6, 0x6C, 0x6E, 0xFE, 0xAC, 0x62, 0xC6, 0x2C, 0x62, 0xFE, 0x20, 0x03, 0xFF, 0x20, 0x00, 0x00},
    /* U+4F4D */ {0x31, 0x02, 0xFE, 0x60, 0x06, 0x44, 0x66, 0x42, 0x64, 0x22, 0xC2, 0x2C, 0x22, 0x82, 0xFF, 0x20, 0x00, 0x00},
    /* U+4F4E */ {0x3F, 0xC2, 0xC8, 0x6C, 0x86, 0xC8, 0xEF, 0xF2, 0xC8, 0x2C, 0x82, 0xCC, 0x2D, 0xD2, 0xF7, 0x2E, 0xE0, 0x00},
    /* U+4F4F */ {0x11, 0x03, 0x10, 0x2F, 0xF6, 0x10, 0xE1, 0x02, 0xFE, 0x21, 0x02, 0x10, 0x21, 0x02, 0x10, 0x2F, 0xF0, 0x00},
    /* U+4F50 */ {0x32, 0x03, 0x20, 0x7F, 0xF6, 0x60, 0xE6, 0x02, 0x7E, 0x2C, 0x82, 0x88, 0x38, 0x83, 0x08, 0x27, 0xF0, 0x00},
    /* U+4F51 */ {0x33, 0x03, 0x30, 0x7F, 0xF6, 0x20, 0xE6, 0x02, 0x7E, 0x2E, 0x23, 0xE2, 0x26, 0x22, 0x7E, 0x26, 0x20, 0x00},
    /* U+4F53 */ {0x31, 0x02, 0x10, 0x7F, 0xF6, 0x38, 0xE7, 0x82, 0x5C, 0x2D, 0x42, 0x96, 0x3F, 0xF2, 0x10, 0x21, 0x00, 0x00},
    /* U+4F55 */ {0x3F, 0xF2, 0x02, 0x60, 0x26, 0xF2, 0xED, 0x22, 0xD2, 0x2D, 0x22, 0xF2, 0x28, 0x22, 0x06, 0x21, 0xE0, 0x00},
    /* U+4F57 */ {0x31, 0x02, 0xFF, 0x68, 0x36, 0xC0, 0xE4, 0x42, 0x7C, 0x27, 0x02, 0x60, 0x24, 0x22, 0x62, 0x27, 0xE0, 0x00},
    /* U+4F58 */ {0x0F, 0x01, 0x98, 0x30, 0xCF, 0xFF, 0x00, 0x07, 0xFE, 0x06, 0x03, 0x6C, 0x26, 0x46, 0x66, 0x0E, 0x00, 0x00},
    /* U+4F59 */ {0x0F, 0x01, 0x98, 0x70, 0xEF, 0xFF, 0x06, 0x00, 0x60, 0x7F, 0xE1, 0x68, 0x36, 0xC6, 0x66, 0x4E, 0x20, 0x00},
    /* U+4F5A */ {0x35, 0x02, 0xFE, 0x69, 0x06, 0x90, 0xE1, 0x03, 0xFF, 0x21, 0x82, 0x38, 0x26, 0xC2, 0xC6, 0x38, 0x30, 0x00},
    /* U+4F5B */ {0x32, 0x83, 0xFE, 0x62, 0xAE, 0xFE, 0xAA, 0x83, 0xA8, 0x3F, 0xE2, 0x6B, 0x24, 0xA2, 0xCE, 0x38, 0x80, 0x00},
    /* U+4F5C */ {0x36, 0x03, 0x7F, 0x65, 0x06, 0xD0, 0xE9, 0xE2, 0x10, 0x21, 0x02, 0x1F, 0x21, 0x02, 0x10, 0x21, 0x00, 0x00},
    /* U+4F5D */ {0x34, 0x02, 0x7E, 0x6C, 0x37, 0x82, 0xFF, 0xA2, 0x4A, 0x24, 0xA2, 0x7A, 0x24, 0x22, 0x06, 0x21, 0xE0, 0x00},
    /* U+4F5E */ {0x3F, 0xE2, 0x00, 0x7F, 0xEE, 0x30, 0xE2, 0x03, 0xFF, 0x24, 0xC2, 0xE8, 0x23, 0x82, 0x7E, 0x3C, 0x20, 0x00},
    /* U+4F5F */ {0x37, 0xE2, 0xC4, 0x6E, 0xCE, 0x38, 0xE7, 0xC3, 0xC7, 0x23, 0x02, 0x1C, 0x2C, 0x02, 0x78, 0x20, 0xC0, 0x00},
    /* U+4F60 */ {0x34, 0x02, 0xFF, 0x6D, 0x3E, 0x92, 0xA5, 0x42, 0x56, 0x2D, 0x22, 0xD2, 0x29, 0x32, 0x10, 0x23, 0x00, 0x00},
    /* U+4F63 */ {0x3F, 0xE2, 0x92, 0x69, 0x2E, 0xFE, 0xE9, 0x22, 0x92, 0x2F, 0xE2, 0x92, 0x29, 0x23, 0x92, 0x31, 0x60, 0x00},
    /* U+4F64 */ {0x3F, 0xE2, 0x40, 0x67, 0xCE, 0x44, 0xA6, 0x42, 0x54, 0x25, 0x42, 0x5C, 0x2C, 0x52, 0xF5, 0x2E, 0x70, 0x00},
    /* U+4F65 */ {0x06, 0x01, 0x98, 0x30, 0xC7, 0xFF, 0x00, 0x02, 0x44, 0x36, 0xC1, 0x28, 0x01, 0x87, 0xFE, 0x00, 0x00, 0x00},
    /* U+4F67 */ {0x33, 0x02, 0x3E, 0x63, 0x06, 0x30, 0xFF, 0xF2, 0x30, 0x23, 0x82, 0x3E, 0x23, 0x22, 0x30, 0x23, 0x00, 0x00},
    /* U+4F69 */ {0x2F, 0xE2, 0x86, 0x6F, 0xE6, 0x96, 0xEF, 0xE2, 0xDE, 0x3D, 0xE3, 0xDE, 0x35, 0xB3, 0x13, 0x31, 0x20, 0x00},
    /* U+4F6C */ {0x32, 0x22, 0xFE, 0x62, 0xCF, 0xFF, 0xE3, 0x02, 0x64, 0x2E, 0xC3, 0xF8, 0x26, 0x22, 0x62, 0x23, 0xE0, 0x00},
    /* U+4F6F */ {0x36, 0x42, 0xFF, 0x61, 0x06, 0x10, 0xEF, 0xE2, 0x10, 0x21, 0x03, 0xFF, 0x21, 0x02, 0x10, 0x21, 0x00, 0x00},
    /* U+4F70 */ {0x3F, 0xE3, 0x10, 0x23, 0x06, 0xFE, 0xEC, 0x62, 0xC6, 0x2F, 0xE2, 0xC6, 0x2C, 0x62, 0xFE, 0x2C, 0x60, 0x00},
    /* U+4F73 */ {0x31, 0x02, 0xFE, 0x61, 0x0E, 0xFE, 0x20, 0x02, 0x10, 0x2F, 0xE2, 0x10, 0x21, 0x02, 0x10, 0x3F, 0xF0, 0x00},
    /* U+4F74 */ {0x3F, 0xF2, 0x46, 0x67, 0xE6, 0x46, 0xE4, 0x62, 0x7E, 0x24, 0x62, 0x47, 0x2F, 0xE2, 0x06, 0x20, 0x60, 0x00},
    /* U+4F76 */ {0x31, 0x03, 0xFF, 0x61, 0x06, 0x10, 0xEF, 0xE2, 0x00, 0x2F, 0xE2, 0x86, 0x28, 0x62, 0xFE, 0x28, 0x60, 0x00},
    /* U+4F7B */ {0x32, 0x82, 0xAA, 0x6E, 0xE6, 0xEC, 0xE2, 0x82, 0x6C, 0x3E, 0xE2, 0x68, 0x24, 0x82, 0xCB, 0x38, 0xE0, 0x00},
    /* U+4F7C */ {0x31, 0x03, 0xFF, 0x64, 0x46, 0x46, 0xEC, 0x72, 0x6C, 0x22, 0x82, 0x38, 0x23, 0x82, 0xEE, 0x3C, 0x70, 0x00},
    /* U+4F7E */ {0x36, 0xC2, 0x44, 0x68, 0x67, 0xFF, 0xEC, 0x42, 0xFC, 0x2C, 0x42, 0xFC, 0x2C, 0x42, 0xC4, 0x2D, 0xC0, 0x00},
    /* U+4F7F */ {0x3F, 0xF2, 0x10, 0x61, 0x06, 0xFE, 0xE9, 0x22, 0xFE, 0x29, 0x02, 0x70, 0x27, 0x02, 0xFC, 0x3C, 0xF0, 0x00},
    /* U+4F83 */ {0x3F, 0xE2, 0x86, 0x68, 0x66, 0x86, 0xEF, 0xE2, 0x54, 0x2D, 0x42, 0xD4, 0x2D, 0x52, 0x95, 0x39, 0x70, 0x00},
    /* U+4F84 */ {0x3F, 0xE2, 0x24, 0x64, 0x46, 0xFE, 0xE9, 0x22, 0x10, 0x2F, 0xE2, 0x10, 0x21, 0x02, 0x10, 0x3F, 0xF0, 0x00},
    /* U+4F88 */ {0x37, 0xE2, 0xC4, 0x6B, 0x86, 0x30, 0xEF, 0x82, 0x3E, 0x2E, 0x62, 0xB4, 0x21, 0x82, 0x70, 0x3C, 0x00, 0x00},
    /* U+4F89 */ {0x32, 0x03, 0xFE, 0x64, 0xCF, 0xFF, 0xE0, 0x02, 0xFE, 0x24, 0x02, 0x7C, 0x20, 0x42, 0x04, 0x23, 0xC0, 0x00},
    /* U+4F8B */ {0x3F, 0x22, 0xCA, 0x6C, 0xA6, 0xFA, 0xEA, 0xA7, 0xAA, 0x7E, 0xA6, 0x6A, 0x64, 0x26, 0xC2, 0x78, 0xE0, 0x00},
    /* U+4F8D */ {0x31, 0x02, 0xFE, 0x61, 0x0F, 0xFF, 0xE0, 0x42, 0x04, 0x2F, 0xF2, 0x44, 0x26, 0x42, 0x24, 0x21, 0xC0, 0x00},
    /* U+4F8F */ {0x35, 0x02, 0xFE, 0x69, 0x0E, 0x90, 0xFF, 0xF2, 0x38, 0x27, 0xC2, 0x54, 0x2D, 0x63, 0x93, 0x21, 0x00, 0x00},
    /* U+4F91 */ {0x32, 0x03, 0xFF, 0x66, 0x06, 0x7E, 0xEC, 0x63, 0xFE, 0x24, 0x62, 0x7E, 0x24, 0x62, 0x46, 0x24, 0xE0, 0x00},
    /* U+4F94 */ {0x32, 0xC2, 0x44, 0x2F, 0xE6, 0x50, 0xED, 0x02, 0xFE, 0x29, 0x03, 0xFF, 0x21, 0x02, 0x10, 0x21, 0x00, 0x00},
    /* U+4F97 */ {0x3F, 0xE2, 0x82, 0x6F, 0xE6, 0x82, 0xEB, 0xA2, 0xAA, 0x2A, 0xA2, 0xBA, 0x2A, 0x22, 0x82, 0x28, 0xE0, 0x00},
    /* U+4F9B */ {0x36, 0x42, 0x64, 0x6F, 0xF6, 0x64, 0xE6, 0x42, 0x64, 0x3F, 0xF2, 0x00, 0x26, 0x42, 0xC6, 0x28, 0x20, 0x00},
    /* U+4F9D */ {0x31, 0x03, 0xFF, 0x63, 0x0E, 0x72, 0xED, 0xE3, 0xDC, 0x34, 0x82, 0x4C, 0x24, 0x62, 0x73, 0x2C, 0x00, 0x00},
    /* U+4FA0 */ {0x31, 0x02, 0xFE, 0x69, 0x66, 0xD4, 0xE5, 0x43, 0xFF, 0x23, 0x82, 0x38, 0x26, 0xC2, 0xC6, 0x38, 0x30, 0x00},
    /* U+4FA3 */ {0x2C, 0x62, 0xC6, 0x6C, 0x66, 0xFE, 0xE0, 0x02, 0xFE, 0x28, 0x22, 0x82, 0x28, 0x22, 0xFE, 0x28, 0x20, 0x00},
    /* U+4FA5 */ {0x3F, 0xE3, 0xF4, 0x63, 0xCE, 0xFA, 0xAC, 0xE2, 0x00, 0x3F, 0xE2, 0x68, 0x24, 0x82, 0xCB, 0x38, 0xE0, 0x00},
    /* U+4FA6 */ {0x33, 0xE2, 0x30, 0x63, 0x06, 0xFE, 0xE9, 0x62, 0x96, 0x29, 0x62, 0x96, 0x23, 0x82, 0x6E, 0x2C, 0x20, 0x00},
    /* U+4FA7 */ {0x3F, 0xA7, 0x5E, 0x75, 0xE7, 0x5E, 0xF5, 0xE7, 0x5E, 0x75, 0xE7, 0x5E, 0x6E, 0x26, 0xA2, 0x79, 0x60, 0x00},
    /* U+4FA8 */ {0x3F, 0x82, 0x30, 0x7F, 0xEE, 0x6C, 0xAC, 0x63, 0xCF, 0x24, 0xC2, 0x4C, 0x24, 0xC2, 0xCC, 0x28, 0xC0, 0x00},
    /* U+4FA9 */ {0x33, 0x82, 0x6C, 0x6C, 0x6F, 0xFF, 0xE0, 0x02, 0x00, 0x2F, 0xE2, 0x60, 0x24, 0xC2, 0xFE, 0x2E, 0x20, 0x00},
    /* U+4FAA */ {0x3F, 0xF6, 0x6C, 0x62, 0x8E, 0x38, 0xFF, 0xE3, 0xC6, 0x24, 0x42, 0x44, 0x24, 0x42, 0xC4, 0x38, 0x40, 0x00},
    /* U+4FAC */ {0x31, 0x02, 0xFE, 0x6B, 0x26, 0x38, 0xE7, 0xA2, 0xCE, 0x3C, 0xC2, 0x4C, 0x24, 0x62, 0x73, 0x24, 0x00, 0x00},
    /* U+4FAE */ {0x27, 0xE2, 0x80, 0x68, 0x07, 0xFE, 0xED, 0x23, 0xFF, 0x2F, 0x62, 0x96, 0x2F, 0xE2, 0x04, 0x21, 0xC0, 0x00},
    /* U+4FAF */ {0x3F, 0xC2, 0x0C, 0x7F, 0xF6, 0x40, 0xEF, 0xE2, 0x90, 0x21, 0x03, 0xFE, 0x23, 0x82, 0x6C, 0x38, 0x70, 0x00},
    /* U+4FB5 */ {0x30, 0x62, 0x7E, 0x60, 0x66, 0xFE, 0xEF, 0xF3, 0x83, 0x2F, 0xC2, 0x6C, 0x23, 0x82, 0x7C, 0x2C, 0x60, 0x00},
    /* U+4FBF */ {0x3F, 0xF2, 0x10, 0x6F, 0xE6, 0x92, 0xEF, 0xE2, 0x92, 0x2F, 0xE2, 0x90, 0x27, 0x02, 0x7C, 0x3C, 0xF0, 0x00},
    /* U+4FC3 */ {0x3F, 0xE2, 0xC2, 0x6C, 0x26, 0xFE, 0xE1, 0x02, 0x50, 0x2D, 0xE2, 0xD0, 0x2D, 0x02, 0xB0, 0x31, 0xF0, 0x00},
    /* U+4FC4 */ {0x3E, 0xE2, 0x4A, 0x64, 0x8F, 0xFE, 0xE4, 0xA2, 0x7E, 0x3F, 0xC3, 0xCC, 0x24, 0xD2, 0x7F, 0x2C, 0x60, 0x00},
    /* U+4FC5 */ {0x31, 0x62, 0xFF, 0x61, 0x0E, 0xD6, 0xE5, 0xC2, 0x1C, 0x23, 0xC2, 0x74, 0x39, 0x62, 0x10, 0x27, 0x00, 0x00},
    /* U+4FCA */ {0x36, 0xC2, 0xFE, 0x6F, 0xE6, 0x6C, 0xEC, 0x62, 0xA2, 0x27, 0xC2, 0xEC, 0x23, 0x82, 0x7C, 0x3C, 0x60, 0x00},
    /* U+4FCE */ {0x33, 0xE3, 0x22, 0x3A, 0x24, 0xFE, 0x52, 0x23, 0x22, 0x33, 0xE3, 0x22, 0x6A, 0x2C, 0xA2, 0x0F, 0xF0, 0x00},
    /* U+4FCF */ {0x3D, 0x22, 0x56, 0x65, 0x46, 0xFE, 0xEC, 0x22, 0xFE, 0x2C, 0x22, 0xFE, 0x2C, 0x22, 0xC2, 0x2C, 0xE0, 0x00},
    /* U+4FD0 */ {0x3E, 0xA2, 0x4A, 0x64, 0xA7, 0xFA, 0xE6, 0xA2, 0xEA, 0x2F, 0xA3, 0xCA, 0x34, 0x22, 0x42, 0x24, 0xE0, 0x00},
    /* U+4FD1 */ {0x30, 0xC2, 0x78, 0x61, 0x86, 0xFE, 0xE9, 0x22, 0xFE, 0x29, 0x22, 0xFE, 0x29, 0x22, 0x92, 0x29, 0x60, 0x00},
    /* U+4FD7 */ {0x34, 0xC2, 0xD6, 0x6B, 0x26, 0x38, 0xEE, 0xC3, 0xC6, 0x3F, 0xE2, 0xC4, 0x2C, 0x42, 0xC4, 0x2F, 0xC0, 0x00},
    /* U+4FD8 */ {0x3F, 0xC2, 0xD6, 0x65, 0x4E, 0xFC, 0xE0, 0xC2, 0x18, 0x21, 0x03, 0xFE, 0x21, 0x02, 0x10, 0x23, 0x00, 0x00},
    /* U+4FDA */ {0x3F, 0xE2, 0x92, 0x6F, 0xE6, 0x92, 0xE9, 0x22, 0xFE, 0x21, 0x02, 0xFE, 0x21, 0x02, 0x10, 0x3F, 0xF0, 0x00},
    /* U+4FDC */ {0x3F, 0xE2, 0x92, 0x6F, 0xE6, 0x92, 0xEF, 0xE3, 0xFF, 0x24, 0x02, 0x7E, 0x20, 0x62, 0x06, 0x21, 0xC0, 0x00},
    /* U+4FDD */ {0x3F, 0xE3, 0xC2, 0x6C, 0x26, 0xFE, 0xA1, 0x03, 0xFF, 0x23, 0x82, 0x7C, 0x2D, 0x63, 0x93, 0x21, 0x00, 0x00},
    /* U+4FDE */ {0x0F, 0x03, 0x9C, 0xFF, 0xF0, 0x00, 0x3D, 0x42, 0x54, 0x3D, 0x42, 0x54, 0x3D, 0x42, 0x44, 0x2C, 0xC0, 0x00},
    /* U+4FDF */ {0x36, 0xC2, 0xFE, 0x6F, 0xE6, 0x40, 0xEF, 0xE2, 0x90, 0x29, 0x03, 0xFF, 0x23, 0x82, 0x6C, 0x3C, 0x70, 0x00},
    /* U+4FE1 */ {0x31, 0x03, 0xFF, 0x60, 0x06, 0xFE, 0xE0, 0x02, 0xFE, 0x20, 0x02, 0xFE, 0x28, 0x62, 0x86, 0x2F, 0xE0, 0x00},
    /* U+4FE3 */ {0x3F, 0xE2, 0xC6, 0x6F, 0xE6, 0x00, 0xEF, 0xE2, 0x10, 0x21, 0x03, 0xFF, 0x23, 0x82, 0x6C, 0x3C, 0x70, 0x00},
    /* U+4FE6 */ {0x3F, 0xE2, 0x30, 0x6F, 0xE6, 0x20, 0xFF, 0xF2, 0x64, 0x27, 0xF2, 0xE4, 0x2B, 0x43, 0x94, 0x20, 0xC0, 0x00},
    /* U+4FE8 */ {0x3F, 0xE2, 0xAA, 0x6E, 0xE6, 0x6C, 0xEF, 0xF2, 0x80, 0x28, 0x02, 0x80, 0x28, 0x03, 0x80, 0x30, 0x00, 0x00},
    /* U+4FE9 */ {0x3F, 0xF2, 0x28, 0x62, 0x86, 0xFE, 0xEA, 0xA2, 0xEA, 0x2F, 0xE2, 0xD6, 0x2D, 0x22, 0x82, 0x28, 0x60, 0x00},
    /* U+4FEA */ {0x3F, 0xF2, 0x00, 0x6E, 0xE6, 0xBA, 0xEB, 0xA6, 0xFE, 0x2F, 0xE2, 0xBE, 0x2B, 0xA2, 0xBA, 0x2E, 0xE0, 0x00},
    /* U+4FED */ {0x33, 0x02, 0x68, 0x6C, 0x67, 0xFF, 0xE0, 0x02, 0x96, 0x2D, 0x42, 0x54, 0x20, 0x83, 0xFE, 0x20, 0x00, 0x00},
    /* U+4FEE */ {0x23, 0xE2, 0x66, 0x6D, 0xCF, 0x9C, 0xFF, 0x73, 0x98, 0x3F, 0x43, 0x9A, 0x3A, 0x62, 0x3C, 0x27, 0x00, 0x00},
    /* U+4FEF */ {0x3F, 0xF3, 0xA0, 0x7A, 0x6F, 0xFF, 0xFE, 0x63, 0xF6, 0x3E, 0xE3, 0xAE, 0x3A, 0x63, 0x26, 0x32, 0xC0, 0x00},
    /* U+4FF1 */ {0x3C, 0x62, 0xFE, 0x6C, 0x6E, 0xFE, 0xEC, 0x62, 0xFE, 0x2C, 0x63, 0xFF, 0x26, 0xC2, 0xC6, 0x38, 0x20, 0x00},
    /* U+4FF3 */ {0x32, 0x83, 0xEE, 0x62, 0x86, 0x28, 0xEE, 0xE2, 0x28, 0x22, 0x83, 0xEF, 0x22, 0x82, 0x28, 0x22, 0x80, 0x00},
    /* U+4FF8 */ {0x3F, 0xE2, 0x30, 0x6F, 0xE6, 0x20, 0xFF, 0xF2, 0xD6, 0x3F, 0xF2, 0x10, 0x2F, 0xE2, 0x10, 0x21, 0x00, 0x00},
    /* U+4FFA */ {0x32, 0x03, 0xFF, 0x64, 0xC6, 0xD6, 0xFF, 0xF3, 0x96, 0x2F, 0xE2, 0x96, 0x2F, 0xE2, 0x13, 0x21, 0xE0, 0x00},
    /* U+4FFE */ {0x3F, 0xE2, 0x92, 0x6F, 0xEE, 0x92, 0xE9, 0x22, 0xFE, 0x26, 0x83, 0xFF, 0x20, 0x82, 0x08, 0x20, 0x80, 0x00},
    /* U+500C */ {0x3F, 0xE2, 0x83, 0x68, 0x36, 0x44, 0xE4, 0x42, 0x7C, 0x24, 0x02, 0x7E, 0x24, 0x62, 0x7E, 0x24, 0x20, 0x00},
    /* U+500D */ {0x3F, 0xE2, 0x44, 0x64, 0x46, 0x6C, 0xEF, 0xF2, 0x00, 0x27, 0xE2, 0xC6, 0x2C, 0x62, 0xFE, 0x24, 0x60, 0x00},
    /* U+500F */ {0x33, 0xE3, 0xE6, 0x7D, 0xCF, 0xBC, 0xFE, 0x73, 0x9E, 0x3F, 0xF3, 0x98, 0x2B, 0xC2, 0x66, 0x2C, 0x20, 0x00},
    /* U+5012 */ {0x3F, 0xE2, 0xEE, 0x6B, 0xE7, 0xFE, 0xE1, 0xE6, 0x4E, 0x7F, 0xE6, 0x4E, 0x67, 0x27, 0xE2, 0x60, 0xE0, 0x00},
    /* U+5014 */ {0x38, 0x22, 0x82, 0x6F, 0xE6, 0x88, 0xEA, 0xA2, 0xAA, 0x2B, 0xE2, 0x8A, 0x2E, 0xA3, 0xEA, 0x3F, 0xE0, 0x00},
    /* U+5018 */ {0x2D, 0x62, 0x54, 0x61, 0x06, 0xFE, 0xE8, 0x22, 0xBA, 0x2A, 0xA2, 0xAA, 0x2B, 0xA2, 0x82, 0x28, 0xE0, 0x00},
    /* U+5019 */ {0x27, 0xE2, 0x04, 0x7F, 0xF7, 0xA0, 0xFF, 0xE7, 0xD8, 0x7D, 0x87, 0xFF, 0x71, 0x86, 0x36, 0x66, 0x30, 0x00},
    /* U+501A */ {0x3F, 0xE2, 0x30, 0x67, 0xCE, 0xC6, 0xFF, 0xF2, 0x06, 0x2F, 0x62, 0x96, 0x2F, 0x62, 0x86, 0x20, 0xC0, 0x00},
    /* U+501C */ {0x3F, 0xE2, 0x92, 0x6B, 0xE6, 0x92, 0xEF, 0xE2, 0xBE, 0x2A, 0xE2, 0xAE, 0x3B, 0xE3, 0x82, 0x30, 0xE0, 0x00},
    /* U+501F */ {0x36, 0xC2, 0xFE, 0x66, 0xCF, 0xFF, 0xE0, 0x02, 0xFE, 0x2C, 0x62, 0xFE, 0x2C, 0x62, 0xC6, 0x2F, 0xE0, 0x00},
    /* U+5021 */ {0x3C, 0x62, 0xFE, 0x6C, 0x66, 0xFE, 0xE0, 0x02, 0xFE, 0x28, 0x22, 0xFE, 0x28, 0x22, 0x82, 0x2F, 0xE0, 0x00},
    /* U+5025 */ {0x31, 0x03, 0xFF, 0x6A, 0xB6, 0x66, 0xAC, 0x22, 0x7E, 0x21, 0x02, 0x10, 0x21, 0x02, 0x10, 0x2F, 0xF0, 0x00},
    /* U+5026 */ {0x35, 0x42, 0x7C, 0x6F, 0xE6, 0x20, 0xFF, 0xF2, 0xC4, 0x3F, 0xE3, 0x4C, 0x25, 0xC2, 0x46, 0x27, 0xC0, 0x00},
    /* U+5028 */ {0x3F, 0xE2, 0xC2, 0x6F, 0xE6, 0xC8, 0xEF, 0xF2, 0x88, 0x28, 0x82, 0xFE, 0x2E, 0x23, 0xE2, 0x37, 0xE0, 0x00},
    /* U+5029 */ {0x3F, 0xE2, 0xFE, 0x61, 0x07, 0xFF, 0xE0, 0x02, 0xFE, 0x2F, 0xE2, 0x86, 0x2F, 0xE2, 0x86, 0x28, 0xE0, 0x00},
    /* U+502A */ {0x3E, 0xE2, 0x82, 0x6E, 0x26, 0x8E, 0xE8, 0x22, 0xFE, 0x26, 0x82, 0x68, 0x24, 0x92, 0xCB, 0x38, 0xE0, 0x00},
    /* U+502C */ {0x31, 0xE2, 0x10, 0x6F, 0xEE, 0x82, 0xEF, 0xE2, 0x82, 0x2F, 0xE2, 0x10, 0x3F, 0xF2, 0x10, 0x21, 0x00, 0x00},
    /* U+502D */ {0x3F, 0x82, 0x10, 0x7F, 0xF6, 0x7C, 0xFD, 0x72, 0x20, 0x3F, 0xF2, 0x4C, 0x27, 0x82, 0x3C, 0x2E, 0x60, 0x00},
    /* U+502E */ {0x3D, 0x22, 0xD2, 0x6F, 0xE6, 0xD2, 0xEF, 0xE2, 0x10, 0x3F, 0xF2, 0x38, 0x25, 0x43, 0xD3, 0x21, 0x00, 0x00},
    /* U+503A */ {0x3F, 0xE2, 0x10, 0x6F, 0xE6, 0xFE, 0xE0, 0x02, 0xFE, 0x29, 0x62, 0x96, 0x2B, 0x22, 0x6E, 0x3C, 0x20, 0x00},
    /* U+503C */ {0x3F, 0xE2, 0x10, 0x6F, 0xE6, 0xC6, 0xEF, 0xE2, 0xC6, 0x2F, 0xE2, 0xC6, 0x2F, 0xE2, 0xC6, 0x3F, 0xF0, 0x00},
    /* U+503E */ {0x23, 0xF3, 0x88, 0x7B, 0xEF, 0xFA, 0xFB, 0xA3, 0xBA, 0x3B, 0xA3, 0xFA, 0x39, 0xC2, 0x16, 0x22, 0x30, 0x00},
    /* U+5043 */ {0x28, 0x02, 0xBE, 0x6B, 0xE6, 0xA6, 0xEB, 0xE2, 0xFE, 0x2A, 0x42, 0xBC, 0x2B, 0xC2, 0xE6, 0x2F, 0xF0, 0x00},
    /* U+5047 */ {0x3F, 0xE2, 0xA2, 0x6A, 0x26, 0xFE, 0xE8, 0x06, 0xFE, 0x69, 0xA6, 0xEE, 0x68, 0xC6, 0x9E, 0x6B, 0x30, 0x00},
    /* U+5048 */ {0x3C, 0x62, 0xFE, 0x6C, 0x66, 0xFE, 0xE4, 0x02, 0xFE, 0x39, 0x22, 0xFA, 0x2E, 0xA2, 0xFE, 0x20, 0xE0, 0x00},
    /* U+504C */ {0x3F, 0xF2, 0x64, 0x63, 0x06, 0x20, 0xFF, 0xF2, 0x60, 0x2F, 0xE2, 0xC2, 0x34, 0x22, 0x7E, 0x24, 0x20, 0x00},
    /* U+504E */ {0x3D, 0x22, 0xFE, 0x6D, 0x2E, 0xFE, 0xE0, 0x03, 0xFF, 0x25, 0x22, 0x5E, 0x24, 0xC2, 0x76, 0x2E, 0x30, 0x00},
    /* U+504F */ {0x3F, 0xE2, 0x82, 0x68, 0x26, 0xFE, 0xEF, 0xE2, 0xDE, 0x2D, 0xE2, 0xFE, 0x2D, 0xE3, 0xDE, 0x35, 0x60, 0x00},
    /* U+5055 */ {0x3C, 0xA2, 0xFC, 0x6C, 0x86, 0xFB, 0xEF, 0xE2, 0x10, 0x2F, 0xE2, 0xC2, 0x2F, 0xE2, 0xC2, 0x2F, 0xE0, 0x00},
    /* U+505A */ {0x24, 0x83, 0xFF, 0x65, 0xAE, 0x5A, 0xE5, 0xA3, 0xEE, 0x3A, 0xC3, 0xAC, 0x3A, 0xC3, 0xFE, 0x23, 0x30, 0x00},
    /* U+505C */ {0x3F, 0xF2, 0x00, 0x67, 0xE6, 0x7E, 0xE0, 0x03, 0xFF, 0x38, 0x32, 0x7C, 0x21, 0x02, 0x10, 0x27, 0x00, 0x00},
    /* U+5065 */ {0x3F, 0xE2, 0xCA, 0x6B, 0xF7, 0x8A, 0xFF, 0xE6, 0x7E, 0x7C, 0x87, 0xFE, 0x68, 0x87, 0xE0, 0x73, 0xF0, 0x00},
    /* U+506C */ {0x2F, 0xE2, 0xAA, 0x76, 0xAE, 0x7A, 0xED, 0xA2, 0xAE, 0x27, 0x03, 0xD6, 0x35, 0x23, 0x46, 0x27, 0xC0, 0x00},
    /* U+5076 */ {0x3F, 0xE2, 0xD2, 0x6F, 0xEE, 0xD2, 0xEF, 0xE2, 0xFE, 0x29, 0x22, 0x9E, 0x2F, 0xE2, 0x82, 0x28, 0x60, 0x00},
    /* U+5077 */ {0x23, 0x82, 0xCE, 0x7F, 0xE6, 0x00, 0xEE, 0xA2, 0xAA, 0x2E, 0xA2, 0xEA, 0x2A, 0xA2, 0xA2, 0x2E, 0x60, 0x00},
    /* U+507B */ {0x35, 0x42, 0x54, 0x6F, 0xF6, 0x7C, 0xED, 0x62, 0x20, 0x2F, 0xF2, 0x4C, 0x2F, 0x82, 0x3C, 0x2E, 0x60, 0x00},
    /* U+507E */ {0x2F, 0xE2, 0x54, 0x7F, 0xF6, 0x44, 0xEF, 0xE2, 0x86, 0x29, 0x62, 0x96, 0x2B, 0xE2, 0x6E, 0x3C, 0x30, 0x00},
    /* U+507F */ {0x25, 0x42, 0xFE, 0x68, 0x26, 0x82, 0xE7, 0xC2, 0x00, 0x3F, 0xF2, 0x64, 0x24, 0x42, 0xFE, 0x2E, 0x20, 0x00},
    /* U+5080 */ {0x3F, 0xE2, 0x92, 0x6F, 0xE6, 0x92, 0xE9, 0x22, 0xFE, 0x23, 0x42, 0x36, 0x27, 0xE2, 0xD3, 0x39, 0xE0, 0x00},
    /* U+5085 */ {0x3F, 0xF2, 0x10, 0x6F, 0xEE, 0xFE, 0xE9, 0x22, 0xFE, 0x20, 0x63, 0xFF, 0x24, 0x42, 0x64, 0x21, 0xC0, 0x00},
    /* U+5088 */ {0x3F, 0xF2, 0x28, 0x6F, 0xE6, 0xAA, 0xEF, 0xE2, 0x10, 0x3F, 0xF2, 0x38, 0x27, 0x43, 0xD7, 0x21, 0x00, 0x00},
    /* U+508D */ {0x3F, 0xE2, 0x64, 0x66, 0xC6, 0xFF, 0xE9, 0x22, 0xFE, 0x22, 0x02, 0x7E, 0x26, 0x62, 0xC4, 0x39, 0xC0, 0x00},
    /* U+50A3 */ {0x3F, 0xE2, 0x30, 0x6F, 0xE6, 0x20, 0xFF, 0xF2, 0xD4, 0x39, 0x72, 0x5C, 0x27, 0xC3, 0xD6, 0x27, 0x00, 0x00},
    /* U+50A5 */ {0x2D, 0x62, 0x54, 0x7F, 0xF7, 0x83, 0xFF, 0xE2, 0xC4, 0x2F, 0xC2, 0x28, 0x26, 0x82, 0xCB, 0x38, 0xE0, 0x00},
    /* U+50A7 */ {0x3F, 0xE2, 0x82, 0x6B, 0xE6, 0x70, 0xE7, 0xE2, 0x48, 0x24, 0x83, 0xFF, 0x26, 0xC2, 0xC6, 0x28, 0x20, 0x00},
    /* U+50A8 */ {0x2B, 0xE6, 0x9E, 0x61, 0xCF, 0xFF, 0xE9, 0x86, 0xBE, 0x6F, 0x26, 0x9E, 0x6F, 0x26, 0xDE, 0x61, 0x20, 0x00},
    /* U+50A9 */ {0x21, 0x43, 0xD4, 0x67, 0xE7, 0x74, 0xFD, 0xE6, 0xD4, 0x6D, 0x46, 0xDE, 0x77, 0x47, 0x1F, 0x61, 0x00, 0x00},
    /* U+50AC */ {0x29, 0x22, 0x92, 0x6F, 0xE6, 0x58, 0xEF, 0xE3, 0x98, 0x3F, 0xE2, 0x98, 0x2F, 0xE2, 0xFF, 0x28, 0x00, 0x00},
    /* U+50B2 */ {0x3F, 0x82, 0x4F, 0x7F, 0xA6, 0x5A, 0xE5, 0xA3, 0xFE, 0x28, 0xE2, 0xF4, 0x2A, 0x43, 0xBE, 0x37, 0x30, 0x00},
    /* U+50BA */ {0x2F, 0xE3, 0xEA, 0x76, 0xC6, 0xC4, 0xEF, 0xE3, 0x00, 0x2F, 0xE2, 0x10, 0x2D, 0x62, 0x92, 0x23, 0x00, 0x00},
    /* U+50BB */ {0x3F, 0xE2, 0xEA, 0x6B, 0xA6, 0xEE, 0xEF, 0xE2, 0xEE, 0x27, 0xC2, 0xEC, 0x23, 0x82, 0x7C, 0x3C, 0x60, 0x00},
    /* U+50CF */ {0x37, 0x82, 0xD8, 0x7F, 0xE6, 0x92, 0xEF, 0xE2, 0xF2, 0x3B, 0xC2, 0xFC, 0x2B, 0xE2, 0xDB, 0x2B, 0x00, 0x00},
    /* U+50D6 */ {0x3F, 0xE2, 0xFE, 0x60, 0x06, 0xFE, 0xEC, 0x22, 0xFE, 0x3F, 0xF2, 0x00, 0x2F, 0xE2, 0xC2, 0x2F, 0xE0, 0x00},
    /* U+50DA */ {0x3F, 0xF2, 0xEA, 0x6C, 0xE6, 0xFE, 0xFC, 0x72, 0xFC, 0x2C, 0x42, 0xFC, 0x2D, 0x42, 0x92, 0x37, 0x20, 0x00},
    /* U+50E6 */ {0x24, 0xE3, 0xFC, 0x6F, 0xFF, 0xAC, 0xFA, 0xC7, 0xEC, 0x64, 0xC7, 0xEC, 0x77, 0xD7, 0x55, 0x6D, 0x60, 0x00},
    /* U+50E7 */ {0x36, 0xC2, 0xFE, 0x6D, 0xE6, 0xBA, 0xEF, 0xE2, 0x00, 0x2F, 0xC2, 0xC4, 0x2F, 0xC2, 0xFC, 0x2C, 0x40, 0x00},
    /* U+50EC */ {0x34, 0x82, 0xFE, 0x6D, 0x87, 0xFE, 0xED, 0x82, 0xFE, 0x2D, 0x82, 0xFF, 0x2A, 0xA2, 0xAA, 0x2A, 0xB0, 0x00},
    /* U+50ED */ {0x24, 0x43, 0xDC, 0x7F, 0xE6, 0xEC, 0xFF, 0xF3, 0x00, 0x2F, 0xE2, 0x82, 0x2F, 0xE2, 0x82, 0x2F, 0xE0, 0x00},
    /* U+50EE */ {0x2F, 0xE2, 0x6C, 0x7F, 0xF6, 0xFE, 0xE9, 0x62, 0xFE, 0x29, 0x62, 0xFE, 0x2F, 0xE2, 0x10, 0x3F, 0xF0, 0x00},
    /* U+50F3 */ {0x3F, 0xF2, 0xFE, 0x6A, 0xA6, 0xAA, 0xEF, 0xE2, 0x54, 0x25, 0x43, 0xFF, 0x27, 0xC2, 0xD6, 0x29, 0x20, 0x00},
    /* U+50F5 */ {0x20, 0x02, 0xFE, 0x6F, 0xE6, 0xFE, 0xEF, 0xE2, 0xFE, 0x2F, 0xE2, 0xFE, 0x2F, 0xE2, 0x00, 0x3F, 0xF0, 0x00},
    /* U+50FB */ {0x3E, 0x43, 0xBF, 0x7A, 0xA7, 0xEE, 0xF9, 0xF7, 0xE4, 0x3A, 0x43, 0xBF, 0x3A, 0x43, 0xE4, 0x28, 0x40, 0x00},
    /* U+5106 */ {0x3F, 0x86, 0xAF, 0x68, 0xA7, 0xFA, 0xF3, 0xA7, 0xEE, 0x76, 0xC7, 0xE4, 0x72, 0xC6, 0x2A, 0x67, 0xB0, 0x00},
    /* U+5107 */ {0x2A, 0xA2, 0xFE, 0x60, 0x07, 0xFF, 0xEF, 0xE2, 0x82, 0x2F, 0xE2, 0x7A, 0x3C, 0xC2, 0x76, 0x27, 0x30, 0x00},
    /* U+510B */ {0x37, 0x82, 0xFF, 0x7B, 0x46, 0xEA, 0xEF, 0xE2, 0x80, 0x2B, 0xC2, 0xBE, 0x2B, 0xE3, 0xE2, 0x37, 0xE0, 0x00},
    /* U+5112 */ {0x31, 0x03, 0xFE, 0x7F, 0xE6, 0x10, 0xEF, 0xE3, 0xFF, 0x23, 0x02, 0xFE, 0x2A, 0xA2, 0xAA, 0x2A, 0xE0, 0x00},
    /* U+5121 */ {0x3F, 0xE2, 0xFE, 0x69, 0x6E, 0xFE, 0xE0, 0x03, 0xFE, 0x37, 0x73, 0xFF, 0x37, 0x73, 0xFF, 0x33, 0x00, 0x00},
    /* U+513F */ {0x11, 0x81, 0x18, 0x11, 0x81, 0x18, 0x11, 0x81, 0x18, 0x11, 0x83, 0x18, 0x21, 0xB6, 0x1B, 0xC0, 0xE0, 0x00},
    /* U+5140 */ {0x7F, 0xE1, 0x90, 0x19, 0x01, 0x90, 0x19, 0x01, 0x10, 0x11, 0x03, 0x10, 0x31, 0x36, 0x13, 0xC1, 0xE0, 0x00},
    /* U+5141 */ {0x0C, 0x01, 0x98, 0x10, 0x83, 0xFC, 0x7F, 0xE0, 0x90, 0x09, 0x01, 0x90, 0x11, 0x33, 0x13, 0xE1, 0xE0, 0x00},
    /* U+5143 */ {0x3F, 0xC0, 0x00, 0x00, 0x00, 0x00, 0xFF, 0xF1, 0x90, 0x19, 0x01, 0x10, 0x11, 0x32, 0x13, 0x41, 0xE0, 0x00},
    /* U+5144 */ {0x3F, 0xC2, 0x04, 0x20, 0x42, 0x04, 0x3F, 0xC1, 0x90, 0x19, 0x01, 0x90, 0x11, 0x37, 0x13, 0xC1, 0xE0, 0x00},
    /* U+5145 */ {0x06, 0x07, 0xFE, 0x08, 0x01, 0x98, 0x30, 0xC7, 0xFE, 0x09, 0x20, 0x90, 0x19, 0x33, 0x13, 0x61, 0xE0, 0x00},
    /* U+5146 */ {0x49, 0x26, 0x96, 0x29, 0xC3, 0x98, 0x09, 0x03, 0x9C, 0x79, 0x65, 0x92, 0x11, 0x03, 0x13, 0x61, 0xE0, 0x00},
    /* U+5148 */ {0x36, 0x03, 0xFE, 0x26, 0x06, 0x60, 0x06, 0x0F, 0xFE, 0x09, 0x01, 0x90, 0x11, 0x23, 0x13, 0x61, 0xE0, 0x00},
    /* U+5149 */ {0x26, 0x43, 0x6C, 0x16, 0x80, 0x60, 0xFF, 0xF0, 0x90, 0x19, 0x01, 0x90, 0x31, 0x36, 0x13, 0xC1, 0xE0, 0x00},
    /* U+514B */ {0x7F, 0xE0, 0x60, 0x06, 0x03, 0xFC, 0x20, 0x42, 0x04, 0x3F, 0xC0, 0x90, 0x19, 0x23, 0x13, 0x61, 0xE0, 0x00},
    /* U+514D */ {0x1F, 0x03, 0x30, 0x7F, 0xE6, 0x66, 0x26, 0x63, 0xFE, 0x07, 0x00, 0xF0, 0x1B, 0x33, 0x33, 0x61, 0xE0, 0x00},
    /* U+5151 */ {0x19, 0x80, 0x90, 0x3F, 0xC2, 0x04, 0x20, 0x43, 0xFC, 0x09, 0x00, 0x90, 0x19, 0x03, 0x13, 0x61, 0xE0, 0x00},
    /* U+5154 */ {0x1F, 0x03, 0x30, 0x7F, 0xEE, 0x66, 0x26, 0x62, 0x66, 0x3F, 0xE0, 0xE8, 0x0A, 0x43, 0x23, 0x63, 0xE0, 0x00},
    /* U+5155 */ {0x69, 0x66, 0x96, 0x6F, 0x66, 0x06, 0x60, 0x67, 0xFC, 0x0B, 0x01, 0xB0, 0x1B, 0x33, 0x33, 0x61, 0xE0, 0x00},
    /* U+5156 */ {0x7F, 0xE1, 0x98, 0x30, 0xC6, 0xC6, 0x09, 0x83, 0x0C, 0x3F, 0xC0, 0x90, 0x19, 0x03, 0x13, 0x61, 0xE0, 0x00},
    /* U+515A */ {0x36, 0xC7, 0xFE, 0x40, 0x25, 0xFA, 0x30, 0x83, 0x08, 0x3F, 0x80, 0xB0, 0x1B, 0x03, 0x33, 0x61, 0xE0, 0x00},
    /* U+515C */ {0x7F, 0xE4, 0x92, 0x49, 0x24, 0xF2, 0x79, 0x27, 0xFE, 0x49, 0x00, 0x90, 0x19, 0x33, 0x13, 0x61, 0xE0, 0x00},
    /* U+5162 */ {0xFF, 0xE3, 0x08, 0x30, 0x87, 0xFE, 0x4E, 0x27, 0xFE, 0x39, 0x47, 0x94, 0x7D, 0x55, 0xB5, 0xC6, 0x70, 0x00},
    /* U+5165 */ {0x08, 0x00, 0xC0, 0x06, 0x00, 0x60, 0x07, 0x00, 0xD0, 0x09, 0x81, 0x8C, 0x30, 0xC6, 0x07, 0x40, 0x00, 0x00},
    /* U+5168 */ {0x0F, 0x00, 0x98, 0x30, 0xC6, 0x06, 0xFF, 0xF0, 0x60, 0x06, 0x03, 0xFC, 0x06, 0x00, 0x60, 0x7F, 0xE0, 0x00},
    /* U+516B */ {0x19, 0x01, 0x90, 0x19, 0x01, 0x18, 0x11, 0x81, 0x08, 0x30, 0xC2, 0x04, 0x60, 0x6C, 0x03, 0x00, 0x00, 0x00},
    /* U+516C */ {0x19, 0x81, 0x08, 0x30, 0xC6, 0x46, 0x44, 0x30, 0xC0, 0x09, 0x81, 0x08, 0x37, 0xC7, 0xFE, 0x00, 0x20, 0x00},
    /* U+516D */ {0x06, 0x00, 0x20, 0xFF, 0xF0, 0x00, 0x00, 0x01, 0x98, 0x10, 0xC3, 0x0C, 0x60, 0x66, 0x02, 0x40, 0x20, 0x00},
    /* U+516E */ {0x11, 0x83, 0x0C, 0x20, 0x47, 0xFF, 0x48, 0x01, 0x80, 0x1F, 0xC0, 0x0C, 0x00, 0x80, 0x08, 0x07, 0x80, 0x00},
    /* U+5170 */ {0x18, 0x80, 0x90, 0x7F, 0xE0, 0x00, 0x00, 0x00, 0x00, 0x3F, 0xC0, 0x00, 0x00, 0x0F, 0xFE, 0x00, 0x00, 0x00},
    /* U+5171 */ {0x19, 0x81, 0x98, 0x7F, 0xE1, 0x98, 0x19, 0x81, 0x98, 0xFF, 0xF0, 0x00, 0x19, 0x83, 0x0C, 0x40, 0x20, 0x00},
    /* U+5173 */ {0x10, 0x81, 0x98, 0x7F, 0xE0, 0x60, 0x06, 0x07, 0xFE, 0x06, 0x00, 0xF0, 0x19, 0x87, 0x0E, 0x60, 0x60, 0x00},
    /* U+5174 */ {0x4C, 0x66, 0x46, 0x26, 0x42, 0x0C, 0x00, 0x8F, 0xFF, 0x00, 0x01, 0x98, 0x30, 0xC6, 0x06, 0x40, 0x20, 0x00},
    /* U+5175 */ {0x3F, 0x83, 0x00, 0x3F, 0xE3, 0x18, 0x31, 0x83, 0x18, 0xFF, 0xF0, 0x90, 0x19, 0xC7, 0x06, 0x40, 0x20, 0x00},
    /* U+5176 */ {0x7F, 0xE1, 0x08, 0x10, 0x81, 0xF8, 0x10, 0x81, 0xF8, 0x10, 0x8F, 0xFF, 0x19, 0x07, 0x9C, 0x60, 0x60, 0x00},
    /* U+5177 */ {0x3F, 0xC3, 0xFC, 0x30, 0xC3, 0xFC, 0x30, 0xC3, 0xFC, 0x30, 0xCF, 0xFF, 0x19, 0x87, 0x0E, 0x60, 0x20, 0x00},
    /* U+5178 */ {0x09, 0x07, 0xFE, 0x69, 0x66, 0x96, 0x7F, 0xE6, 0x96, 0x69, 0x6F, 0xFF, 0x19, 0x83, 0x0E, 0x60, 0x20, 0x00},
    /* U+5179 */ {0x11, 0x87, 0xFF, 0x10, 0x82, 0x10, 0x6F, 0x67, 0xBC, 0x73, 0x83, 0x9C, 0x6B, 0x67, 0xFE, 0x46, 0x20, 0x00},
    /* U+517B */ {0x7F, 0xE0, 0x60, 0x3F, 0xC0, 0xC0, 0x7F, 0xE1, 0x98, 0x79, 0xE5, 0x9A, 0x19, 0x83, 0x18, 0x61, 0x80, 0x00},
    /* U+517C */ {0x19, 0x87, 0xFE, 0x09, 0x03, 0xFC, 0x09, 0x4F, 0xFF, 0x09, 0x47, 0xFC, 0x19, 0x86, 0x96, 0x49, 0x20, 0x00},
    /* U+517D */ {0x19, 0x87, 0xFE, 0x7F, 0xE6, 0x66, 0x7F, 0xE0, 0x00, 0xFF, 0xF3, 0xFC, 0x20, 0x43, 0xFC, 0x20, 0x40, 0x00},
    /* U+5180 */ {0x7B, 0x87, 0x9E, 0x3F, 0xC3, 0xFC, 0x3F, 0xC3, 0xFC, 0x11, 0x87, 0xFE, 0xFF, 0xF1, 0x9C, 0x60, 0x60, 0x00},
    /* U+5181 */ {0x16, 0x27, 0xE2, 0x6F, 0xE7, 0xFE, 0x6F, 0xE7, 0xFE, 0x27, 0xF3, 0x76, 0xFD, 0x63, 0x5E, 0x3B, 0xB0, 0x00},
    /* U+5182 */ {0x7F, 0xE4, 0x02, 0x40, 0x24, 0x02, 0x40, 0x24, 0x02, 0x40, 0x24, 0x02, 0x40, 0x24, 0x02, 0x40, 0xE0, 0x00},
    /* U+5185 */ {0x06, 0x07, 0xFE, 0x46, 0x24, 0x62, 0x46, 0x24, 0xF2, 0x59, 0xA7, 0x0E, 0x40, 0x24, 0x02, 0x40, 0xE0, 0x00},
    /* U+5188 */ {0x7F, 0xE4, 0x02, 0x51, 0xA5, 0x92, 0x4F, 0x24, 0x62, 0x47, 0x24, 0xDA, 0x58, 0xA4, 0x02, 0x40, 0xE0, 0x00},
    /* U+5189 */ {0x06, 0x03, 0xFC, 0x26, 0x43, 0xFC, 0x26, 0x42, 0x64, 0xFF, 0xF2, 0x04, 0x20, 0x42, 0x04, 0x21, 0xC0, 0x00},
    /* U+518C */ {0x3F, 0xC2, 0xF4, 0x2F, 0x42, 0xF4, 0xFF, 0xF2, 0xF4, 0x6E, 0x46, 0xE4, 0x4E, 0x44, 0xE4, 0xDC, 0xC0, 0x00},
    /* U+518D */ {0x7F, 0xE0, 0x60, 0x3F, 0xC2, 0x64, 0x3F, 0xC2, 0x64, 0x26, 0x4F, 0xFF, 0x20, 0x42, 0x04, 0x21, 0xC0, 0x00},
    /* U+5192 */ {0x7F, 0xE7, 0xFE, 0x60, 0x67, 0xFE, 0x3F, 0xC2, 0x04, 0x3F, 0xC2, 0x04, 0x3F, 0xC2, 0x04, 0x3F, 0xC0, 0x00},
    /* U+5195 */ {0x60, 0x67, 0xFE, 0x7F, 0xE1, 0xF0, 0x31, 0x07, 0xFC, 0x66, 0x43, 0xFC, 0x0F, 0x01, 0xB3, 0x71, 0xE0, 0x00},
    /* U+5196 */ {0x00, 0x00, 0x00, 0x00, 0x07, 0xFE, 0x40, 0x24, 0x02, 0x40, 0x00, 0x00, 0x00, 0x00, 0x00, 0x00, 0x00, 0x00},
    /* U+5197 */ {0x7F, 0xE4, 0x02, 0x40, 0x21, 0xF8, 0x19, 0x81, 0x98, 0x19, 0x81, 0x18, 0x31, 0xB6, 0x1B, 0xC0, 0xE0, 0x00},
    /* U+5199 */ {0x7F, 0xE5, 0x82, 0x1F, 0xC1, 0x00, 0x10, 0x03, 0xFC, 0x00, 0x47, 0xFC, 0x00, 0xC0, 0x0C, 0x03, 0x80, 0x00},
    /* U+519B */ {0x48, 0x24, 0x82, 0x3F, 0xC1, 0x80, 0x12, 0x03, 0xFC, 0x02, 0x00, 0x20, 0x7F, 0xE0, 0x20, 0x02, 0x00, 0x00},
    /* U+519C */ {0x06, 0x07, 0xFE, 0x46, 0x24, 0xE2, 0x1A, 0x43, 0x3C, 0xF1, 0x81, 0x18, 0x10, 0xC1, 0xE6, 0x38, 0x20, 0x00},
    /* U+51A0 */ {0x7F, 0xE0, 0x06, 0x7C, 0x40, 0x3F, 0x00, 0x4F, 0xF4, 0x29, 0x42, 0x84, 0x68, 0xF4, 0x83, 0xCF, 0xE0, 0x00},
    /* U+51A2 */ {0x40, 0x27, 0xFE, 0x0C, 0x03, 0xC4, 0x66, 0xC3, 0xF8, 0x77, 0x85, 0xEC, 0x1A, 0x46, 0x26, 0x0E, 0x00, 0x00},
    /* U+51A4 */ {0x7F, 0xE5, 0xF2, 0x13, 0x07, 0xFC, 0x66, 0x62, 0x66, 0x3F, 0xE0, 0xE8, 0x0A, 0xD3, 0xA3, 0x63, 0xE0, 0x00},
    /* U+51A5 */ {0x7F, 0xE7, 0xFE, 0x20, 0x43, 0xFC, 0x20, 0x43, 0xFC, 0x06, 0x07, 0xFE, 0x19, 0x83, 0x0C, 0x60, 0x60, 0x00},
    /* U+51AB */ {0x40, 0x06, 0x00, 0x30, 0x01, 0x00, 0x00, 0x01, 0x00, 0x10, 0x03, 0x00, 0x60, 0x04, 0x00, 0x00, 0x00, 0x00},
    /* U+51AC */ {0x1F, 0xC3, 0x88, 0x79, 0x04, 0x60, 0x1F, 0x87, 0x1E, 0x4E, 0x20, 0x38, 0x18, 0x01, 0xF0, 0x03, 0x80, 0x00},
    /* U+51AF */ {0x4F, 0xC6, 0x04, 0x2C, 0x40, 0xC4, 0x0C, 0xC0, 0xFE, 0x20, 0x27, 0xFE, 0x40, 0x6C, 0x06, 0x01, 0xC0, 0x00},
    /* U+51B0 */ {0xC1, 0x02, 0x12, 0x1F, 0x60, 0x7C, 0x05, 0x82, 0xDC, 0x6D, 0x44, 0x96, 0xD9, 0x30, 0x10, 0x07, 0x00, 0x00},
    /* U+51B1 */ {0x5F, 0xE6, 0x60, 0x24, 0x00, 0x7C, 0x04, 0x42, 0xC4, 0x2F, 0xC6, 0x0C, 0x40, 0xCC, 0x0C, 0x5F, 0xF0, 0x00},
    /* U+51B2 */ {0x41, 0x06, 0xFE, 0x29, 0x20, 0x92, 0x09, 0x22, 0x92, 0x2F, 0xE6, 0x92, 0x41, 0x04, 0x10, 0x01, 0x00, 0x00},
    /* U+51B3 */ {0x43, 0x06, 0xFE, 0x23, 0x60, 0x36, 0x03, 0x61, 0xFF, 0x23, 0x86, 0x28, 0x46, 0xCC, 0xC6, 0x18, 0x30, 0x00},
    /* U+51B5 */ {0x4F, 0xE6, 0x82, 0x28, 0x20, 0x82, 0x0F, 0xE3, 0x68, 0x26, 0x86, 0x68, 0xC4, 0x90, 0xCB, 0x18, 0xE0, 0x00},
    /* U+51B6 */ {0x42, 0x06, 0x6C, 0x24, 0x40, 0xFE, 0x0F, 0xE0, 0x00, 0x2F, 0xE6, 0xC6, 0x4C, 0x6C, 0xFE, 0x08, 0x60, 0x00},
    /* U+51B7 */ {0x43, 0x86, 0x68, 0x2C, 0xC1, 0xB6, 0x11, 0x02, 0xFC, 0x20, 0x46, 0x08, 0x47, 0x8C, 0x30, 0x00, 0x80, 0x00},
    /* U+51BB */ {0x42, 0x07, 0xFF, 0x24, 0x00, 0x50, 0x0D, 0x00, 0xFE, 0x21, 0x06, 0xD4, 0x49, 0x6D, 0x92, 0x07, 0x00, 0x00},
    /* U+51BC */ {0x6D, 0x02, 0xFE, 0x09, 0x01, 0x90, 0x01, 0x03, 0xFF, 0x26, 0x86, 0x68, 0x44, 0x94, 0xCB, 0x18, 0xE0, 0x00},
    /* U+51BD */ {0x5F, 0x24, 0xCA, 0x68, 0xA0, 0xFA, 0x1B, 0xA1, 0xAA, 0x3E, 0xA6, 0x6A, 0x44, 0x2C, 0xC2, 0x10, 0xE0, 0x00},
    /* U+51C0 */ {0x47, 0x86, 0xC8, 0x3F, 0xE1, 0x36, 0x03, 0x61, 0xFF, 0x23, 0x66, 0xFE, 0x63, 0x04, 0x30, 0x07, 0x00, 0x00},
    /* U+51C4 */ {0x5F, 0xE4, 0x30, 0x6F, 0xE1, 0xFF, 0x03, 0x61, 0xFE, 0x66, 0x05, 0xFF, 0x4D, 0x8C, 0x7C, 0x1C, 0x60, 0x00},
    /* U+51C6 */ {0x4C, 0x86, 0xFE, 0x29, 0x81, 0x98, 0x1F, 0xE2, 0x98, 0x2F, 0xE6, 0x98, 0x49, 0x84, 0xFF, 0x08, 0x00, 0x00},
    /* U+51C7 */ {0x49, 0xE6, 0x96, 0x1F, 0x20, 0xF3, 0x1E, 0x81, 0xE8, 0x79, 0x86, 0x9E, 0x49, 0x2C, 0xBE, 0x09, 0x20, 0x00},
    /* U+51C9 */ {0x5F, 0xE6, 0x00, 0x2F, 0xC0, 0x86, 0x08, 0x62, 0xFE, 0x21, 0x06, 0xD4, 0x49, 0x6D, 0x12, 0x07, 0x00, 0x00},
    /* U+51CB */ {0x69, 0x22, 0x92, 0x2F, 0xE0, 0x92, 0x0F, 0xE2, 0xFA, 0x7E, 0xE5, 0xEE, 0xD7, 0xA1, 0x42, 0x30, 0xE0, 0x00},
    /* U+51CC */ {0x4F, 0xE6, 0x10, 0x3F, 0xE0, 0x4C, 0x0C, 0x62, 0x20, 0x27, 0xC7, 0xEC, 0x43, 0x8C, 0x7C, 0x1C, 0x70, 0x00},
    /* U+51CF */ {0x40, 0xA7, 0xFF, 0x38, 0x81, 0xFA, 0x18, 0xA1, 0xFE, 0x3D, 0xC7, 0x5C, 0x57, 0xDD, 0x5F, 0x33, 0x60, 0x00},
    /* U+51D1 */ {0x5F, 0xE6, 0x20, 0x2F, 0xE0, 0x60, 0x1F, 0xE2, 0xFC, 0x3B, 0x36, 0xFE, 0x47, 0x8C, 0xCE, 0x18, 0x20, 0x00},
    /* U+51DB */ {0x5F, 0xE6, 0xFE, 0x2B, 0xA0, 0xFA, 0x08, 0x62, 0xFC, 0x2F, 0xE5, 0xFF, 0xC5, 0x40, 0x96, 0x17, 0x20, 0x00},
    /* U+51DD */ {0x5C, 0x63, 0xBC, 0x1E, 0x41, 0x9F, 0x1E, 0x63, 0xD4, 0x7F, 0x74, 0xD4, 0x4F, 0xCD, 0xBC, 0x12, 0x70, 0x00},
    /* U+51E0 */ {0x1F, 0x81, 0x08, 0x10, 0x81, 0x08, 0x10, 0x81, 0x08, 0x10, 0x83, 0x08, 0x20, 0xB6, 0x0B, 0x40, 0xE0, 0x00},
    /* U+51E1 */ {0x1F, 0x81, 0x08, 0x10, 0x81, 0x88, 0x1C, 0x83, 0x68, 0x32, 0x83, 0x08, 0x20, 0xB6, 0x0B, 0xC0, 0xE0, 0x00},
    /* U+51E4 */ {0x3F, 0xC2, 0x04, 0x3F, 0x42, 0x14, 0x69, 0x46, 0xF4, 0x66, 0x46, 0x74, 0x4D, 0x75, 0x97, 0xC0, 0x30, 0x00},
    /* U+51EB */ {0x3F, 0xC2, 0x8C, 0x2F, 0xC2, 0x00, 0x3F, 0xE0, 0x02, 0x1F, 0x21, 0x1E, 0x11, 0x03, 0x13, 0x61, 0xE0, 0x00},
    /* U+51ED */ {0x3F, 0x06, 0x10, 0xFF, 0xF2, 0x10, 0x2F, 0xE2, 0x00, 0x1F, 0x81, 0x08, 0x10, 0x93, 0x0B, 0x60, 0xE0, 0x00},
    /* U+51EF */ {0x55, 0xC5, 0x54, 0x7D, 0x40, 0x34, 0x7F, 0x40, 0x74, 0x7F, 0x44, 0x34, 0x4A, 0x57, 0xE5, 0x44, 0x60, 0x00},
    /* U+51F0 */ {0x3F, 0xC3, 0xFC, 0x31, 0xC7, 0xFC, 0x7F, 0xC6, 0x04, 0x7F, 0xE4, 0x66, 0x5F, 0xF4, 0x63, 0xFF, 0xF0, 0x00},
    /* U+51F3 */ {0x09, 0xA3, 0xFE, 0x70, 0xE7, 0xFE, 0x1F, 0xC1, 0x98, 0x7F, 0xE1, 0xF8, 0x10, 0x83, 0x0B, 0x60, 0xE0, 0x00},
    /* U+51F5 */ {0x40, 0x24, 0x02, 0x40, 0x24, 0x02, 0x40, 0x24, 0x02, 0x40, 0x24, 0x02, 0x40, 0x27, 0xFE, 0x00, 0x20, 0x00},
    /* U+51F6 */ {0x00, 0x85, 0x1A, 0x49, 0x24, 0x72, 0x46, 0x24, 0xF2, 0x59, 0xA7, 0x0A, 0x40, 0x27, 0xFE, 0x00, 0x20, 0x00},
    /* U+51F8 */ {0x1F, 0x81, 0x98, 0x19, 0x81, 0x98, 0x79, 0xE4, 0x02, 0x40, 0x24, 0x02, 0x40, 0x27, 0xFE, 0x40, 0x20, 0x00},
    /* U+51F9 */ {0x79, 0xE4, 0x92, 0x49, 0x24, 0x92, 0x49, 0x24, 0xF2, 0x40, 0x24, 0x02, 0x40, 0x27, 0xFE, 0x40, 0x20, 0x00},
    /* U+51FA */ {0x26, 0x42, 0x64, 0x26, 0x42, 0x64, 0x3F, 0xC4, 0x62, 0x46, 0x24, 0x62, 0x46, 0x27, 0xFE, 0x00, 0x20, 0x00},
    /* U+51FB */ {0x06, 0x07, 0xFE, 0x06, 0x00, 0x60, 0x7F, 0xE0, 0x60, 0x26, 0x42, 0x64, 0x26, 0x43, 0xFC, 0x00, 0x40, 0x00},
    /* U+51FC */ {0x46, 0x24, 0x6E, 0x7F, 0xA4, 0xF2, 0x5F, 0xA5, 0x6A, 0x76, 0xE4, 0xE2, 0x40, 0x27, 0xFE, 0x00, 0x20, 0x00},
    /* U+51FD */ {0x3F, 0x80, 0x30, 0x46, 0x25, 0x6A, 0x5F, 0xA4, 0xF2, 0x5F, 0xA7, 0x6E, 0x4C, 0x24, 0x02, 0x7F, 0xE0, 0x00},
    /* U+51FF */ {0x29, 0x40, 0x98, 0xFF, 0xF0, 0x90, 0x6B, 0x67, 0xFE, 0x66, 0x67, 0xFE, 0x66, 0x67, 0xFE, 0x00, 0x60, 0x00},
    /* U+5200 */ {0x7F, 0xE0, 0xC2, 0x0C, 0x20, 0xC2, 0x0C, 0x20, 0x86, 0x08, 0x61, 0x86, 0x30, 0x66, 0x06, 0x43, 0xC0, 0x00},
    /* U+5201 */ {0x7F, 0xE0, 0x06, 0x00, 0x60, 0x36, 0x06, 0x60, 0xC6, 0x38, 0x67, 0x06, 0x40, 0x40, 0x04, 0x03, 0xC0, 0x00},
    /* U+5202 */ {0x02, 0x60, 0x26, 0x02, 0x60, 0x26, 0x02, 0x60, 0x26, 0x02, 0x60, 0x26, 0x00, 0x60, 0x06, 0x01, 0xE0, 0x00},
    /* U+5203 */ {0x7F, 0xE0, 0x46, 0x24, 0x62, 0x46, 0x64, 0x64, 0xC6, 0x48, 0x61, 0x84, 0x10, 0x47, 0x04, 0x43, 0xC0, 0x00},
    /* U+5206 */ {0x19, 0x81, 0x0C, 0x30, 0x46, 0x06, 0x7F, 0xE0, 0xCC, 0x08, 0xC0, 0x8C, 0x18, 0xC3, 0x0C, 0x63, 0x80, 0x00},
    /* U+5207 */ {0x27, 0xE2, 0x12, 0x79, 0x2F, 0x12, 0x23, 0x22, 0x32, 0x2B, 0x23, 0xA2, 0x66, 0x20, 0xC6, 0x09, 0xE0, 0x00},
    /* U+5208 */ {0x04, 0x24, 0x52, 0x6D, 0xA3, 0x9A, 0x19, 0xA1, 0x9A, 0x1D, 0xA3, 0x42, 0x64, 0x2C, 0x02, 0x00, 0xE0, 0x00},
    /* U+520A */ {0x7C, 0x21, 0x1A, 0x11, 0xA1, 0x1A, 0xFF, 0xA1, 0x1A, 0x11, 0xA1, 0x12, 0x10, 0x21, 0x02, 0x10, 0xE0, 0x00},
    /* U+520D */ {0x08, 0x01, 0xFC, 0x30, 0x86, 0x18, 0x7F, 0xE0, 0x02, 0x3F, 0xE0, 0x02, 0x00, 0x27, 0xFE, 0x00, 0x20, 0x00},
    /* U+520E */ {0x20, 0x27, 0xEA, 0x5E, 0xAF, 0xAA, 0xAA, 0xA2, 0xAA, 0x7A, 0xAD, 0x2A, 0x12, 0x22, 0x62, 0x0C, 0xE0, 0x00},
    /* U+5211 */ {0x7E, 0x22, 0xDA, 0x2D, 0xA2, 0xDA, 0xFF, 0xA2, 0xDA, 0x2D, 0xA6, 0xCA, 0x6C, 0x24, 0xC2, 0xC4, 0xE0, 0x00},
    /* U+5212 */ {0x2C, 0xA2, 0x5A, 0x7F, 0xAF, 0xDA, 0x35, 0xA1, 0xDA, 0x19, 0xA1, 0x8A, 0x3A, 0x26, 0xA2, 0x46, 0xE0, 0x00},
    /* U+5216 */ {0x7C, 0x26, 0x5A, 0x65, 0xA7, 0xDA, 0x65, 0xA7, 0xDA, 0x65, 0xA4, 0x52, 0x44, 0x24, 0x42, 0xDC, 0xE0, 0x00},
    /* U+5217 */ {0x7E, 0x23, 0x1A, 0x21, 0xA3, 0xFA, 0x65, 0xA6, 0x5A, 0x3D, 0xA1, 0x9A, 0x18, 0x23, 0x02, 0x60, 0xE0, 0x00},
    /* U+5218 */ {0x18, 0x2F, 0xFA, 0x0D, 0xA4, 0xDA, 0x29, 0xA3, 0x9A, 0x19, 0xA1, 0xDA, 0x34, 0x26, 0x42, 0x40, 0xE0, 0x00},
    /* U+5219 */ {0x7E, 0xA4, 0x6A, 0x56, 0xA5, 0x6A, 0x56, 0xA5, 0x6A, 0x56, 0xA5, 0x6A, 0x38, 0x26, 0x42, 0x40, 0xE0, 0x00},
    /* U+521A */ {0x7E, 0x24, 0x6A, 0x6E, 0xA5, 0xAA, 0x5A, 0xA5, 0xAA, 0x5A, 0xA5, 0xEA, 0x66, 0x26, 0x22, 0x4E, 0xE0, 0x00},
    /* U+521B */ {0x18, 0x23, 0xDA, 0x67, 0xAC, 0x3A, 0x7D, 0xA6, 0x5A, 0x65, 0xA7, 0xCA, 0x62, 0x26, 0x22, 0x3E, 0xE0, 0x00},
    /* U+521D */ {0x37, 0xE0, 0x12, 0xF9, 0x21, 0x12, 0x3B, 0x27, 0xB2, 0xFA, 0x23, 0xA2, 0x36, 0x23, 0xC6, 0x39, 0xC0, 0x00},
    /* U+5220 */ {0x57, 0xA5, 0x7A, 0x57, 0xA5, 0x7A, 0xFF, 0xA5, 0xFA, 0x5F, 0xA5, 0xFA, 0x5F, 0x25, 0xB2, 0xFE, 0x60, 0x00},
    /* U+5224 */ {0x5E, 0x27, 0xDA, 0x3D, 0xA7, 0xFA, 0x19, 0xA1, 0x1A, 0xFF, 0xA1, 0x1A, 0x30, 0x26, 0x02, 0x60, 0xE0, 0x00},
    /* U+5228 */ {0x3E, 0xA6, 0x2A, 0xFA, 0xA4, 0xAA, 0x4A, 0xA7, 0xAA, 0x46, 0xA4, 0xCA, 0x42, 0x26, 0x22, 0x7E, 0xE0, 0x00},
    /* U+5229 */ {0xF9, 0x21, 0x12, 0x11, 0x2F, 0xF2, 0x31, 0x23, 0x92, 0x7D, 0x25, 0x52, 0xD0, 0x21, 0x02, 0x10, 0xE0, 0x00},
    /* U+522B */ {0x7C, 0x24, 0x5A, 0x45, 0xA7, 0xDA, 0x11, 0xAF, 0xDA, 0x35, 0xA2, 0x5A, 0x24, 0x26, 0x42, 0xDC, 0xE0, 0x00},
    /* U+522D */ {0x7C, 0xA0, 0xCA, 0x18, 0xA7, 0xEA, 0x42, 0xA7, 0xEA, 0x10, 0xA1, 0x0A, 0x10, 0x27, 0xE2, 0x60, 0xE0, 0x00},
    /* U+522E */ {0x78, 0x21, 0x1A, 0x11, 0xAF, 0xFA, 0x11, 0xA1, 0x1A, 0x7F, 0xA4, 0x6A, 0x46, 0x27, 0xE2, 0x46, 0xE0, 0x00},
    /* U+5230 */ {0x7F, 0xA3, 0x5A, 0x25, 0xA7, 0xFA, 0x03, 0xA1, 0x9A, 0x7F, 0xA1, 0x9A, 0x1E, 0x27, 0xE2, 0x40, 0xE0, 0x00},
    /* U+5233 */ {0x7E, 0xA3, 0xCA, 0x66, 0xAF, 0xEA, 0x00, 0xA7, 0xEA, 0x20, 0xA3, 0xEA, 0x04, 0x20, 0x42, 0x1C, 0xE0, 0x00},
    /* U+5236 */ {0x78, 0xA7, 0xEA, 0xD8, 0xAF, 0xEA, 0x18, 0xA7, 0xEA, 0x5A, 0xA5, 0xAA, 0x5A, 0x25, 0xE2, 0x18, 0xE0, 0x00},
    /* U+5237 */ {0x7E, 0xA4, 0x2A, 0x7E, 0xA4, 0x8A, 0x7E, 0xA6, 0xAA, 0x6A, 0xA6, 0xA2, 0x6E, 0x2C, 0x82, 0x88, 0xE0, 0x00},
    /* U+5238 */ {0x16, 0x87, 0xFE, 0x0C, 0x07, 0xFE, 0x11, 0x83, 0x0C, 0xFF, 0xF0, 0x88, 0x18, 0x83, 0x08, 0x63, 0x80, 0x00},
    /* U+5239 */ {0x6C, 0x21, 0x9A, 0x7D, 0xA5, 0x1A, 0x11, 0xA7, 0xFA, 0x19, 0xA7, 0xDA, 0x56, 0x2D, 0x22, 0x30, 0xE0, 0x00},
    /* U+523A */ {0x11, 0xAF, 0xFA, 0x11, 0xA7, 0xFA, 0x53, 0xA5, 0xFA, 0x39, 0xA3, 0xD2, 0x76, 0x2D, 0x02, 0x10, 0xE0, 0x00},
    /* U+523B */ {0x18, 0x2F, 0xEA, 0x30, 0xA6, 0x4A, 0x78, 0xA1, 0xAA, 0x36, 0xA4, 0xCA, 0x1C, 0x27, 0x22, 0x40, 0xE0, 0x00},
    /* U+523D */ {0x1C, 0xA2, 0x6A, 0x63, 0xA3, 0xEA, 0x00, 0xAF, 0xEA, 0x30, 0xA2, 0x4A, 0x26, 0x27, 0xE2, 0x72, 0xE0, 0x00},
    /* U+523F */ {0x5A, 0xA5, 0xAA, 0x7E, 0xA3, 0x0A, 0x3E, 0xA6, 0x6A, 0x54, 0xA1, 0xCA, 0x18, 0x27, 0x02, 0x60, 0xE0, 0x00},
    /* U+5240 */ {0x52, 0x25, 0x2A, 0x7E, 0xA0, 0x0A, 0x7E, 0xA0, 0x2A, 0x7E, 0xA4, 0x0A, 0x46, 0x27, 0xE2, 0x40, 0xE0, 0x00},
    /* U+5241 */ {0x3C, 0x22, 0x4A, 0x24, 0xA6, 0x6A, 0x50, 0xA7, 0xEA, 0x38, 0xA3, 0xCA, 0x76, 0x2D, 0x02, 0x10, 0xE0, 0x00},
    /* U+5242 */ {0x7F, 0x20, 0x4A, 0x3C, 0xA1, 0xCA, 0x76, 0xA6, 0x4A, 0x24, 0xA2, 0x4A, 0x24, 0x26, 0x42, 0xC4, 0xE0, 0x00},
    /* U+5243 */ {0x24, 0xA7, 0xEA, 0x1A, 0xA7, 0xEA, 0x58, 0xA5, 0x8A, 0x7E, 0xA3, 0xAA, 0x7E, 0x2D, 0x82, 0x18, 0xE0, 0x00},
    /* U+524A */ {0x56, 0x25, 0x52, 0x55, 0x27, 0xD2, 0x45, 0x27, 0xD2, 0x45, 0x27, 0xD2, 0x44, 0x24, 0x42, 0x4C, 0xE0, 0x00},
    /* U+524C */ {0xFE, 0xA1, 0x0A, 0x7E, 0xA5, 0x2A, 0x52, 0xA7, 0xEA, 0x18, 0xA3, 0xCA, 0x76, 0x2D, 0x02, 0x10, 0xE0, 0x00},
    /* U+524D */ {0x18, 0x8F, 0xFF, 0x00, 0x07, 0xD6, 0x45, 0x67, 0xD6, 0x45, 0x67, 0xD6, 0x45, 0x64, 0x46, 0x5C, 0xE0, 0x00},
    /* U+5250 */ {0x62, 0xA6, 0x2A, 0x7E, 0xA0, 0x8A, 0x7E, 0xA5, 0xAA, 0x5A, 0xA7, 0x6A, 0x66, 0x24, 0x22, 0x46, 0xE0, 0x00},
    /* U+5251 */ {0x18, 0xA2, 0x6A, 0x62, 0xAF, 0xCA, 0x00, 0xA5, 0x2A, 0x7E, 0xA2, 0xCA, 0x0E, 0x27, 0xE2, 0x40, 0xE0, 0x00},
    /* U+5254 */ {0x42, 0xA7, 0xEA, 0x42, 0xA7, 0xEA, 0x20, 0xA7, 0xEA, 0xDE, 0xA2, 0xAA, 0x7A, 0x25, 0x62, 0x1C, 0xE0, 0x00},
    /* U+5256 */ {0x18, 0xA7, 0xEA, 0x24, 0xA2, 0xCA, 0xFF, 0xA0, 0x0A, 0x7E, 0xA4, 0x6A, 0x46, 0x27, 0xE2, 0x46, 0xE0, 0x00},
    /* U+525C */ {0x18, 0x2F, 0xFA, 0x23, 0xA7, 0xEA, 0x5A, 0xA5, 0xAA, 0xFA, 0xA3, 0xEA, 0x29, 0x26, 0xF2, 0xC8, 0xE0, 0x00},
    /* U+525E */ {0x7E, 0xA1, 0x8A, 0x3C, 0xAC, 0x6A, 0xFE, 0xA0, 0x4A, 0x7C, 0xA5, 0xCA, 0x74, 0x24, 0x42, 0x0C, 0xE0, 0x00},
    /* U+5261 */ {0x7E, 0x25, 0x4A, 0x58, 0xA3, 0xCA, 0x6A, 0xA1, 0xAA, 0x7E, 0xA5, 0x4A, 0x3C, 0x26, 0x62, 0x42, 0xE0, 0x00},
    /* U+5265 */ {0x04, 0xA7, 0xCA, 0x04, 0xAF, 0xFA, 0x5A, 0xA7, 0xEA, 0x3C, 0xA3, 0xCA, 0x7E, 0x29, 0xA2, 0x30, 0xE0, 0x00},
    /* U+5267 */ {0x7E, 0x24, 0x2A, 0x7E, 0xA4, 0x8A, 0x7F, 0xA4, 0x8A, 0x48, 0xA7, 0xEA, 0xE2, 0x2F, 0xE2, 0x22, 0x60, 0x00},
    /* U+5269 */ {0x78, 0xAF, 0xFA, 0x3C, 0xA3, 0xCA, 0x7E, 0xA7, 0xDA, 0x3F, 0xA1, 0xCA, 0x3A, 0x24, 0x82, 0x08, 0xE0, 0x00},
    /* U+526A */ {0x7F, 0xE3, 0xC0, 0x65, 0x47, 0xD4, 0x7D, 0x46, 0x44, 0x08, 0xC7, 0xFE, 0x0C, 0x61, 0x84, 0x71, 0xC0, 0x00},
    /* U+526F */ {0x00, 0xA7, 0xEA, 0x62, 0xA6, 0x2A, 0x7E, 0xA7, 0xEA, 0x5A, 0xA7, 0xEA, 0x5A, 0x27, 0xE2, 0x42, 0xE0, 0x00},
    /* U+5272 */ {0x7E, 0x24, 0xBA, 0x7E, 0xA1, 0x8A, 0x3C, 0xA7, 0xEA, 0x18, 0xA7, 0xEA, 0x62, 0x27, 0xE2, 0x42, 0xE0, 0x00},
    /* U+527D */ {0xFF, 0x27, 0xEA, 0x5A, 0xA7, 0xEA, 0x00, 0xA7, 0xEA, 0x00, 0xAF, 0xFA, 0x7C, 0x25, 0xA2, 0x38, 0xE0, 0x00},
    /* U+527F */ {0x54, 0xA7, 0xEA, 0x7E, 0xA5, 0xAA, 0x7E, 0xA7, 0xEA, 0x18, 0xAF, 0xEA, 0x3C, 0x27, 0xE2, 0x18, 0xE0, 0x00},
    /* U+5281 */ {0x2C, 0xA7, 0xFA, 0xE8, 0xA7, 0xEA, 0x7E, 0xA6, 0x8A, 0x7E, 0xA4, 0x0A, 0x5E, 0x25, 0x52, 0x55, 0xE0, 0x00},
    /* U+5282 */ {0x40, 0x66, 0xA6, 0x7E, 0x67, 0xFE, 0x7F, 0xE7, 0xF6, 0x7A, 0x67, 0xA6, 0x57, 0x2F, 0x52, 0xAD, 0x60, 0x00},
    /* U+5288 */ {0x4F, 0xE7, 0xD4, 0x43, 0xF7, 0xC8, 0xEF, 0xEF, 0xC8, 0x00, 0x07, 0xFE, 0x0C, 0x63, 0x86, 0x61, 0xC0, 0x00},
    /* U+5290 */ {0xFF, 0x22, 0xCA, 0x7E, 0xAF, 0xEA, 0x6C, 0xA7, 0xEA, 0x7F, 0xA7, 0xEA, 0x36, 0x23, 0xC2, 0x62, 0xE0, 0x00},
    /* U+5293 */ {0x46, 0xA7, 0xEA, 0x7E, 0xA7, 0xEA, 0x7E, 0xA7, 0xEA, 0x7E, 0xA0, 0x0A, 0xFE, 0x26, 0x42, 0x44, 0xE0, 0x00},
    /* U+529B */ {0x04, 0x00, 0x40, 0x7F, 0xE0, 0x42, 0x0C, 0x20, 0xC6, 0x08, 0x61, 0x86, 0x30, 0x66, 0x04, 0x43, 0xC0, 0x00},
    /* U+529D */ {0xF9, 0x00, 0x90, 0x4F, 0xE7, 0x92, 0x79, 0x23, 0x12, 0x33, 0x23, 0xA2, 0x6E, 0x2C, 0x46, 0x0C, 0xE0, 0x00},
    /* U+529E */ {0x0C, 0x07, 0xF8, 0x0C, 0x82, 0xCE, 0x6C, 0xE6, 0x8A, 0x58, 0xA5, 0x8B, 0x31, 0x86, 0x18, 0x47, 0x00, 0x00},
    /* U+529F */ {0xF9, 0x03, 0x10, 0x37, 0xF3, 0x12, 0x31, 0x23, 0x32, 0x3B, 0x27, 0xA2, 0x46, 0x20, 0xC6, 0x09, 0xE0, 0x00},
    /* U+52A0 */ {0x20, 0x0F, 0xDE, 0x25, 0x22, 0x52, 0x25, 0x22, 0x52, 0x25, 0x26, 0x52, 0x65, 0x24, 0xDE, 0xD9, 0x20, 0x00},
    /* U+52A1 */ {0x1F, 0xC3, 0x0C, 0x6D, 0x80, 0xF0, 0x79, 0xE0, 0x40, 0x7F, 0xE0, 0xC6, 0x08, 0x43, 0x04, 0x63, 0xC0, 0x00},
    /* U+52A2 */ {0xFC, 0x82, 0x08, 0x23, 0xE2, 0x1A, 0x3D, 0xA2, 0x5A, 0x25, 0xA6, 0x52, 0x6D, 0x24, 0xF2, 0xDA, 0xE0, 0x00},
    /* U+52A3 */ {0x36, 0xC2, 0x6E, 0x67, 0xA0, 0xF0, 0x7C, 0x00, 0x40, 0x7F, 0xE0, 0xC6, 0x08, 0x63, 0x84, 0xE1, 0xC0, 0x00},
    /* U+52A8 */ {0x7C, 0x80, 0x08, 0x03, 0xFF, 0xDB, 0x21, 0xB2, 0x9A, 0x6D, 0x24, 0xD2, 0x7F, 0x24, 0x22, 0x06, 0xE0, 0x00},
    /* U+52A9 */ {0x79, 0x84, 0x98, 0x7F, 0xE4, 0x9A, 0x49, 0x27, 0x92, 0x49, 0x24, 0xF2, 0x7E, 0x2C, 0x62, 0x0C, 0xE0, 0x00},
    /* U+52AA */ {0xFF, 0xE2, 0xD6, 0x69, 0xC3, 0x9C, 0x7F, 0xE4, 0x60, 0x7F, 0xE0, 0x46, 0x0C, 0x63, 0x84, 0x61, 0xC0, 0x00},
    /* U+52AB */ {0x10, 0x87, 0xC8, 0x13, 0xE1, 0x0A, 0xFD, 0xA3, 0x1A, 0x2D, 0xA6, 0x52, 0x7F, 0x26, 0x72, 0x02, 0xE0, 0x00},
    /* U+52AC */ {0x60, 0x87, 0xC8, 0x47, 0xEF, 0x4A, 0x5C, 0xA5, 0xDA, 0x5D, 0xA7, 0x52, 0x45, 0x20, 0xF2, 0x1E, 0xE0, 0x00},
    /* U+52AD */ {0xFC, 0x82, 0x48, 0x27, 0xE6, 0x5A, 0xD9, 0xA0, 0x1A, 0x7D, 0x24, 0xD2, 0x4F, 0x27, 0xE2, 0x46, 0xE0, 0x00},
    /* U+52B1 */ {0x7E, 0x84, 0x08, 0x7F, 0xE5, 0x0A, 0x5C, 0xA5, 0x5A, 0x55, 0xA5, 0x5A, 0x75, 0x2F, 0x72, 0xEE, 0xE0, 0x00},
    /* U+52B2 */ {0x7C, 0x80, 0x88, 0x1B, 0xE7, 0xCA, 0x45, 0xA7, 0xDA, 0x11, 0xA1, 0x12, 0x1D, 0x27, 0xF2, 0x46, 0xE0, 0x00},
    /* U+52B3 */ {0x7F, 0xF1, 0x98, 0x00, 0x07, 0xFE, 0x44, 0x20, 0x40, 0x7F, 0xC0, 0xC4, 0x08, 0x43, 0x84, 0x63, 0xC0, 0x00},
    /* U+52BE */ {0xFE, 0x83, 0x08, 0x23, 0xE6, 0x8A, 0x78, 0xA3, 0x5A, 0x6D, 0xA4, 0x92, 0x1D, 0x26, 0x76, 0x42, 0xC0, 0x00},
    /* U+52BF */ {0x7F, 0xC3, 0x14, 0x7F, 0x43, 0x3F, 0x74, 0x70, 0x40, 0x7F, 0xC0, 0xC4, 0x18, 0x43, 0x04, 0x63, 0xC0, 0x00},
    /* U+52C3 */ {0x7C, 0x81, 0x08, 0x7F, 0xE4, 0x6A, 0x7C, 0xA1, 0x9A, 0x1D, 0xAF, 0xD2, 0x11, 0x21, 0x32, 0x32, 0xE0, 0x00},
    /* U+52C7 */ {0x09, 0xC0, 0xF0, 0x7F, 0xC7, 0xFC, 0x66, 0x47, 0xFC, 0x26, 0x47, 0xFE, 0x0C, 0x63, 0x84, 0x61, 0xC0, 0x00},
    /* U+52C9 */ {0x38, 0x86, 0x88, 0xFF, 0xE5, 0x7A, 0x57, 0xA7, 0xF2, 0x19, 0x23, 0xB2, 0x3A, 0xE6, 0x83, 0xCF, 0xE0, 0x00},
    /* U+52CB */ {0x44, 0x87, 0xC8, 0x03, 0xE0, 0x0A, 0x7C, 0xA5, 0x5A, 0x55, 0xA5, 0x5A, 0x7D, 0x26, 0xF2, 0xC2, 0xE0, 0x00},
    /* U+52D0 */ {0x7C, 0x81, 0x88, 0x7F, 0xE1, 0x0A, 0x10, 0xA3, 0x0A, 0x7D, 0xA6, 0xDA, 0x6D, 0x27, 0xF2, 0xFE, 0xE0, 0x00},
    /* U+52D2 */ {0xFE, 0x82, 0x88, 0x3B, 0xE1, 0x1A, 0x7D, 0xA5, 0x5A, 0x7D, 0x21, 0x12, 0xFF, 0x21, 0x22, 0x16, 0xE0, 0x00},
    /* U+52D6 */ {0x46, 0x87, 0xE8, 0x47, 0xE7, 0xEA, 0x00, 0xA7, 0xCA, 0x7D, 0xA4, 0x5A, 0x7D, 0x27, 0xD2, 0x47, 0xE0, 0x00},
    /* U+52D8 */ {0x7E, 0x82, 0x48, 0x3F, 0xE2, 0x4A, 0x3C, 0xA2, 0x4A, 0xFF, 0xA5, 0xDA, 0x75, 0x27, 0xF2, 0x02, 0xE0, 0x00},
    /* U+52DF */ {0x7F, 0xE3, 0xFC, 0x20, 0x43, 0xFC, 0x3F, 0xC0, 0x80, 0x7F, 0xE7, 0x4E, 0xFF, 0xF0, 0x88, 0x33, 0x80, 0x00},
    /* U+52E4 */ {0xFE, 0x83, 0xC8, 0x13, 0xF7, 0xCB, 0x54, 0xB7, 0xDB, 0x7D, 0xA1, 0x12, 0x7D, 0x27, 0xF2, 0x72, 0xE0, 0x00},
    /* U+52F0 */ {0x7F, 0xE2, 0x6A, 0x27, 0xE5, 0xEA, 0x43, 0xE4, 0x88, 0xFD, 0x87, 0xF6, 0x7F, 0x2F, 0x77, 0xFD, 0xC0, 0x00},
    /* U+52F9 */ {0x10, 0x03, 0xFE, 0x20, 0x26, 0x02, 0xC0, 0x20, 0x02, 0x00, 0x20, 0x02, 0x00, 0x60, 0x06, 0x01, 0xC0, 0x00},
    /* U+52FA */ {0x10, 0x03, 0xFE, 0x20, 0x26, 0x02, 0xD8, 0x20, 0xC2, 0x04, 0x20, 0x62, 0x00, 0x60, 0x06, 0x01, 0xC0, 0x00},
    /* U+52FE */ {0x10, 0x03, 0xFE, 0x20, 0x26, 0xC2, 0xDA, 0x21, 0xB2, 0x31, 0x23, 0xFA, 0x38, 0xE0, 0x06, 0x03, 0xC0, 0x00},
    /* U+52FF */ {0x30, 0x03, 0xFE, 0x2D, 0xA6, 0xD2, 0xC9, 0x21, 0xB2, 0x13, 0x23, 0x22, 0x66, 0x64, 0xC6, 0x09, 0xC0, 0x00},
    /* U+5300 */ {0x10, 0x03, 0xFE, 0x20, 0x27, 0x02, 0xDC, 0x60, 0x66, 0x01, 0x60, 0xF6, 0x3C, 0x62, 0x04, 0x03, 0xC0, 0x00},
    /* U+5305 */ {0x10, 0x03, 0xFE, 0x60, 0x6F, 0xE6, 0x22, 0x62, 0x26, 0x3E, 0x42, 0x1C, 0x20, 0x33, 0x03, 0x1F, 0xE0, 0x00},
    /* U+5306 */ {0x30, 0x03, 0xFE, 0x6D, 0x26, 0x92, 0xF9, 0x21, 0xF2, 0x17, 0x63, 0x3E, 0x66, 0x64, 0xC6, 0x09, 0xC0, 0x00},
    /* U+5308 */ {0x10, 0x03, 0xFE, 0x62, 0x2F, 0xFA, 0x2D, 0xA2, 0xFA, 0x3B, 0xA3, 0x1A, 0x3F, 0xA0, 0x06, 0x01, 0xC0, 0x00},
    /* U+530D */ {0x3F, 0xE2, 0x22, 0x65, 0x2F, 0xFA, 0x3F, 0xA2, 0x5A, 0x3F, 0xA2, 0x5A, 0x3F, 0xA2, 0x5E, 0x24, 0xC0, 0x00},
    /* U+530F */ {0xFF, 0xE3, 0xA2, 0x6E, 0x2F, 0xFE, 0x02, 0x6F, 0xFE, 0x62, 0x27, 0xE6, 0x0A, 0x10, 0xB3, 0x39, 0xE0, 0x00},
    /* U+5310 */ {0x3F, 0xE2, 0x02, 0x7F, 0xAF, 0xF2, 0x31, 0x23, 0xF2, 0x3F, 0xA3, 0xFA, 0x24, 0xE3, 0xFE, 0x20, 0xC0, 0x00},
    /* U+5315 */ {0x20, 0x02, 0x0C, 0x23, 0xC3, 0xF0, 0x38, 0x03, 0x00, 0x20, 0x23, 0x02, 0x30, 0x21, 0xFE, 0x00, 0x00, 0x00},
    /* U+5316 */ {0x12, 0x03, 0x22, 0x32, 0x67, 0x2C, 0xF3, 0x83, 0x30, 0x3E, 0x03, 0xE3, 0x32, 0x33, 0x33, 0x33, 0xE0, 0x00},
    /* U+5317 */ {0x09, 0x00, 0x92, 0x79, 0x60, 0x98, 0x09, 0x00, 0x90, 0x09, 0x03, 0x91, 0xF9, 0x30, 0x93, 0x09, 0xE0, 0x00},
    /* U+5319 */ {0x45, 0x07, 0xD2, 0x45, 0x67, 0xD8, 0xFF, 0x01, 0x10, 0x51, 0x35, 0xF3, 0x71, 0xE7, 0x80, 0xCF, 0xF0, 0x00},
    /* U+531A */ {0x7F, 0xE6, 0x00, 0x60, 0x06, 0x00, 0x60, 0x06, 0x00, 0x60, 0x06, 0x00, 0x60, 0x07, 0xFE, 0x00, 0x00, 0x00},
    /* U+531D */ {0x7F, 0xE4, 0x20, 0x42, 0x05, 0xFC, 0x52, 0x45, 0x24, 0x52, 0x45, 0x2C, 0x42, 0x04, 0x00, 0x7F, 0xF0, 0x00},
    /* U+5320 */ {0x7F, 0xE4, 0x1C, 0x5F, 0x85, 0x80, 0x5F, 0xE5, 0x98, 0x59, 0x85, 0x18, 0x51, 0x85, 0x18, 0x7F, 0xF0, 0x00},
    /* U+5321 */ {0x7F, 0xE4, 0x00, 0x5F, 0xC4, 0x20, 0x5F, 0xC4, 0x20, 0x42, 0x05, 0xFE, 0x40, 0x07, 0xFF, 0x00, 0x00, 0x00},
    /* U+5323 */ {0x7F, 0xE4, 0x00, 0x5F, 0xC5, 0x24, 0x5F, 0xC5, 0x24, 0x5F, 0xC4, 0x20, 0x42, 0x04, 0x20, 0x7F, 0xF0, 0x00},
    /* U+5326 */ {0x48, 0x04, 0x98, 0x7F, 0x85, 0xBC, 0x7D, 0x44, 0xD4, 0x5F, 0x47, 0xD6, 0x4E, 0x64, 0x00, 0x7F, 0xF0, 0x00},
    /* U+532A */ {0x7F, 0xE4, 0x50, 0x5D, 0xE4, 0x50, 0x5D, 0xE4, 0x50, 0x7D, 0xE4, 0x50, 0x45, 0x07, 0xFF, 0x00, 0x00, 0x00},
    /* U+532E */ {0x42, 0x05, 0xFC, 0x5F, 0xC4, 0x20, 0x7F, 0xE5, 0xFC, 0x5A, 0x45, 0xF4, 0x5C, 0xC5, 0x00, 0x7F, 0xF0, 0x00},
    /* U+5339 */ {0x7F, 0xE4, 0xD0, 0x49, 0x04, 0x90, 0x49, 0x04, 0x92, 0x59, 0xA7, 0x1E, 0x40, 0x07, 0xFE, 0x00, 0x00, 0x00},
    /* U+533A */ {0x7F, 0xE4, 0x00, 0x58, 0x84, 0xD8, 0x47, 0x04, 0x30, 0x47, 0x85, 0xCC, 0x50, 0x44, 0x00, 0x7F, 0xF0, 0x00},
    /* U+533B */ {0x7F, 0xE4, 0x80, 0x5F, 0xE5, 0x20, 0x42, 0x07, 0xFE, 0x43, 0x04, 0x78, 0x5C, 0xC5, 0x04, 0x7F, 0xF0, 0x00},
    /* U+533E */ {0x7F, 0xE5, 0xFC, 0x50, 0x65, 0xFE, 0x50, 0x05, 0xFE, 0x5F, 0xE7, 0xAA, 0x6A, 0xE4, 0x00, 0x7F, 0xF0, 0x00},
    /* U+533F */ {0x7F, 0xE4, 0x48, 0x5F, 0xE4, 0x68, 0x7F, 0xE4, 0xC0, 0x5F, 0xC7, 0xC4, 0x4F, 0xC4, 0x00, 0x7F, 0xF0, 0x00},
    /* U+5341 */ {0x06, 0x00, 0x60, 0x06, 0x00, 0x60, 0xFF, 0xF0, 0x60, 0x06, 0x00, 0x60, 0x06, 0x00, 0x60, 0x06, 0x00, 0x00},
    /* U+5343 */ {0x7F, 0x87, 0x60, 0x06, 0x00, 0x60, 0xFF, 0xF0, 0x60, 0x06, 0x00, 0x60, 0x06, 0x00, 0x60, 0x06, 0x00, 0x00},
    /* U+5345 */ {0x36, 0x43, 0x64, 0x36, 0x43, 0x64, 0xFF, 0xF2, 0x64, 0x26, 0x42, 0x64, 0x66, 0x46, 0x64, 0xC2, 0x40, 0x00},
    /* U+5347 */ {0x3C, 0x87, 0x08, 0x10, 0x81, 0x08, 0xFF, 0xF1, 0x08, 0x10, 0x81, 0x08, 0x30, 0x86, 0x08, 0xC0, 0x80, 0x00},
    /* U+5348 */ {0x30, 0x03, 0xFE, 0x66, 0x04, 0x60, 0x06, 0x0F, 0xFF, 0x06, 0x00, 0x60, 0x06, 0x00, 0x60, 0x06, 0x00, 0x00},
    /* U+5349 */ {0x06, 0x07, 0xFE, 0x06, 0x01, 0x68, 0x10, 0x8F, 0xFF, 0x10, 0x83, 0x08, 0x30, 0x86, 0x08, 0x40, 0x80, 0x00},
    /* U+534A */ {0x26, 0x43, 0x6C, 0x16, 0x87, 0xFE, 0x06, 0x00, 0x60, 0xFF, 0xF0, 0x60, 0x06, 0x00, 0x60, 0x06, 0x00, 0x00},
    /* U+534E */ {0x12, 0x67, 0x3C, 0x7F, 0x03, 0x32, 0x33, 0xE0, 0x00, 0x06, 0x0F, 0xFF, 0x06, 0x00, 0x60, 0x06, 0x00, 0x00},
    /* U+534F */ {0x23, 0x02, 0xFC, 0xF3, 0x42, 0x36, 0x2A, 0x62, 0xA7, 0x3A, 0x72, 0x65, 0x24, 0x42, 0xCC, 0x3B, 0x80, 0x00},
    /* U+5351 */ {0x3F, 0xC2, 0x64, 0x3F, 0xC2, 0x64, 0x26, 0x43, 0xFC, 0x0D, 0x03, 0x10, 0xFF, 0xF0, 0x10, 0x01, 0x00, 0x00},
    /* U+5352 */ {0x06, 0x07, 0xFE, 0x10, 0x81, 0x18, 0x3B, 0xC6, 0x66, 0x46, 0x0F, 0xFF, 0x06, 0x00, 0x60, 0x06, 0x00, 0x00},
    /* U+5353 */ {0x07, 0xE0, 0x60, 0x3F, 0xC2, 0x04, 0x3F, 0xC2, 0x04, 0x3F, 0xC0, 0x60, 0xFF, 0xF0, 0x60, 0x06, 0x00, 0x00},
    /* U+5355 */ {0x19, 0x83, 0xFC, 0x26, 0x63, 0xFE, 0x26, 0x62, 0x66, 0x3F, 0xC0, 0x60, 0xFF, 0xF0, 0x60, 0x06, 0x00, 0x00},
    /* U+5356 */ {0x3F, 0xE0, 0x60, 0x7F, 0xE1, 0x26, 0x1E, 0x43, 0x20, 0x12, 0x07, 0xFE, 0x07, 0x01, 0xDC, 0x70, 0x60, 0x00},
    /* U+5357 */ {0x7F, 0xE0, 0x60, 0x06, 0x07, 0xFE, 0x69, 0x67, 0xFE, 0x66, 0x66, 0x66, 0x7F, 0xE6, 0x66, 0x64, 0xE0, 0x00},
    /* U+535A */ {0x2F, 0xF2, 0x10, 0xFF, 0xE2, 0xFE, 0x2D, 0x22, 0xFE, 0x20, 0x62, 0xFF, 0x24, 0x42, 0x24, 0x21, 0xC0, 0x00},
    /* U+535C */ {0x0C, 0x00, 0xC0, 0x0C, 0x00, 0xC0, 0x0F, 0x00, 0xDC, 0x0C, 0x60, 0xC0, 0x0C, 0x00, 0xC0, 0x0C, 0x00, 0x00},
    /* U+535E */ {0x06, 0x00, 0x60, 0xFF, 0xF0, 0x60, 0x06, 0x00, 0x78, 0x06, 0xC0, 0x64, 0x06, 0x00, 0x60, 0x06, 0x00, 0x00},
    /* U+535F */ {0x7B, 0x05, 0xB0, 0x5B, 0x05, 0xB8, 0x5B, 0xC5, 0xB6, 0x5B, 0x27, 0xB0, 0x43, 0x00, 0x30, 0x03, 0x00, 0x00},
    /* U+5360 */ {0x04, 0x00, 0x7E, 0x04, 0x00, 0x40, 0x04, 0x03, 0xFC, 0x20, 0x42, 0x04, 0x20, 0x43, 0xFC, 0x20, 0x40, 0x00},
    /* U+5361 */ {0x04, 0x00, 0x7C, 0x04, 0x00, 0x40, 0xFF, 0xF0, 0x40, 0x07, 0x00, 0x7C, 0x04, 0x60, 0x40, 0x04, 0x00, 0x00},
    /* U+5362 */ {0x07, 0xE0, 0x60, 0x06, 0x03, 0xFC, 0x20, 0x42, 0x04, 0x3F, 0xC2, 0x04, 0x60, 0x04, 0x00, 0x40, 0x00, 0x00},
    /* U+5363 */ {0x07, 0xE0, 0x60, 0x7F, 0xE4, 0x02, 0x7F, 0x24, 0x12, 0x41, 0x27, 0xF2, 0x40, 0x27, 0xFE, 0x40, 0x20, 0x00},
    /* U+5364 */ {0x07, 0xE0, 0x60, 0x7F, 0xE4, 0x1A, 0x5D, 0x24, 0x62, 0x4F, 0x25, 0x9A, 0x50, 0xA7, 0xFE, 0x40, 0x20, 0x00},
    /* U+5366 */ {0x11, 0x87, 0xF8, 0x11, 0x8F, 0xFC, 0x01, 0xE1, 0x1A, 0x7F, 0xA1, 0x18, 0x11, 0x8F, 0xF8, 0x41, 0x80, 0x00},
    /* U+5367 */ {0x7E, 0x84, 0x88, 0x48, 0x87, 0xE8, 0x46, 0xC4, 0x6A, 0x7E, 0xA4, 0x88, 0x48, 0x87, 0xE8, 0x00, 0x80, 0x00},
    /* U+5369 */ {0x1F, 0x81, 0x08, 0x10, 0x81, 0x08, 0x10, 0x81, 0x08, 0x10, 0x81, 0x08, 0x13, 0x81, 0x00, 0x10, 0x00, 0x00},
    /* U+536B */ {0x7F, 0xE0, 0x46, 0x04, 0x60, 0x46, 0x04, 0x60, 0x46, 0x05, 0xC0, 0x40, 0x04, 0x00, 0x40, 0xFF, 0xF0, 0x00},
    /* U+536E */ {0x7F, 0x86, 0x00, 0x7F, 0xF6, 0x00, 0x6F, 0xC6, 0x84, 0x68, 0xC4, 0xBC, 0x48, 0x24, 0x82, 0xCF, 0xE0, 0x00},
    /* U+536F */ {0x71, 0xE6, 0xD2, 0x6D, 0x26, 0xD2, 0x6D, 0x26, 0xD2, 0x7D, 0x27, 0x92, 0x59, 0xE3, 0x10, 0x61, 0x00, 0x00},
    /* U+5370 */ {0x7B, 0xE4, 0x32, 0x43, 0x24, 0x32, 0x7F, 0x24, 0x32, 0x43, 0x24, 0xF2, 0x7B, 0xE0, 0x30, 0x03, 0x00, 0x00},
    /* U+5371 */ {0x1F, 0x03, 0x30, 0x7F, 0xEE, 0x00, 0x2F, 0xC2, 0x8C, 0x28, 0xC6, 0x98, 0x68, 0x34, 0x83, 0xCF, 0xE0, 0x00},
    /* U+5373 */ {0x7D, 0xE4, 0x52, 0x7D, 0x24, 0x52, 0x45, 0x27, 0xD2, 0x49, 0x24, 0x9E, 0x7D, 0x07, 0x50, 0x01, 0x00, 0x00},
    /* U+5374 */ {0x11, 0x27, 0xD2, 0x11, 0x21, 0x12, 0xFF, 0x23, 0x12, 0x3D, 0x22, 0x52, 0x7D, 0x67, 0x70, 0x01, 0x00, 0x00},
    /* U+5375 */ {0x7B, 0xE4, 0x32, 0x6F, 0x27, 0xFA, 0x5F, 0xE4, 0xF6, 0x7F, 0x27, 0xB2, 0x1B, 0xE3, 0x30, 0x63, 0x00, 0x00},
    /* U+5377 */ {0x16, 0x87, 0xFE, 0x0C, 0x07, 0xFE, 0x19, 0x83, 0x0C, 0x7F, 0xE1, 0x1A, 0x17, 0x41, 0x04, 0x1F, 0xC0, 0x00},
    /* U+5378 */ {0x7F, 0xE5, 0x12, 0x51, 0x2F, 0xF2, 0x11, 0x25, 0x12, 0x5D, 0x25, 0x12, 0x5F, 0x6F, 0xF0, 0x01, 0x00, 0x00},
    /* U+537A */ {0x03, 0x87, 0xE6, 0x1F, 0x87, 0x6E, 0x4C, 0x27, 0xFC, 0x3F, 0xC2, 0x04, 0x27, 0xE2, 0x02, 0x3F, 0xE0, 0x00},
    /* U+537F */ {0x7F, 0xE4, 0x9A, 0x5F, 0xA5, 0x9A, 0x5F, 0xA5, 0x8A, 0x7A, 0xAF, 0xBA, 0x2F, 0xE6, 0x98, 0x40, 0x80, 0x00},
    /* U+5382 */ {0x7F, 0xE6, 0x00, 0x60, 0x06, 0x00, 0x60, 0x06, 0x00, 0x60, 0x06, 0x00, 0x40, 0x04, 0x00, 0xC0, 0x00, 0x00},
    /* U+5384 */ {0x7F, 0xE6, 0x00, 0x6F, 0xC6, 0x84, 0x68, 0x46, 0x84, 0x6B, 0xC6, 0x80, 0x48, 0x34, 0x83, 0xCF, 0xE0, 0x00},
    /* U+5385 */ {0x7F, 0xF6, 0x00, 0x60, 0x07, 0xFE, 0x61, 0x06, 0x10, 0x61, 0x04, 0x10, 0x41, 0x04, 0x10, 0xC7, 0x00, 0x00},
    /* U+5386 */ {0x7F, 0xF6, 0x20, 0x62, 0x07, 0xFE, 0x66, 0x24, 0x66, 0x46, 0x64, 0x46, 0x4C, 0x6D, 0x84, 0xD1, 0xC0, 0x00},
    /* U+5389 */ {0x7F, 0xE6, 0x00, 0x7F, 0xE6, 0x40, 0x64, 0x06, 0x7C, 0x64, 0x44, 0xC4, 0x48, 0x45, 0x84, 0xD1, 0xC0, 0x00},
    /* U+538B */ {0x7F, 0xF4, 0x20, 0x43, 0x04, 0x30, 0x5F, 0xE4, 0x30, 0x43, 0xC4, 0x36, 0x43, 0x0F, 0xFF, 0x00, 0x00, 0x00},
    /* U+538C */ {0x7F, 0xE6, 0x10, 0x63, 0xC6, 0x34, 0x7F, 0xE6, 0x30, 0x63, 0x84, 0x68, 0x4C, 0xC5, 0x86, 0xF0, 0x30, 0x00},
    /* U+538D */ {0x7F, 0xF6, 0x60, 0x7F, 0xE6, 0xC0, 0x69, 0x07, 0xFE, 0x41, 0x04, 0x10, 0x5F, 0xFC, 0x10, 0xC1, 0x00, 0x00},
    /* U+5395 */ {0x60, 0x07, 0xF2, 0x73, 0xA5, 0x7A, 0x57, 0xA5, 0x7A, 0x57, 0xA5, 0xFA, 0x4C, 0x2D, 0xA2, 0xF1, 0xE0, 0x00},
    /* U+5398 */ {0x60, 0x07, 0xFE, 0x7B, 0x67, 0xFE, 0x7B, 0x67, 0xFE, 0x63, 0x05, 0xFE, 0x43, 0x04, 0x30, 0xFF, 0xF0, 0x00},
    /* U+539A */ {0x7F, 0xF7, 0xFC, 0x78, 0x47, 0xFC, 0x7F, 0xC6, 0x00, 0x7F, 0xC4, 0x30, 0x7F, 0xF4, 0x30, 0xC6, 0x00, 0x00},
    /* U+539D */ {0x7F, 0xE6, 0x48, 0x7F, 0xE6, 0x48, 0x7F, 0xE6, 0x00, 0x6F, 0xC4, 0x84, 0x4F, 0xC4, 0x84, 0xCF, 0xC0, 0x00},
    /* U+539F */ {0x7F, 0xF6, 0x20, 0x7F, 0xE7, 0x86, 0x7F, 0xE7, 0x86, 0x7F, 0xE4, 0xB0, 0x5B, 0x4D, 0x36, 0x86, 0x20, 0x00},
    /* U+53A2 */ {0x7F, 0xF6, 0x80, 0x69, 0xE7, 0xF2, 0x69, 0xE5, 0xD2, 0x5F, 0x27, 0xBE, 0x69, 0x2C, 0x9E, 0xC9, 0x20, 0x00},
    /* U+53A3 */ {0x42, 0x84, 0x24, 0x7F, 0xE4, 0x58, 0x58, 0xE7, 0xFE, 0x5F, 0xC5, 0x24, 0x5F, 0xCC, 0x20, 0x82, 0x00, 0x00},
    /* U+53A5 */ {0x7F, 0xF5, 0x68, 0x54, 0x87, 0xFF, 0x4B, 0xE7, 0xBE, 0x5A, 0xC5, 0xEC, 0x48, 0xCD, 0x92, 0xF2, 0x30, 0x00},
    /* U+53A6 */ {0x60, 0x07, 0xFE, 0x6F, 0xC6, 0x84, 0x6F, 0xC6, 0xFC, 0x6F, 0xC4, 0x60, 0x5F, 0xC5, 0x78, 0xFD, 0xE0, 0x00},
    /* U+53A8 */ {0x40, 0x07, 0xE6, 0x40, 0x65, 0xFF, 0x52, 0x65, 0x36, 0x5E, 0xE5, 0x6E, 0x5C, 0x6D, 0xE6, 0xFC, 0xE0, 0x00},
    /* U+53A9 */ {0x40, 0x07, 0xDE, 0x76, 0x47, 0xF4, 0x77, 0x45, 0xFE, 0x50, 0xC5, 0x4C, 0x5D, 0xCF, 0x35, 0xC2, 0x60, 0x00},
    /* U+53AE */ {0x7F, 0xF5, 0x2E, 0x7F, 0xC5, 0x78, 0x5F, 0x85, 0xFF, 0x57, 0xE7, 0xF6, 0x55, 0x6F, 0x76, 0xA3, 0x60, 0x00},
    /* U+53B6 */ {0x04, 0x00, 0x40, 0x0C, 0x00, 0x80, 0x18, 0x81, 0x0C, 0x30, 0xC2, 0x04, 0x7F, 0xE0, 0x02, 0x00, 0x00, 0x00},
    /* U+53BB */ {0x06, 0x07, 0xFE, 0x06, 0x00, 0x60, 0xFF, 0xF0, 0xC0, 0x19, 0x81, 0x0C, 0x30, 0xC7, 0xFE, 0x20, 0x20, 0x00},
    /* U+53BF */ {0x3F, 0xC3, 0x0C, 0x3F, 0xC3, 0x0C, 0x3F, 0xC3, 0x0C, 0xFF, 0xF1, 0x98, 0x30, 0xC7, 0xFC, 0x38, 0x20, 0x00},
    /* U+53C1 */ {0x19, 0x83, 0xFE, 0x0C, 0x0F, 0xFF, 0x18, 0x83, 0xFC, 0xE0, 0x73, 0xFC, 0x00, 0x00, 0x00, 0x7F, 0xE0, 0x00},
    /* U+53C2 */ {0x19, 0xC3, 0xFE, 0x0C, 0x0F, 0xFF, 0x19, 0x83, 0xEC, 0x79, 0x70, 0xE0, 0x19, 0xC0, 0xF0, 0x3C, 0x00, 0x00},
    /* U+53C8 */ {0x7F, 0xC2, 0x04, 0x30, 0xC1, 0x08, 0x19, 0x80, 0xD0, 0x06, 0x00, 0x60, 0x1F, 0x87, 0x0E, 0x40, 0x30, 0x00},
    /* U+53C9 */ {0x7F, 0xC2, 0x04, 0x34, 0xC1, 0x28, 0x19, 0x80, 0x90, 0x0F, 0x00, 0x60, 0x1F, 0x87, 0x0E, 0xE0, 0x20, 0x00},
    /* U+53CA */ {0x7F, 0x81, 0x10, 0x19, 0x01, 0x9E, 0x18, 0x61, 0xC4, 0x36, 0xC2, 0x38, 0x63, 0x84, 0xFE, 0x5C, 0x60, 0x00},
    /* U+53CB */ {0x08, 0x07, 0xFE, 0x18, 0x01, 0x80, 0x1F, 0xC1, 0x8C, 0x3C, 0x82, 0x78, 0x63, 0x0C, 0xFC, 0x18, 0x60, 0x00},
    /* U+53CC */ {0x7F, 0xE0, 0xA2, 0x4B, 0x66, 0xB6, 0x39, 0x43, 0x9C, 0x19, 0x83, 0x98, 0x2D, 0xC6, 0x66, 0xC4, 0x30, 0x00},
    /* U+53CD */ {0x3F, 0x82, 0x00, 0x20, 0x03, 0xFC, 0x28, 0x42, 0xCC, 0x25, 0x86, 0x70, 0x67, 0x05, 0xDE, 0x58, 0x60, 0x00},
    /* U+53D1 */ {0x34, 0xC2, 0x44, 0x7F, 0xE0, 0xC0, 0x0F, 0xC1, 0xCC, 0x14, 0x83, 0x78, 0x63, 0x0C, 0xFC, 0x18, 0x70, 0x00},
    /* U+53D4 */ {0x13, 0xE1, 0xD2, 0x11, 0x2F, 0xF6, 0x11, 0xC5, 0x5C, 0x54, 0xC5, 0x4C, 0xD1, 0xC1, 0x36, 0x36, 0x30, 0x00},
    /* U+53D6 */ {0xFF, 0xE4, 0xB2, 0x79, 0x24, 0x96, 0x49, 0x67, 0x9C, 0x48, 0xC7, 0xCC, 0xF9, 0xC0, 0xB6, 0x0A, 0x30, 0x00},
    /* U+53D7 */ {0x7F, 0x42, 0x64, 0x36, 0xC7, 0xFE, 0x40, 0x23, 0xFE, 0x10, 0x80, 0x98, 0x0F, 0x03, 0xFC, 0x70, 0xE0, 0x00},
    /* U+53D8 */ {0x7F, 0xE0, 0x90, 0x29, 0xC6, 0x96, 0x09, 0x27, 0xFC, 0x10, 0x81, 0x98, 0x0F, 0x03, 0xFC, 0x70, 0xE0, 0x00},
    /* U+53D9 */ {0x3B, 0xE6, 0xF2, 0xFF, 0x21, 0x12, 0x11, 0x67, 0xFC, 0x14, 0xC5, 0x4C, 0x55, 0xCD, 0x36, 0x32, 0x20, 0x00},
    /* U+53DB */ {0x7F, 0xC7, 0xA0, 0x7A, 0x07, 0xBE, 0x33, 0x23, 0x3E, 0xFE, 0xC2, 0x6C, 0x24, 0xC6, 0x5E, 0x4F, 0x30, 0x00},
    /* U+53DF */ {0x77, 0xE6, 0x66, 0x7F, 0xE6, 0x66, 0x7F, 0xE0, 0x60, 0x7F, 0xC1, 0x98, 0x0F, 0x01, 0xFC, 0x70, 0xE0, 0x00},
    /* U+53E0 */ {0x1F, 0x00, 0xF8, 0x7F, 0xE3, 0x9C, 0x7B, 0xE7, 0xFE, 0x7F, 0xA3, 0xF8, 0x30, 0x83, 0xF8, 0x7F, 0xE0, 0x00},
    /* U+53E3 */ {0x7F, 0xE6, 0x06, 0x60, 0x66, 0x06, 0x60, 0x66, 0x06, 0x60, 0x66, 0x06, 0x60, 0x67, 0xFE, 0x60, 0x60, 0x00},
    /* U+53E4 */ {0x06, 0x0F, 0xFF, 0x06, 0x00, 0x60, 0x06, 0x03, 0xFC, 0x20, 0x42, 0x04, 0x20, 0x43, 0xFC, 0x20, 0x40, 0x00},
    /* U+53E5 */ {0x10, 0x03, 0xFE, 0x20, 0x26, 0x02, 0xFF, 0x23, 0x32, 0x33, 0x23, 0xF6, 0x30, 0x60, 0x06, 0x01, 0xC0, 0x00},
    /* U+53E6 */ {0x3F, 0xC2, 0x04, 0x20, 0x43, 0xFC, 0x04, 0x00, 0x40, 0x7F, 0xE0, 0xC6, 0x08, 0x63, 0x04, 0x61, 0xC0, 0x00},
    /* U+53E8 */ {0x7F, 0xE5, 0x92, 0x59, 0x25, 0xB2, 0x5B, 0x25, 0xB2, 0x5A, 0x27, 0x22, 0x46, 0x20, 0xC6, 0x09, 0xC0, 0x00},
    /* U+53E9 */ {0x7B, 0xE4, 0xA2, 0x4A, 0x24, 0xA2, 0x4A, 0x24, 0xA2, 0x4A, 0x27, 0xA2, 0x42, 0xE0, 0x20, 0x02, 0x00, 0x00},
    /* U+53EA */ {0x3F, 0xC2, 0x04, 0x20, 0x42, 0x04, 0x20, 0x43, 0xFC, 0x00, 0x01, 0x98, 0x10, 0xC6, 0x06, 0x40, 0x20, 0x00},
    /* U+53EB */ {0x7A, 0x24, 0xA2, 0x4A, 0x24, 0xA2, 0x4A, 0x24, 0xA2, 0x4A, 0x67, 0xBE, 0x42, 0x20, 0x02, 0x00, 0x20, 0x00},
    /* U+53EC */ {0x7F, 0xE0, 0xC6, 0x08, 0x41, 0x84, 0x71, 0xCE, 0x00, 0x3F, 0xC2, 0x04, 0x20, 0x43, 0xFC, 0x20, 0x40, 0x00},
    /* U+53ED */ {0x7A, 0xC5, 0xAC, 0x5A, 0xC5, 0xA4, 0x5E, 0x45, 0xE4, 0x5E, 0x47, 0xC6, 0x44, 0x60, 0xC2, 0x08, 0x20, 0x00},
    /* U+53EE */ {0x7F, 0xF5, 0x88, 0x58, 0x85, 0x88, 0x58, 0x85, 0x88, 0x58, 0x87, 0x88, 0x40, 0x80, 0x08, 0x03, 0x80, 0x00},
    /* U+53EF */ {0xFF, 0xF0, 0x04, 0x00, 0x43, 0xE4, 0x22, 0x42, 0x24, 0x22, 0x43, 0xE4, 0x20, 0x40, 0x04, 0x03, 0xC0, 0x00},
    /* U+53F0 */ {0x09, 0x01, 0x18, 0x30, 0xC7, 0xFE, 0x00, 0x23, 0xFC, 0x20, 0x42, 0x04, 0x20, 0x43, 0xFC, 0x20, 0x40, 0x00},
    /* U+53F1 */ {0x7B, 0x05, 0xB2, 0x5B, 0x65, 0xBC, 0x5B, 0x85, 0xF0, 0x5F, 0x07, 0xB0, 0x43, 0x30, 0x33, 0x01, 0xE0, 0x00},
    /* U+53F2 */ {0x06, 0x07, 0xFE, 0x66, 0x66, 0x66, 0x7F, 0xE2, 0x60, 0x34, 0x01, 0xC0, 0x1C, 0x03, 0xF8, 0x61, 0xF0, 0x00},
    /* U+53F3 */ {0x0C, 0x07, 0xFE, 0x08, 0x01, 0x80, 0x10, 0x03, 0xFE, 0x70, 0x6D, 0x06, 0x10, 0x61, 0xFE, 0x10, 0x60, 0x00},
    /* U+53F5 */ {0x7F, 0xE4, 0x00, 0x4F, 0xC4, 0x8C, 0x48, 0xC4, 0x8C, 0x4F, 0xC4, 0x00, 0x40, 0x07, 0xFE, 0x00, 0x00, 0x00},
    /* U+53F6 */ {0x79, 0x85, 0x98, 0x59, 0x85, 0xFF, 0x59, 0x85, 0x98, 0x59, 0x87, 0x98, 0x41, 0x80, 0x18, 0x01, 0x80, 0x00},
    /* U+53F7 */ {0x20, 0x42, 0x04, 0x3F, 0xC0, 0x00, 0x7F, 0xE1, 0x00, 0x10, 0x03, 0xFC, 0x00, 0xC0, 0x08, 0x07, 0x80, 0x00},
    /* U+53F8 */ {0x7F, 0xE0, 0x06, 0x7F, 0xE0, 0x06, 0x3F, 0x62, 0x36, 0x23, 0x62, 0x36, 0x3F, 0x62, 0x06, 0x01, 0xE0, 0x00},
    /* U+53F9 */ {0x0F, 0xE7, 0x46, 0x56, 0x45, 0x64, 0x52, 0xC5, 0x38, 0x51, 0x87, 0x18, 0x43, 0xC0, 0xE6, 0x08, 0x20, 0x00},
    /* U+53FB */ {0x79, 0x05, 0x90, 0x5F, 0xE5, 0x92, 0x5B, 0x25, 0xB2, 0x5A, 0x27, 0xA2, 0x46, 0x20, 0xC6, 0x09, 0xC0, 0x00},
    /* U+53FC */ {0x7F, 0xE5, 0x82, 0x58, 0x25, 0x8A, 0x59, 0xA5, 0xB2, 0x5A, 0x27, 0xC6, 0x40, 0x60, 0x06, 0x01, 0xC0, 0x00},
    /* U+53FD */ {0x7F, 0xC5, 0xE4, 0x5E, 0x45, 0xE4, 0x5E, 0x45, 0xE4, 0x5E, 0x47, 0xC4, 0x44, 0x50, 0xC5, 0x08, 0x60, 0x00},
    /* U+5401 */ {0x77, 0xE5, 0x18, 0x51, 0x85, 0x18, 0x5F, 0xF5, 0x18, 0x51, 0x87, 0x18, 0x41, 0x80, 0x18, 0x03, 0x80, 0x00},
    /* U+5403 */ {0x72, 0x05, 0x7F, 0x54, 0x05, 0xC0, 0x57, 0xE5, 0x0C, 0x51, 0x87, 0x30, 0x46, 0x30, 0x43, 0x07, 0xE0, 0x00},
    /* U+5404 */ {0x1F, 0xC3, 0x88, 0x6D, 0x80, 0x70, 0x1F, 0x8F, 0x0F, 0x7F, 0xE3, 0x0C, 0x30, 0xC3, 0xFC, 0x30, 0xC0, 0x00},
    /* U+5406 */ {0x71, 0x05, 0x30, 0x52, 0x45, 0x64, 0x5F, 0xC5, 0x78, 0x51, 0x87, 0x34, 0x46, 0x60, 0x7E, 0x04, 0x20, 0x00},
    /* U+5408 */ {0x07, 0x01, 0x98, 0x30, 0xCF, 0xFF, 0x40, 0x00, 0x00, 0x3F, 0xC2, 0x04, 0x20, 0x43, 0xFC, 0x20, 0x40, 0x00},
    /* U+5409 */ {0x06, 0x07, 0xFE, 0x06, 0x00, 0x60, 0x7F, 0xE0, 0x00, 0x3F, 0xC2, 0x04, 0x20, 0x42, 0x04, 0x3F, 0xC0, 0x00},
    /* U+540A */ {0x3F, 0xC2, 0x04, 0x20, 0x43, 0xFC, 0x06, 0x07, 0xFE, 0x66, 0x26, 0x62, 0x66, 0x66, 0x6E, 0x06, 0x00, 0x00},
    /* U+540C */ {0x7F, 0xE4, 0x02, 0x5F, 0xA4, 0x02, 0x5F, 0xA5, 0x9A, 0x59, 0xA5, 0xFA, 0x58, 0x24, 0x02, 0x40, 0xE0, 0x00},
    /* U+540D */ {0x1F, 0xC3, 0x0C, 0x71, 0x80, 0xF0, 0x0E, 0x07, 0xFC, 0x70, 0x41, 0x04, 0x10, 0x41, 0xFC, 0x10, 0x40, 0x00},
    /* U+540E */ {0x3F, 0x82, 0x00, 0x20, 0x03, 0xFF, 0x20, 0x06, 0xFE, 0x78, 0x67, 0x86, 0x58, 0x6D, 0xFE, 0x48, 0x60, 0x00},
    /* U+540F */ {0x7F, 0xE0, 0x60, 0x7F, 0xE6, 0x66, 0x66, 0x67, 0xFE, 0x26, 0x03, 0x40, 0x1C, 0x03, 0xF0, 0x61, 0xF0, 0x00},
    /* U+5410 */ {0x71, 0x85, 0x18, 0x51, 0x85, 0xFE, 0x51, 0x85, 0x18, 0x51, 0x87, 0x18, 0x41, 0x80, 0xFF, 0x00, 0x00, 0x00},
    /* U+5411 */ {0x0C, 0x07, 0xFE, 0x40, 0x24, 0x02, 0x5F, 0xA5, 0x9A, 0x59, 0xA5, 0xFA, 0x58, 0x24, 0x02, 0x40, 0xE0, 0x00},
    /* U+5412 */ {0x7F, 0x85, 0x10, 0x51, 0x05, 0x10, 0x5F, 0xF5, 0xF0, 0x51, 0x07, 0x10, 0x41, 0x30, 0x13, 0x01, 0xE0, 0x00},
    /* U+5413 */ {0xFF, 0xFD, 0x10, 0xD1, 0x0D, 0x18, 0xD1, 0x6D, 0x12, 0xD1, 0x0F, 0x10, 0xC1, 0x00, 0x10, 0x01, 0x00, 0x00},
    /* U+5415 */ {0x3F, 0xC2, 0x04, 0x20, 0x43, 0xFC, 0x00, 0x00, 0x00, 0x7F, 0xE6, 0x06, 0x60, 0x67, 0xFE, 0x60, 0x60, 0x00},
    /* U+5416 */ {0x7C, 0x25, 0xA6, 0x5B, 0xC5, 0x98, 0x59, 0x85, 0x98, 0x59, 0x87, 0x98, 0x41, 0x80, 0x18, 0x01, 0x80, 0x00},
    /* U+5417 */ {0x77, 0xC5, 0x04, 0x56, 0x45, 0x64, 0x54, 0x45, 0x7E, 0x50, 0x27, 0xFE, 0x40, 0x20, 0x06, 0x00, 0xC0, 0x00},
    /* U+541B */ {0x3F, 0xC0, 0x44, 0xFF, 0xF0, 0x84, 0x3F, 0xC1, 0x00, 0x3F, 0xE7, 0x06, 0x50, 0x61, 0xFE, 0x10, 0x60, 0x00},
    /* U+541D */ {0x7F, 0xE1, 0x98, 0x0F, 0x80, 0xF0, 0x3F, 0xCF, 0x0F, 0x3F, 0xC2, 0x04, 0x20, 0x43, 0xFC, 0x20, 0x40, 0x00},
    /* U+541E */ {0x7F, 0xE0, 0x40, 0x0C, 0x0F, 0xFF, 0x19, 0x83, 0x0C, 0x7F, 0xF7, 0x0C, 0x30, 0xC3, 0xFC, 0x30, 0xC0, 0x00},
    /* U+541F */ {0x73, 0x85, 0x2C, 0x57, 0x65, 0xDB, 0x50, 0x85, 0x7E, 0x50, 0x47, 0x0C, 0x40, 0xC0, 0x08, 0x01, 0x80, 0x00},
    /* U+5420 */ {0x79, 0x65, 0x92, 0x59, 0x05, 0xFF, 0x59, 0x85, 0x98, 0x59, 0x87, 0xB8, 0x46, 0xC0, 0xC6, 0x08, 0x30, 0x00},
    /* U+5421 */ {0x74, 0x85, 0x48, 0x54, 0xA5, 0x7E, 0x54, 0x85, 0x48, 0x54, 0x87, 0x48, 0x44, 0xB0, 0x7B, 0x0C, 0xE0, 0x00},
    /* U+5423 */ {0x01, 0x87, 0x08, 0x52, 0x45, 0x32, 0x57, 0x25, 0xF2, 0x5F, 0x37, 0xB3, 0x4B, 0x20, 0x36, 0x01, 0xC0, 0x00},
    /* U+5426 */ {0x7F, 0xE0, 0x60, 0x0F, 0x83, 0xEE, 0xE6, 0x20, 0x60, 0x3F, 0xC2, 0x04, 0x20, 0x43, 0xFC, 0x20, 0x40, 0x00},
    /* U+5427 */ {0x77, 0xE5, 0x5A, 0x55, 0xA5, 0x5A, 0x55, 0xA5, 0x7E, 0x54, 0x27, 0x40, 0x44, 0x10, 0x43, 0x07, 0xE0, 0x00},
    /* U+5428 */ {0x71, 0x05, 0xFF, 0x51, 0x05, 0x52, 0x55, 0x25, 0x52, 0x57, 0xE7, 0x12, 0x41, 0x00, 0x1B, 0x01, 0xE0, 0x00},
    /* U+5429 */ {0x72, 0x45, 0x24, 0x56, 0x65, 0xC3, 0x5F, 0xE5, 0x36, 0x53, 0x67, 0x26, 0x46, 0x60, 0x44, 0x0D, 0xC0, 0x00},
    /* U+542B */ {0x0E, 0x01, 0x98, 0x76, 0xEC, 0x23, 0x3F, 0xC0, 0x18, 0x01, 0x03, 0xFC, 0x20, 0x43, 0xFC, 0x20, 0x40, 0x00},
    /* U+542C */ {0x73, 0x85, 0x60, 0x56, 0x05, 0x7F, 0x56, 0x45, 0x64, 0x56, 0x47, 0x64, 0x44, 0x40, 0xC4, 0x08, 0x40, 0x00},
    /* U+542D */ {0x71, 0x05, 0xFF, 0x50, 0x05, 0x00, 0x57, 0xC5, 0x64, 0x56, 0x47, 0x64, 0x44, 0x50, 0xC5, 0x08, 0x60, 0x00},
    /* U+542E */ {0x73, 0x05, 0x24, 0x56, 0x65, 0xFE, 0x5F, 0xA5, 0x28, 0x52, 0x87, 0x68, 0x46, 0xB0, 0xCB, 0x18, 0xE0, 0x00},
    /* U+542F */ {0x06, 0x03, 0xFE, 0x20, 0x62, 0x06, 0x3F, 0xE2, 0x00, 0x7F, 0xE7, 0x06, 0x50, 0x65, 0xFE, 0xD0, 0x60, 0x00},
    /* U+5431 */ {0x71, 0x85, 0xFF, 0x51, 0x85, 0x18, 0x57, 0xE5, 0x66, 0x52, 0x47, 0x38, 0x41, 0x80, 0x7E, 0x0C, 0x70, 0x00},
    /* U+5432 */ {0x77, 0x25, 0x12, 0x57, 0x25, 0x42, 0x54, 0x25, 0x7A, 0x51, 0xA7, 0x1A, 0x41, 0x20, 0x12, 0x07, 0x20, 0x00},
    /* U+5434 */ {0x3F, 0xC2, 0x04, 0x3F, 0xC0, 0x00, 0x7F, 0xE0, 0x60, 0x04, 0x0F, 0xFF, 0x0F, 0x01, 0x98, 0x70, 0xE0, 0x00},
    /* U+5435 */ {0x71, 0x05, 0x54, 0x55, 0x65, 0x52, 0x55, 0x25, 0x50, 0x51, 0x67, 0x1C, 0x40, 0x80, 0x30, 0x0E, 0x00, 0x00},
    /* U+5438 */ {0x7F, 0xC5, 0x6C, 0x56, 0x85, 0x6E, 0x56, 0x25, 0x66, 0x57, 0x47, 0x5C, 0x4D, 0xC0, 0xBE, 0x12, 0x30, 0x00},
    /* U+5439 */ {0x72, 0x05, 0x7F, 0x54, 0x25, 0xD2, 0x5D, 0xA5, 0x18, 0x51, 0x87, 0x38, 0x43, 0xC0, 0x66, 0x0C, 0x30, 0x00},
    /* U+543B */ {0x76, 0x05, 0x7E, 0x55, 0xE5, 0xFE, 0x5A, 0xA5, 0x2A, 0x55, 0xA7, 0xD2, 0x4B, 0x20, 0x26, 0x00, 0xC0, 0x00},
    /* U+543C */ {0x7F, 0xC5, 0x3C, 0x56, 0xC5, 0x6C, 0x57, 0xC5, 0xEC, 0x56, 0xC7, 0x6C, 0x46, 0xF0, 0x6F, 0x0C, 0xE0, 0x00},
    /* U+543E */ {0x0C, 0x00, 0x80, 0x3F, 0x80, 0x88, 0xFF, 0xF0, 0x00, 0x00, 0x03, 0xFC, 0x20, 0x43, 0xFC, 0x20, 0x40, 0x00},
    /* U+5440 */ {0x7F, 0xE5, 0x44, 0x54, 0x45, 0x44, 0x57, 0xF5, 0x0C, 0x51, 0xC7, 0x34, 0x46, 0x40, 0x84, 0x01, 0xC0, 0x00},
    /* U+5443 */ {0x74, 0x05, 0x40, 0x57, 0xE5, 0x72, 0x57, 0x25, 0x72, 0x5F, 0x67, 0xF0, 0x4F, 0x30, 0xB3, 0x19, 0xE0, 0x00},
    /* U+5446 */ {0x3F, 0xC2, 0x04, 0x20, 0x43, 0xFC, 0x06, 0x07, 0xFE, 0x0F, 0x01, 0xF8, 0x36, 0xCE, 0x67, 0x06, 0x00, 0x00},
    /* U+5448 */ {0x20, 0x42, 0x04, 0x20, 0x43, 0xFC, 0x00, 0x07, 0xFE, 0x06, 0x03, 0xFC, 0x06, 0x00, 0x60, 0x7F, 0xE0, 0x00},
    /* U+544A */ {0x32, 0x03, 0xFE, 0x62, 0x04, 0x20, 0x7F, 0xF0, 0x00, 0x3F, 0xC2, 0x04, 0x20, 0x43, 0xFC, 0x20, 0x40, 0x00},
    /* U+544B */ {0x01, 0x07, 0x10, 0x5F, 0xE5, 0x10, 0x51, 0x05, 0xFF, 0x51, 0x87, 0x38, 0x46, 0xC0, 0xC6, 0x18, 0x30, 0x00},
    /* U+5450 */ {0x71, 0x85, 0x18, 0x57, 0xE5, 0x5A, 0x55, 0xA5, 0x5A, 0x57, 0xE7, 0x66, 0x44, 0x20, 0x42, 0x04, 0xE0, 0x00},
    /* U+5452 */ {0x77, 0xE5, 0x10, 0x51, 0x05, 0x10, 0x5F, 0xF5, 0x38, 0x53, 0x87, 0x28, 0x46, 0x80, 0xCB, 0x18, 0xE0, 0x00},
    /* U+5453 */ {0x72, 0x45, 0xFF, 0x52, 0x45, 0x00, 0x57, 0xE5, 0x0C, 0x51, 0x87, 0x30, 0x46, 0x30, 0x42, 0x07, 0xE0, 0x00},
    /* U+5454 */ {0x71, 0x85, 0x18, 0x51, 0x85, 0xFF, 0x51, 0x85, 0x18, 0x53, 0x87, 0x2C, 0x46, 0x40, 0xF6, 0x18, 0xB0, 0x00},
    /* U+5455 */ {0x77, 0xE5, 0x42, 0x57, 0x65, 0x54, 0x55, 0xC5, 0x4C, 0x55, 0xC7, 0x56, 0x46, 0x20, 0x7F, 0x00, 0x00, 0x00},
    /* U+5456 */ {0x77, 0xF5, 0x48, 0x55, 0x85, 0x7E, 0x55, 0xA5, 0xDA, 0x5D, 0x27, 0xD2, 0x49, 0x20, 0xB6, 0x0A, 0xC0, 0x00},
    /* U+5457 */ {0x77, 0xE5, 0x42, 0x55, 0xA5, 0x5A, 0x55, 0xA5, 0x5A, 0x55, 0x27, 0x52, 0x43, 0x80, 0x66, 0x0C, 0x20, 0x00},
    /* U+5458 */ {0x3F, 0xC2, 0x04, 0x3F, 0xC0, 0x00, 0x3F, 0xE2, 0x06, 0x26, 0x62, 0x66, 0x2F, 0x41, 0x9C, 0x70, 0x60, 0x00},
    /* U+5459 */ {0x20, 0x42, 0x04, 0x3F, 0xC0, 0x60, 0x7F, 0xE4, 0x42, 0x4F, 0x25, 0x9A, 0x70, 0xA4, 0x02, 0x40, 0xE0, 0x00},
    /* U+545B */ {0x73, 0x85, 0x6C, 0x54, 0x65, 0xC3, 0x57, 0xC5, 0x44, 0x54, 0xC7, 0x58, 0x44, 0x20, 0x42, 0x07, 0xE0, 0x00},
    /* U+545C */ {0x77, 0xE5, 0x46, 0x54, 0x65, 0x4C, 0x54, 0x05, 0x7E, 0x50, 0x27, 0xFE, 0x40, 0x20, 0x02, 0x00, 0xE0, 0x00},
    /* U+5462 */ {0x77, 0xE5, 0x42, 0x57, 0xE5, 0x50, 0x55, 0x25, 0x56, 0x55, 0xC7, 0xD0, 0x49, 0x20, 0x93, 0x19, 0xE0, 0x00},
    /* U+5464 */ {0x73, 0x85, 0x2C, 0x56, 0x65, 0xD3, 0x50, 0x85, 0x7E, 0x50, 0x47, 0x0C, 0x43, 0x80, 0x18, 0x00, 0x80, 0x00},
    /* U+5466 */ {0x74, 0x85, 0x48, 0x5D, 0xE5, 0xAA, 0x5E, 0xA5, 0x4A, 0x56, 0xA7, 0xFA, 0x5F, 0xA0, 0x12, 0x03, 0x60, 0x00},
    /* U+5468 */ {0x3F, 0xE2, 0x66, 0x3F, 0xE2, 0x66, 0x7F, 0xE6, 0x06, 0x7F, 0xE7, 0x9E, 0x5F, 0xE5, 0x86, 0xC0, 0xE0, 0x00},
    /* U+5471 */ {0x7F, 0xC5, 0xD4, 0x5D, 0x45, 0xD4, 0x5D, 0x45, 0xD6, 0x5D, 0x67, 0xBA, 0x4A, 0xA0, 0xBF, 0x12, 0x50, 0x00},
    /* U+5472 */ {0x72, 0x85, 0x28, 0x5A, 0xA5, 0xBE, 0x5A, 0xC5, 0xA8, 0x5A, 0x87, 0xA8, 0x4A, 0xB0, 0xFB, 0x1C, 0xE0, 0x00},
    /* U+5473 */ {0x71, 0x85, 0x7E, 0x51, 0x85, 0x18, 0x5F, 0xF5, 0x18, 0x53, 0xC7, 0x7C, 0x45, 0xE0, 0x9B, 0x01, 0x80, 0x00},
    /* U+5475 */ {0x7F, 0xF5, 0x06, 0x57, 0xE5, 0x5E, 0x55, 0xE5, 0x5E, 0x57, 0xE7, 0x46, 0x40, 0x60, 0x06, 0x01, 0xE0, 0x00},
    /* U+5476 */ {0x75, 0xE5, 0x4A, 0x5F, 0xA5, 0xFA, 0x5A, 0xA5, 0xAE, 0x7E, 0xC4, 0x6C, 0x0F, 0xE1, 0x9A, 0x11, 0x30, 0x00},
    /* U+5477 */ {0x77, 0xE5, 0x5A, 0x55, 0xA5, 0x7E, 0x55, 0xA5, 0x5A, 0x57, 0xE7, 0x5A, 0x41, 0x80, 0x18, 0x01, 0x80, 0x00},
    /* U+5478 */ {0x7F, 0xF5, 0x18, 0x51, 0x85, 0x3C, 0x53, 0xC5, 0x76, 0x5D, 0x37, 0x10, 0x41, 0x00, 0x10, 0x0F, 0xF0, 0x00},
    /* U+547B */ {0x71, 0x85, 0x7E, 0x55, 0xA5, 0x5A, 0x57, 0xE5, 0x5A, 0x57, 0xE7, 0x5A, 0x41, 0x80, 0x18, 0x01, 0x80, 0x00},
    /* U+547C */ {0x7F, 0xC5, 0x5A, 0x55, 0xE5, 0x7C, 0x55, 0xC5, 0xFF, 0x51, 0x87, 0x18, 0x41, 0x80, 0x18, 0x07, 0x00, 0x00},
    /* U+547D */ {0x0F, 0x01, 0x9C, 0xFF, 0xF4, 0x02, 0x7B, 0xE6, 0xB6, 0x6B, 0x66, 0xB6, 0x7B, 0xE6, 0x30, 0x03, 0x00, 0x00},
    /* U+5480 */ {0x77, 0xE5, 0x46, 0x54, 0x65, 0x7E, 0x54, 0x65, 0x46, 0x57, 0xE7, 0x46, 0x44, 0x60, 0x46, 0x0F, 0xF0, 0x00},
    /* U+5482 */ {0x7F, 0xE5, 0xC8, 0x5F, 0xE5, 0xEA, 0x5E, 0xA5, 0xEA, 0x5E, 0xA7, 0xEE, 0x4C, 0x80, 0xC0, 0x0F, 0xF0, 0x00},
    /* U+5484 */ {0x75, 0xA5, 0x5A, 0x55, 0xA5, 0x5A, 0x57, 0xE5, 0x18, 0x5D, 0xA7, 0xDA, 0x4D, 0xA0, 0xFE, 0x00, 0x20, 0x00},
    /* U+5486 */ {0x77, 0xE5, 0x42, 0x5C, 0x25, 0xFA, 0x54, 0xA5, 0x4A, 0x57, 0xA7, 0x4E, 0x44, 0x00, 0x63, 0x03, 0xE0, 0x00},
    /* U+548B */ {0x7A, 0x05, 0xFF, 0x5D, 0x05, 0xD0, 0x59, 0xE5, 0x90, 0x59, 0x07, 0x9F, 0x41, 0x00, 0x10, 0x01, 0x00, 0x00},
    /* U+548C */ {0x73, 0xE1, 0x22, 0x12, 0x2F, 0xE2, 0x32, 0x23, 0xA2, 0x76, 0x2D, 0x22, 0x93, 0xE1, 0x22, 0x10, 0x00, 0x00},
    /* U+548E */ {0x3D, 0x86, 0x5C, 0x7D, 0x21, 0x90, 0x7F, 0xEC, 0x00, 0x3F, 0xC2, 0x04, 0x20, 0x43, 0xFC, 0x20, 0x40, 0x00},
    /* U+548F */ {0x73, 0x85, 0x08, 0x57, 0x05, 0x1A, 0x5F, 0xE5, 0x7C, 0x57, 0xC7, 0x54, 0x4D, 0x61, 0x93, 0x03, 0x00, 0x00},
    /* U+5490 */ {0x76, 0x65, 0x66, 0x57, 0xF5, 0xC6, 0x5D, 0x65, 0x56, 0x55, 0xE7, 0x4E, 0x44, 0x60, 0x46, 0x04, 0xC0, 0x00},
    /* U+5492 */ {0x7F, 0xE4, 0xF2, 0x4F, 0x27, 0xBE, 0x00, 0x01, 0xF8, 0x11, 0x81, 0x18, 0x31, 0xB6, 0x1B, 0xC0, 0xE0, 0x00},
    /* U+5494 */ {0x71, 0x05, 0x1E, 0x51, 0x05, 0x10, 0x5F, 0xF5, 0x10, 0x51, 0x87, 0x1C, 0x41, 0x20, 0x10, 0x01, 0x00, 0x00},
    /* U+5495 */ {0x79, 0x85, 0x98, 0x5F, 0xF5, 0x98, 0x59, 0x85, 0xFE, 0x5E, 0x27, 0xE2, 0x46, 0x20, 0x7E, 0x06, 0x20, 0x00},
    /* U+5496 */ {0x74, 0xE5, 0x4A, 0x5F, 0xA5, 0x5A, 0x55, 0xA5, 0xFA, 0x7F, 0xA4, 0xBA, 0x4B, 0xE1, 0xAA, 0x16, 0xA0, 0x00},
    /* U+5499 */ {0x72, 0x45, 0x20, 0x5F, 0xF5, 0x28, 0x52, 0xA5, 0x6E, 0x56, 0xC7, 0x4C, 0x4D, 0x80, 0xBB, 0x1A, 0xE0, 0x00},
    /* U+549A */ {0x77, 0xE5, 0x64, 0x5F, 0xC5, 0x18, 0x53, 0xC5, 0xE7, 0x53, 0x87, 0x08, 0x46, 0x00, 0x3C, 0x00, 0xC0, 0x00},
    /* U+549B */ {0x01, 0x87, 0x7E, 0x54, 0x25, 0x00, 0x57, 0xF5, 0x18, 0x51, 0x85, 0x18, 0x71, 0x84, 0x18, 0x03, 0x00, 0x00},
    /* U+549D */ {0x74, 0x45, 0x4C, 0x5F, 0xA5, 0xFE, 0x56, 0x45, 0x44, 0x5C, 0x87, 0xFE, 0x40, 0x01, 0xFF, 0x00, 0x00, 0x00},
    /* U+54A3 */ {0x75, 0xA5, 0x5E, 0x53, 0xC5, 0x18, 0x5F, 0xF5, 0x2C, 0x52, 0xC7, 0x2C, 0x46, 0xD0, 0xCF, 0x08, 0x60, 0x00},
    /* U+54A4 */ {0x71, 0x85, 0xFE, 0x5C, 0x65, 0x78, 0x57, 0x05, 0x10, 0x57, 0xE7, 0xF0, 0x41, 0x00, 0x13, 0x01, 0xE0, 0x00},
    /* U+54A6 */ {0x7F, 0xE5, 0x10, 0x57, 0xE5, 0x12, 0x57, 0xE5, 0xD0, 0x7F, 0xE4, 0x3A, 0x42, 0xE0, 0xE6, 0x08, 0x30, 0x00},
    /* U+54A7 */ {0x7F, 0x25, 0x4E, 0x57, 0xE5, 0x5E, 0x5D, 0xE5, 0xFE, 0x5E, 0xE7, 0x2E, 0x46, 0x20, 0xC2, 0x08, 0x60, 0x00},
    /* U+54A8 */ {0x37, 0xE0, 0xD2, 0x1B, 0x67, 0x38, 0x4E, 0xE0, 0xC2, 0x3F, 0xC2, 0x04, 0x20, 0x42, 0x04, 0x3F, 0xC0, 0x00},
    /* U+54A9 */ {0x72, 0x45, 0x7E, 0x51, 0x85, 0x18, 0x57, 0xE5, 0x18, 0x51, 0x87, 0xFF, 0x41, 0x80, 0x18, 0x01, 0x80, 0x00},
    /* U+54AA */ {0x75, 0x25, 0x56, 0x57, 0x45, 0x14, 0x5F, 0xF5, 0x38, 0x73, 0xC4, 0x74, 0x4D, 0x61, 0x93, 0x01, 0x00, 0x00},
    /* U+54AB */ {0x7F, 0xE6, 0x72, 0x67, 0x26, 0x72, 0x7F, 0xE5, 0x14, 0x59, 0x64, 0xB2, 0x4E, 0x0C, 0x70, 0xC3, 0xF0, 0x00},
    /* U+54AC */ {0x71, 0x85, 0xFF, 0x52, 0x45, 0x66, 0x5C, 0x35, 0xE4, 0x52, 0xC7, 0x18, 0x41, 0x80, 0x6C, 0x0C, 0x70, 0x00},
    /* U+54AD */ {0x71, 0x85, 0xFF, 0x51, 0x85, 0x18, 0x57, 0xE5, 0x00, 0x57, 0xE7, 0x42, 0x44, 0x20, 0x7E, 0x04, 0x20, 0x00},
    /* U+54AF */ {0x73, 0xE5, 0x64, 0x5F, 0xC5, 0x98, 0x53, 0xC5, 0xE7, 0x5F, 0xE7, 0x42, 0x44, 0x20, 0x42, 0x07, 0xE0, 0x00},
    /* U+54B1 */ {0x71, 0x05, 0x7E, 0x54, 0x25, 0x42, 0x57, 0xE5, 0x42, 0x57, 0xE7, 0x42, 0x44, 0x20, 0x7E, 0x04, 0x20, 0x00},
    /* U+54B3 */ {0x71, 0x85, 0xFF, 0x53, 0x05, 0x64, 0x57, 0xC5, 0x1A, 0x53, 0x67, 0xCC, 0x41, 0xC0, 0x76, 0x0C, 0x20, 0x00},
    /* U+54B4 */ {0x72, 0x05, 0xFF, 0x56, 0x85, 0x48, 0x55, 0xA5, 0x7A, 0x5E, 0xE7, 0x9C, 0x59, 0x40, 0x36, 0x06, 0x20, 0x00},
    /* U+54B8 */ {0x01, 0x67, 0xFF, 0x61, 0x07, 0xF2, 0x61, 0x67, 0xFC, 0x73, 0xC5, 0x28, 0x5F, 0x95, 0x3F, 0xC6, 0x60, 0x00},
    /* U+54BB */ {0x74, 0x85, 0x48, 0x5F, 0xF5, 0xCC, 0x5D, 0xC5, 0x5C, 0x55, 0xE7, 0x7A, 0x46, 0xB0, 0x48, 0x04, 0x80, 0x00},
    /* U+54BD */ {0x7F, 0xE5, 0xD2, 0x5D, 0x25, 0xFE, 0x5D, 0x25, 0xDA, 0x5D, 0xA7, 0xFE, 0x4E, 0x60, 0xFE, 0x0C, 0x20, 0x00},
    /* U+54BF */ {0x77, 0xE5, 0x4A, 0x5C, 0xA5, 0xFF, 0x5C, 0xA5, 0x4A, 0x77, 0xE4, 0x5A, 0x05, 0x00, 0x50, 0x06, 0x00, 0x00},
    /* U+54C0 */ {0x7F, 0xE0, 0x00, 0x3F, 0xC2, 0x0C, 0x20, 0xC3, 0xFC, 0x1A, 0x67, 0x1C, 0xD1, 0x81, 0xEE, 0x18, 0x20, 0x00},
    /* U+54C1 */ {0x3F, 0xC3, 0x0C, 0x30, 0xC1, 0xFC, 0x00, 0x07, 0xBE, 0x4B, 0x24, 0xB2, 0x4B, 0x27, 0xBE, 0x4B, 0x20, 0x00},
    /* U+54C2 */ {0x7F, 0xF5, 0x38, 0x57, 0xE5, 0x7A, 0x57, 0xA5, 0x6A, 0x56, 0xE7, 0x42, 0x44, 0x20, 0x7E, 0x04, 0x20, 0x00},
    /* U+54C4 */ {0x72, 0x45, 0x24, 0x5F, 0xF5, 0x24, 0x52, 0x45, 0x24, 0x5F, 0xF7, 0x00, 0x46, 0x40, 0xC2, 0x08, 0x30, 0x00},
    /* U+54C6 */ {0x73, 0xE5, 0xE4, 0x53, 0xC5, 0x38, 0x5F, 0x85, 0x1F, 0x56, 0x27, 0xD6, 0x41, 0xC0, 0x38, 0x0E, 0x00, 0x00},
    /* U+54C7 */ {0x71, 0x85, 0x7E, 0x51, 0x85, 0x18, 0x5F, 0xE5, 0x00, 0x51, 0x87, 0xFE, 0x41, 0x80, 0x18, 0x0F, 0xF0, 0x00},
    /* U+54C8 */ {0x73, 0x85, 0x2C, 0x56, 0x65, 0xFF, 0x50, 0x05, 0x00, 0x57, 0xE7, 0x46, 0x44, 0x60, 0x7E, 0x04, 0x60, 0x00},
    /* U+54C9 */ {0x7D, 0x61, 0x12, 0x11, 0x0F, 0xFF, 0x01, 0x27, 0xDE, 0x45, 0xC4, 0x48, 0x7D, 0xB4, 0x3F, 0x02, 0x60, 0x00},
    /* U+54CC */ {0x77, 0x85, 0x44, 0x57, 0xC5, 0x78, 0x57, 0xA5, 0xFE, 0x5F, 0x47, 0xF4, 0x4B, 0x60, 0xBA, 0x1B, 0x00, 0x00},
    /* U+54CD */ {0x71, 0x05, 0x7E, 0x54, 0x25, 0x5A, 0x57, 0xE5, 0x7E, 0x57, 0xE7, 0x7E, 0x46, 0x20, 0x42, 0x04, 0x60, 0x00},
    /* U+54CE */ {0x7F, 0xF5, 0x24, 0x52, 0x45, 0x46, 0x56, 0x45, 0x2C, 0x73, 0x84, 0x18, 0x03, 0x80, 0xEE, 0x08, 0x30, 0x00},
    /* U+54CF */ {0x77, 0xE5, 0x46, 0x57, 0xE5, 0x46, 0x57, 0xE5, 0x50, 0x55, 0x67, 0x5C, 0x44, 0xC0, 0x76, 0x0E, 0x20, 0x00},
    /* U+54D0 */ {0x77, 0xE5, 0x40, 0x57, 0xE5, 0x48, 0x57, 0xE5, 0x48, 0x54, 0x87, 0x7E, 0x44, 0x00, 0x7F, 0x00, 0x00, 0x00},
    /* U+54D1 */ {0x7F, 0xE5, 0x28, 0x52, 0x85, 0xAA, 0x5E, 0xA5, 0xEA, 0x56, 0xE7, 0x6C, 0x42, 0x81, 0xFF, 0x00, 0x00, 0x00},
    /* U+54D2 */ {0x7C, 0xC5, 0x4C, 0x53, 0xF5, 0x0C, 0x5C, 0xC5, 0x4C, 0x55, 0xE7, 0x52, 0x47, 0x20, 0xE0, 0x0B, 0xF0, 0x00},
    /* U+54D3 */ {0x73, 0xE5, 0xF6, 0x51, 0xC5, 0x7A, 0x54, 0xE5, 0x00, 0x5F, 0xF7, 0x28, 0x46, 0x80, 0x6B, 0x0C, 0xE0, 0x00},
    /* U+54D4 */ {0x74, 0xA5, 0x7C, 0x54, 0x85, 0x59, 0x5F, 0xF5, 0x40, 0x71, 0x07, 0xFE, 0x41, 0x00, 0x10, 0x01, 0x00, 0x00},
    /* U+54D5 */ {0x75, 0xA5, 0x5A, 0x57, 0xE5, 0x30, 0x53, 0xE5, 0x62, 0x5C, 0x67, 0x1C, 0x41, 0x80, 0x38, 0x0E, 0x00, 0x00},
    /* U+54D7 */ {0x76, 0xA5, 0x6C, 0x5E, 0xC5, 0xF8, 0x56, 0xB5, 0x6E, 0x51, 0x87, 0xFF, 0x41, 0x80, 0x18, 0x01, 0x80, 0x00},
    /* U+54D9 */ {0x73, 0x85, 0x2C, 0x56, 0x65, 0xFE, 0x50, 0x05, 0x00, 0x57, 0xE7, 0x30, 0x42, 0x40, 0x7E, 0x0F, 0x20, 0x00},
    /* U+54DA */ {0x72, 0xC5, 0x6C, 0x56, 0xC5, 0xD6, 0x51, 0x05, 0xFE, 0x53, 0x87, 0x3C, 0x47, 0x60, 0xD3, 0x01, 0x00, 0x00},
    /* U+54DC */ {0x7F, 0xF5, 0x24, 0x53, 0xC5, 0x18, 0x57, 0xC5, 0xE7, 0x52, 0x47, 0x24, 0x46, 0x40, 0x44, 0x0C, 0x40, 0x00},
    /* U+54DD */ {0x71, 0x85, 0xFF, 0x59, 0xB5, 0x38, 0x52, 0xA5, 0x6E, 0x5E, 0xC7, 0xA4, 0x42, 0x60, 0x7A, 0x06, 0x00, 0x00},
    /* U+54DE */ {0x72, 0x45, 0x7E, 0x57, 0xE5, 0x58, 0x55, 0x85, 0x7E, 0x5D, 0x84, 0xFF, 0x41, 0x80, 0x18, 0x01, 0x80, 0x00},
    /* U+54DF */ {0x74, 0x87, 0x5E, 0x7B, 0xF7, 0xF2, 0x74, 0xA7, 0x4A, 0x7F, 0xE7, 0xC6, 0x47, 0x20, 0xE2, 0x00, 0xE0, 0x00},
    /* U+54E5 */ {0x7F, 0xE3, 0xF4, 0x23, 0x43, 0xF4, 0x00, 0x4F, 0xFF, 0x00, 0x43, 0xF4, 0x3F, 0x42, 0x04, 0x01, 0xC0, 0x00},
    /* U+54E6 */ {0x7E, 0xA5, 0x6B, 0x56, 0x85, 0xFF, 0x56, 0xA5, 0x7E, 0x5F, 0xE7, 0xEC, 0x46, 0xD0, 0x7D, 0x0F, 0x60, 0x00},
    /* U+54E7 */ {0x01, 0x07, 0x7E, 0x51, 0x05, 0xFF, 0x52, 0x85, 0x6E, 0x5E, 0xA7, 0xAA, 0x4A, 0xA0, 0x68, 0x0D, 0x80, 0x00},
    /* U+54E8 */ {0x7D, 0xA5, 0xFE, 0x59, 0x85, 0xFE, 0x5C, 0x25, 0xFE, 0x5C, 0x27, 0xFE, 0x44, 0x20, 0x42, 0x04, 0xE0, 0x00},
    /* U+54E9 */ {0x77, 0xE5, 0x5A, 0x57, 0xE5, 0x5A, 0x55, 0xA5, 0x7E, 0x51, 0x87, 0xFE, 0x41, 0x80, 0x18, 0x0F, 0xF0, 0x00},
    /* U+54EA */ {0x7F, 0xF7, 0x7A, 0x77, 0xA7, 0xFE, 0x77, 0xE7, 0x7A, 0x7F, 0xA7, 0xFA, 0x4B, 0xE1, 0xB8, 0x16, 0x80, 0x00},
    /* U+54ED */ {0x7B, 0xE4, 0xB2, 0x4B, 0x27, 0xBE, 0x06, 0xC0, 0x64, 0xFF, 0xF0, 0xF0, 0x09, 0x03, 0x8C, 0xE0, 0x70, 0x00},
    /* U+54EE */ {0x77, 0xE5, 0x16, 0x51, 0x45, 0xFF, 0x51, 0x85, 0x7C, 0x5D, 0x87, 0xFF, 0x41, 0x80, 0x18, 0x03, 0x00, 0x00},
    /* U+54F2 */ {0x7F, 0x81, 0x20, 0x3F, 0xFF, 0x24, 0x16, 0x47, 0x44, 0x00, 0x03, 0xFC, 0x20, 0x42, 0x04, 0x3F, 0xC0, 0x00},
    /* U+54F3 */ {0x75, 0xC5, 0xF8, 0x5F, 0x85, 0x5F, 0x55, 0xE5, 0x7E, 0x5F, 0x67, 0x56, 0x45, 0x60, 0x56, 0x0F, 0x60, 0x00},
    /* U+54FA */ {0x71, 0x25, 0xFF, 0x51, 0x05, 0xFE, 0x5D, 0x25, 0xFE, 0x7D, 0x24, 0x7E, 0x05, 0x20, 0x52, 0x05, 0x60, 0x00},
    /* U+54FC */ {0x7F, 0xF5, 0x00, 0x57, 0xE5, 0x46, 0x57, 0xE5, 0x7E, 0x70, 0xC4, 0x18, 0x01, 0x80, 0x18, 0x03, 0x00, 0x00},
    /* U+54FD */ {0x7F, 0xF5, 0xFE, 0x5D, 0x25, 0xFE, 0x5D, 0x25, 0xFE, 0x55, 0x07, 0x70, 0x47, 0x00, 0xFE, 0x18, 0xF0, 0x00},
    /* U+54FF */ {0x7F, 0xE2, 0x72, 0x27, 0x26, 0xFE, 0xC0, 0x0F, 0xFE, 0x3E, 0xC2, 0x6C, 0x26, 0xC3, 0xEC, 0x21, 0xC0, 0x00},
    /* U+5501 */ {0x71, 0x85, 0xFF, 0x50, 0x05, 0x7E, 0x50, 0x05, 0x7E, 0x50, 0x07, 0x7E, 0x44, 0x20, 0x42, 0x07, 0xE0, 0x00},
    /* U+5506 */ {0x76, 0x45, 0xFE, 0x57, 0xA5, 0x64, 0x5C, 0x25, 0xB2, 0x57, 0xE7, 0xEC, 0x43, 0x80, 0x7C, 0x0C, 0x70, 0x00},
    /* U+5507 */ {0x7F, 0xE7, 0xFC, 0x60, 0x07, 0xFE, 0x6B, 0x47, 0xFC, 0x78, 0x77, 0xFC, 0x58, 0x45, 0x84, 0xDF, 0xC0, 0x00},
    /* U+5509 */ {0x72, 0x45, 0x7E, 0x57, 0xA5, 0x60, 0x57, 0xE5, 0x90, 0x5F, 0xF7, 0x18, 0x43, 0xC0, 0x66, 0x0C, 0x30, 0x00},
    /* U+550F */ {0x73, 0xC5, 0xFE, 0x5F, 0x25, 0xFF, 0x56, 0x05, 0x78, 0x5F, 0xE7, 0xDA, 0x45, 0xA0, 0x5E, 0x01, 0x80, 0x00},
    /* U+5510 */ {0x7F, 0xE6, 0x20, 0x7F, 0xE6, 0x26, 0x7F, 0xE5, 0xFE, 0x42, 0x05, 0xFE, 0x50, 0x65, 0x06, 0xDF, 0xE0, 0x00},
    /* U+5511 */ {0x75, 0x65, 0x56, 0x55, 0x45, 0x7E, 0x5F, 0xE5, 0xB9, 0x51, 0x07, 0x7E, 0x41, 0x00, 0x10, 0x0F, 0xF0, 0x00},
    /* U+5514 */ {0x73, 0x05, 0x30, 0x57, 0xE5, 0x24, 0x5F, 0xF5, 0x00, 0x57, 0xE7, 0x42, 0x44, 0x20, 0x7E, 0x04, 0x20, 0x00},
    /* U+551B */ {0x7F, 0xE5, 0x18, 0x57, 0xE5, 0x18, 0x5F, 0xE5, 0x30, 0x57, 0xE7, 0xFC, 0x49, 0x80, 0x7C, 0x0C, 0x70, 0x00},
    /* U+5520 */ {0x7F, 0xF5, 0x24, 0x52, 0x05, 0xFF, 0x59, 0x35, 0x10, 0x57, 0xE7, 0x36, 0x42, 0x60, 0x66, 0x0D, 0xC0, 0x00},
    /* U+5522 */ {0x75, 0x65, 0x7C, 0x57, 0xE5, 0x46, 0x55, 0x65, 0x56, 0x55, 0x67, 0x56, 0x47, 0xA0, 0x6E, 0x0C, 0x30, 0x00},
    /* U+5523 */ {0x77, 0xE5, 0x42, 0x57, 0xE5, 0x42, 0x57, 0xE5, 0x30, 0x53, 0xF7, 0xF8, 0x43, 0x24, 0x33, 0x01, 0xE0, 0x00},
    /* U+5524 */ {0x77, 0xC5, 0x4C, 0x5F, 0xE5, 0x56, 0x55, 0x65, 0x56, 0x5F, 0xE7, 0x38, 0x42, 0xC0, 0xC6, 0x18, 0x30, 0x00},
    /* U+5527 */ {0x7F, 0xE5, 0x9A, 0x5F, 0xA5, 0x9A, 0x5F, 0xA5, 0x8A, 0x7A, 0xA4, 0xAA, 0x4F, 0xE0, 0x98, 0x00, 0x80, 0x00},
    /* U+552A */ {0x7F, 0xE5, 0x10, 0x57, 0xE5, 0xFF, 0x57, 0x45, 0x56, 0x7B, 0xD4, 0x10, 0x4F, 0xE0, 0x10, 0x01, 0x00, 0x00},
    /* U+552C */ {0x71, 0xE5, 0x10, 0x5F, 0xF5, 0xD2, 0x5F, 0xC5, 0xDE, 0x5C, 0x07, 0xFC, 0x4B, 0x40, 0xA7, 0x1E, 0x60, 0x00},
    /* U+552E */ {0x3F, 0xE6, 0x20, 0xFF, 0xC2, 0x20, 0x3F, 0xC3, 0xFE, 0x20, 0x03, 0xFC, 0x20, 0x43, 0xFC, 0x20, 0x40, 0x00},
    /* U+552F */ {0x72, 0xC5, 0x7E, 0x5C, 0x85, 0xC8, 0x57, 0xE5, 0x48, 0x57, 0xE7, 0x48, 0x44, 0x80, 0x7F, 0x04, 0x00, 0x00},
    /* U+5530 */ {0x79, 0xE7, 0x9E, 0x7F, 0xE7, 0xAE, 0x7F, 0xE7, 0xFE, 0x7F, 0xE7, 0xFE, 0x5F, 0xA1, 0x72, 0x12, 0x60, 0x00},
    /* U+5531 */ {0x74, 0x65, 0x7E, 0x54, 0x65, 0x7E, 0x50, 0x05, 0xFE, 0x5C, 0x27, 0xFE, 0x4C, 0x20, 0xC2, 0x0F, 0xE0, 0x00},
    /* U+5533 */ {0x77, 0xE5, 0x42, 0x54, 0x25, 0x7E, 0x54, 0x65, 0x4A, 0x5F, 0xF7, 0xD8, 0x49, 0xC0, 0xB6, 0x16, 0x30, 0x00},
    /* U+5537 */ {0x7F, 0xF5, 0x34, 0x56, 0x65, 0xFE, 0x57, 0xE5, 0x46, 0x57, 0xE7, 0x46, 0x47, 0xE0, 0x46, 0x04, 0xC0, 0x00},
    /* U+553C */ {0x7F, 0xE5, 0x64, 0x52, 0xC5, 0xFF, 0x51, 0x05, 0x30, 0x5F, 0xF7, 0x6C, 0x47, 0xC0, 0x3C, 0x0E, 0x60, 0x00},
    /* U+553E */ {0x77, 0xC5, 0x10, 0x5F, 0xE5, 0x54, 0x55, 0x45, 0xFF, 0x55, 0x47, 0xFE, 0x41, 0x00, 0x10, 0x0F, 0xE0, 0x00},
    /* U+553F */ {0x77, 0xE5, 0xFE, 0x5A, 0xA5, 0x6A, 0x55, 0x25, 0x9E, 0x51, 0x07, 0xFA, 0x4E, 0xA0, 0xA7, 0x03, 0xC0, 0x00},
    /* U+5541 */ {0x7F, 0xE5, 0xD2, 0x5F, 0xE5, 0xD2, 0x5F, 0xE5, 0xC2, 0x5B, 0xE7, 0xAE, 0x4B, 0xE1, 0xA2, 0x10, 0x60, 0x00},
    /* U+5543 */ {0x77, 0xE5, 0x78, 0x5F, 0xF5, 0x00, 0x57, 0xE5, 0x46, 0x57, 0xE7, 0x46, 0x47, 0xE0, 0x46, 0x04, 0xE0, 0x00},
    /* U+5544 */ {0x7F, 0xF5, 0x30, 0x57, 0x25, 0xD6, 0x5F, 0xC5, 0x7C, 0x5F, 0xE7, 0x3A, 0x4E, 0xB0, 0x98, 0x03, 0x00, 0x00},
    /* U+5546 */ {0x7F, 0xE1, 0x88, 0x19, 0x87, 0xFE, 0x69, 0x27, 0x9E, 0x7F, 0xE6, 0x92, 0x6F, 0x26, 0x82, 0x60, 0xE0, 0x00},
    /* U+5549 */ {0x74, 0x45, 0x44, 0x5F, 0xE5, 0x6C, 0x56, 0xE5, 0xFE, 0x5D, 0xE7, 0xDF, 0x57, 0x50, 0x44, 0x04, 0x40, 0x00},
    /* U+554A */ {0x7B, 0xF7, 0xE2, 0x7D, 0xE7, 0xD6, 0x7F, 0x67, 0xB6, 0x7B, 0x67, 0xFE, 0x49, 0x20, 0x82, 0x08, 0xE0, 0x00},
    /* U+5550 */ {0x71, 0x85, 0xFE, 0x52, 0x45, 0x6C, 0x56, 0xE5, 0x9A, 0x51, 0x07, 0xFF, 0x41, 0x00, 0x10, 0x01, 0x00, 0x00},
    /* U+5555 */ {0x74, 0x05, 0xFE, 0x5E, 0x25, 0x7A, 0x5F, 0x25, 0xFE, 0x73, 0x27, 0x7E, 0x47, 0xE0, 0x02, 0x00, 0xE0, 0x00},
    /* U+5556 */ {0x75, 0x25, 0xD6, 0x5B, 0xC5, 0x66, 0x5D, 0x25, 0x52, 0x7D, 0xA4, 0x9C, 0x03, 0xC0, 0xE6, 0x18, 0x30, 0x00},
    /* U+555C */ {0x7F, 0xE5, 0xAA, 0x56, 0xE5, 0xFE, 0x58, 0x05, 0xFE, 0x52, 0xA7, 0xEE, 0x46, 0xC0, 0xFE, 0x19, 0x30, 0x00},
    /* U+5561 */ {0x73, 0xC5, 0xFF, 0x53, 0xC5, 0x3C, 0x5F, 0xE5, 0x3C, 0x53, 0xC7, 0xFF, 0x43, 0xC0, 0x3C, 0x03, 0xC0, 0x00},
    /* U+5564 */ {0x77, 0xE5, 0x5A, 0x57, 0xE5, 0x52, 0x57, 0xE5, 0x38, 0x76, 0x84, 0xFF, 0x00, 0x80, 0x08, 0x00, 0x80, 0x00},
    /* U+5565 */ {0x73, 0x85, 0x6C, 0x5C, 0x75, 0xBC, 0x51, 0x05, 0xFE, 0x51, 0x07, 0x7E, 0x44, 0x60, 0x46, 0x07, 0xE0, 0x00},
    /* U+5566 */ {0x74, 0xC7, 0x7E, 0x7E, 0x07, 0x52, 0x75, 0x27, 0x7A, 0x7D, 0xE7, 0x4E, 0x44, 0xC0, 0x4C, 0x0F, 0xF0, 0x00},
    /* U+5567 */ {0x7F, 0xE5, 0x18, 0x57, 0xE5, 0xFF, 0x50, 0x05, 0x7E, 0x55, 0x27, 0x52, 0x45, 0x20, 0x3C, 0x0E, 0x60, 0x00},
    /* U+556A */ {0x74, 0xC7, 0x5E, 0x7F, 0x27, 0x52, 0x75, 0x27, 0xFE, 0x7D, 0x27, 0x52, 0x45, 0x20, 0x5E, 0x0D, 0x20, 0x00},
    /* U+556C */ {0x7F, 0xE2, 0x6C, 0x16, 0x8F, 0xFF, 0x00, 0x03, 0xFC, 0x2F, 0x42, 0x94, 0x2F, 0x42, 0x04, 0x3F, 0xC0, 0x00},
    /* U+556D */ {0x74, 0x45, 0xFE, 0x5C, 0xC5, 0xFF, 0x5E, 0x85, 0xFE, 0x56, 0x27, 0xF6, 0x4E, 0xC0, 0x64, 0x06, 0x60, 0x00},
    /* U+556E */ {0x75, 0xE5, 0x58, 0x55, 0x85, 0xFF, 0x55, 0xA5, 0xD2, 0x5D, 0xA7, 0xFA, 0x4E, 0x60, 0xFE, 0x00, 0x20, 0x00},
    /* U+5575 */ {0x7C, 0x85, 0x7F, 0x52, 0xA5, 0xA8, 0x57, 0xE5, 0x32, 0x5B, 0xE7, 0xAC, 0x4A, 0xC1, 0xDE, 0x07, 0x30, 0x00},
    /* U+5576 */ {0x71, 0x85, 0xFE, 0x50, 0x05, 0x7E, 0x51, 0x85, 0x58, 0x55, 0xE7, 0x58, 0x47, 0x80, 0xF8, 0x09, 0xF0, 0x00},
    /* U+5577 */ {0x76, 0xF5, 0xFA, 0x59, 0xA5, 0xFE, 0x59, 0xE5, 0xFA, 0x7A, 0xB7, 0xAB, 0x4F, 0xE0, 0xD8, 0x00, 0x80, 0x00},
    /* U+5578 */ {0x7F, 0xE5, 0x12, 0x5F, 0xF5, 0x12, 0x5F, 0xE5, 0x92, 0x5B, 0xA7, 0xFE, 0x4D, 0x60, 0xD6, 0x19, 0x20, 0x00},
    /* U+557B */ {0x7F, 0xE1, 0x98, 0x7F, 0xE4, 0x62, 0x7F, 0xE2, 0x64, 0x27, 0xC3, 0xFC, 0x20, 0x43, 0xFC, 0x20, 0x40, 0x00},
    /* U+557C */ {0x77, 0xE5, 0x24, 0x52, 0xC5, 0xFE, 0x5D, 0xA5, 0x7E, 0x55, 0xA7, 0x5A, 0x45, 0xA0, 0x5E, 0x01, 0x80, 0x00},
    /* U+557E */ {0x7E, 0x45, 0x44, 0x55, 0xF5, 0xFE, 0x57, 0xE5, 0xFE, 0x5E, 0xC7, 0xCC, 0x54, 0xA0, 0x5A, 0x05, 0x30, 0x00},
    /* U+5580 */ {0x7F, 0xF5, 0xE3, 0x53, 0xC5, 0x64, 0x5F, 0x85, 0x3C, 0x5E, 0x77, 0xFE, 0x44, 0x60, 0x46, 0x07, 0xE0, 0x00},
    /* U+5581 */ {0x75, 0x25, 0x7E, 0x55, 0x25, 0x7E, 0x51, 0x05, 0xFE, 0x7D, 0x24, 0xDE, 0x0F, 0xE0, 0xC2, 0x0C, 0x60, 0x00},
    /* U+5582 */ {0x75, 0xA5, 0x7E, 0x55, 0xA5, 0x7E, 0x50, 0x05, 0xFF, 0x55, 0xA7, 0x4E, 0x44, 0xC0, 0x76, 0x06, 0x30, 0x00},
    /* U+5583 */ {0x7F, 0xF5, 0x10, 0x51, 0x05, 0xFE, 0x5E, 0xA5, 0xFE, 0x5D, 0x27, 0xFE, 0x4D, 0x20, 0xD2, 0x0C, 0x60, 0x00},
    /* U+5584 */ {0x7F, 0xE0, 0x60, 0x3F, 0xC0, 0x60, 0x7F, 0xE3, 0x68, 0xFF, 0xF3, 0xFC, 0x20, 0x42, 0x04, 0x3F, 0xC0, 0x00},
    /* U+5587 */ {0x7F, 0xE7, 0x6E, 0x7F, 0xE7, 0xDE, 0x7D, 0xE7, 0xFE, 0x76, 0xE7, 0xF2, 0x4F, 0x21, 0x62, 0x06, 0x60, 0x00},
    /* U+5588 */ {0x74, 0xA5, 0x7E, 0x54, 0x85, 0x7B, 0x5F, 0xE5, 0x10, 0x57, 0xE7, 0x42, 0x47, 0xE0, 0x42, 0x07, 0xE0, 0x00},
    /* U+5589 */ {0x75, 0xE5, 0x46, 0x5F, 0xF5, 0xD0, 0x5F, 0xE5, 0xE8, 0x5E, 0x87, 0xFF, 0x4C, 0xC0, 0xD6, 0x0E, 0x30, 0x00},
    /* U+558A */ {0x70, 0xA5, 0xFF, 0x58, 0x85, 0xFE, 0x58, 0xE5, 0xFE, 0x5F, 0xE7, 0xFC, 0x4C, 0xD0, 0x9F, 0x09, 0x20, 0x00},
    /* U+558B */ {0x75, 0x45, 0xFF, 0x55, 0x45, 0x5C, 0x57, 0xE5, 0x10, 0x5F, 0xF7, 0x38, 0x47, 0xC0, 0xD7, 0x09, 0x00, 0x00},
    /* U+558F */ {0x7F, 0xF5, 0x24, 0x53, 0x05, 0x30, 0x5F, 0xF5, 0x20, 0x57, 0xE7, 0xE2, 0x4A, 0x20, 0x3E, 0x02, 0x20, 0x00},
    /* U+5591 */ {0x77, 0xE5, 0x24, 0x52, 0x45, 0xFF, 0x50, 0x05, 0x7E, 0x54, 0x27, 0x7E, 0x44, 0x20, 0x7E, 0x04, 0x20, 0x00},
    /* U+5594 */ {0x7C, 0x25, 0xC2, 0x5F, 0xE5, 0xFF, 0x5D, 0x45, 0xFE, 0x7F, 0x87, 0x88, 0x4F, 0xE0, 0x88, 0x1F, 0xF0, 0x00},
    /* U+5598 */ {0x7D, 0x25, 0xD2, 0x5F, 0xE5, 0x00, 0x5F, 0xF5, 0x10, 0x5F, 0xE7, 0xEA, 0x4E, 0xA0, 0xEA, 0x0E, 0xE0, 0x00},
    /* U+5599 */ {0x77, 0xC5, 0x44, 0x57, 0xC5, 0xFF, 0x53, 0x05, 0xF6, 0x5B, 0xC7, 0xFC, 0x4B, 0xE0, 0xCB, 0x03, 0x00, 0x00},
    /* U+559C */ {0x7F, 0xE3, 0xFC, 0x00, 0x03, 0xFC, 0x20, 0x43, 0xFC, 0xFF, 0xF0, 0x00, 0x3F, 0xC2, 0x04, 0x3F, 0xC0, 0x00},
    /* U+559D */ {0x74, 0x25, 0x7E, 0x54, 0x25, 0x7E, 0x56, 0x05, 0x7F, 0x59, 0xB7, 0x5A, 0x46, 0x60, 0x7E, 0x00, 0x60, 0x00},
    /* U+559F */ {0x7D, 0x25, 0xFE, 0x5D, 0x25, 0xFE, 0x50, 0x05, 0x7E, 0x57, 0xE7, 0x42, 0x47, 0xE0, 0x42, 0x04, 0xE0, 0x00},
    /* U+55A7 */ {0x7F, 0xE5, 0x83, 0x5F, 0xF5, 0x00, 0x57, 0xE5, 0x46, 0x57, 0xE7, 0x46, 0x47, 0xE0, 0x00, 0x0F, 0xF0, 0x00},
    /* U+55B1 */ {0x7F, 0xF5, 0x80, 0x5F, 0xE5, 0xFE, 0x5A, 0xA5, 0xBE, 0x78, 0x84, 0xBE, 0x08, 0x81, 0x88, 0x17, 0xF0, 0x00},
    /* U+55B3 */ {0x71, 0x05, 0xFE, 0x53, 0xC5, 0xD6, 0x5F, 0xF5, 0x46, 0x57, 0xE7, 0x46, 0x47, 0xC0, 0x00, 0x0F, 0xF0, 0x00},
    /* U+55B5 */ {0x72, 0x45, 0xFF, 0x52, 0x45, 0x20, 0x57, 0xE5, 0x52, 0x55, 0x27, 0x7E, 0x45, 0x20, 0x7E, 0x04, 0x20, 0x00},
    /* U+55B7 */ {0x7F, 0xE5, 0x14, 0x5F, 0xF5, 0x64, 0x57, 0xE5, 0x42, 0x55, 0x27, 0x52, 0x45, 0x20, 0x3C, 0x0C, 0x30, 0x00},
    /* U+55B9 */ {0x7F, 0xE5, 0x6C, 0x5D, 0x65, 0xFF, 0x51, 0x05, 0xFE, 0x51, 0x07, 0x7E, 0x41, 0x04, 0x10, 0x0F, 0xE0, 0x00},
    /* U+55BB */ {0x73, 0x85, 0xE6, 0x5F, 0xF5, 0x00, 0x5F, 0xA5, 0x9A, 0x5F, 0xA7, 0xFA, 0x49, 0xA0, 0x92, 0x0B, 0x60, 0x00},
    /* U+55BD */ {0x75, 0x45, 0xFE, 0x53, 0xC5, 0x76, 0x5D, 0x25, 0x30, 0x5F, 0xE7, 0x6C, 0x47, 0x80, 0x3C, 0x0E, 0x60, 0x00},
    /* U+55BE */ {0x36, 0xC7, 0xFE, 0x42, 0x25, 0x62, 0x3F, 0xC2, 0x60, 0x7F, 0xE3, 0xFC, 0x20, 0x42, 0x04, 0x3F, 0xC0, 0x00},
    /* U+55C4 */ {0x7F, 0xF5, 0x7E, 0x54, 0x65, 0x7E, 0x57, 0xE5, 0x7E, 0x72, 0x04, 0x7E, 0x0F, 0xC0, 0x7C, 0x1E, 0x70, 0x00},
    /* U+55C5 */ {0x77, 0xE5, 0x46, 0x57, 0xE5, 0x7E, 0x54, 0x65, 0x7E, 0x51, 0x47, 0xFE, 0x43, 0x80, 0x6E, 0x0C, 0x30, 0x00},
    /* U+55C9 */ {0x7F, 0xE5, 0x7E, 0x51, 0x05, 0xFF, 0x53, 0x85, 0x7C, 0x57, 0x67, 0xFE, 0x45, 0x40, 0xD6, 0x0B, 0x20, 0x00},
    /* U+55CC */ {0x76, 0xC5, 0x28, 0x5F, 0xE5, 0x28, 0x56, 0x65, 0xC2, 0x5F, 0xE7, 0xEA, 0x4E, 0xA0, 0xEA, 0x1F, 0xF0, 0x00},
    /* U+55CD */ {0x76, 0xA5, 0xFA, 0x56, 0xE5, 0xFA, 0x5F, 0xA5, 0xFA, 0x5F, 0xE7, 0x5A, 0x44, 0xA0, 0xDA, 0x09, 0x60, 0x00},
    /* U+55D1 */ {0x7F, 0xE5, 0x10, 0x5F, 0xF5, 0x64, 0x54, 0x65, 0xFE, 0x5F, 0xE7, 0xAA, 0x4A, 0xA0, 0xAA, 0x1F, 0xF0, 0x00},
    /* U+55D2 */ {0x7F, 0xF5, 0x24, 0x53, 0x85, 0x3C, 0x56, 0x65, 0xFF, 0x70, 0x04, 0x7E, 0x04, 0x60, 0x46, 0x07, 0xE0, 0x00},
    /* U+55D3 */ {0x76, 0xC5, 0x38, 0x54, 0x45, 0xFE, 0x5E, 0xE5, 0xEE, 0x59, 0x06, 0xFE, 0x07, 0xC0, 0xD6, 0x19, 0x30, 0x00},
    /* U+55D4 */ {0x7F, 0xE5, 0x10, 0x57, 0xE5, 0x7E, 0x54, 0x65, 0x7E, 0x57, 0xE7, 0x46, 0x4F, 0xF0, 0x6C, 0x0C, 0x20, 0x00},
    /* U+55D6 */ {0x77, 0xE5, 0xD2, 0x5F, 0xE5, 0xD2, 0x5F, 0xE5, 0x10, 0x5F, 0xE7, 0x66, 0x43, 0xC0, 0x7C, 0x0E, 0x60, 0x00},
    /* U+55DC */ {0x7F, 0xE5, 0x3C, 0x5F, 0xF5, 0xFC, 0x5F, 0x85, 0x3E, 0x57, 0xE7, 0xC2, 0x4F, 0xE0, 0xC2, 0x0F, 0xE0, 0x00},
    /* U+55DD */ {0x7F, 0xF5, 0x7E, 0x54, 0x25, 0x7E, 0x5F, 0xE5, 0xE2, 0x5E, 0xA7, 0xFE, 0x4D, 0x20, 0xD2, 0x0D, 0x60, 0x00},
    /* U+55DF */ {0x72, 0xC5, 0xFF, 0x51, 0x05, 0xFE, 0x52, 0x05, 0xFF, 0x56, 0x07, 0x7E, 0x4C, 0x81, 0x88, 0x0F, 0xF0, 0x00},
    /* U+55E1 */ {0x76, 0x45, 0xF3, 0x56, 0xC5, 0x7E, 0x50, 0x05, 0xFE, 0x5B, 0xA7, 0x76, 0x47, 0xE0, 0xBA, 0x06, 0x60, 0x00},
    /* U+55E3 */ {0x4F, 0xE4, 0xC2, 0x7B, 0xE0, 0x02, 0x7F, 0xE7, 0x6E, 0x76, 0xE7, 0xFE, 0x76, 0x27, 0x42, 0x7C, 0xE0, 0x00},
    /* U+55E4 */ {0x7D, 0x25, 0xFE, 0x51, 0x05, 0xFE, 0x51, 0x05, 0x7E, 0x5D, 0x27, 0xFE, 0x41, 0x40, 0x16, 0x0F, 0xF0, 0x00},
    /* U+55E5 */ {0x7F, 0xE7, 0xC2, 0x7F, 0xE7, 0xFE, 0x73, 0x07, 0xFE, 0x77, 0xC4, 0xD6, 0x0F, 0xE0, 0x10, 0x01, 0x00, 0x00},
    /* U+55E6 */ {0x7F, 0xE5, 0x10, 0x5F, 0xF5, 0xB3, 0x56, 0xC5, 0x7C, 0x57, 0xE7, 0x12, 0x45, 0x40, 0xD6, 0x0B, 0x20, 0x00},
    /* U+55E8 */ {0x7B, 0x07, 0x7F, 0x76, 0x07, 0xFE, 0x7F, 0xE7, 0x7F, 0x7B, 0xA4, 0xAA, 0x4B, 0xE1, 0x86, 0x10, 0xC0, 0x00},
    /* U+55EA */ {0x7F, 0xE5, 0x10, 0x57, 0xE5, 0x30, 0x5F, 0xF5, 0x7E, 0x5F, 0x37, 0xFE, 0x43, 0xC0, 0x76, 0x09, 0x00, 0x00},
    /* U+55EB */ {0x74, 0x45, 0x7C, 0x57, 0xC5, 0x44, 0x5F, 0xE5, 0xFE, 0x52, 0xA7, 0xEE, 0x46, 0x40, 0xEE, 0x19, 0x30, 0x00},
    /* U+55EC */ {0x7F, 0xF5, 0x6C, 0x57, 0xF5, 0xC2, 0x5F, 0xA5, 0xEA, 0x5E, 0xA7, 0xFA, 0x4E, 0x20, 0xC2, 0x0C, 0xE0, 0x00},
    /* U+55EF */ {0x7D, 0x25, 0xFE, 0x5D, 0x25, 0xFA, 0x5E, 0xE5, 0xFE, 0x50, 0x07, 0xFE, 0x4E, 0xE1, 0xE7, 0x03, 0xC0, 0x00},
    /* U+55F2 */ {0x7E, 0xE7, 0xBA, 0x7F, 0xE7, 0xBE, 0x7E, 0x87, 0x38, 0x7D, 0x84, 0x7E, 0x4F, 0x40, 0x38, 0x0E, 0x00, 0x00},
    /* U+55F3 */ {0x77, 0xE5, 0x56, 0x5F, 0xF5, 0xA3, 0x5F, 0xE5, 0x20, 0x57, 0xE7, 0x64, 0x4D, 0xC1, 0xBC, 0x16, 0x70, 0x00},
    /* U+55F5 */ {0x79, 0x65, 0xDC, 0x57, 0xE5, 0x2A, 0x5F, 0xE5, 0x6A, 0x57, 0xE7, 0x6A, 0x46, 0xE0, 0xE0, 0x19, 0xF0, 0x00},
    /* U+55F7 */ {0x7F, 0xC7, 0x48, 0x7E, 0xF7, 0x7A, 0x75, 0xA7, 0xFE, 0x7C, 0x67, 0xF4, 0x4B, 0x61, 0xBE, 0x17, 0x30, 0x00},
    /* U+55FD */ {0x7F, 0x86, 0x4F, 0x7F, 0xB7, 0xDE, 0x7D, 0x67, 0xF4, 0x66, 0xC6, 0xFC, 0x5C, 0xE1, 0x5A, 0x05, 0x30, 0x00},
    /* U+55FE */ {0x75, 0x87, 0xFF, 0x79, 0x87, 0x8E, 0x7F, 0xC7, 0xB4, 0x7B, 0xF7, 0xA4, 0x4A, 0xE1, 0xAA, 0x17, 0x30, 0x00},
    /* U+5600 */ {0x7F, 0xF5, 0x24, 0x57, 0xE5, 0x52, 0x57, 0xE5, 0x52, 0x57, 0xE7, 0x66, 0x47, 0xE0, 0x62, 0x04, 0x60, 0x00},
    /* U+5601 */ {0x70, 0xE5, 0xFF, 0x5A, 0xC5, 0xBF, 0x5A, 0x65, 0xFE, 0x5B, 0x67, 0xFC, 0x4E, 0xC1, 0xAF, 0x16, 0xA0, 0x00},
    /* U+5608 */ {0x7F, 0xF5, 0x28, 0x5F, 0xE5, 0xFE, 0x5E, 0xA5, 0xFE, 0x57, 0xE7, 0x42, 0x47, 0xE0, 0x42, 0x07, 0xE0, 0x00},
    /* U+5609 */ {0x7F, 0xE7, 0xFE, 0x00, 0x03, 0xFC, 0x3F, 0xC1, 0x98, 0x7F, 0xE1, 0x00, 0x7F, 0xE2, 0x72, 0xDF, 0xE0, 0x00},
    /* U+560C */ {0x72, 0x85, 0xFE, 0x5E, 0xA5, 0xEA, 0x5F, 0xE5, 0x7E, 0x50, 0x07, 0xFF, 0x45, 0x40, 0xD2, 0x0B, 0x20, 0x00},
    /* U+560E */ {0x71, 0x05, 0x7E, 0x57, 0xE5, 0x42, 0x57, 0xE5, 0x7E, 0x73, 0x64, 0xFF, 0x01, 0xE0, 0x39, 0x0E, 0xF0, 0x00},
    /* U+560F */ {0x2F, 0xE2, 0xD2, 0xFD, 0x22, 0xFE, 0x2C, 0x07, 0xFE, 0x5C, 0xA5, 0xCE, 0x5F, 0xC7, 0xCE, 0x4D, 0x30, 0x00},
    /* U+5618 */ {0x71, 0xE5, 0xFF, 0x59, 0x25, 0xFE, 0x59, 0x25, 0x9E, 0x7D, 0xE4, 0xFE, 0x0F, 0xE1, 0x9C, 0x1F, 0xF0, 0x00},
    /* U+561B */ {0x7F, 0xF7, 0xA4, 0x7A, 0x47, 0xFE, 0x7A, 0x47, 0xFE, 0x7F, 0xE7, 0xEE, 0x5B, 0x71, 0x24, 0x12, 0x40, 0x00},
    /* U+561E */ {0x1F, 0xC7, 0xAC, 0x7F, 0xE7, 0x4E, 0x7F, 0xA7, 0xDA, 0x7F, 0xA6, 0x4A, 0x5F, 0xA0, 0x5A, 0x05, 0x60, 0x00},
    /* U+561F */ {0x65, 0xF7, 0xFA, 0x66, 0xA7, 0xFE, 0x6C, 0xE7, 0xFA, 0x79, 0xA6, 0xFA, 0x49, 0xE4, 0x98, 0x0F, 0x80, 0x00},
    /* U+5623 */ {0x7D, 0xA5, 0xFE, 0x50, 0x05, 0xFF, 0x5B, 0xB5, 0xFF, 0x5B, 0xB7, 0xFF, 0x4B, 0xB0, 0xBB, 0x1B, 0x20, 0x00},
    /* U+5624 */ {0x7B, 0xE5, 0xFE, 0x5F, 0xE5, 0xFE, 0x5E, 0xC5, 0xBA, 0x5F, 0xF7, 0x64, 0x47, 0xC0, 0x3C, 0x0E, 0x60, 0x00},
    /* U+5627 */ {0x7F, 0xE5, 0x92, 0x53, 0xC5, 0xFA, 0x5B, 0x65, 0xFC, 0x51, 0x07, 0xD2, 0x4D, 0x20, 0xFE, 0x00, 0x20, 0x00},
    /* U+562C */ {0x74, 0x25, 0x7E, 0x57, 0xE5, 0x00, 0x5F, 0xF5, 0xFE, 0x5D, 0xA7, 0xFE, 0x4F, 0x61, 0xFE, 0x01, 0xB0, 0x00},
    /* U+562D */ {0x7F, 0x65, 0x64, 0x5F, 0x85, 0x02, 0x5F, 0x65, 0x9C, 0x5F, 0x87, 0xB2, 0x47, 0x60, 0xFC, 0x08, 0x80, 0x00},
    /* U+5631 */ {0x7F, 0xE5, 0xFE, 0x58, 0x45, 0x9C, 0x5F, 0xE5, 0xFE, 0x78, 0x84, 0xFE, 0x1D, 0xE1, 0x7E, 0x14, 0x60, 0x00},
    /* U+5632 */ {0x7F, 0xE5, 0x4A, 0x5F, 0xA5, 0x9E, 0x5F, 0xA5, 0x9A, 0x5F, 0xE7, 0x4A, 0x5F, 0xA0, 0x52, 0x07, 0x60, 0x00},
    /* U+5634 */ {0x7B, 0xE5, 0xB9, 0x5F, 0xE5, 0x7C, 0x5C, 0xC5, 0xFE, 0x57, 0xE7, 0xDA, 0x4F, 0xE0, 0x9A, 0x09, 0x60, 0x00},
    /* U+5636 */ {0x6A, 0xC7, 0xF8, 0x7A, 0x87, 0xEF, 0x7A, 0xA7, 0xEA, 0x7A, 0xA7, 0xFA, 0x4B, 0xA1, 0xBA, 0x11, 0x20, 0x00},
    /* U+5639 */ {0x7F, 0xE5, 0xAA, 0x56, 0xE5, 0xFE, 0x5C, 0x65, 0x7C, 0x54, 0x47, 0x7C, 0x45, 0x40, 0xD2, 0x0B, 0x20, 0x00},
    /* U+563B */ {0x7F, 0xE5, 0xFE, 0x50, 0x05, 0x7E, 0x57, 0xE5, 0x64, 0x5F, 0xF7, 0x00, 0x47, 0xE0, 0x42, 0x07, 0xE0, 0x00},
    /* U+563F */ {0x77, 0xE5, 0x76, 0x57, 0xE5, 0x7E, 0x51, 0x85, 0x7E, 0x71, 0x84, 0xFF, 0x04, 0xA0, 0xFA, 0x0B, 0xB0, 0x00},
    /* U+564C */ {0x72, 0xC5, 0xFE, 0x5F, 0x65, 0xFA, 0x5F, 0xE5, 0x00, 0x57, 0xE7, 0x46, 0x47, 0xE0, 0x7E, 0x04, 0x40, 0x00},
    /* U+564D */ {0x76, 0x85, 0x7F, 0x5C, 0x85, 0xFE, 0x54, 0x85, 0x7E, 0x54, 0x87, 0x7F, 0x44, 0xA0, 0x7A, 0x09, 0x70, 0x00},
    /* U+564E */ {0x7F, 0xE5, 0x7E, 0x50, 0x05, 0xFF, 0x5F, 0xF5, 0x00, 0x57, 0xE7, 0x7E, 0x42, 0xC0, 0x2C, 0x0F, 0xF0, 0x00},
    /* U+5654 */ {0x72, 0xE5, 0xEE, 0x56, 0x65, 0x7E, 0x5F, 0xF5, 0x46, 0x57, 0xE7, 0x24, 0x42, 0xC0, 0x28, 0x0F, 0xF0, 0x00},
    /* U+5657 */ {0x76, 0xE5, 0x68, 0x5F, 0xF5, 0x24, 0x5F, 0xE5, 0x10, 0x57, 0xE7, 0xFF, 0x43, 0x80, 0x6E, 0x0C, 0x30, 0x00},
    /* U+5658 */ {0x7F, 0xF7, 0xD4, 0x7B, 0x47, 0xFF, 0x7F, 0xF7, 0xFE, 0x7F, 0xC7, 0xF6, 0x5A, 0x61, 0x6A, 0x14, 0x90, 0x00},
    /* U+5659 */ {0x77, 0xC5, 0xD7, 0x5F, 0xC5, 0xFA, 0x5F, 0xE5, 0xFE, 0x51, 0x07, 0xFE, 0x4A, 0xA0, 0xFE, 0x08, 0x60, 0x00},
    /* U+565C */ {0x74, 0x85, 0xFE, 0x5F, 0xE5, 0x52, 0x57, 0xE5, 0xFE, 0x50, 0x07, 0x7E, 0x47, 0xE0, 0x46, 0x07, 0xE0, 0x00},
    /* U+5662 */ {0x7F, 0xE5, 0xD2, 0x5B, 0xE5, 0xFE, 0x5B, 0xA5, 0xF6, 0x59, 0x27, 0xFF, 0x43, 0x80, 0x6C, 0x1C, 0x70, 0x00},
    /* U+5664 */ {0x7F, 0xE5, 0x6E, 0x5F, 0xE5, 0xFF, 0x54, 0x45, 0x7E, 0x50, 0x07, 0xFF, 0x45, 0x40, 0xD2, 0x13, 0x00, 0x00},
    /* U+5668 */ {0x7B, 0xE6, 0xB6, 0x7F, 0xE0, 0x58, 0xFF, 0xF1, 0x98, 0x30, 0xEF, 0xBF, 0x6B, 0x66, 0xB6, 0x7B, 0xE0, 0x00},
    /* U+5669 */ {0x7F, 0xE7, 0xFE, 0x6F, 0x67, 0xFE, 0x7F, 0xE0, 0x60, 0x7F, 0xE6, 0xF6, 0x7F, 0xE0, 0x60, 0xFF, 0xF0, 0x00},
    /* U+566A */ {0x76, 0x45, 0x7C, 0x50, 0x05, 0xFE, 0x5B, 0xA5, 0xFE, 0x51, 0x07, 0xFF, 0x43, 0xC0, 0xD6, 0x19, 0x20, 0x00},
    /* U+566B */ {0x7F, 0xE5, 0x64, 0x5F, 0xF5, 0x00, 0x57, 0xE5, 0x7E, 0x54, 0x27, 0x7E, 0x41, 0x20, 0xEE, 0x17, 0xC0, 0x00},
    /* U+566C */ {0x7F, 0xF5, 0xFE, 0x5B, 0x25, 0x02, 0x5F, 0xE5, 0x54, 0x7D, 0x44, 0xFE, 0x1B, 0xA0, 0x10, 0x1F, 0xF0, 0x00},
    /* U+5671 */ {0x71, 0xE5, 0xFE, 0x59, 0xE5, 0xFA, 0x59, 0xE5, 0xFE, 0x59, 0xA7, 0xFE, 0x4F, 0xE0, 0xBB, 0x15, 0x80, 0x00},
    /* U+5676 */ {0x7F, 0xF5, 0x7E, 0x54, 0x25, 0x7E, 0x57, 0xE5, 0x60, 0x57, 0xE7, 0xD2, 0x47, 0xA0, 0x7E, 0x00, 0x60, 0x00},
    /* U+567B */ {0x7F, 0xF5, 0xAA, 0x5F, 0xE5, 0x28, 0x57, 0xE5, 0xFF, 0x57, 0x47, 0xD6, 0x5F, 0xF0, 0x10, 0x0F, 0xE0, 0x00},
    /* U+567C */ {0x7E, 0x45, 0xBF, 0x5A, 0xA5, 0xEA, 0x59, 0xF5, 0xE4, 0x5F, 0x47, 0xFF, 0x5F, 0x40, 0x64, 0x04, 0x40, 0x00},
    /* U+5685 */ {0x71, 0x05, 0xFF, 0x5F, 0xF5, 0x10, 0x57, 0xE5, 0xFF, 0x51, 0x07, 0x7E, 0x47, 0xA0, 0x7A, 0x07, 0xE0, 0x00},
    /* U+5686 */ {0x7F, 0xF5, 0x34, 0x5F, 0xF5, 0x7C, 0x54, 0x45, 0x7C, 0x5F, 0xE7, 0xBA, 0x4A, 0xE0, 0xBA, 0x08, 0x60, 0x00},
    /* U+568E */ {0x7F, 0xE5, 0x7C, 0x54, 0x65, 0xFE, 0x58, 0x35, 0xFE, 0x53, 0x67, 0xFC, 0x4F, 0xC0, 0xEA, 0x09, 0x80, 0x00},
    /* U+568F */ {0x7F, 0xE5, 0xFE, 0x58, 0x35, 0xD6, 0x57, 0xE5, 0x7E, 0x7F, 0xE4, 0x52, 0x0D, 0xE0, 0xF0, 0x13, 0xF0, 0x00},
    /* U+5693 */ {0x7F, 0xE5, 0xC2, 0x57, 0xE5, 0xEE, 0x5E, 0x45, 0xFE, 0x58, 0x27, 0x7E, 0x45, 0x40, 0xD6, 0x0B, 0x20, 0x00},
    /* U+56A3 */ {0x6E, 0x63, 0xFC, 0x7F, 0xE0, 0x40, 0x3F, 0xC2, 0x44, 0x3F, 0xC7, 0x06, 0x7F, 0xE6, 0xF6, 0x7F, 0xE0, 0x00},
    /* U+56AF */ {0x71, 0x05, 0xFF, 0x5F, 0xF5, 0x1E, 0x57, 0x85, 0xFE, 0x5D, 0x87, 0xFE, 0x4F, 0xE0, 0xD8, 0x0F, 0xE0, 0x00},
    /* U+56B7 */ {0x7F, 0xF5, 0xEE, 0x5B, 0xA5, 0xEE, 0x5F, 0xE5, 0x7E, 0x52, 0x47, 0xFF, 0x4E, 0xE1, 0xF6, 0x07, 0x30, 0x00},
    /* U+56BC */ {0x7F, 0xE5, 0x56, 0x5F, 0xE5, 0xFE, 0x50, 0x05, 0xF2, 0x5F, 0xF7, 0xFA, 0x4A, 0xE0, 0xE2, 0x0D, 0x60, 0x00},
    /* U+56CA */ {0x3F, 0xC3, 0xFC, 0x7F, 0xE7, 0xFE, 0x7F, 0xE3, 0xFC, 0x3F, 0xE1, 0x98, 0x7F, 0xE7, 0x3C, 0x1C, 0xE0, 0x00},
    /* U+56D4 */ {0x67, 0xC6, 0xFE, 0x7F, 0xE7, 0xEF, 0x6F, 0xE6, 0xFE, 0x6F, 0xE7, 0xFE, 0x46, 0xE1, 0xDE, 0x07, 0x30, 0x00},
    /* U+56D7 */ {0x7F, 0xE4, 0x02, 0x40, 0x24, 0x02, 0x40, 0x24, 0x02, 0x40, 0x24, 0x02, 0x40, 0x27, 0xFE, 0x40, 0x20, 0x00},
    /* U+56DA */ {0x7F, 0xE4, 0x22, 0x46, 0x24, 0x62, 0x46, 0x24, 0xF2, 0x49, 0x25, 0x8A, 0x50, 0xA7, 0xFE, 0x40, 0x20, 0x00},
    /* U+56DB */ {0x7F, 0xE4, 0x92, 0x49, 0x24, 0x92, 0x49, 0x25, 0x92, 0x51, 0xE6, 0x02, 0x40, 0x27, 0xFE, 0x40, 0x20, 0x00},
    /* U+56DD */ {0x7F, 0xE4, 0x02, 0x5F, 0xA4, 0x32, 0x42, 0x27, 0xFE, 0x42, 0x24, 0x22, 0x4E, 0x24, 0x02, 0x7F, 0xE0, 0x00},
    /* U+56DE */ {0x7F, 0xE4, 0x02, 0x5F, 0x25, 0x9A, 0x59, 0xA5, 0x9A, 0x5F, 0xA4, 0x02, 0x40, 0x27, 0xFE, 0x40, 0x20, 0x00},
    /* U+56DF */ {0x04, 0x07, 0xFE, 0x41, 0x25, 0x32, 0x4E, 0x24, 0x62, 0x4F, 0x25, 0x9A, 0x70, 0x27, 0xFE, 0x40, 0x20, 0x00},
    /* U+56E0 */ {0x40, 0x24, 0x62, 0x46, 0x27, 0xFE, 0x46, 0x24, 0x62, 0x4D, 0x25, 0x8A, 0x50, 0xA7, 0xFE, 0x40, 0x20, 0x00},
    /* U+56E1 */ {0x7F, 0xE4, 0x42, 0x44, 0x27, 0xFE, 0x49, 0x25, 0xB2, 0x46, 0x24, 0xFA, 0x58, 0xA7, 0xFE, 0x40, 0x20, 0x00},
    /* U+56E2 */ {0x7F, 0xE4, 0x32, 0x43, 0x25, 0xFE, 0x47, 0x24, 0xF2, 0x5B, 0x25, 0x32, 0x46, 0x24, 0x02, 0x7F, 0xE0, 0x00},
    /* U+56E4 */ {0x7F, 0xE4, 0x62, 0x7F, 0xE5, 0x6A, 0x56, 0xA5, 0xFA, 0x46, 0x64, 0x7E, 0x40, 0x27, 0xFE, 0x40, 0x20, 0x00},
    /* U+56EB */ {0x7F, 0xE4, 0x82, 0x5F, 0xA7, 0x7A, 0x6A, 0xA5, 0xAA, 0x54, 0xA4, 0xCA, 0x4B, 0x24, 0x02, 0x7F, 0xE0, 0x00},
    /* U+56ED */ {0x7F, 0xE4, 0x02, 0x5F, 0xA4, 0x02, 0x7F, 0xE4, 0xB2, 0x4B, 0x25, 0xB6, 0x71, 0xA4, 0x02, 0x7F, 0xE0, 0x00},
    /* U+56F0 */ {0x7F, 0xE4, 0x62, 0x46, 0x27, 0xFE, 0x4F, 0x24, 0xFA, 0x76, 0xA6, 0x62, 0x44, 0x27, 0xFE, 0x40, 0x20, 0x00},
    /* U+56F1 */ {0x04, 0x07, 0xFE, 0x44, 0x24, 0xFA, 0x59, 0xA7, 0xF2, 0x47, 0x24, 0xD2, 0x70, 0x27, 0xFE, 0x40, 0x20, 0x00},
    /* U+56F4 */ {0x40, 0x24, 0x62, 0x7F, 0xE4, 0x62, 0x5F, 0xA4, 0x62, 0x7F, 0xE4, 0x6A, 0x47, 0xA7, 0xFE, 0x40, 0x20, 0x00},
    /* U+56F5 */ {0x46, 0x24, 0xE2, 0x59, 0x27, 0x0E, 0x49, 0x24, 0xE2, 0x48, 0xA4, 0x8A, 0x4F, 0xA4, 0x02, 0x7F, 0xE0, 0x00},
    /* U+56F9 */ {0x46, 0x24, 0x62, 0x4D, 0x25, 0xEE, 0x62, 0x65, 0xFA, 0x41, 0x24, 0xE2, 0x43, 0x27, 0xFE, 0x40, 0x20, 0x00},
    /* U+56FA */ {0x7F, 0xE4, 0x02, 0x5F, 0xE4, 0x62, 0x46, 0x25, 0xFA, 0x58, 0xA5, 0xFA, 0x40, 0x27, 0xFE, 0x40, 0x20, 0x00},
    /* U+56FD */ {0x7F, 0xE4, 0x02, 0x5F, 0xA4, 0x62, 0x5F, 0xA4, 0x72, 0x46, 0xA5, 0xFA, 0x40, 0x27, 0xFE, 0x40, 0x20, 0x00},
    /* U+56FE */ {0x7F, 0xE4, 0xC2, 0x5F, 0xA7, 0xF2, 0x4F, 0x27, 0x9E, 0x47, 0x25, 0xE2, 0x43, 0xA7, 0xFE, 0x40, 0x20, 0x00},
    /* U+56FF */ {0x7F, 0xE4, 0x42, 0x7F, 0xE4, 0xFA, 0x58, 0xA7, 0xFA, 0x4F, 0xA4, 0x8A, 0x49, 0xA4, 0x02, 0x7F, 0xE0, 0x00},
    /* U+5703 */ {0x40, 0x24, 0x7A, 0x7F, 0xE5, 0xFA, 0x56, 0xA5, 0xFA, 0x5F, 0xA5, 0x6A, 0x57, 0xA4, 0x02, 0x7F, 0xE0, 0x00},
    /* U+5704 */ {0x7F, 0xE5, 0xFA, 0x44, 0x25, 0xFA, 0x7F, 0xE4, 0x02, 0x5F, 0xA5, 0x0A, 0x5F, 0xA7, 0xFE, 0x40, 0x20, 0x00},
    /* U+5706 */ {0x40, 0x25, 0xFA, 0x50, 0xA5, 0xFA, 0x5F, 0xA5, 0x0A, 0x56, 0xA5, 0x6A, 0x79, 0xA4, 0x02, 0x7F, 0xE0, 0x00},
    /* U+5708 */ {0x40, 0x25, 0xDA, 0x5F, 0xA4, 0xC2, 0x7F, 0xE5, 0xFA, 0x79, 0x64, 0xAA, 0x4F, 0xA4, 0x02, 0x7F, 0xE0, 0x00},
    /* U+5709 */ {0x44, 0x25, 0xFA, 0x46, 0x27, 0xFE, 0x49, 0x25, 0xFA, 0x46, 0x27, 0xFE, 0x46, 0x27, 0xFE, 0x40, 0x20, 0x00},
    /* U+570A */ {0x7F, 0xE5, 0xFA, 0x5F, 0xA5, 0xFA, 0x5F, 0xA5, 0xFA, 0x5F, 0xA5, 0xFA, 0x51, 0xA4, 0x02, 0x7F, 0xE0, 0x00},
    /* U+571C */ {0x40, 0x25, 0xFA, 0x5F, 0xA5, 0xFA, 0x5F, 0xA5, 0x9A, 0x5F, 0xA5, 0xBA, 0x4E, 0xA4, 0xC2, 0x7F, 0xE0, 0x00},
    /* U+571F */ {0x06, 0x00, 0x60, 0x06, 0x07, 0xFE, 0x06, 0x00, 0x60, 0x06, 0x00, 0x60, 0x06, 0x0F, 0xFF, 0x00, 0x00, 0x00},
    /* U+5723 */ {0x7F, 0xC1, 0x0C, 0x0F, 0x01, 0xF8, 0xF1, 0xF0, 0x60, 0x3F, 0xC0, 0x60, 0x06, 0x00, 0x60, 0xFF, 0xF0, 0x00},
    /* U+5728 */ {0x08, 0x07, 0xFE, 0x19, 0x01, 0x10, 0x31, 0x06, 0xFE, 0xE1, 0x02, 0x10, 0x21, 0x02, 0x10, 0x2F, 0xE0, 0x00},
    /* U+5729 */ {0x27, 0xE2, 0x08, 0xF8, 0x82, 0x08, 0x27, 0xF2, 0x08, 0x38, 0x87, 0x08, 0xC0, 0x80, 0x18, 0x03, 0x80, 0x00},
    /* U+572A */ {0x26, 0x02, 0x7E, 0xFC, 0x02, 0x80, 0x27, 0xE2, 0x0C, 0x31, 0x87, 0x30, 0xC6, 0x10, 0x43, 0x07, 0xE0, 0x00},
    /* U+572C */ {0x27, 0xE2, 0x00, 0xF8, 0x02, 0xFF, 0x22, 0x02, 0x20, 0x37, 0xE7, 0x06, 0xC0, 0x60, 0x06, 0x03, 0xC0, 0x00},
    /* U+572D */ {0x06, 0x03, 0xFC, 0x06, 0x07, 0xFE, 0x00, 0x00, 0x60, 0x7F, 0xE0, 0x60, 0x06, 0x00, 0x60, 0xFF, 0xF0, 0x00},
    /* U+572E */ {0x27, 0xE2, 0x02, 0xF8, 0x22, 0x02, 0x27, 0xE2, 0x42, 0x3C, 0x07, 0x40, 0xC4, 0x30, 0x63, 0x07, 0xE0, 0x00},
    /* U+572F */ {0x27, 0xE2, 0x42, 0xFC, 0x22, 0x42, 0x27, 0xE2, 0x42, 0x2C, 0x07, 0xC0, 0xE4, 0x30, 0x63, 0x07, 0xE0, 0x00},
    /* U+5730 */ {0x25, 0x82, 0x5A, 0xFD, 0xE2, 0x7A, 0x2D, 0xA2, 0x5A, 0x25, 0xA7, 0x5E, 0xE4, 0x10, 0x43, 0x07, 0xE0, 0x00},
    /* U+5733 */ {0x25, 0xA2, 0x5A, 0xFD, 0xA2, 0x5A, 0x25, 0xA2, 0x5A, 0x25, 0xA3, 0xDA, 0xED, 0xA0, 0xC2, 0x08, 0x20, 0x00},
    /* U+5739 */ {0x27, 0xF2, 0x40, 0xFC, 0x02, 0x40, 0x24, 0x02, 0x40, 0x3C, 0x07, 0xC0, 0x4C, 0x00, 0x80, 0x08, 0x00, 0x00},
    /* U+573A */ {0x2F, 0xC2, 0x18, 0xF3, 0x02, 0xFE, 0x23, 0xE2, 0x2A, 0x27, 0xA3, 0xD2, 0xE3, 0x20, 0x66, 0x04, 0xC0, 0x00},
    /* U+573B */ {0x23, 0xC2, 0x60, 0xFE, 0x02, 0x7F, 0x26, 0x42, 0x64, 0x3E, 0x47, 0x64, 0xC4, 0x40, 0xC4, 0x08, 0x40, 0x00},
    /* U+573E */ {0x2F, 0xC2, 0x6C, 0xFE, 0xC2, 0x68, 0x26, 0xE2, 0x62, 0x25, 0x63, 0xDC, 0xED, 0xC1, 0xBE, 0x12, 0x30, 0x00},
    /* U+5740 */ {0x20, 0x82, 0x08, 0xFC, 0x82, 0x48, 0x24, 0xF2, 0x48, 0x24, 0x83, 0xC8, 0xE4, 0x80, 0x48, 0x0F, 0xF0, 0x00},
    /* U+5742 */ {0x27, 0xC2, 0x40, 0xFC, 0x02, 0x7E, 0x2E, 0x62, 0xF6, 0x3D, 0x47, 0xDC, 0xC9, 0xC0, 0xB6, 0x1E, 0x30, 0x00},
    /* U+5747 */ {0x22, 0x02, 0x7E, 0x24, 0x2F, 0xE2, 0x23, 0x22, 0x1A, 0x28, 0xE3, 0xBA, 0xE6, 0x20, 0x02, 0x01, 0xE0, 0x00},
    /* U+574A */ {0x21, 0x82, 0xFF, 0xFB, 0x02, 0x30, 0x23, 0xE2, 0x22, 0x3A, 0x27, 0xE2, 0xC6, 0x60, 0xC6, 0x09, 0xC0, 0x00},
    /* U+574C */ {0x11, 0x83, 0x0C, 0x7F, 0xE0, 0xCC, 0x18, 0x87, 0x38, 0x06, 0x03, 0xFC, 0x06, 0x00, 0x60, 0xFF, 0xF0, 0x00},
    /* U+574D */ {0x27, 0xE2, 0x56, 0xF5, 0xE2, 0x4E, 0x2F, 0xF2, 0x46, 0x3C, 0x67, 0xC6, 0xCC, 0x60, 0x86, 0x18, 0xE0, 0x00},
    /* U+574E */ {0x26, 0x02, 0x7F, 0xFC, 0x22, 0xD2, 0x29, 0x22, 0x18, 0x39, 0x87, 0x38, 0xC2, 0xC0, 0x66, 0x0C, 0x30, 0x00},
    /* U+574F */ {0x2F, 0xF2, 0x18, 0xF1, 0x02, 0x3C, 0x27, 0x62, 0xD3, 0x29, 0x07, 0x10, 0xC1, 0x00, 0x10, 0x01, 0x00, 0x00},
    /* U+5750 */ {0x36, 0xC3, 0x68, 0x36, 0xC7, 0xFE, 0xCF, 0x20, 0x60, 0x7F, 0xE0, 0x60, 0x06, 0x00, 0x60, 0xFF, 0xF0, 0x00},
    /* U+5751 */ {0x21, 0x82, 0xFF, 0xF8, 0x02, 0x00, 0x27, 0xC2, 0x64, 0x26, 0x43, 0xE4, 0xE4, 0x50, 0xC5, 0x08, 0x60, 0x00},
    /* U+5757 */ {0x21, 0x02, 0x7E, 0xF1, 0x62, 0x16, 0x21, 0x62, 0xFF, 0x3B, 0x87, 0x28, 0xC6, 0xC0, 0xC6, 0x18, 0x30, 0x00},
    /* U+575A */ {0x5F, 0xE5, 0xA4, 0x5B, 0xC5, 0x98, 0x5F, 0xC1, 0xE6, 0x06, 0x03, 0xFC, 0x06, 0x00, 0x60, 0xFF, 0xF0, 0x00},
    /* U+575B */ {0x27, 0xE2, 0x00, 0xF0, 0x02, 0x00, 0x2F, 0xF2, 0x30, 0x22, 0x43, 0xE4, 0xE4, 0x60, 0xFE, 0x04, 0x30, 0x00},
    /* U+575C */ {0x2F, 0xF2, 0xC8, 0xFD, 0x82, 0xFE, 0x2D, 0xA2, 0xD2, 0x3D, 0x27, 0xD2, 0xCB, 0x21, 0xA6, 0x16, 0xC0, 0x00},
    /* U+575D */ {0x27, 0xE2, 0x42, 0xFD, 0xA2, 0x5A, 0x25, 0xA2, 0x52, 0x3D, 0x27, 0x52, 0xC3, 0xC0, 0x66, 0x0C, 0x20, 0x00},
    /* U+575E */ {0x27, 0xE2, 0x46, 0xFC, 0x62, 0x44, 0x24, 0xC2, 0x7E, 0x28, 0x27, 0xFE, 0xC0, 0x20, 0x02, 0x00, 0xE0, 0x00},
    /* U+575F */ {0x21, 0x02, 0x18, 0xFF, 0xF2, 0x64, 0x22, 0x42, 0x2C, 0x23, 0x87, 0x18, 0xC3, 0x80, 0x6E, 0x0C, 0x20, 0x00},
    /* U+5760 */ {0x59, 0x85, 0x18, 0x59, 0x84, 0xBC, 0x5E, 0x44, 0xC2, 0x06, 0x03, 0xFE, 0x06, 0x00, 0x60, 0xFF, 0xE0, 0x00},
    /* U+5761 */ {0x21, 0x82, 0x7F, 0xFD, 0xA2, 0x5A, 0x2F, 0xE2, 0xE6, 0x3F, 0x47, 0xDC, 0xC9, 0x81, 0xBE, 0x16, 0x30, 0x00},
    /* U+5764 */ {0x2F, 0xE2, 0xD2, 0xFD, 0x22, 0xD2, 0x2F, 0xE2, 0xD2, 0x3F, 0xEE, 0x52, 0x01, 0x00, 0x10, 0x01, 0x00, 0x00},
    /* U+5766 */ {0x27, 0xE2, 0x46, 0xFC, 0x62, 0x7E, 0x24, 0x62, 0x46, 0x3C, 0x67, 0x7E, 0xC0, 0x00, 0x00, 0x1F, 0xF0, 0x00},
    /* U+5768 */ {0x21, 0x82, 0xFF, 0x2C, 0x3F, 0xE0, 0x26, 0x42, 0x7E, 0x27, 0x83, 0x60, 0xE6, 0x20, 0x62, 0x03, 0xE0, 0x00},
    /* U+5769 */ {0x26, 0x62, 0x66, 0xFF, 0xF2, 0x66, 0x26, 0x62, 0x7E, 0x26, 0x67, 0xE6, 0xE6, 0x60, 0x7E, 0x06, 0x60, 0x00},
    /* U+576A */ {0x2F, 0xE2, 0x52, 0xF5, 0x62, 0x54, 0x25, 0x42, 0xFF, 0x31, 0x07, 0x10, 0xC1, 0x00, 0x10, 0x01, 0x00, 0x00},
    /* U+576B */ {0x21, 0x02, 0x10, 0xF9, 0xF2, 0x10, 0x21, 0x02, 0x7E, 0x3C, 0x2F, 0x42, 0x44, 0x20, 0x7E, 0x04, 0x20, 0x00},
    /* U+576D */ {0x2F, 0xE2, 0xC2, 0xFF, 0xE2, 0xC0, 0x2E, 0x02, 0xEE, 0x3F, 0x87, 0xB0, 0xCA, 0x31, 0xB3, 0x13, 0xE0, 0x00},
    /* U+576F */ {0x2F, 0xF2, 0x18, 0xF9, 0x82, 0x3C, 0x27, 0x62, 0xD2, 0x29, 0x23, 0x90, 0xF1, 0x00, 0x10, 0x0F, 0xF0, 0x00},
    /* U+5773 */ {0x24, 0x82, 0x48, 0xFD, 0xE2, 0xAA, 0x2E, 0xA2, 0x4A, 0x26, 0xA7, 0xBA, 0xFF, 0xA0, 0x12, 0x03, 0x60, 0x00},
    /* U+5776 */ {0x27, 0xE2, 0x52, 0xF5, 0xA2, 0x42, 0x2F, 0xF2, 0x52, 0x35, 0xE7, 0xCE, 0xC7, 0xF0, 0x06, 0x01, 0xC0, 0x00},
    /* U+5777 */ {0x2F, 0xF2, 0x06, 0xFF, 0xE2, 0x5E, 0x25, 0xE2, 0x5E, 0x37, 0xE7, 0x46, 0xC0, 0x60, 0x06, 0x01, 0xE0, 0x00},
    /* U+577B */ {0x27, 0x82, 0x48, 0xFC, 0x82, 0x48, 0x27, 0xF2, 0x48, 0x3C, 0x87, 0x4C, 0xC5, 0xD0, 0x7F, 0x0E, 0xE0, 0x00},
    /* U+577C */ {0x27, 0x82, 0x40, 0xFC, 0x02, 0x7F, 0x24, 0x82, 0x58, 0x25, 0xC3, 0xCE, 0xEC, 0xA0, 0x88, 0x08, 0x80, 0x00},
    /* U+5782 */ {0x7F, 0x80, 0x60, 0x7F, 0xE3, 0x6C, 0x36, 0xCF, 0xFF, 0x36, 0xC7, 0xFE, 0x06, 0x00, 0x60, 0x3F, 0xC0, 0x00},
    /* U+5783 */ {0x21, 0x82, 0xFE, 0xF0, 0x02, 0x66, 0x22, 0x42, 0x24, 0x32, 0x47, 0x2C, 0xC2, 0xC0, 0xFF, 0x00, 0x00, 0x00},
    /* U+5784 */ {0x08, 0xC7, 0xFE, 0x1A, 0x41, 0x38, 0x3F, 0x36, 0xBE, 0x06, 0x03, 0xFC, 0x06, 0x00, 0x60, 0xFF, 0xF0, 0x00},
    /* U+5785 */ {0x22, 0x42, 0x20, 0xFF, 0xF2, 0x28, 0x22, 0xA2, 0x2E, 0x26, 0xC3, 0xC8, 0xE5, 0x80, 0xFB, 0x1A, 0xE0, 0x00},
    /* U+5786 */ {0x21, 0xE2, 0x10, 0xFF, 0xE2, 0x42, 0x24, 0x22, 0xFE, 0x3C, 0x2E, 0xC0, 0x08, 0x00, 0x80, 0x18, 0x00, 0x00},
    /* U+578B */ {0x2D, 0xA2, 0xDA, 0x7F, 0xA2, 0xDA, 0x6C, 0x24, 0xCE, 0x06, 0x03, 0xFC, 0x06, 0x00, 0x60, 0xFF, 0xF0, 0x00},
    /* U+578C */ {0x2F, 0xE2, 0xC2, 0xFF, 0xE2, 0xC2, 0x2F, 0xE2, 0xEE, 0x3E, 0xE7, 0xFE, 0xCE, 0x20, 0xC2, 0x0C, 0x60, 0x00},
    /* U+5792 */ {0x18, 0x83, 0xFC, 0x21, 0x02, 0x94, 0x7F, 0xE7, 0xFA, 0x06, 0x03, 0xFC, 0x06, 0x00, 0x60, 0xFF, 0xF0, 0x00},
    /* U+5793 */ {0x2F, 0xF2, 0x30, 0xF3, 0x02, 0x64, 0x27, 0xC2, 0x1A, 0x37, 0x67, 0xCC, 0xC1, 0xC0, 0x76, 0x0C, 0x20, 0x00},
    /* U+579B */ {0x22, 0xC2, 0x6C, 0xF6, 0xC2, 0xD6, 0x21, 0x02, 0xFE, 0x23, 0x87, 0x3C, 0xED, 0x60, 0x93, 0x01, 0x00, 0x00},
    /* U+57A0 */ {0x27, 0xE2, 0x46, 0xFF, 0xE2, 0x46, 0x27, 0xE2, 0x52, 0x2D, 0xE7, 0xCC, 0xE4, 0xC0, 0x76, 0x0E, 0x20, 0x00},
    /* U+57A1 */ {0x32, 0xE6, 0xFE, 0xE3, 0x42, 0x18, 0x27, 0xB2, 0xCE, 0x06, 0x03, 0xFE, 0x06, 0x00, 0x60, 0xFF, 0xF0, 0x00},
    /* U+57A2 */ {0x27, 0xC2, 0x40, 0xFC, 0x02, 0x7F, 0x24, 0x02, 0x7E, 0x2E, 0x23, 0xE2, 0xEE, 0x20, 0xBE, 0x1A, 0x20, 0x00},
    /* U+57A3 */ {0x2F, 0xF2, 0x00, 0xF7, 0xE2, 0x46, 0x27, 0xE2, 0x46, 0x3C, 0x67, 0x7E, 0xC0, 0x00, 0x00, 0x1F, 0xF0, 0x00},
    /* U+57A4 */ {0x2F, 0xF2, 0x34, 0xF6, 0x62, 0xFE, 0x21, 0x22, 0x10, 0x3F, 0xE7, 0x10, 0xC1, 0x00, 0x10, 0x0F, 0xF0, 0x00},
    /* U+57A6 */ {0x20, 0xC3, 0xFC, 0x3F, 0xC2, 0x66, 0x2F, 0x83, 0xCE, 0x06, 0x23, 0xFC, 0x06, 0x00, 0x60, 0x7F, 0xE0, 0x00},
    /* U+57A7 */ {0x21, 0x02, 0xFE, 0xFC, 0x22, 0xC2, 0x2F, 0xE2, 0xEE, 0x2E, 0xE3, 0xFE, 0xEE, 0x20, 0xC2, 0x0C, 0x60, 0x00},
    /* U+57A9 */ {0x7F, 0xE2, 0x94, 0x29, 0xC0, 0x98, 0x7F, 0xE0, 0x00, 0x06, 0x07, 0xFE, 0x06, 0x00, 0x60, 0xFF, 0xF0, 0x00},
    /* U+57AB */ {0x7F, 0xC3, 0x14, 0x7F, 0x4F, 0x34, 0x36, 0xF6, 0x43, 0x06, 0x03, 0xFC, 0x06, 0x00, 0x60, 0xFF, 0xF0, 0x00},
    /* U+57AD */ {0x2F, 0xE2, 0x28, 0xF2, 0x82, 0xAA, 0x2E, 0xA2, 0x6E, 0x26, 0xE7, 0x28, 0xC2, 0x81, 0xFF, 0x00, 0x00, 0x00},
    /* U+57AE */ {0x21, 0x02, 0xFF, 0xF2, 0x42, 0xFF, 0x28, 0x02, 0xFE, 0x22, 0x07, 0x7E, 0xE0, 0x60, 0x06, 0x01, 0xC0, 0x00},
    /* U+57B2 */ {0x25, 0x22, 0x52, 0xFF, 0xE2, 0x00, 0x2F, 0xE2, 0x02, 0x3F, 0xE7, 0x40, 0xC4, 0x20, 0x42, 0x07, 0xE0, 0x00},
    /* U+57B4 */ {0x21, 0x02, 0xFF, 0x20, 0x0F, 0xEA, 0x2F, 0xA2, 0xDA, 0x3D, 0xA7, 0xEE, 0x4E, 0x20, 0xFE, 0x00, 0x20, 0x00},
    /* U+57B8 */ {0x21, 0x82, 0xFF, 0x2C, 0x3F, 0x7E, 0x20, 0x02, 0xFF, 0x22, 0xC7, 0x2C, 0xE6, 0xD0, 0xCF, 0x08, 0xE0, 0x00},
    /* U+57C2 */ {0x2F, 0xF2, 0x10, 0xFF, 0xE2, 0xD2, 0x2F, 0xE2, 0xD2, 0x2F, 0xE3, 0xD0, 0xE7, 0x00, 0x78, 0x1C, 0xF0, 0x00},
    /* U+57C3 */ {0x22, 0xC2, 0x7E, 0xFF, 0xE2, 0x60, 0x27, 0xE2, 0x90, 0x3F, 0xFF, 0x18, 0x43, 0xC0, 0x66, 0x0C, 0x30, 0x00},
    /* U+57CB */ {0x27, 0xE2, 0x52, 0xFF, 0xE2, 0x52, 0x25, 0x22, 0x7E, 0x31, 0x87, 0xFE, 0xC1, 0x80, 0x18, 0x1F, 0xF0, 0x00},
    /* U+57CE */ {0x20, 0xA2, 0xFF, 0xF8, 0x82, 0x88, 0x2F, 0xA2, 0xBE, 0x2B, 0xE3, 0xBC, 0xEE, 0xD1, 0x9F, 0x13, 0x60, 0x00},
    /* U+57CF */ {0x2F, 0xE2, 0x44, 0xFD, 0x42, 0x94, 0x2F, 0x62, 0x74, 0x2D, 0x43, 0xD4, 0xFD, 0xF0, 0xF0, 0x19, 0xF0, 0x00},
    /* U+57D2 */ {0x2F, 0xC2, 0x52, 0xFD, 0xE2, 0x6C, 0x20, 0x42, 0xFF, 0x3C, 0x47, 0x64, 0x43, 0x40, 0x04, 0x01, 0xC0, 0x00},
    /* U+57D4 */ {0x21, 0xA2, 0xFF, 0xF1, 0x82, 0x7E, 0x25, 0xA2, 0x7E, 0x3D, 0xA7, 0x7E, 0xC5, 0xA0, 0x5A, 0x05, 0xE0, 0x00},
    /* U+57D5 */ {0x24, 0x22, 0x42, 0xFF, 0xE2, 0x00, 0x27, 0xE2, 0x18, 0x21, 0x83, 0xFE, 0xE1, 0x80, 0x18, 0x0F, 0xF0, 0x00},
    /* U+57D8 */ {0x2E, 0x62, 0xA6, 0xFB, 0xF2, 0xA6, 0x2F, 0xE2, 0xBE, 0x2A, 0xE3, 0xAE, 0xFE, 0x60, 0x86, 0x00, 0xC0, 0x00},
    /* U+57D9 */ {0x24, 0x62, 0x46, 0xFF, 0xC2, 0x00, 0x27, 0xE2, 0x52, 0x25, 0x23, 0xD2, 0xF7, 0xA0, 0x66, 0x0C, 0x20, 0x00},
    /* U+57DA */ {0x24, 0x62, 0x46, 0xF7, 0xE2, 0x18, 0x2F, 0xE2, 0xD2, 0x2F, 0xA3, 0xEE, 0xEE, 0x60, 0xC2, 0x0C, 0x60, 0x00},
    /* U+57DD */ {0x23, 0x82, 0x6C, 0xFD, 0x62, 0x90, 0x27, 0xE2, 0x0C, 0x31, 0x87, 0xFA, 0xCE, 0x20, 0xA7, 0x03, 0xC0, 0x00},
    /* U+57DF */ {0x20, 0xA2, 0xFF, 0x20, 0x8F, 0xFA, 0x2B, 0xA2, 0xBE, 0x3E, 0xC7, 0x3C, 0xCF, 0xD0, 0x9F, 0x02, 0x60, 0x00},
    /* U+57E0 */ {0x27, 0xE2, 0x46, 0xFF, 0xE2, 0x40, 0x27, 0xE2, 0x42, 0x3F, 0xE7, 0x10, 0xCF, 0xF0, 0x10, 0x01, 0x00, 0x00},
    /* U+57E4 */ {0x27, 0xE2, 0x52, 0xFF, 0xE2, 0x52, 0x27, 0xE2, 0x3C, 0x36, 0xC7, 0x4C, 0xEF, 0xF0, 0x0C, 0x00, 0xC0, 0x00},
    /* U+57ED */ {0x27, 0xE2, 0x16, 0xFF, 0xF2, 0x16, 0x27, 0xE2, 0x12, 0x3D, 0xE7, 0x7C, 0xC7, 0x40, 0xD3, 0x03, 0x00, 0x00},
    /* U+57EF */ {0x2F, 0xF2, 0x2C, 0xF7, 0x42, 0xD6, 0x2F, 0xF2, 0x7E, 0x35, 0x67, 0xFE, 0xC5, 0x00, 0x13, 0x01, 0xE0, 0x00},
    /* U+57F4 */ {0x2F, 0xE2, 0x10, 0xF7, 0xC2, 0x46, 0x27, 0xE2, 0x46, 0x37, 0xE7, 0x46, 0xC7, 0xE0, 0x46, 0x0F, 0xF0, 0x00},
    /* U+57F8 */ {0x24, 0x22, 0x7E, 0xFC, 0x22, 0x7E, 0x26, 0x03, 0xFE, 0x3B, 0xEF, 0xAA, 0x05, 0xA0, 0xD2, 0x03, 0xE0, 0x00},
    /* U+57F9 */ {0x2F, 0xE2, 0x04, 0xF6, 0x42, 0x24, 0x2F, 0xF2, 0x00, 0x27, 0xE7, 0x46, 0xE4, 0x60, 0x7E, 0x04, 0x20, 0x00},
    /* U+57FA */ {0x7F, 0xE1, 0x08, 0x1F, 0x81, 0xF8, 0x10, 0x8F, 0xFF, 0x10, 0xC2, 0x64, 0xDF, 0xB0, 0x60, 0x7F, 0xE0, 0x00},
    /* U+57FD */ {0x20, 0x62, 0x7E, 0xF7, 0xE2, 0x00, 0x2F, 0xF2, 0x93, 0x27, 0xE3, 0xD6, 0xE5, 0x60, 0x56, 0x01, 0x00, 0x00},
    /* U+5800 */ {0x2C, 0x22, 0xC2, 0xFF, 0xE2, 0xC8, 0x2E, 0xA2, 0xEA, 0x2B, 0xE3, 0x8A, 0xEE, 0xA0, 0xEA, 0x1B, 0xE0, 0x00},
    /* U+5802 */ {0x36, 0xC7, 0xFE, 0x40, 0x27, 0xFE, 0x30, 0xC3, 0xFC, 0x06, 0x03, 0xFE, 0x06, 0x00, 0x60, 0x7F, 0xE0, 0x00},
    /* U+5806 */ {0x26, 0x82, 0x7E, 0xFC, 0x82, 0xC8, 0x27, 0xE2, 0x48, 0x3F, 0xEF, 0x48, 0xC4, 0x80, 0x7F, 0x04, 0x00, 0x00},
    /* U+5807 */ {0x7F, 0xE1, 0x08, 0x1F, 0x83, 0xFC, 0x26, 0x43, 0xFC, 0x7F, 0xE0, 0x60, 0x3F, 0xC0, 0x60, 0x7F, 0xE0, 0x00},
    /* U+580B */ {0x2A, 0xA2, 0xAA, 0xFE, 0xE2, 0xAA, 0x2A, 0xA2, 0xAA, 0x2F, 0xE7, 0xBA, 0xFB, 0xA1, 0xBA, 0x17, 0x60, 0x00},
    /* U+580D */ {0x27, 0xC2, 0x48, 0xFF, 0xE2, 0xD2, 0x2D, 0x22, 0xD2, 0x2F, 0xE7, 0x3C, 0xC3, 0xE0, 0xDB, 0x18, 0xE0, 0x00},
    /* U+5811 */ {0xFF, 0xC7, 0x10, 0x7F, 0xF1, 0xB4, 0x7F, 0x45, 0xA4, 0x06, 0x43, 0xFC, 0x06, 0x00, 0x60, 0xFF, 0xF0, 0x00},
    /* U+5815 */ {0x7F, 0xE5, 0x20, 0x77, 0xE5, 0xFE, 0x5A, 0x67, 0x3E, 0x42, 0xE0, 0x60, 0x3F, 0xC0, 0x60, 0xFF, 0xF0, 0x00},
    /* U+5819 */ {0x2F, 0xF2, 0x28, 0xFF, 0xE2, 0xAA, 0x2F, 0xE2, 0x00, 0x21, 0x07, 0xFE, 0xE1, 0x00, 0x10, 0x1F, 0xF0, 0x00},
    /* U+581E */ {0x25, 0x42, 0xFE, 0xF5, 0x42, 0x5C, 0x27, 0xE2, 0x10, 0x2F, 0xF7, 0x38, 0xC7, 0xC1, 0xD7, 0x01, 0x00, 0x00},
    /* U+5820 */ {0x25, 0xE2, 0x46, 0xFF, 0xF3, 0xD0, 0x3F, 0xE2, 0xE8, 0x2E, 0x87, 0xFF, 0xCC, 0xC0, 0xD6, 0x0F, 0x30, 0x00},
    /* U+5821 */ {0x2C, 0x46, 0xFC, 0x61, 0x0F, 0xFE, 0x27, 0xC3, 0x96, 0x26, 0x07, 0xFE, 0x06, 0x00, 0x60, 0xFF, 0xF0, 0x00},
    /* U+5824 */ {0x24, 0x22, 0x7E, 0x24, 0x2F, 0xFE, 0x20, 0x02, 0xFF, 0x25, 0x03, 0xDE, 0xED, 0x00, 0xB0, 0x19, 0xF0, 0x00},
    /* U+582A */ {0x2F, 0xF2, 0x44, 0xF7, 0xC2, 0x44, 0x27, 0xC2, 0x44, 0x3F, 0xF7, 0xF4, 0xCE, 0x40, 0xFE, 0x00, 0x00, 0x00},
    /* U+5830 */ {0x28, 0x02, 0xBE, 0xFB, 0xE2, 0xA2, 0x2B, 0xE2, 0xFE, 0x3B, 0x47, 0x9C, 0x0F, 0x60, 0xFF, 0x00, 0x00, 0x00},
    /* U+5835 */ {0x23, 0x22, 0xFE, 0x23, 0xCE, 0xFF, 0x23, 0x02, 0xFE, 0x3E, 0x27, 0x3E, 0xE2, 0x20, 0x22, 0x03, 0xE0, 0x00},
    /* U+5844 */ {0x2F, 0xE2, 0xEA, 0xFF, 0xE2, 0x10, 0x2F, 0xF2, 0x20, 0x3B, 0xE7, 0x26, 0xC6, 0x60, 0xC4, 0x09, 0xC0, 0x00},
    /* U+584C */ {0x24, 0x22, 0x7E, 0xFC, 0x22, 0x7E, 0x2F, 0xE2, 0xBA, 0x2F, 0xE3, 0x76, 0xEF, 0xE0, 0xBA, 0x07, 0x60, 0x00},
    /* U+584D */ {0x55, 0x45, 0xFE, 0x73, 0x05, 0xFF, 0x56, 0x47, 0xD2, 0x59, 0x05, 0x7E, 0xD1, 0x0D, 0x10, 0xBF, 0xE0, 0x00},
    /* U+5851 */ {0x29, 0x2F, 0xFE, 0x55, 0x27, 0xDE, 0x37, 0x26, 0x26, 0x06, 0x03, 0xFC, 0x06, 0x00, 0x60, 0xFF, 0xF0, 0x00},
    /* U+5854 */ {0x2F, 0xF2, 0x64, 0xF3, 0x82, 0x6C, 0x2C, 0x63, 0xFF, 0x20, 0x03, 0x7E, 0xF4, 0x60, 0x46, 0x07, 0xE0, 0x00},
    /* U+5858 */ {0x2F, 0xF2, 0xC8, 0xFF, 0xE2, 0xDA, 0x2F, 0xF2, 0xFE, 0x29, 0x87, 0xFE, 0xEE, 0x20, 0xE2, 0x17, 0xE0, 0x00},
    /* U+585E */ {0x7F, 0xE4, 0x92, 0x3F, 0xC0, 0x90, 0x3F, 0xC7, 0xFF, 0x10, 0x83, 0x6C, 0x7F, 0xF0, 0x60, 0x7F, 0xE0, 0x00},
    /* U+5865 */ {0x2F, 0xF2, 0x7E, 0xF4, 0x22, 0x7E, 0x2F, 0xE2, 0xE6, 0x2F, 0xA3, 0xFE, 0xED, 0x20, 0xD2, 0x09, 0x60, 0x00},
    /* U+586B */ {0x2F, 0xE2, 0x10, 0xF7, 0xE2, 0x7E, 0x24, 0x62, 0x7E, 0x27, 0xE7, 0x46, 0xEF, 0xF0, 0x6C, 0x0C, 0x20, 0x00},
    /* U+586C */ {0x2F, 0xF2, 0xC8, 0xFF, 0xE2, 0xE2, 0x2F, 0xE2, 0xE2, 0x2F, 0xE3, 0xAA, 0xFA, 0xA0, 0xEB, 0x11, 0x80, 0x00},
    /* U+587E */ {0xFD, 0x87, 0xFC, 0x7D, 0x47, 0xB4, 0x19, 0xEF, 0xF7, 0x36, 0x20, 0x60, 0x7F, 0xE0, 0x60, 0xFF, 0xF0, 0x00},
    /* U+5880 */ {0x2F, 0xE2, 0xC2, 0xFF, 0xE2, 0xFE, 0x2F, 0xC2, 0xEA, 0x2A, 0x87, 0xFE, 0xCF, 0xF0, 0x88, 0x18, 0x80, 0x00},
    /* U+5881 */ {0x24, 0x62, 0x7E, 0xF7, 0xE2, 0x7E, 0x2E, 0xA2, 0xFE, 0x20, 0x03, 0xFE, 0xF2, 0xC0, 0x3C, 0x0E, 0x60, 0x00},
    /* U+5883 */ {0x27, 0xE2, 0x2C, 0xFF, 0xE2, 0x00, 0x27, 0xE2, 0x7E, 0x24, 0x63, 0x7E, 0xE2, 0x80, 0x6B, 0x0C, 0xE0, 0x00},
    /* U+5885 */ {0x54, 0x67, 0xDC, 0x54, 0xC7, 0xFF, 0x7C, 0xA1, 0x08, 0x7D, 0x80, 0x60, 0x3F, 0xE0, 0x60, 0xFF, 0xF0, 0x00},
    /* U+5889 */ {0x2F, 0xE2, 0x98, 0xFF, 0xE2, 0xFF, 0x2F, 0xE2, 0x98, 0x2F, 0xE3, 0xFE, 0xEF, 0xE1, 0xDA, 0x15, 0xE0, 0x00},
    /* U+5892 */ {0x2F, 0xF2, 0x04, 0xF2, 0xC2, 0xFE, 0x2A, 0xA2, 0xE6, 0x3F, 0xA7, 0xAA, 0xCB, 0xA0, 0xA2, 0x08, 0x60, 0x00},
    /* U+5893 */ {0x7F, 0xE3, 0xFC, 0x20, 0x43, 0xFC, 0x3F, 0xC0, 0x80, 0xFF, 0xF3, 0x6C, 0xFF, 0xF0, 0x60, 0x7F, 0xE0, 0x00},
    /* U+5899 */ {0x2F, 0xE2, 0x54, 0xF7, 0x42, 0xFF, 0x20, 0x02, 0xFE, 0x3C, 0x27, 0xFE, 0xCF, 0xE0, 0xC2, 0x0F, 0xE0, 0x00},
    /* U+589A */ {0x2F, 0xE2, 0xBE, 0xF7, 0xF2, 0x55, 0x2F, 0xC2, 0x10, 0x3F, 0xF7, 0x38, 0xC7, 0xC0, 0xD3, 0x01, 0x00, 0x00},
    /* U+589E */ {0x22, 0xC2, 0xFE, 0xFF, 0x62, 0xBA, 0x2F, 0xE2, 0x00, 0x27, 0xE3, 0x46, 0xE7, 0xE0, 0x7E, 0x04, 0x40, 0x00},
    /* U+589F */ {0x21, 0xE2, 0xFE, 0xF9, 0x22, 0xFE, 0x29, 0x22, 0x9E, 0x39, 0xC7, 0xDE, 0xCB, 0xE1, 0xBC, 0x1F, 0xF0, 0x00},
    /* U+58A8 */ {0x37, 0x42, 0xF4, 0x3F, 0xC0, 0x60, 0x3F, 0xC7, 0xFE, 0x2B, 0x64, 0x72, 0x3F, 0xC0, 0x60, 0xFF, 0xF0, 0x00},
    /* U+58A9 */ {0x7F, 0xC6, 0x08, 0xFF, 0xF6, 0xBA, 0x6F, 0xA6, 0xFE, 0x66, 0x67, 0x74, 0xDE, 0xC0, 0x4A, 0x0D, 0x30, 0x00},
    /* U+58BC */ {0x11, 0x47, 0xF4, 0x7F, 0xE7, 0xD6, 0x7D, 0xC5, 0x7E, 0x7E, 0x20, 0x60, 0x7F, 0xC0, 0x60, 0xFF, 0xF0, 0x00},
    /* U+58C1 */ {0x4F, 0xE7, 0xD4, 0x43, 0xF7, 0xC8, 0x67, 0xEE, 0x48, 0xFC, 0x03, 0xFC, 0x06, 0x00, 0x60, 0xFF, 0xF0, 0x00},
    /* U+58C5 */ {0x7F, 0xE2, 0x28, 0x7F, 0xE7, 0x7E, 0x7B, 0xE7, 0xA8, 0x73, 0xE4, 0x60, 0x3F, 0xC0, 0x60, 0xFF, 0xF0, 0x00},
    /* U+58D1 */ {0x19, 0xE7, 0xFA, 0x7E, 0xE7, 0xEC, 0x7C, 0xC7, 0xEE, 0x3F, 0x30, 0x60, 0x7F, 0xE0, 0x60, 0xFF, 0xF0, 0x00},
    /* U+58D5 */ {0x2F, 0xF2, 0x7C, 0xF4, 0x62, 0xFE, 0x28, 0x32, 0xFE, 0x27, 0x67, 0xFC, 0xCF, 0xE0, 0xEB, 0x09, 0x80, 0x00},
    /* U+58E4 */ {0x2F, 0xF2, 0xEE, 0xFB, 0xA2, 0xEE, 0x2F, 0xE2, 0x7E, 0x22, 0xC7, 0xFF, 0xCE, 0xE1, 0xFE, 0x07, 0x30, 0x00},
    /* U+58EB */ {0x06, 0x00, 0x60, 0x06, 0x0F, 0xFF, 0x06, 0x00, 0x60, 0x06, 0x00, 0x60, 0x06, 0x07, 0xFE, 0x00, 0x00, 0x00},
    /* U+58EC */ {0x7F, 0x87, 0x60, 0x06, 0x00, 0x60, 0xFF, 0xF0, 0x60, 0x06, 0x00, 0x60, 0x06, 0x00, 0x60, 0x7F, 0xE0, 0x00},
    /* U+58EE */ {0x11, 0x85, 0x18, 0x71, 0x81, 0xFF, 0x11, 0x81, 0x18, 0x31, 0x8F, 0x18, 0xD1, 0x81, 0x18, 0x1F, 0xE0, 0x00},
    /* U+58F0 */ {0x7F, 0xE0, 0x60, 0x7F, 0xE0, 0x00, 0x3F, 0xE2, 0x66, 0x26, 0x67, 0xFE, 0x60, 0x04, 0x00, 0xC0, 0x00, 0x00},
    /* U+58F3 */ {0x7F, 0xE0, 0x60, 0x7F, 0xE0, 0x00, 0x7F, 0xE4, 0x02, 0x5F, 0xA1, 0x98, 0x19, 0x83, 0x1B, 0xE0, 0xE0, 0x00},
    /* U+58F6 */ {0x7F, 0xE0, 0x60, 0x3F, 0xC0, 0x00, 0xFF, 0xFC, 0x93, 0x29, 0x42, 0x94, 0x19, 0x80, 0x90, 0xFF, 0xF0, 0x00},
    /* U+58F9 */ {0x7F, 0xE3, 0xFC, 0x00, 0x07, 0xFE, 0x7F, 0xE0, 0x00, 0x3F, 0xC2, 0x0C, 0x3F, 0xC1, 0x98, 0xFF, 0xF0, 0x00},
    /* U+5902 */ {0x08, 0x01, 0xFC, 0x30, 0xC3, 0x88, 0x79, 0x84, 0xF0, 0x07, 0x00, 0x60, 0x1F, 0x87, 0x0E, 0xE0, 0x70, 0x00},
    /* U+5904 */ {0x31, 0x83, 0xD8, 0x25, 0x86, 0x5C, 0x6D, 0xE7, 0xDA, 0x19, 0x81, 0x98, 0x19, 0x83, 0x60, 0xE3, 0xF0, 0x00},
    /* U+5907 */ {0x1F, 0xC3, 0x98, 0x6F, 0x01, 0xF8, 0xF9, 0xF3, 0xFC, 0x26, 0x43, 0xFC, 0x26, 0x42, 0x64, 0x3F, 0xC0, 0x00},
    /* U+590D */ {0x3F, 0xE6, 0x00, 0x7F, 0xC3, 0xFC, 0x30, 0x43, 0xFC, 0x18, 0x03, 0xFC, 0x7D, 0x81, 0xFC, 0xF0, 0xE0, 0x00},
    /* U+590F */ {0x06, 0x03, 0xFC, 0x3F, 0xC2, 0x04, 0x3F, 0xC3, 0xFC, 0x18, 0x03, 0xFC, 0x6F, 0x80, 0xF8, 0xF9, 0xF0, 0x00},
    /* U+5914 */ {0x7F, 0xE2, 0xFE, 0x7F, 0xA6, 0xFE, 0x79, 0x97, 0xFE, 0x3D, 0xC5, 0xFA, 0x39, 0x80, 0xF0, 0xF9, 0xE0, 0x00},
    /* U+5915 */ {0x0C, 0x00, 0xFE, 0x18, 0x63, 0x04, 0x6C, 0xC0, 0x68, 0x03, 0x80, 0x30, 0x0E, 0x03, 0xC0, 0x70, 0x00, 0x00},
    /* U+5916 */ {0x31, 0x03, 0xD0, 0x65, 0x86, 0x5C, 0xED, 0xE1, 0x92, 0x19, 0x01, 0x90, 0x31, 0x06, 0x10, 0x41, 0x00, 0x00},
    /* U+5919 */ {0x3F, 0xC2, 0x04, 0x3F, 0xC2, 0x44, 0x6F, 0xC6, 0x94, 0x7D, 0x46, 0x76, 0x46, 0x74, 0xC7, 0xD8, 0x30, 0x00},
    /* U+591A */ {0x0F, 0xC3, 0x18, 0x6B, 0x00, 0xF0, 0x1F, 0x07, 0x7E, 0x0C, 0x63, 0xEC, 0x03, 0x81, 0xE0, 0x78, 0x00, 0x00},
    /* U+591C */ {0x7F, 0xF1, 0x30, 0x13, 0x03, 0x7E, 0x67, 0x66, 0xFC, 0xFA, 0xC2, 0x38, 0x23, 0x82, 0x6E, 0x3C, 0x70, 0x00},
    /* U+591F */ {0x61, 0xE7, 0xF6, 0xCF, 0xC7, 0xD8, 0x5F, 0xC5, 0xDF, 0x5F, 0x27, 0xFE, 0x4C, 0xC0, 0x98, 0x3B, 0x00, 0x00},
    /* U+5924 */ {0x39, 0xC0, 0xF0, 0x7E, 0x07, 0xFE, 0x7F, 0xE0, 0x60, 0x3F, 0xC3, 0xFC, 0x3F, 0xC3, 0x9C, 0x60, 0x60, 0x00},
    /* U+5925 */ {0x7D, 0xE5, 0x76, 0x7F, 0xC5, 0x4C, 0x7F, 0xC1, 0x28, 0x7D, 0xF3, 0xB2, 0x7C, 0xED, 0x1C, 0x13, 0x00, 0x00},
    /* U+5927 */ {0x06, 0x00, 0x60, 0x06, 0x07, 0xFF, 0x06, 0x00, 0xF0, 0x0F, 0x01, 0x98, 0x10, 0xC7, 0x06, 0x40, 0x20, 0x00},
    /* U+5929 */ {0x7F, 0xE0, 0x60, 0x06, 0x00, 0x60, 0x7F, 0xE0, 0x60, 0x0F, 0x00, 0x90, 0x19, 0x87, 0x0E, 0x40, 0x30, 0x00},
    /* U+592A */ {0x06, 0x00, 0x60, 0xFF, 0xF0, 0x60, 0x07, 0x00, 0xF0, 0x09, 0x01, 0x98, 0x3C, 0xC6, 0x66, 0x42, 0x30, 0x00},
    /* U+592B */ {0x06, 0x07, 0xFE, 0x06, 0x00, 0x60, 0x06, 0x07, 0xFE, 0x06, 0x00, 0xF0, 0x19, 0x87, 0x0E, 0xE0, 0x70, 0x00},
    /* U+592D */ {0x7F, 0xC0, 0x60, 0x06, 0x00, 0x60, 0xFF, 0xF0, 0x60, 0x0E, 0x00, 0xF0, 0x19, 0x87, 0x0E, 0xE0, 0x70, 0x00},
    /* U+592E */ {0x06, 0x03, 0xFC, 0x26, 0x42, 0x64, 0x26, 0x4F, 0xFF, 0x06, 0x00, 0xF0, 0x19, 0x87, 0x0E, 0x60, 0x70, 0x00},
    /* U+592F */ {0x04, 0x07, 0xFF, 0x19, 0x83, 0x4C, 0x64, 0x6F, 0xFE, 0x0C, 0xC0, 0xCC, 0x18, 0xC3, 0x08, 0x63, 0x80, 0x00},
    /* U+5931 */ {0x36, 0x03, 0xFE, 0x66, 0x04, 0x60, 0x06, 0x0F, 0xFF, 0x06, 0x00, 0xF0, 0x19, 0x87, 0x0E, 0x60, 0x70, 0x00},
    /* U+5934 */ {0x3A, 0x00, 0xE0, 0x62, 0x03, 0x20, 0x02, 0x0F, 0xFF, 0x06, 0x00, 0x70, 0x0D, 0xC3, 0x86, 0x60, 0x20, 0x00},
    /* U+5937 */ {0xFF, 0xE0, 0x60, 0x7F, 0xC0, 0x64, 0x7F, 0xC6, 0x60, 0x7F, 0xE0, 0x62, 0x0B, 0xE7, 0x1C, 0xE0, 0x70, 0x00},
    /* U+5938 */ {0x0C, 0x07, 0xFE, 0x19, 0x87, 0xFE, 0xC0, 0x37, 0xFE, 0x10, 0x01, 0xFC, 0x00, 0x80, 0x08, 0x07, 0x80, 0x00},
    /* U+5939 */ {0x06, 0x07, 0xFE, 0x26, 0xC3, 0x68, 0x16, 0x8F, 0xFF, 0x06, 0x00, 0xF0, 0x19, 0x87, 0x0E, 0x60, 0x60, 0x00},
    /* U+593A */ {0x04, 0x0F, 0xFF, 0x19, 0x87, 0x0E, 0x40, 0xA7, 0xFE, 0x10, 0x81, 0x88, 0x08, 0x80, 0x98, 0x07, 0x80, 0x00},
    /* U+593C */ {0x04, 0x07, 0xFE, 0x19, 0x83, 0x0C, 0xF0, 0x63, 0x64, 0x36, 0x43, 0x64, 0x26, 0x46, 0x64, 0x40, 0x40, 0x00},
    /* U+5941 */ {0x7F, 0xE1, 0x90, 0x30, 0xC7, 0xFE, 0x20, 0x22, 0x98, 0x27, 0x02, 0x70, 0x3C, 0xC2, 0x00, 0x3F, 0xE0, 0x00},
    /* U+5942 */ {0x1F, 0x83, 0x18, 0x61, 0x07, 0xFC, 0x26, 0x42, 0x64, 0x26, 0x47, 0xFE, 0x0D, 0x03, 0x8C, 0x60, 0x70, 0x00},
    /* U+5944 */ {0x04, 0x0F, 0xFF, 0x19, 0x83, 0x6C, 0x7F, 0xEE, 0x66, 0x3F, 0xC2, 0x64, 0x3F, 0xC2, 0x62, 0x03, 0xE0, 0x00},
    /* U+5947 */ {0x7F, 0xE0, 0x60, 0x1F, 0x87, 0x0E, 0xFF, 0xF0, 0x04, 0x3E, 0x42, 0x24, 0x3E, 0x42, 0x04, 0x23, 0xC0, 0x00},
    /* U+5948 */ {0x0C, 0x07, 0xFE, 0x19, 0x83, 0x0C, 0x7F, 0xEC, 0x02, 0x7F, 0xC1, 0x60, 0x36, 0xC6, 0x66, 0x4E, 0x20, 0x00},
    /* U+5949 */ {0x7F, 0xE0, 0x40, 0x3F, 0xC0, 0x80, 0x7F, 0xE3, 0x6C, 0x7F, 0xE4, 0x60, 0x7F, 0xC0, 0x60, 0x06, 0x00, 0x00},
    /* U+594B */ {0x04, 0x07, 0xFE, 0x0F, 0x01, 0x9C, 0xFF, 0xF2, 0x64, 0x26, 0x43, 0xFC, 0x26, 0x43, 0xFC, 0x20, 0x40, 0x00},
    /* U+594E */ {0x7F, 0xE1, 0x98, 0x36, 0xC7, 0xFE, 0xC6, 0x23, 0xFE, 0x06, 0x03, 0xFC, 0x06, 0x00, 0x60, 0x7F, 0xE0, 0x00},
    /* U+594F */ {0x7F, 0xE0, 0x40, 0x3F, 0xC7, 0xFE, 0x19, 0x83, 0xFC, 0x66, 0x67, 0xFC, 0x0F, 0x01, 0x9C, 0x30, 0x60, 0x00},
    /* U+5951 */ {0x7F, 0xE1, 0x1A, 0x7D, 0x21, 0x12, 0x7F, 0x21, 0x6E, 0x06, 0x07, 0xFE, 0x0F, 0x03, 0x9C, 0xF0, 0xF0, 0x00},
    /* U+5954 */ {0x04, 0x07, 0xFE, 0x19, 0x83, 0x6C, 0xFF, 0xB0, 0x60, 0x10, 0x8F, 0xFF, 0x10, 0x83, 0x08, 0x60, 0x80, 0x00},
    /* U+5955 */ {0xFF, 0xF0, 0x90, 0x29, 0xC6, 0x96, 0x59, 0x23, 0x70, 0x06, 0x0F, 0xFF, 0x0F, 0x03, 0x9C, 0xE0, 0xE0, 0x00},
    /* U+5956 */ {0x53, 0xE7, 0xE2, 0x33, 0x47, 0x38, 0x1F, 0x00, 0x60, 0x7F, 0xE0, 0x60, 0x0F, 0x03, 0x9E, 0xE0, 0x60, 0x00},
    /* U+5957 */ {0x7F, 0xE1, 0x98, 0x3F, 0xC7, 0x07, 0x1F, 0x81, 0x00, 0x1F, 0x87, 0xFE, 0x18, 0x83, 0xFC, 0x3E, 0x60, 0x00},
    /* U+5958 */ {0x59, 0x87, 0xFF, 0x79, 0x87, 0x98, 0x5F, 0xE5, 0x20, 0x06, 0x0F, 0xFF, 0x07, 0x01, 0x9C, 0x70, 0xE0, 0x00},
    /* U+595A */ {0x7E, 0x42, 0x64, 0x3E, 0x81, 0x98, 0x3E, 0x83, 0xFC, 0x3E, 0x27, 0xFE, 0x0F, 0x01, 0x9E, 0x70, 0x60, 0x00},
    /* U+5960 */ {0x7F, 0xE0, 0xF0, 0x3F, 0xC3, 0x9C, 0x3F, 0xC2, 0x04, 0x3F, 0xCF, 0xFF, 0x0F, 0x03, 0x9C, 0xF0, 0xF0, 0x00},
    /* U+5962 */ {0x7F, 0xE1, 0xDC, 0x7F, 0xF4, 0x50, 0xFF, 0xF0, 0xC0, 0x3F, 0xCF, 0x04, 0x1F, 0xC1, 0x04, 0x1F, 0xC0, 0x00},
    /* U+5965 */ {0x3F, 0xC2, 0x44, 0x2F, 0x43, 0xFC, 0x2F, 0x43, 0xFC, 0x26, 0x4F, 0xFE, 0x0F, 0x03, 0x9C, 0xF0, 0xF0, 0x00},
    /* U+5973 */ {0x0C, 0x00, 0x80, 0xFF, 0xF1, 0x88, 0x11, 0x83, 0x18, 0x3B, 0x00, 0xF0, 0x0F, 0x87, 0x8E, 0x60, 0x60, 0x00},
    /* U+5974 */ {0x27, 0xE2, 0x22, 0xFF, 0x66, 0xB6, 0x49, 0x44, 0x94, 0x79, 0xC3, 0x88, 0x39, 0xC6, 0xB6, 0xC6, 0x30, 0x00},
    /* U+5976 */ {0x27, 0xC2, 0x2C, 0xFA, 0xC7, 0xA8, 0x5A, 0xE5, 0x22, 0x76, 0x23, 0x42, 0x34, 0x26, 0xC6, 0xC9, 0xC0, 0x00},
    /* U+5978 */ {0x27, 0xE6, 0x18, 0xF9, 0x85, 0x98, 0x5F, 0xF5, 0x18, 0x71, 0x83, 0x18, 0x39, 0x86, 0x98, 0xC1, 0x80, 0x00},
    /* U+5979 */ {0x22, 0x82, 0x68, 0xFE, 0xE7, 0xFA, 0x5E, 0xA5, 0x6A, 0x56, 0xA7, 0x6E, 0x3E, 0x36, 0xE3, 0xC3, 0xE0, 0x00},
    /* U+597D */ {0x27, 0xE2, 0x06, 0xF8, 0xC6, 0x88, 0x48, 0x85, 0xFF, 0x78, 0x83, 0x08, 0x38, 0x86, 0x88, 0xC3, 0x80, 0x00},
    /* U+5981 */ {0x22, 0x02, 0x3E, 0xFE, 0x27, 0xC2, 0x5E, 0x25, 0x12, 0x71, 0xA3, 0x02, 0x38, 0x26, 0x86, 0xC1, 0xC0, 0x00},
    /* U+5982 */ {0x33, 0xE2, 0x22, 0xFE, 0x22, 0xE2, 0x6E, 0x24, 0xA2, 0x6A, 0x23, 0xA2, 0x1A, 0x23, 0xFE, 0x42, 0x20, 0x00},
    /* U+5983 */ {0x27, 0xE2, 0x02, 0xF8, 0x26, 0x82, 0x5B, 0xE5, 0xE2, 0x76, 0x03, 0x60, 0x3E, 0x36, 0xE3, 0xC3, 0xE0, 0x00},
    /* U+5984 */ {0x7F, 0xE2, 0x00, 0x20, 0x03, 0xFE, 0x0C, 0x0F, 0xFF, 0x19, 0x83, 0x98, 0x1F, 0x01, 0xFC, 0x78, 0x60, 0x00},
    /* U+5986 */ {0x11, 0x05, 0x30, 0x7F, 0xF3, 0x24, 0x16, 0x43, 0x64, 0x76, 0xCD, 0x38, 0x11, 0xC1, 0x76, 0x1C, 0x20, 0x00},
    /* U+5987 */ {0x27, 0xE2, 0x02, 0xF8, 0x26, 0x82, 0x5F, 0xE5, 0x82, 0x70, 0x23, 0x02, 0x38, 0x26, 0x7E, 0xC0, 0x20, 0x00},
    /* U+5988 */ {0x27, 0xC2, 0x04, 0xFE, 0x47, 0xE4, 0x5C, 0x45, 0x7E, 0x70, 0x23, 0xFE, 0x30, 0x27, 0x86, 0xC0, 0xC0, 0x00},
    /* U+598A */ {0x27, 0xC2, 0x58, 0xF8, 0x87, 0x88, 0x5F, 0xF5, 0x88, 0x70, 0x83, 0x08, 0x38, 0x86, 0x88, 0xC7, 0xF0, 0x00},
    /* U+598D */ {0x27, 0xE6, 0x34, 0xFB, 0x45, 0xB4, 0x5F, 0xF5, 0x24, 0x72, 0x43, 0x24, 0x3E, 0x46, 0x64, 0x44, 0x40, 0x00},
    /* U+5992 */ {0x20, 0x86, 0x7E, 0xFE, 0x27, 0xE2, 0x5E, 0x25, 0x7E, 0x56, 0x27, 0x40, 0x3C, 0x06, 0xC0, 0xC8, 0x00, 0x00},
    /* U+5993 */ {0x21, 0x82, 0x7E, 0xF9, 0x87, 0x98, 0x5F, 0xE5, 0x26, 0x73, 0x43, 0x1C, 0x39, 0x86, 0x7E, 0xCC, 0x30, 0x00},
    /* U+5996 */ {0x27, 0xE2, 0x78, 0xF9, 0x87, 0x98, 0x5F, 0xE5, 0x18, 0x71, 0x83, 0x1C, 0x33, 0x47, 0xE6, 0xCC, 0x30, 0x00},
    /* U+5997 */ {0x21, 0x86, 0x3C, 0xFE, 0x45, 0xD2, 0x58, 0x85, 0x7E, 0x70, 0x43, 0x0C, 0x38, 0xC6, 0x88, 0xC1, 0x80, 0x00},
    /* U+5999 */ {0x21, 0x82, 0x3C, 0xFB, 0xE7, 0xFA, 0x5D, 0xB5, 0x5A, 0x71, 0xE3, 0x04, 0x38, 0xC6, 0x30, 0xCE, 0x00, 0x00},
    /* U+599E */ {0x27, 0xE6, 0x12, 0xF9, 0x65, 0xB6, 0x57, 0xE5, 0x36, 0x73, 0x63, 0x26, 0x32, 0x47, 0xA4, 0xCF, 0xF0, 0x00},
    /* U+59A3 */ {0x24, 0x8F, 0xC8, 0x7C, 0xA5, 0x7E, 0x54, 0xC5, 0x48, 0x74, 0x83, 0x48, 0x34, 0xB7, 0xFB, 0xC4, 0xE0, 0x00},
    /* U+59A4 */ {0x27, 0xE2, 0x0C, 0xFB, 0x87, 0x8C, 0x5F, 0xF5, 0x1A, 0x71, 0xE3, 0x18, 0x39, 0x86, 0x98, 0xC3, 0x80, 0x00},
    /* U+59A5 */ {0x7F, 0xC2, 0x44, 0x26, 0xC3, 0x28, 0x0C, 0x0F, 0xFE, 0x19, 0x83, 0x10, 0x1F, 0x01, 0xFC, 0x70, 0x60, 0x00},
    /* U+59A8 */ {0x20, 0x82, 0x7F, 0xFB, 0x07, 0xB0, 0x5B, 0xE5, 0x32, 0x73, 0x23, 0x22, 0x3E, 0x66, 0x46, 0xCD, 0xC0, 0x00},
    /* U+59A9 */ {0x27, 0xE2, 0x10, 0xF9, 0x05, 0x90, 0x5F, 0xF5, 0x98, 0x73, 0x83, 0x28, 0x3E, 0x86, 0xCB, 0xC8, 0xE0, 0x00},
    /* U+59AA */ {0x67, 0xE6, 0x40, 0xFE, 0x65, 0x54, 0x55, 0xC5, 0x4C, 0xD5, 0xC7, 0x56, 0x37, 0x27, 0xC0, 0xC7, 0xF0, 0x00},
    /* U+59AB */ {0x27, 0x02, 0x30, 0xFF, 0xE5, 0x92, 0x59, 0x25, 0x3A, 0x72, 0xE3, 0x26, 0x3E, 0x26, 0xC6, 0x4D, 0xC0, 0x00},
    /* U+59AE */ {0x27, 0xE6, 0x42, 0xF7, 0xE5, 0x50, 0x55, 0x25, 0x56, 0x75, 0xC7, 0x50, 0x3D, 0x17, 0x93, 0xC9, 0xE0, 0x00},
    /* U+59AF */ {0x21, 0x82, 0x18, 0xFF, 0xE7, 0xDA, 0x55, 0xA5, 0x7E, 0x55, 0xA3, 0x5A, 0x35, 0xA7, 0xFE, 0xC4, 0x20, 0x00},
    /* U+59B2 */ {0x27, 0xE7, 0x42, 0xFC, 0x25, 0xFE, 0x5C, 0x25, 0x42, 0x74, 0x23, 0x7E, 0x38, 0x06, 0xFF, 0x40, 0x00, 0x00},
    /* U+59B9 */ {0x21, 0x82, 0x7E, 0xF9, 0x85, 0x98, 0x5F, 0xF5, 0x18, 0x73, 0xC3, 0x3C, 0x3F, 0xA6, 0xDB, 0xC1, 0x80, 0x00},
    /* U+59BB */ {0x7F, 0xE0, 0x60, 0x3F, 0xCF, 0xFF, 0x06, 0x43, 0xFC, 0xFF, 0xE1, 0x88, 0x1F, 0x00, 0xF8, 0x78, 0xE0, 0x00},
    /* U+59BE */ {0x7F, 0xE1, 0x08, 0x19, 0x8F, 0xFF, 0x0C, 0x0F, 0xFF, 0x18, 0x83, 0x18, 0x1F, 0x00, 0xFC, 0x78, 0xE0, 0x00},
    /* U+59C6 */ {0x27, 0xE6, 0x72, 0xFF, 0xA5, 0x6A, 0x5F, 0xF5, 0x52, 0x75, 0xA7, 0x4A, 0x37, 0xF7, 0x86, 0xC0, 0xC0, 0x00},
    /* U+59CA */ {0x20, 0xA2, 0x3E, 0xFF, 0x87, 0xC8, 0x5C, 0x85, 0xFF, 0x71, 0xB3, 0x3B, 0x3A, 0xA6, 0xCE, 0xC8, 0x80, 0x00},
    /* U+59CB */ {0x21, 0x02, 0x34, 0xFA, 0x67, 0xFE, 0x5F, 0xF5, 0x00, 0x77, 0xE3, 0x62, 0x3E, 0x24, 0x7E, 0x46, 0x20, 0x00},
    /* U+59D0 */ {0x27, 0xE2, 0x66, 0xFE, 0x67, 0xFE, 0x5E, 0x65, 0x66, 0x57, 0xE3, 0x66, 0x36, 0x66, 0x66, 0x4F, 0xF0, 0x00},
    /* U+59D1 */ {0x20, 0x86, 0x08, 0xFF, 0xF5, 0x88, 0x58, 0x85, 0x7E, 0x76, 0x23, 0x62, 0x3E, 0x26, 0xFE, 0x46, 0x20, 0x00},
    /* U+59D2 */ {0x67, 0x66, 0x56, 0xF5, 0xE5, 0x4E, 0x54, 0x45, 0x44, 0x75, 0x47, 0x7E, 0x36, 0xA7, 0xDB, 0xC3, 0x00, 0x00},
    /* U+59D3 */ {0x22, 0x82, 0x68, 0xFF, 0xE7, 0xC8, 0x5C, 0x85, 0x08, 0x77, 0xE3, 0x08, 0x38, 0x86, 0x88, 0xC7, 0xF0, 0x00},
    /* U+59D4 */ {0x7F, 0x00, 0x60, 0x7F, 0xE1, 0xF8, 0x76, 0xE4, 0xC2, 0xFF, 0xF1, 0x18, 0x3F, 0x00, 0xFC, 0x78, 0xE0, 0x00},
    /* U+59D7 */ {0x27, 0xA6, 0x7A, 0xF7, 0xA5, 0x7A, 0x5F, 0xF5, 0x7A, 0x77, 0xA2, 0xFA, 0x3F, 0xA4, 0xBA, 0xCF, 0x60, 0x00},
    /* U+59D8 */ {0x22, 0x46, 0x34, 0xFF, 0xE5, 0xB4, 0x53, 0x45, 0xFF, 0x72, 0x43, 0x24, 0x32, 0x46, 0xC4, 0xCC, 0x40, 0x00},
    /* U+59DA */ {0x22, 0x86, 0xEA, 0xFE, 0xE5, 0x6C, 0x52, 0x85, 0x6E, 0x7E, 0xA3, 0x28, 0x3A, 0x84, 0xC9, 0x88, 0xE0, 0x00},
    /* U+59DC */ {0x19, 0x87, 0xFE, 0x7F, 0xC0, 0x60, 0xFF, 0xF0, 0xC0, 0xFF, 0xF1, 0x18, 0x3F, 0x00, 0xFC, 0x78, 0xE0, 0x00},
    /* U+59DD */ {0x27, 0x82, 0x7E, 0xFD, 0x87, 0xD8, 0x59, 0x85, 0xFF, 0x73, 0xC3, 0x3C, 0x3F, 0xE6, 0xDB, 0xC1, 0x80, 0x00},
    /* U+59E3 */ {0x21, 0x86, 0xFF, 0xFA, 0x45, 0x66, 0x5C, 0x75, 0x2C, 0x73, 0x83, 0x18, 0x39, 0x86, 0x6E, 0xCC, 0x30, 0x00},
    /* U+59E5 */ {0x21, 0x2F, 0xFE, 0x79, 0xC5, 0xFF, 0x53, 0x05, 0x66, 0x7E, 0xC3, 0xB8, 0x32, 0x27, 0xA3, 0xC3, 0xE0, 0x00},
    /* U+59E8 */ {0x2F, 0xE2, 0x10, 0xFF, 0xE5, 0x12, 0x57, 0xE5, 0x50, 0x77, 0xE7, 0x1A, 0x32, 0xE7, 0x66, 0xCC, 0x30, 0x00},
    /* U+59EC */ {0x27, 0xE7, 0x48, 0x7C, 0x85, 0xDE, 0x5D, 0x25, 0x52, 0x55, 0xE3, 0x4C, 0x3C, 0xC6, 0x7F, 0x40, 0x00, 0x00},
    /* U+59F9 */ {0x21, 0x82, 0x7F, 0xFC, 0x37, 0xBC, 0x5F, 0x05, 0x10, 0x77, 0xE3, 0x70, 0x39, 0x06, 0x93, 0xC1, 0xE0, 0x00},
    /* U+59FB */ {0x64, 0x2F, 0xDA, 0x5D, 0xA5, 0xFE, 0x55, 0xA5, 0x5A, 0x75, 0xE3, 0x76, 0x3E, 0x66, 0x7E, 0x44, 0x20, 0x00},
    /* U+59FF */ {0x37, 0xE0, 0xD2, 0x1B, 0x47, 0x68, 0xDC, 0x60, 0xC2, 0xFF, 0xE1, 0x98, 0x3F, 0x00, 0xFC, 0x78, 0xE0, 0x00},
    /* U+5A01 */ {0x01, 0xA7, 0xFF, 0x41, 0x87, 0xFA, 0x49, 0xE7, 0xEE, 0x52, 0xC5, 0xCC, 0x4E, 0xDF, 0xBF, 0x82, 0x60, 0x00},
    /* U+5A03 */ {0x21, 0x86, 0x7E, 0xF1, 0x85, 0x18, 0x5F, 0xE5, 0x00, 0x57, 0xE7, 0x18, 0x31, 0x87, 0x98, 0xCF, 0xF0, 0x00},
    /* U+5A04 */ {0x36, 0x87, 0xFE, 0x0F, 0x01, 0xFC, 0x76, 0x64, 0xC0, 0xFF, 0xF1, 0x18, 0x3F, 0x00, 0xFC, 0x78, 0xE0, 0x00},
    /* U+5A05 */ {0x2F, 0xE6, 0x3C, 0xF3, 0xC5, 0xFE, 0x57, 0xE5, 0x7E, 0x77, 0xE3, 0x3C, 0x33, 0xC4, 0xFF, 0x40, 0x00, 0x00},
    /* U+5A06 */ {0x23, 0xE2, 0xFE, 0xF9, 0x65, 0x3A, 0x5E, 0xE5, 0x00, 0x7F, 0xF3, 0x28, 0x32, 0x87, 0x6B, 0xCC, 0xE0, 0x00},
    /* U+5A07 */ {0x27, 0xC2, 0x18, 0xFF, 0xF7, 0xB4, 0x5E, 0x65, 0xE7, 0x73, 0x43, 0x24, 0x32, 0x46, 0xE4, 0xC4, 0x40, 0x00},
    /* U+5A08 */ {0x7F, 0xE0, 0x90, 0x39, 0xC6, 0x96, 0x49, 0x20, 0xC0, 0xFF, 0xF1, 0x18, 0x3F, 0x00, 0xFC, 0x78, 0x60, 0x00},
    /* U+5A09 */ {0x27, 0xE2, 0x5A, 0xFF, 0xE7, 0xDA, 0x5F, 0xE5, 0xFF, 0x72, 0x03, 0x3E, 0x38, 0x26, 0x06, 0xC1, 0xC0, 0x00},
    /* U+5A0C */ {0x27, 0xE2, 0x5A, 0xFF, 0xE7, 0xDA, 0x55, 0xA5, 0x7E, 0x71, 0x83, 0x7E, 0x31, 0x87, 0x98, 0xCF, 0xF0, 0x00},
    /* U+5A11 */ {0x35, 0x46, 0xD6, 0x09, 0xE3, 0x18, 0x7F, 0x04, 0xC0, 0x7F, 0xE1, 0x98, 0x1F, 0x00, 0xFC, 0x78, 0xE0, 0x00},
    /* U+5A13 */ {0x67, 0xE6, 0x42, 0xFF, 0xE5, 0x4C, 0x57, 0x85, 0x5E, 0xD7, 0xC7, 0xDF, 0x3F, 0x87, 0x8B, 0xC8, 0xE0, 0x00},
    /* U+5A18 */ {0x27, 0xE7, 0x42, 0x7C, 0x25, 0xFE, 0x54, 0x25, 0x7E, 0x75, 0xA3, 0x4E, 0x34, 0xC7, 0x76, 0xC6, 0x20, 0x00},
    /* U+5A1C */ {0x6F, 0xF6, 0x5A, 0xF5, 0xA5, 0xFE, 0x55, 0xE7, 0x5A, 0x7F, 0xA6, 0xDB, 0x7B, 0xE4, 0xB8, 0xD6, 0x80, 0x00},
    /* U+5A1F */ {0x26, 0x22, 0x62, 0xFF, 0xE7, 0x80, 0x5F, 0xE5, 0xC2, 0x57, 0xE3, 0x42, 0x3F, 0xE6, 0xC2, 0x44, 0x60, 0x00},
    /* U+5A20 */ {0x27, 0xE6, 0x40, 0xFF, 0xE5, 0x40, 0x57, 0xF5, 0x5A, 0x75, 0xE3, 0x54, 0x3D, 0x66, 0xFA, 0xCB, 0x00, 0x00},
    /* U+5A23 */ {0x62, 0x4F, 0xFE, 0x51, 0xA5, 0x7E, 0x55, 0x85, 0x58, 0x77, 0xF3, 0x3B, 0x37, 0xA6, 0xDE, 0xC9, 0x80, 0x00},
    /* U+5A25 */ {0x6F, 0xAF, 0x2A, 0x52, 0x85, 0xFF, 0x52, 0xA5, 0x2E, 0x7F, 0xE3, 0xEC, 0x3A, 0xD6, 0x3D, 0xCF, 0x60, 0x00},
    /* U+5A29 */ {0x23, 0xC6, 0x6C, 0xFF, 0xE5, 0xDA, 0x55, 0xA5, 0x7E, 0x51, 0x87, 0x18, 0x33, 0x97, 0xEB, 0xCC, 0xE0, 0x00},
    /* U+5A31 */ {0x27, 0xE2, 0x42, 0xFF, 0xE5, 0x80, 0x5F, 0xE5, 0x18, 0x71, 0x03, 0xFF, 0x3B, 0x86, 0xEE, 0xCC, 0x30, 0x00},
    /* U+5A32 */ {0x64, 0x26, 0x42, 0xF7, 0xE5, 0x18, 0x57, 0xE5, 0x5A, 0x75, 0xA3, 0x7E, 0x7E, 0x64, 0xC2, 0x84, 0x60, 0x00},
    /* U+5A34 */ {0x66, 0x2F, 0xD2, 0x5D, 0x25, 0xFE, 0x5D, 0xA5, 0xDA, 0x7F, 0xE3, 0xF6, 0x7D, 0x24, 0xD2, 0xCC, 0x60, 0x00},
    /* U+5A36 */ {0x6F, 0xE7, 0xD6, 0x7D, 0xC6, 0xCC, 0xFF, 0xE0, 0xC0, 0xFF, 0xF1, 0x98, 0x3F, 0x00, 0xFC, 0x78, 0xE0, 0x00},
    /* U+5A3C */ {0x26, 0x26, 0x7E, 0xFE, 0x25, 0xFE, 0x50, 0x05, 0x7E, 0x74, 0x23, 0x7E, 0x34, 0x27, 0xC2, 0xC7, 0xE0, 0x00},
    /* U+5A40 */ {0x6F, 0xF6, 0xA2, 0xFF, 0xE5, 0xD6, 0x5F, 0x67, 0xB6, 0x6B, 0x66, 0xFE, 0x79, 0x25, 0x82, 0xC8, 0xE0, 0x00},
    /* U+5A46 */ {0x2F, 0xE4, 0x92, 0x2F, 0xE2, 0xBC, 0x7F, 0xE5, 0x42, 0x7F, 0xE1, 0x98, 0x3F, 0x80, 0xF8, 0x78, 0xE0, 0x00},
    /* U+5A49 */ {0x6F, 0xE7, 0xC3, 0xF4, 0x25, 0x7E, 0x55, 0xA5, 0xDA, 0x7F, 0xA3, 0x2E, 0x36, 0x85, 0xCB, 0xCC, 0xE0, 0x00},
    /* U+5A4A */ {0x27, 0xE6, 0x18, 0xF7, 0xE5, 0x18, 0x5F, 0xE5, 0x38, 0x76, 0xE3, 0xEC, 0x32, 0x47, 0x3E, 0xC6, 0x20, 0x00},
    /* U+5A55 */ {0x6F, 0xE7, 0x10, 0xFF, 0xE5, 0xFF, 0x51, 0x25, 0x7E, 0x75, 0x03, 0x5E, 0x3F, 0x07, 0xF0, 0xC9, 0xF0, 0x00},
    /* U+5A5A */ {0x27, 0x82, 0x48, 0xFF, 0xF7, 0xCC, 0x5F, 0x55, 0x46, 0x77, 0xE3, 0x62, 0x3F, 0xE6, 0x62, 0xC7, 0xE0, 0x00},
    /* U+5A62 */ {0x27, 0xE6, 0x5A, 0xFF, 0xE5, 0x52, 0x57, 0xE5, 0x38, 0x76, 0x83, 0xFF, 0x38, 0x86, 0x08, 0xC0, 0x80, 0x00},
    /* U+5A67 */ {0x67, 0xE6, 0x7E, 0xF1, 0x85, 0xFF, 0x50, 0x05, 0x7E, 0x77, 0xE7, 0x42, 0x37, 0xE7, 0xC2, 0xC4, 0xE0, 0x00},
    /* U+5A6A */ {0xFF, 0xE3, 0x9C, 0x7B, 0xC7, 0x6A, 0x14, 0x80, 0xC0, 0x7F, 0xE1, 0x18, 0x3F, 0x00, 0xFC, 0x78, 0xE0, 0x00},
    /* U+5A74 */ {0x46, 0x25, 0x6A, 0x56, 0xA7, 0xFA, 0x6F, 0x64, 0xE2, 0xFF, 0xE1, 0x98, 0x3F, 0x00, 0xF8, 0x78, 0xE0, 0x00},
    /* U+5A75 */ {0x22, 0x42, 0x2C, 0xFF, 0xE5, 0xDA, 0x5F, 0xE5, 0x5A, 0x77, 0xE3, 0x18, 0x3F, 0xF6, 0x98, 0xC1, 0x80, 0x00},
    /* U+5A76 */ {0x27, 0xE2, 0xC3, 0xFD, 0xB5, 0x7E, 0x55, 0xA5, 0x7E, 0x75, 0xA3, 0x7E, 0x7D, 0xA4, 0x18, 0x01, 0x80, 0x00},
    /* U+5A77 */ {0x2F, 0xF2, 0x00, 0xFF, 0xE5, 0x7E, 0x50, 0x05, 0xFF, 0x7F, 0xF3, 0x7E, 0x31, 0x84, 0x18, 0xC3, 0x80, 0x00},
    /* U+5A7A */ {0x2D, 0xE3, 0xB6, 0x7F, 0xC3, 0xCC, 0x5B, 0xE3, 0xE2, 0xFF, 0xE1, 0x98, 0x1F, 0x00, 0xFC, 0x78, 0xE0, 0x00},
    /* U+5A7F */ {0x61, 0xA6, 0x7E, 0xF7, 0x85, 0xDF, 0x50, 0x05, 0x7E, 0x77, 0xE3, 0x42, 0x37, 0xE7, 0x42, 0xC4, 0xE0, 0x00},
    /* U+5A92 */ {0x2F, 0xF6, 0x66, 0xFF, 0xE5, 0x66, 0x57, 0xE5, 0x18, 0x7F, 0xF3, 0x3C, 0x33, 0xC6, 0xDB, 0xC1, 0x80, 0x00},
    /* U+5A9A */ {0x25, 0xA6, 0x5A, 0xF7, 0xE5, 0x40, 0x57, 0xE5, 0x62, 0x77, 0xE7, 0xE2, 0x3F, 0xE7, 0xA2, 0xCB, 0xE0, 0x00},
    /* U+5A9B */ {0x6F, 0xE6, 0x54, 0xFF, 0xE5, 0x20, 0x5F, 0xF5, 0x60, 0x77, 0xE7, 0x74, 0x3D, 0xC7, 0xBE, 0xDE, 0x70, 0x00},
    /* U+5AAA */ {0x27, 0xE2, 0x46, 0xFF, 0xE5, 0xC6, 0x5F, 0xE5, 0x00, 0x77, 0xE3, 0x7A, 0x3F, 0xA6, 0x7A, 0xCF, 0xF0, 0x00},
    /* U+5AB2 */ {0x27, 0xE6, 0x66, 0xFD, 0xA5, 0xFE, 0x57, 0xE5, 0x48, 0x54, 0xA3, 0x7E, 0x34, 0x86, 0xF9, 0xC6, 0xE0, 0x00},
    /* U+5AB3 */ {0x27, 0xE6, 0x42, 0xFF, 0xE5, 0xC2, 0x57, 0xE5, 0x42, 0x57, 0xE3, 0x3A, 0x3E, 0xA6, 0xA7, 0xCB, 0xC0, 0x00},
    /* U+5AB5 */ {0x55, 0x45, 0xFE, 0x73, 0x05, 0xFF, 0x57, 0x45, 0xD2, 0x7F, 0xF5, 0x24, 0xD3, 0xCD, 0x3C, 0xBE, 0x20, 0x00},
    /* U+5AB8 */ {0x25, 0xA6, 0x7E, 0xF9, 0x85, 0xFF, 0x50, 0x85, 0x7E, 0x55, 0xA7, 0x7E, 0x31, 0x87, 0x9E, 0xCF, 0xF0, 0x00},
    /* U+5ABE */ {0x6F, 0xE6, 0x24, 0xF7, 0xE5, 0xFF, 0x51, 0x05, 0x7E, 0x77, 0xE3, 0x52, 0x7F, 0xF4, 0x42, 0xC4, 0xE0, 0x00},
    /* U+5AC1 */ {0x2F, 0xE6, 0xC3, 0xF7, 0xE5, 0x30, 0x57, 0x65, 0xBC, 0x76, 0xC7, 0xDA, 0x36, 0xA7, 0xC9, 0xC3, 0x80, 0x00},
    /* U+5AC2 */ {0x27, 0xE6, 0x5A, 0xFF, 0xE5, 0xDA, 0x57, 0xE5, 0x18, 0x77, 0xE3, 0x66, 0x3B, 0xC6, 0xBC, 0xCE, 0x70, 0x00},
    /* U+5AC9 */ {0x67, 0xF6, 0xD0, 0x7D, 0x05, 0xFE, 0x57, 0xC7, 0x4C, 0x7F, 0xF2, 0x4C, 0x35, 0xC5, 0xD2, 0x4A, 0x30, 0x00},
    /* U+5ACC */ {0x22, 0xC6, 0xFE, 0xF2, 0x85, 0xFE, 0x5F, 0xF5, 0x2A, 0x7F, 0xE7, 0x6C, 0x36, 0xC5, 0xAA, 0xCA, 0x80, 0x00},
    /* U+5AD2 */ {0x27, 0xE6, 0x7E, 0xFF, 0xF5, 0xE3, 0x57, 0xE5, 0x20, 0x73, 0xE7, 0x74, 0x35, 0xC7, 0xDC, 0xCE, 0x70, 0x00},
    /* U+5AD4 */ {0x6F, 0xE6, 0xC3, 0xFF, 0xF5, 0x78, 0x57, 0xE5, 0x6C, 0x76, 0xC2, 0xFF, 0x32, 0x45, 0x66, 0xCC, 0x30, 0x00},
    /* U+5AD6 */ {0x6F, 0xE6, 0x7E, 0xFF, 0xA5, 0xFE, 0x50, 0x05, 0x7E, 0x70, 0x03, 0xFE, 0x37, 0xC6, 0xDA, 0xCB, 0x20, 0x00},
    /* U+5AD8 */ {0x25, 0xA6, 0x7E, 0xFD, 0xA5, 0xFE, 0x52, 0x45, 0x7C, 0x53, 0x63, 0x7E, 0x37, 0xC6, 0xDA, 0xCB, 0xA0, 0x00},
    /* U+5ADC */ {0x67, 0xE6, 0x24, 0xFF, 0xF5, 0x7E, 0x54, 0x25, 0x7E, 0x74, 0x23, 0x7E, 0x3F, 0xF4, 0x18, 0xC1, 0x80, 0x00},
    /* U+5AE0 */ {0x7D, 0xE7, 0xF4, 0x39, 0xC7, 0xFE, 0x52, 0x37, 0xFE, 0x66, 0x07, 0xFE, 0x4D, 0x84, 0xF8, 0xFC, 0xE0, 0x00},
    /* U+5AE1 */ {0x6F, 0xF6, 0x24, 0xFF, 0xE5, 0xDA, 0x57, 0xED, 0x5A, 0x77, 0xE3, 0x66, 0x3F, 0xE7, 0xE2, 0xC4, 0x60, 0x00},
    /* U+5AE3 */ {0x67, 0xE6, 0x7E, 0xF7, 0x85, 0xFF, 0x56, 0x05, 0x7E, 0x77, 0xF7, 0x07, 0x3E, 0xF7, 0xEA, 0xC8, 0x60, 0x00},
    /* U+5AE6 */ {0x67, 0xEF, 0xFF, 0x5C, 0x35, 0xFE, 0x56, 0x65, 0x7E, 0x77, 0xE3, 0x5A, 0x3D, 0xA4, 0x5E, 0xC1, 0x80, 0x00},
    /* U+5AE9 */ {0x6F, 0xC6, 0x6F, 0xFF, 0xA5, 0xDA, 0x5D, 0xE7, 0xFE, 0x66, 0x66, 0x64, 0x2F, 0xE7, 0xEA, 0xC7, 0x10, 0x00},
    /* U+5AEB */ {0x2F, 0xE6, 0x2C, 0xFF, 0xE5, 0xC6, 0x57, 0xE5, 0x7E, 0x51, 0x07, 0xFE, 0x33, 0x87, 0x6C, 0xCC, 0x60, 0x00},
    /* U+5AF1 */ {0x67, 0xEF, 0x5E, 0x53, 0xC5, 0xFF, 0x50, 0x05, 0x7E, 0x74, 0x27, 0x7E, 0x37, 0xE7, 0x42, 0xC7, 0xE0, 0x00},
    /* U+5B09 */ {0x6F, 0xE6, 0xFE, 0xF0, 0x05, 0x7E, 0x57, 0xE5, 0x64, 0x7F, 0xF7, 0x00, 0x37, 0xE7, 0x42, 0xC7, 0xE0, 0x00},
    /* U+5B16 */ {0x4F, 0xE7, 0xD4, 0x7F, 0xF6, 0xFE, 0xEF, 0xE3, 0xC8, 0xFF, 0xF1, 0x18, 0x3F, 0x00, 0xFC, 0x78, 0xE0, 0x00},
    /* U+5B17 */ {0x2F, 0xF6, 0x7E, 0xFF, 0xA5, 0xFA, 0x54, 0x25, 0x7E, 0x77, 0xE3, 0x7E, 0x34, 0x67, 0x7C, 0xCF, 0xF0, 0x00},
    /* U+5B32 */ {0x75, 0xE7, 0xFE, 0x77, 0xE7, 0xFE, 0x7F, 0xE2, 0xE4, 0xFF, 0xF7, 0xEE, 0x57, 0xA5, 0xDA, 0xB9, 0x60, 0x00},
    /* U+5B34 */ {0xFF, 0xF3, 0xFE, 0x3F, 0xC2, 0x04, 0x3F, 0xC7, 0x5E, 0x7F, 0xE5, 0xBE, 0x7F, 0x65, 0x77, 0xBB, 0x70, 0x00},
    /* U+5B37 */ {0x2F, 0xF6, 0xE4, 0xFF, 0xE5, 0xF6, 0x5F, 0xE5, 0xFE, 0x79, 0x06, 0xBC, 0x3F, 0xC5, 0xBE, 0xD3, 0xB0, 0x00},
    /* U+5B40 */ {0x61, 0x06, 0xFF, 0xFF, 0xF5, 0x10, 0x57, 0xE5, 0x4E, 0x7F, 0xE2, 0x6A, 0x3F, 0xE5, 0xDA, 0xC4, 0xE0, 0x00},
    /* U+5B50 */ {0x3F, 0xC0, 0x0C, 0x03, 0x00, 0x60, 0x06, 0x0F, 0xFF, 0x06, 0x00, 0x60, 0x06, 0x00, 0x60, 0x1C, 0x00, 0x00},
    /* U+5B51 */ {0x3F, 0xC0, 0x1C, 0x03, 0x00, 0x60, 0x06, 0xE0, 0xFC, 0x7E, 0x00, 0x60, 0x06, 0x00, 0x60, 0x1E, 0x00, 0x00},
    /* U+5B53 */ {0x3F, 0xC0, 0x0C, 0x03, 0x06, 0x60, 0x36, 0x01, 0xE0, 0x07, 0x00, 0x7E, 0x06, 0x20, 0x60, 0x1E, 0x00, 0x00},
    /* U+5B54 */ {0xFD, 0x00, 0xD0, 0x19, 0x01, 0x10, 0x15, 0x07, 0xD0, 0xF1, 0x01, 0x10, 0x11, 0x11, 0x13, 0x71, 0xE0, 0x00},
    /* U+5B55 */ {0x7F, 0x01, 0x10, 0x11, 0xE3, 0x02, 0x7F, 0xA4, 0x3E, 0x06, 0x0F, 0xFF, 0x06, 0x00, 0x60, 0x0C, 0x00, 0x00},
    /* U+5B57 */ {0x7F, 0xE4, 0x02, 0x40, 0x21, 0xF8, 0x03, 0x00, 0x60, 0x7F, 0xE0, 0x60, 0x06, 0x00, 0x60, 0x1C, 0x00, 0x00},
    /* U+5B58 */ {0x08, 0x07, 0xFE, 0x18, 0x03, 0x7E, 0x20, 0xC6, 0x18, 0xAF, 0xF2, 0x10, 0x21, 0x02, 0x10, 0x27, 0x00, 0x00},
    /* U+5B59 */ {0x79, 0x81, 0x98, 0x13, 0xC2, 0x7E, 0x3F, 0xA7, 0xDA, 0xE5, 0xB2, 0x59, 0x21, 0x82, 0x18, 0x63, 0x80, 0x00},
    /* U+5B5A */ {0x7F, 0xC2, 0x44, 0x26, 0xC3, 0x08, 0x3F, 0xC0, 0x18, 0x02, 0x0F, 0xFF, 0x06, 0x00, 0x60, 0x1E, 0x00, 0x00},
    /* U+5B5B */ {0x7F, 0xE0, 0x60, 0x7F, 0xE4, 0x02, 0x5F, 0xA0, 0x38, 0x06, 0x07, 0xFE, 0x06, 0x00, 0x60, 0x1E, 0x00, 0x00},
    /* U+5B5C */ {0x7B, 0x00, 0xB0, 0x1B, 0xF3, 0x66, 0x37, 0x43, 0x94, 0xF1, 0xC3, 0x18, 0x31, 0xC3, 0x76, 0x64, 0x30, 0x00},
    /* U+5B5D */ {0x7F, 0xC0, 0x4C, 0x05, 0x8F, 0xFF, 0x0C, 0x03, 0xFC, 0xE3, 0x07, 0xFE, 0x02, 0x00, 0x20, 0x0E, 0x00, 0x00},
    /* U+5B5F */ {0x01, 0x80, 0x30, 0x7F, 0xE0, 0x60, 0x06, 0x00, 0xE0, 0x00, 0x03, 0xFE, 0x29, 0x62, 0x96, 0xFF, 0xF0, 0x00},
    /* U+5B62 */ {0x7B, 0xE1, 0xE2, 0x1C, 0x23, 0xFA, 0x36, 0xA3, 0xEA, 0xF7, 0xA3, 0x6E, 0x36, 0x03, 0x63, 0x63, 0xE0, 0x00},
    /* U+5B63 */ {0x7F, 0x00, 0x60, 0x7F, 0xE1, 0xF8, 0x76, 0xE7, 0xFA, 0x07, 0x07, 0xFE, 0x06, 0x00, 0x60, 0x1E, 0x00, 0x00},
    /* U+5B64 */ {0xFF, 0xC1, 0x54, 0x35, 0x42, 0x54, 0x25, 0x67, 0xD6, 0xE5, 0x22, 0xDA, 0x2F, 0xE2, 0xBF, 0x6A, 0x50, 0x00},
    /* U+5B65 */ {0xFF, 0xE2, 0xD6, 0x79, 0xC3, 0xDC, 0x66, 0x31, 0xF8, 0x07, 0x07, 0xFE, 0x06, 0x00, 0x60, 0x0C, 0x00, 0x00},
    /* U+5B66 */ {0x36, 0xC7, 0xFE, 0x40, 0x25, 0xFA, 0x03, 0x80, 0x60, 0x7F, 0xF0, 0x60, 0x06, 0x00, 0x60, 0x1C, 0x00, 0x00},
    /* U+5B69 */ {0x78, 0x81, 0xFF, 0x33, 0x02, 0x24, 0x27, 0xC7, 0x9A, 0xE3, 0x62, 0x4C, 0x21, 0xC2, 0x76, 0x6C, 0x20, 0x00},
    /* U+5B6A */ {0x7F, 0xE0, 0x90, 0x29, 0xC6, 0x96, 0x49, 0x23, 0xFC, 0x03, 0x8F, 0xFF, 0x06, 0x00, 0x60, 0x1C, 0x00, 0x00},
    /* U+5B6C */ {0x7F, 0xE0, 0xE0, 0x3F, 0xC7, 0x66, 0x36, 0x0F, 0xFE, 0x2C, 0xC6, 0xFF, 0x78, 0x83, 0xC8, 0x61, 0x80, 0x00},
    /* U+5B70 */ {0xFD, 0x00, 0x10, 0x7F, 0xE4, 0xD6, 0x7F, 0x67, 0xF6, 0x19, 0xE1, 0xFE, 0xFE, 0x71, 0x63, 0x74, 0x20, 0x00},
    /* U+5B71 */ {0x60, 0x27, 0xFE, 0x60, 0x06, 0xF8, 0x7F, 0xE6, 0x30, 0x7F, 0xE4, 0xCC, 0x7F, 0xFC, 0x8C, 0xD9, 0x80, 0x00},
    /* U+5B73 */ {0x7F, 0xE3, 0x1C, 0x7B, 0xC3, 0x9C, 0x7F, 0xE7, 0x7E, 0x3F, 0x80, 0x70, 0xFF, 0xF0, 0x60, 0x0E, 0x00, 0x00},
    /* U+5B75 */ {0x6F, 0x85, 0xFA, 0x7F, 0xE7, 0xE0, 0x7F, 0xE7, 0xE4, 0x7E, 0xC7, 0xFF, 0x2C, 0xC6, 0x8C, 0x49, 0x80, 0x00},
    /* U+5B7A */ {0xF1, 0x01, 0xFF, 0x2F, 0xF2, 0x10, 0x37, 0xE7, 0xFF, 0xE1, 0x02, 0x7E, 0x27, 0xA2, 0x7A, 0x67, 0xE0, 0x00},
    /* U+5B7D */ {0x19, 0x83, 0xBE, 0x7B, 0xE7, 0xFE, 0x7F, 0xE7, 0xC8, 0x1F, 0x80, 0x38, 0x7F, 0xE0, 0x60, 0x0E, 0x00, 0x00},
    /* U+5B80 */ {0x06, 0x07, 0xFE, 0x40, 0x24, 0x02, 0x00, 0x00, 0x00, 0x00, 0x00, 0x00, 0x00, 0x00, 0x00, 0x00, 0x00, 0x00},
    /* U+5B81 */ {0x06, 0x07, 0xFE, 0x40, 0x24, 0x02, 0x7F, 0xE0, 0x60, 0x06, 0x00, 0x60, 0x06, 0x00, 0x60, 0x1C, 0x00, 0x00},
    /* U+5B83 */ {0x06, 0x07, 0xFE, 0x40, 0x27, 0x02, 0x31, 0x83, 0x70, 0x3C, 0x03, 0x00, 0x30, 0x23, 0x06, 0x1F, 0xC0, 0x00},
    /* U+5B84 */ {0x06, 0x07, 0xFE, 0x44, 0x20, 0xC0, 0x3F, 0x80, 0x88, 0x08, 0x81, 0x88, 0x18, 0xB3, 0x0B, 0x60, 0xE0, 0x00},
    /* U+5B85 */ {0x7F, 0xE4, 0x02, 0x47, 0xA3, 0xE0, 0x04, 0x00, 0x7E, 0x7F, 0xC4, 0x40, 0x04, 0x20, 0x42, 0x07, 0xE0, 0x00},
    /* U+5B87 */ {0x7F, 0xE4, 0x02, 0x40, 0x27, 0xFE, 0x06, 0x00, 0x60, 0x7F, 0xE0, 0x60, 0x06, 0x00, 0x60, 0x1C, 0x00, 0x00},
    /* U+5B88 */ {0x06, 0x07, 0xFE, 0x41, 0x20, 0x10, 0xFF, 0xF0, 0x10, 0x31, 0x01, 0x90, 0x09, 0x00, 0x10, 0x07, 0x00, 0x00},
    /* U+5B89 */ {0x7F, 0xE4, 0x02, 0x4C, 0x20, 0xC0, 0x7F, 0xE1, 0x98, 0x31, 0x01, 0xF0, 0x07, 0x83, 0xDC, 0x70, 0x60, 0x00},
    /* U+5B8B */ {0x7F, 0xE4, 0x02, 0x46, 0x20, 0x60, 0x7F, 0xE0, 0xF0, 0x1F, 0x81, 0x68, 0x36, 0xEE, 0x63, 0x06, 0x00, 0x00},
    /* U+5B8C */ {0x7F, 0xE4, 0x02, 0x40, 0x25, 0xFA, 0x00, 0x0F, 0xFE, 0x09, 0x01, 0x90, 0x19, 0x33, 0x13, 0x61, 0xE0, 0x00},
    /* U+5B8F */ {0x7F, 0xE4, 0x02, 0x4C, 0x20, 0xC0, 0x7F, 0xE1, 0xA0, 0x12, 0x03, 0x68, 0x6C, 0xCC, 0xFE, 0x1F, 0x20, 0x00},
    /* U+5B93 */ {0x7F, 0xE4, 0xC2, 0x46, 0xA0, 0xB8, 0x39, 0xC7, 0xB6, 0x5E, 0x25, 0xC2, 0x18, 0xC7, 0x88, 0x4F, 0x80, 0x00},
    /* U+5B95 */ {0x7F, 0xE4, 0x02, 0x40, 0x27, 0xFE, 0x08, 0x01, 0x80, 0x3F, 0xC7, 0x04, 0xD0, 0x41, 0xFC, 0x10, 0x40, 0x00},
    /* U+5B97 */ {0x7F, 0xE4, 0x02, 0x40, 0x21, 0xF8, 0x00, 0x07, 0xFE, 0x06, 0x03, 0x6C, 0x66, 0x44, 0x62, 0x0C, 0x00, 0x00},
    /* U+5B98 */ {0x7F, 0xE4, 0x02, 0x3F, 0xC3, 0x0C, 0x30, 0xC3, 0xFC, 0x30, 0x03, 0xFC, 0x30, 0x43, 0xFC, 0x20, 0x40, 0x00},
    /* U+5B99 */ {0x7F, 0xE4, 0x02, 0x46, 0x20, 0x60, 0x3F, 0xC2, 0x64, 0x26, 0x43, 0xFC, 0x26, 0x43, 0xFC, 0x20, 0x40, 0x00},
    /* U+5B9A */ {0x7F, 0xE4, 0x02, 0x40, 0x23, 0xFE, 0x06, 0x03, 0x60, 0x37, 0xC3, 0x60, 0x3E, 0x06, 0xE0, 0xC7, 0xF0, 0x00},
    /* U+5B9B */ {0x7F, 0xE4, 0x02, 0x10, 0x03, 0x3E, 0x3F, 0x66, 0x76, 0xFF, 0x61, 0xBC, 0x13, 0x23, 0x33, 0x61, 0xE0, 0x00},
    /* U+5B9C */ {0x7F, 0xE4, 0x02, 0x40, 0x21, 0xF8, 0x10, 0x81, 0xF8, 0x10, 0x81, 0xF8, 0x10, 0x81, 0x08, 0xFF, 0xF0, 0x00},
    /* U+5B9D */ {0x06, 0x07, 0xFE, 0x40, 0x27, 0xFC, 0x06, 0x00, 0x60, 0x3F, 0xC0, 0x78, 0x06, 0xC0, 0x64, 0x7F, 0xE0, 0x00},
    /* U+5B9E */ {0x7F, 0xE4, 0x02, 0x5A, 0x20, 0xA0, 0x22, 0x03, 0x20, 0x16, 0x07, 0xFE, 0x0F, 0x01, 0x9C, 0x70, 0x60, 0x00},
    /* U+5BA0 */ {0x7F, 0xE4, 0x02, 0x4D, 0xA0, 0x88, 0x7F, 0xE0, 0xB4, 0x1B, 0xC1, 0x38, 0x37, 0x06, 0xF3, 0x41, 0xE0, 0x00},
    /* U+5BA1 */ {0x7F, 0xE4, 0x02, 0x06, 0x27, 0xFC, 0x66, 0x47, 0xFC, 0x66, 0x46, 0x64, 0x7F, 0xC2, 0x64, 0x06, 0x00, 0x00},
    /* U+5BA2 */ {0x7F, 0xE4, 0x82, 0x1F, 0x83, 0x98, 0x6F, 0x00, 0xF0, 0x79, 0xE7, 0xFE, 0x10, 0xC1, 0x0C, 0x1F, 0xC0, 0x00},
    /* U+5BA3 */ {0x7F, 0xE4, 0x02, 0x7F, 0xE0, 0x00, 0x3F, 0xC3, 0x0C, 0x3F, 0xC3, 0x0C, 0x3F, 0x80, 0x00, 0x7F, 0xE0, 0x00},
    /* U+5BA4 */ {0x7F, 0xE4, 0x02, 0x3F, 0xC0, 0x98, 0x1B, 0xC3, 0xFC, 0x06, 0x03, 0xFC, 0x06, 0x00, 0x60, 0x7F, 0xF0, 0x00},
    /* U+5BA5 */ {0x7F, 0xE4, 0xC2, 0x7F, 0xE1, 0x80, 0x3F, 0xC7, 0x04, 0xDF, 0xC1, 0x04, 0x1F, 0xC1, 0x04, 0x11, 0xC0, 0x00},
    /* U+5BA6 */ {0x7F, 0xE4, 0x02, 0x3F, 0xE2, 0x20, 0x22, 0x03, 0xFC, 0x20, 0x43, 0xFC, 0x22, 0x02, 0x20, 0x3F, 0xE0, 0x00},
    /* U+5BAA */ {0x7F, 0xE4, 0x02, 0x16, 0x03, 0xFC, 0x66, 0x04, 0x60, 0x7F, 0xE1, 0x90, 0x19, 0x03, 0x13, 0x61, 0xE0, 0x00},
    /* U+5BAB */ {0x7F, 0xE4, 0x02, 0x7F, 0xE3, 0x0C, 0x30, 0xC3, 0xFC, 0x00, 0x03, 0xFC, 0x20, 0x42, 0x04, 0x3F, 0xC0, 0x00},
    /* U+5BB0 */ {0x7F, 0xE4, 0x42, 0x3F, 0xE1, 0x08, 0x19, 0x8F, 0xFF, 0x06, 0x00, 0x60, 0x7F, 0xE0, 0x60, 0x06, 0x00, 0x00},
    /* U+5BB3 */ {0x7F, 0xE4, 0x62, 0x3F, 0xC0, 0x60, 0x3F, 0xC0, 0x60, 0x7F, 0xE3, 0xFC, 0x20, 0x42, 0x04, 0x3F, 0xC0, 0x00},
    /* U+5BB4 */ {0x7F, 0xE4, 0x02, 0x7F, 0xE3, 0xFC, 0x30, 0xC1, 0xF8, 0xFF, 0xE1, 0x18, 0x3F, 0x00, 0xF8, 0x78, 0xE0, 0x00},
    /* U+5BB5 */ {0x7F, 0xE4, 0x62, 0x56, 0xA1, 0x78, 0x3F, 0xC2, 0x04, 0x3F, 0xC2, 0x04, 0x3F, 0xC2, 0x04, 0x21, 0xC0, 0x00},
    /* U+5BB6 */ {0x7F, 0xE4, 0x02, 0x7F, 0xE0, 0xC0, 0x3C, 0xC6, 0xF8, 0x3B, 0x86, 0x6C, 0x1A, 0x47, 0x26, 0x4E, 0x00, 0x00},
    /* U+5BB8 */ {0x7F, 0xE4, 0x02, 0x7F, 0xE2, 0x00, 0x3F, 0xC2, 0x00, 0x7F, 0xE7, 0xB4, 0x79, 0x85, 0xFE, 0xDC, 0x60, 0x00},
    /* U+5BB9 */ {0x7F, 0xE4, 0x02, 0x19, 0x83, 0x6C, 0x67, 0x60, 0x98, 0x30, 0xE7, 0xFE, 0x30, 0xC3, 0x0C, 0x3F, 0xC0, 0x00},
    /* U+5BBD */ {0x7F, 0xE4, 0x92, 0x3F, 0xC0, 0x90, 0x3F, 0xC3, 0x4C, 0x34, 0xC3, 0x6C, 0x2E, 0x71, 0xA3, 0x73, 0xE0, 0x00},
    /* U+5BBE */ {0x7F, 0xE4, 0x0A, 0x5F, 0xA3, 0x00, 0x3F, 0xE3, 0x18, 0x31, 0x87, 0xFE, 0x19, 0x83, 0x0C, 0x60, 0x60, 0x00},
    /* U+5BBF */ {0x7F, 0xE5, 0x02, 0x3F, 0xE2, 0x10, 0x6F, 0xEE, 0xC6, 0x2C, 0x62, 0xFE, 0x2C, 0x62, 0xFE, 0x2C, 0x60, 0x00},
    /* U+5BC2 */ {0x7F, 0xE4, 0x02, 0x50, 0x21, 0xFE, 0x11, 0x2F, 0xF6, 0x11, 0xC5, 0x4C, 0x56, 0xCD, 0x36, 0x36, 0x30, 0x00},
    /* U+5BC4 */ {0x7F, 0xE4, 0x62, 0x7F, 0xE0, 0xF0, 0x39, 0xCF, 0xFE, 0x00, 0xC3, 0xEC, 0x3E, 0xC2, 0x0C, 0x21, 0xC0, 0x00},
    /* U+5BC5 */ {0x7F, 0xE4, 0x02, 0x7F, 0xE0, 0x60, 0x3F, 0xC2, 0x64, 0x3F, 0xC2, 0x64, 0x3F, 0xC3, 0x9C, 0x60, 0x60, 0x00},
    /* U+5BC6 */ {0x7F, 0xE4, 0xC2, 0x4F, 0xA7, 0xB4, 0x5C, 0xA7, 0xF8, 0x40, 0x02, 0x64, 0x26, 0x43, 0xFC, 0x00, 0x40, 0x00},
    /* U+5BC7 */ {0x7F, 0xE4, 0x02, 0x7D, 0x00, 0x1E, 0x01, 0x0F, 0xFE, 0x2B, 0x42, 0x98, 0x6B, 0xC4, 0xA3, 0xCF, 0xE0, 0x00},
    /* U+5BCC */ {0x7F, 0xE7, 0xFE, 0x40, 0x23, 0xFC, 0x30, 0xC3, 0xF8, 0x3F, 0xC2, 0x66, 0x3F, 0xE2, 0x66, 0x3F, 0xE0, 0x00},
    /* U+5BD0 */ {0x7F, 0xE5, 0x12, 0x59, 0x85, 0xFE, 0x79, 0x81, 0xFE, 0xF9, 0x87, 0xBC, 0x5F, 0xE5, 0xDB, 0xD9, 0x80, 0x00},
    /* U+5BD2 */ {0x7F, 0xE4, 0x92, 0x7F, 0xE0, 0x90, 0x3F, 0xC7, 0xFE, 0x19, 0x83, 0x7E, 0xE0, 0x31, 0xF0, 0x01, 0x80, 0x00},
    /* U+5BD3 */ {0x7F, 0xE4, 0x02, 0x7F, 0xE3, 0xFC, 0x26, 0x43, 0xFC, 0x7F, 0xE6, 0x66, 0x7F, 0xE6, 0x0E, 0x60, 0xE0, 0x00},
    /* U+5BDD */ {0x7F, 0xE5, 0x7E, 0x30, 0x67, 0x7E, 0x7F, 0xE3, 0xFE, 0x38, 0x27, 0xFE, 0xF3, 0xC3, 0x3C, 0x3E, 0xE0, 0x00},
    /* U+5BDE */ {0x7F, 0xE4, 0x92, 0x3F, 0xC3, 0xFC, 0x20, 0x43, 0xFC, 0x3F, 0xC0, 0x60, 0x7F, 0xE1, 0xD8, 0x70, 0xF0, 0x00},
    /* U+5BDF */ {0x7F, 0xE5, 0x22, 0x3F, 0xE7, 0xD4, 0x79, 0x83, 0xFE, 0x60, 0x33, 0xFC, 0x16, 0x86, 0x66, 0x4E, 0x20, 0x00},
    /* U+5BE1 */ {0x7F, 0xE7, 0xFE, 0x06, 0x03, 0xFC, 0x3F, 0xC3, 0xFC, 0x7F, 0xE3, 0x0C, 0xFF, 0xF0, 0xC8, 0x3B, 0x80, 0x00},
    /* U+5BE4 */ {0x7F, 0xE5, 0x02, 0x57, 0xE5, 0x7C, 0x73, 0x41, 0xFE, 0xF0, 0x07, 0x7E, 0x54, 0x65, 0x46, 0xD7, 0xE0, 0x00},
    /* U+5BE5 */ {0x7F, 0xE7, 0xFE, 0x2D, 0x41, 0xDC, 0x7F, 0x41, 0x9C, 0xFE, 0xF1, 0xB0, 0x3E, 0xC0, 0x78, 0x3C, 0x00, 0x00},
    /* U+5BE8 */ {0x7F, 0xE4, 0x92, 0x7F, 0xE3, 0xFC, 0x09, 0x07, 0xFE, 0x36, 0xCF, 0xFE, 0x17, 0x03, 0x7C, 0x2E, 0x40, 0x00},
    /* U+5BEE */ {0x7F, 0xE4, 0x62, 0x3F, 0xC6, 0x96, 0x3F, 0xCF, 0x0F, 0x1F, 0x81, 0xF8, 0x16, 0x83, 0x6C, 0x4E, 0x60, 0x00},
    /* U+5BF0 */ {0x7F, 0xE7, 0xFE, 0x3F, 0xC0, 0x00, 0x7F, 0xE3, 0xFC, 0x20, 0xC3, 0xFE, 0x7B, 0xC5, 0xFE, 0x1C, 0x20, 0x00},
    /* U+5BF8 */ {0x01, 0x80, 0x18, 0xFF, 0xF0, 0x18, 0x21, 0x83, 0x18, 0x19, 0x80, 0x98, 0x01, 0x80, 0x18, 0x07, 0x00, 0x00},
    /* U+5BF9 */ {0x00, 0x47, 0xC4, 0x0C, 0x40, 0xFF, 0x48, 0x43, 0xA4, 0x1B, 0x41, 0x94, 0x3C, 0x46, 0x04, 0x41, 0xC0, 0x00},
    /* U+5BFA */ {0x7F, 0xE0, 0x60, 0x06, 0x0F, 0xFF, 0x01, 0x80, 0x18, 0x7F, 0xE3, 0x18, 0x19, 0x80, 0x98, 0x07, 0x80, 0x00},
    /* U+5BFB */ {0x00, 0x43, 0xFC, 0x00, 0x43, 0xFC, 0x00, 0x80, 0x08, 0x7F, 0xF1, 0x88, 0x08, 0x80, 0x08, 0x03, 0x80, 0x00},
    /* U+5BFC */ {0x60, 0x46, 0x04, 0x7F, 0xC6, 0x02, 0x3F, 0xE0, 0x08, 0x7F, 0xF1, 0x08, 0x18, 0x80, 0x98, 0x07, 0x80, 0x00},
    /* U+5BFF */ {0x7F, 0xE0, 0x40, 0x3F, 0xC0, 0x80, 0xFF, 0xF1, 0x88, 0x1F, 0xE2, 0x88, 0x6C, 0x84, 0x48, 0x03, 0x80, 0x00},
    /* U+5C01 */ {0x10, 0x67, 0xC6, 0x13, 0xFF, 0xC6, 0x11, 0x61, 0x16, 0x7D, 0xE1, 0x06, 0x14, 0x6F, 0xC6, 0x01, 0xC0, 0x00},
    /* U+5C04 */ {0x7C, 0x46, 0xC4, 0x7F, 0xF6, 0xC4, 0x7E, 0x46, 0xD4, 0xFD, 0xC1, 0xC4, 0x3C, 0x4E, 0xC4, 0x1D, 0xC0, 0x00},
    /* U+5C06 */ {0x13, 0xE7, 0xE6, 0x73, 0xC3, 0x38, 0x1E, 0x43, 0xFF, 0x74, 0x4F, 0x64, 0x12, 0x41, 0x04, 0x11, 0xC0, 0x00},
    /* U+5C09 */ {0x42, 0x64, 0x26, 0x7F, 0xF4, 0x06, 0x7F, 0x64, 0x1E, 0x7F, 0xE4, 0x8E, 0x6A, 0x6E, 0xA6, 0x98, 0xC0, 0x00},
    /* U+5C0A */ {0x7F, 0xE0, 0xF0, 0x3F, 0xC3, 0xBC, 0x3F, 0xC3, 0xFC, 0x3F, 0xCF, 0xFF, 0x10, 0x81, 0x98, 0x0B, 0x80, 0x00},
    /* U+5C0F */ {0x06, 0x00, 0x60, 0x26, 0xC2, 0x64, 0x26, 0x66, 0x62, 0x46, 0x2C, 0x63, 0x06, 0x00, 0x60, 0x1C, 0x00, 0x00},
    /* U+5C11 */ {0x06, 0x03, 0x6C, 0x26, 0x46, 0x62, 0x46, 0x20, 0x64, 0x04, 0x80, 0x30, 0x1E, 0x0F, 0x00, 0x00, 0x00, 0x00},
    /* U+5C14 */ {0x10, 0x03, 0xFE, 0x66, 0x24, 0x66, 0x56, 0x83, 0x6C, 0x26, 0x46, 0x66, 0x46, 0x20, 0x60, 0x1E, 0x00, 0x00},
    /* U+5C15 */ {0x7F, 0x01, 0x90, 0x11, 0xE3, 0x02, 0x60, 0x64, 0x6C, 0x36, 0x82, 0x6C, 0x66, 0x64, 0x62, 0x0C, 0x00, 0x00},
    /* U+5C16 */ {0x16, 0x83, 0x6C, 0x26, 0x66, 0x62, 0x06, 0x00, 0x60, 0xFF, 0xF0, 0x60, 0x0F, 0x03, 0x9C, 0x60, 0x60, 0x00},
    /* U+5C18 */ {0x16, 0x83, 0x6C, 0x66, 0x64, 0x62, 0x00, 0x00, 0x60, 0x7F, 0xE0, 0x60, 0x06, 0x00, 0x60, 0xFF, 0xF0, 0x00},
    /* U+5C1A */ {0x26, 0x43, 0x6C, 0x16, 0x87, 0xFE, 0x60, 0x66, 0xF6, 0x69, 0x66, 0x96, 0x6F, 0x66, 0x86, 0x60, 0xE0, 0x00},
    /* U+5C1C */ {0x16, 0xC3, 0x64, 0x64, 0x20, 0x40, 0xFF, 0xE0, 0xB0, 0x36, 0xEF, 0x6A, 0x36, 0xC6, 0x64, 0x0E, 0x00, 0x00},
    /* U+5C1D */ {0x36, 0xC7, 0xFE, 0x40, 0x27, 0xFE, 0x00, 0x00, 0x00, 0x7F, 0xE1, 0x98, 0x10, 0xC7, 0xFC, 0x7E, 0x60, 0x00},
    /* U+5C22 */ {0x04, 0x00, 0x40, 0xFF, 0xF0, 0x40, 0x06, 0x00, 0xE0, 0x0A, 0x01, 0xA0, 0x12, 0x37, 0x33, 0xC3, 0xE0, 0x00},
    /* U+5C24 */ {0x04, 0xC0, 0x44, 0xFF, 0xF0, 0x40, 0x0E, 0x00, 0xE0, 0x0A, 0x01, 0xA0, 0x12, 0x37, 0x23, 0xC3, 0xE0, 0x00},
    /* U+5C25 */ {0x23, 0x0F, 0xFE, 0x3A, 0x23, 0xE2, 0x39, 0x27, 0x9A, 0x78, 0x27, 0x86, 0x58, 0xE5, 0x83, 0xCF, 0xE0, 0x00},
    /* U+5C27 */ {0x1F, 0xE7, 0xC4, 0x07, 0xC1, 0xF2, 0x71, 0xE0, 0x00, 0x7F, 0xE0, 0x90, 0x19, 0x03, 0x12, 0x61, 0xE0, 0x00},
    /* U+5C2C */ {0x21, 0xCF, 0xF4, 0x3E, 0x23, 0xE4, 0x7B, 0x47, 0xB4, 0x7A, 0x47, 0xA4, 0x5E, 0x45, 0x83, 0xCF, 0xE0, 0x00},
    /* U+5C31 */ {0x10, 0xEF, 0xCA, 0x7F, 0xF4, 0x58, 0x45, 0xC7, 0xDC, 0x19, 0xC5, 0xDC, 0x57, 0xD5, 0x2D, 0x36, 0x60, 0x00},
    /* U+5C34 */ {0x26, 0x82, 0x7E, 0xFF, 0xC7, 0x76, 0x72, 0x07, 0x7E, 0x76, 0xA5, 0x6A, 0x5F, 0xED, 0x03, 0xDF, 0xE0, 0x00},
    /* U+5C38 */ {0x3F, 0xE2, 0x06, 0x20, 0x63, 0xFE, 0x20, 0x02, 0x00, 0x20, 0x06, 0x00, 0x60, 0x04, 0x00, 0x40, 0x00, 0x00},
    /* U+5C39 */ {0x7F, 0xC0, 0x44, 0x04, 0x4F, 0xFF, 0x04, 0x40, 0x44, 0x7F, 0xC0, 0xC4, 0x18, 0x03, 0x00, 0x60, 0x00, 0x00},
    /* U+5C3A */ {0x3F, 0xE2, 0x06, 0x20, 0x62, 0x06, 0x3F, 0xE2, 0x30, 0x23, 0x06, 0x18, 0x60, 0x84, 0x0E, 0xC0, 0x20, 0x00},
    /* U+5C3B */ {0x7F, 0xE6, 0x06, 0x60, 0x67, 0xFE, 0x66, 0x07, 0xFC, 0x64, 0xC6, 0x4C, 0x4C, 0xD5, 0x8D, 0xF0, 0x60, 0x00},
    /* U+5C3C */ {0x3F, 0xE2, 0x06, 0x3F, 0xE2, 0x80, 0x28, 0x42, 0x9C, 0x2F, 0x06, 0x82, 0x68, 0x24, 0xFE, 0x40, 0x00, 0x00},
    /* U+5C3D */ {0x3F, 0xE2, 0x06, 0x20, 0x63, 0xFE, 0x20, 0x82, 0xCC, 0x67, 0x44, 0x06, 0xD8, 0x21, 0xF0, 0x01, 0x80, 0x00},
    /* U+5C3E */ {0x7F, 0xE6, 0x06, 0x7F, 0xE6, 0x78, 0x7E, 0x06, 0x7C, 0x7E, 0x04, 0x7E, 0x7E, 0x04, 0x22, 0xC3, 0xE0, 0x00},
    /* U+5C3F */ {0x60, 0x66, 0x06, 0x7F, 0xE6, 0x30, 0x63, 0x27, 0xF6, 0x6F, 0x84, 0xB8, 0x5B, 0xEF, 0x32, 0x86, 0x00, 0x00},
    /* U+5C40 */ {0x3F, 0xC2, 0x04, 0x3F, 0xC2, 0x00, 0x7F, 0xE6, 0x02, 0x7F, 0xA5, 0x9A, 0x5F, 0xAD, 0x86, 0x81, 0xE0, 0x00},
    /* U+5C41 */ {0x7F, 0xE6, 0x02, 0x7F, 0xE7, 0x10, 0x79, 0x27, 0xFE, 0x79, 0x87, 0x90, 0x59, 0x35, 0xFB, 0xDD, 0xE0, 0x00},
    /* U+5C42 */ {0x7F, 0xE6, 0x06, 0x7F, 0xE6, 0x00, 0x7F, 0xE6, 0x00, 0x7F, 0xE4, 0x48, 0x4C, 0xCD, 0xFE, 0xDF, 0x60, 0x00},
    /* U+5C45 */ {0x7F, 0xE6, 0x06, 0x7F, 0xE6, 0x30, 0x7F, 0xE6, 0x30, 0x63, 0x07, 0xFE, 0x58, 0x65, 0x86, 0xDF, 0xE0, 0x00},
    /* U+5C48 */ {0x7F, 0xE6, 0x06, 0x7F, 0xE6, 0x30, 0x7B, 0x67, 0xB6, 0x6F, 0xE7, 0x32, 0x53, 0x25, 0x32, 0xDF, 0xE0, 0x00},
    /* U+5C49 */ {0x7F, 0xE6, 0x02, 0x7F, 0xE6, 0xA4, 0x6A, 0x47, 0xFE, 0x6A, 0x44, 0xA4, 0x4B, 0xC4, 0x80, 0xCF, 0xE0, 0x00},
    /* U+5C4A */ {0x7F, 0xE6, 0x06, 0x7F, 0xE6, 0x30, 0x63, 0x07, 0xFE, 0x73, 0x27, 0xFE, 0x53, 0x25, 0x32, 0xDF, 0xE0, 0x00},
    /* U+5C4B */ {0x7F, 0xE6, 0x06, 0x7F, 0xE7, 0xFE, 0x6C, 0x86, 0x8C, 0x7E, 0x27, 0xFE, 0x42, 0x04, 0x20, 0xFF, 0xF0, 0x00},
    /* U+5C4E */ {0x60, 0x26, 0x02, 0x7F, 0xE6, 0x34, 0x6B, 0x46, 0xBC, 0x7F, 0xF6, 0x78, 0x4F, 0xCF, 0xB6, 0xC3, 0x00, 0x00},
    /* U+5C4F */ {0x7F, 0xE6, 0x02, 0x7F, 0xE6, 0xCC, 0x7F, 0xE6, 0x48, 0x64, 0x87, 0xFF, 0x4C, 0x85, 0x88, 0xD0, 0x80, 0x00},
    /* U+5C50 */ {0x7F, 0xE6, 0x06, 0x7F, 0xE6, 0x88, 0x77, 0xE6, 0x88, 0x7F, 0xE7, 0xB6, 0x59, 0xC5, 0xBC, 0xDE, 0x70, 0x00},
    /* U+5C51 */ {0x7F, 0xE6, 0x06, 0x7F, 0xE6, 0xB4, 0x6F, 0xC7, 0xFE, 0x7F, 0xE7, 0x86, 0x5F, 0xE5, 0x86, 0xD8, 0xE0, 0x00},
    /* U+5C55 */ {0x7F, 0xE6, 0x02, 0x7F, 0xE6, 0x48, 0x7F, 0xE6, 0x48, 0x7F, 0xF6, 0xB6, 0x49, 0xC4, 0xFC, 0xDC, 0x70, 0x00},
    /* U+5C59 */ {0x60, 0x27, 0xFE, 0x60, 0x07, 0xFF, 0x7C, 0x27, 0xBA, 0x5A, 0xA5, 0x6A, 0x57, 0xAD, 0xC2, 0xD0, 0xE0, 0x00},
    /* U+5C5E */ {0x60, 0x67, 0xFE, 0x61, 0xC7, 0xFC, 0x7F, 0xC7, 0xA6, 0x7F, 0xC7, 0xFE, 0x52, 0xA5, 0xFE, 0xD0, 0x60, 0x00},
    /* U+5C60 */ {0x7F, 0xE6, 0x06, 0x7F, 0xE7, 0xFE, 0x66, 0xC7, 0xFE, 0x67, 0x07, 0xFE, 0x7F, 0xE4, 0xC6, 0xCF, 0xE0, 0x00},
    /* U+5C61 */ {0x60, 0x67, 0xFE, 0x60, 0x46, 0xBC, 0x7F, 0xE6, 0xFC, 0x7A, 0x27, 0xFE, 0x4C, 0x84, 0xF8, 0xDE, 0xE0, 0x00},
    /* U+5C63 */ {0x7F, 0xE7, 0xFE, 0x68, 0x87, 0x2E, 0x7A, 0x87, 0xFE, 0x72, 0x87, 0x2E, 0x56, 0x85, 0xF8, 0xDD, 0xF0, 0x00},
    /* U+5C65 */ {0x60, 0x27, 0xFE, 0x6A, 0x07, 0xBE, 0x7F, 0xE7, 0xBE, 0x7B, 0xE7, 0xB0, 0x5F, 0xE5, 0xDC, 0xDF, 0xE0, 0x00},
    /* U+5C66 */ {0x60, 0x27, 0xFE, 0x68, 0xA7, 0xAE, 0x7F, 0xE7, 0xFE, 0x7D, 0x07, 0xFE, 0x5A, 0x4D, 0xBC, 0x9F, 0x60, 0x00},
    /* U+5C6E */ {0x06, 0x06, 0x66, 0x66, 0x66, 0x66, 0x66, 0x66, 0x66, 0x7F, 0xE0, 0x60, 0x06, 0x00, 0x60, 0x06, 0x00, 0x00},
    /* U+5C6F */ {0x06, 0x07, 0xFE, 0x06, 0x06, 0x64, 0x66, 0x46, 0x64, 0x7F, 0xC0, 0x60, 0x06, 0x30, 0x63, 0x03, 0xE0, 0x00},
    /* U+5C71 */ {0x06, 0x00, 0x60, 0x46, 0x24, 0x62, 0x46, 0x24, 0x62, 0x46, 0x24, 0x62, 0x46, 0x27, 0xFE, 0x00, 0x20, 0x00},
    /* U+5C79 */ {0x23, 0x06, 0xBF, 0x6E, 0x06, 0xC0, 0x6B, 0xE6, 0x8C, 0x69, 0x86, 0xB0, 0x7A, 0x10, 0x63, 0x03, 0xE0, 0x00},
    /* U+5C7A */ {0x33, 0xE7, 0x82, 0x78, 0x27, 0x82, 0x7B, 0xE7, 0xA2, 0x7A, 0x07, 0xA0, 0x7A, 0x30, 0x23, 0x03, 0xE0, 0x00},
    /* U+5C7F */ {0x23, 0x06, 0xBF, 0x6A, 0x06, 0xA0, 0x6F, 0xE6, 0x82, 0x68, 0x27, 0xFE, 0x78, 0x20, 0x06, 0x00, 0xC0, 0x00},
    /* U+5C81 */ {0x66, 0x66, 0x66, 0x7F, 0xE0, 0xC0, 0x1F, 0xC3, 0x0C, 0x48, 0x80, 0xD8, 0x07, 0x01, 0xC0, 0x70, 0x00, 0x00},
    /* U+5C82 */ {0x66, 0x27, 0xFE, 0x00, 0x00, 0x00, 0x7F, 0xE0, 0x06, 0x7F, 0xE6, 0x00, 0x60, 0x06, 0x03, 0x3F, 0xE0, 0x00},
    /* U+5C88 */ {0x27, 0xE6, 0x24, 0x7E, 0x47, 0xC4, 0x7F, 0xF7, 0x8C, 0x79, 0xC7, 0xB4, 0x7E, 0x40, 0x44, 0x01, 0xC0, 0x00},
    /* U+5C8C */ {0x46, 0x67, 0xFE, 0x00, 0x07, 0xF8, 0x19, 0x01, 0xBE, 0x1C, 0x41, 0x6C, 0x33, 0x86, 0x7E, 0xDC, 0x70, 0x00},
    /* U+5C8D */ {0x27, 0xF6, 0xB4, 0x6B, 0x46, 0xB4, 0x6F, 0xF6, 0xB4, 0x6A, 0x46, 0xA4, 0x7A, 0x40, 0x64, 0x04, 0x40, 0x00},
    /* U+5C90 */ {0x20, 0x82, 0x7F, 0x68, 0x86, 0x88, 0x6F, 0xE6, 0xA6, 0x6B, 0x47, 0x9C, 0x79, 0x80, 0x7E, 0x0C, 0x30, 0x00},
    /* U+5C91 */ {0x66, 0x27, 0xFE, 0x06, 0x01, 0xB8, 0x76, 0xE4, 0x22, 0x3F, 0xC0, 0x08, 0x01, 0x80, 0x30, 0x02, 0x00, 0x00},
    /* U+5C94 */ {0x10, 0x87, 0x06, 0x7F, 0xE0, 0xCC, 0x18, 0x87, 0x38, 0x26, 0x02, 0x66, 0x26, 0x63, 0xFE, 0x00, 0x40, 0x00},
    /* U+5C96 */ {0x27, 0xE6, 0x40, 0x7F, 0x67, 0xD4, 0x7D, 0xC7, 0xCC, 0x7D, 0xC7, 0xD6, 0x7F, 0x20, 0x40, 0x07, 0xF0, 0x00},
    /* U+5C97 */ {0x46, 0x67, 0xFE, 0x00, 0x07, 0xFE, 0x41, 0xA5, 0x92, 0x4F, 0x24, 0xF2, 0x79, 0xA7, 0x02, 0x40, 0xE0, 0x00},
    /* U+5C98 */ {0x23, 0xE6, 0xA2, 0x6A, 0xA6, 0xAA, 0x6A, 0xA6, 0xAA, 0x6B, 0xA6, 0x98, 0x7B, 0x90, 0x6F, 0x04, 0x60, 0x00},
    /* U+5C99 */ {0x3F, 0x80, 0x40, 0x7F, 0xE1, 0x98, 0x30, 0xE6, 0x63, 0x26, 0x42, 0x66, 0x26, 0x63, 0xFE, 0x00, 0x40, 0x00},
    /* U+5C9A */ {0x66, 0x67, 0xFE, 0x00, 0x03, 0xFC, 0x21, 0x42, 0xB4, 0x26, 0x46, 0x64, 0x7F, 0x55, 0x1F, 0xC0, 0x30, 0x00},
    /* U+5C9B */ {0x3F, 0xC2, 0x8C, 0x2E, 0xC2, 0x38, 0x20, 0x03, 0xFE, 0x08, 0x24, 0x92, 0x49, 0x27, 0xF6, 0x01, 0xE0, 0x00},
    /* U+5C9C */ {0x66, 0x66, 0x66, 0x7F, 0xE0, 0x00, 0x7F, 0xE6, 0x66, 0x7F, 0xE6, 0x00, 0x60, 0x26, 0x02, 0x3F, 0xE0, 0x00},
    /* U+5CA2 */ {0x66, 0x67, 0xFE, 0x00, 0x0F, 0xFF, 0x00, 0x43, 0xE4, 0x22, 0x42, 0x24, 0x3E, 0x42, 0x04, 0x03, 0xC0, 0x00},
    /* U+5CA3 */ {0x22, 0x06, 0xBE, 0x6E, 0x26, 0xC2, 0x6B, 0xA6, 0xAA, 0x6A, 0xA6, 0xBA, 0x7A, 0x20, 0x82, 0x00, 0xE0, 0x00},
    /* U+5CA9 */ {0x66, 0x67, 0xFE, 0x00, 0x00, 0x00, 0xFF, 0xF1, 0x80, 0x3F, 0xE7, 0x06, 0xD0, 0x61, 0xFE, 0x10, 0x60, 0x00},
    /* U+5CAB */ {0x20, 0x86, 0x88, 0x6F, 0xE6, 0xEA, 0x6E, 0xA6, 0xFE, 0x6E, 0xA6, 0xEA, 0x7E, 0xA0, 0x7E, 0x06, 0x20, 0x00},
    /* U+5CAC */ {0x27, 0xE6, 0xEA, 0x6E, 0xA6, 0xFE, 0x6E, 0xA6, 0xEA, 0x6F, 0xE6, 0x8A, 0x78, 0x80, 0x08, 0x00, 0x80, 0x00},
    /* U+5CAD */ {0x21, 0x86, 0x3C, 0x7E, 0x67, 0xD2, 0x78, 0x87, 0xFE, 0x78, 0x47, 0x8C, 0x7B, 0x80, 0x18, 0x00, 0x80, 0x00},
    /* U+5CB1 */ {0x32, 0xC2, 0x2E, 0x6F, 0xEE, 0x10, 0x21, 0xB2, 0x4E, 0x26, 0x42, 0x64, 0x26, 0x43, 0xFC, 0x00, 0x40, 0x00},
    /* U+5CB3 */ {0x3F, 0x02, 0x00, 0x3F, 0xE2, 0x08, 0x20, 0x8F, 0xFF, 0x06, 0x06, 0x66, 0x66, 0x67, 0xFE, 0x00, 0x60, 0x00},
    /* U+5CB5 */ {0x20, 0x86, 0x88, 0x6F, 0xF6, 0x88, 0x68, 0x86, 0xBE, 0x6A, 0x26, 0xA2, 0x7A, 0x20, 0x3E, 0x02, 0x20, 0x00},
    /* U+5CB7 */ {0x26, 0x26, 0xE2, 0x6F, 0xE6, 0xE8, 0x6E, 0x86, 0xFF, 0x6E, 0xC6, 0xEC, 0x7E, 0x40, 0x7F, 0x07, 0x20, 0x00},
    /* U+5CB8 */ {0x66, 0x67, 0xFE, 0x00, 0x07, 0xFE, 0x60, 0x07, 0xFE, 0x63, 0x07, 0xFF, 0x43, 0x0C, 0x30, 0x03, 0x00, 0x00},
    /* U+5CBD */ {0x66, 0x67, 0xFE, 0x0C, 0x00, 0xC0, 0x7F, 0xE3, 0x20, 0x7F, 0xE1, 0x20, 0x32, 0xC6, 0x26, 0x4E, 0x20, 0x00},
    /* U+5CBF */ {0x46, 0x27, 0xFE, 0x00, 0x05, 0xFE, 0x58, 0x25, 0x82, 0x57, 0xE5, 0x02, 0x10, 0x23, 0x7E, 0x20, 0x20, 0x00},
    /* U+5CC1 */ {0x66, 0x67, 0xFE, 0x08, 0x07, 0xBE, 0x4B, 0x24, 0xB2, 0x4B, 0x27, 0xB2, 0x4B, 0xE3, 0x30, 0x63, 0x00, 0x00},
    /* U+5CC4 */ {0x27, 0xE6, 0xB4, 0x69, 0xC6, 0xFF, 0x6C, 0x86, 0xFE, 0x68, 0x86, 0x88, 0x7F, 0xF0, 0x88, 0x00, 0x80, 0x00},
    /* U+5CCB */ {0x22, 0x02, 0x7E, 0x6C, 0x26, 0xFA, 0x6C, 0xA6, 0xFA, 0x6C, 0xA6, 0xCA, 0x7F, 0xA0, 0x02, 0x00, 0xE0, 0x00},
    /* U+5CD2 */ {0x27, 0xE6, 0x42, 0x6F, 0xE6, 0xC2, 0x6D, 0xE6, 0xD6, 0x6D, 0x66, 0xDE, 0x7D, 0x20, 0x42, 0x04, 0x60, 0x00},
    /* U+5CD9 */ {0x21, 0x82, 0xFE, 0x69, 0x86, 0xFF, 0x68, 0x46, 0xFF, 0x6A, 0x46, 0xB4, 0x79, 0x40, 0x04, 0x01, 0xC0, 0x00},
    /* U+5CE1 */ {0x21, 0x86, 0xFE, 0x6D, 0xA6, 0xFE, 0x6B, 0xC6, 0xFF, 0x69, 0x87, 0xBC, 0x7A, 0x40, 0x66, 0x0C, 0x30, 0x00},
    /* U+5CE4 */ {0x27, 0xC6, 0x98, 0x6F, 0xF6, 0xB4, 0x6A, 0x66, 0xE7, 0x6B, 0x46, 0xA4, 0x7A, 0x40, 0x64, 0x04, 0x40, 0x00},
    /* U+5CE5 */ {0x23, 0xC6, 0xEC, 0x6F, 0xE6, 0xDA, 0x69, 0xA6, 0xFF, 0x69, 0xA6, 0xFE, 0x79, 0x80, 0x18, 0x03, 0x00, 0x00},
    /* U+5CE6 */ {0x7F, 0xE0, 0x90, 0x29, 0xC6, 0x96, 0x49, 0x20, 0x80, 0x66, 0x66, 0x66, 0x66, 0x67, 0xFE, 0x00, 0x60, 0x00},
    /* U+5CE8 */ {0x26, 0xE6, 0x2A, 0x7A, 0x87, 0xFF, 0x7A, 0xA7, 0xBE, 0x7F, 0xE7, 0xA4, 0x7A, 0xD0, 0x3F, 0x07, 0x20, 0x00},
    /* U+5CEA */ {0x22, 0x66, 0xEA, 0x6D, 0x96, 0x9C, 0x6B, 0x66, 0xE3, 0x6F, 0xF6, 0xA2, 0x7A, 0x20, 0x22, 0x03, 0xE0, 0x00},
    /* U+5CED */ {0x26, 0xA2, 0xAE, 0x68, 0x86, 0xFE, 0x6E, 0x26, 0xFE, 0x6E, 0x26, 0xFE, 0x7E, 0x20, 0x62, 0x06, 0x60, 0x00},
    /* U+5CF0 */ {0x23, 0xE6, 0xF4, 0x6D, 0xC6, 0xBC, 0x6F, 0xF6, 0xFE, 0x69, 0x86, 0xFE, 0x79, 0x87, 0xFE, 0x01, 0x80, 0x00},
    /* U+5CFB */ {0x23, 0x47, 0x7E, 0x77, 0xE7, 0x34, 0x7E, 0x27, 0xF0, 0x73, 0xE7, 0xFC, 0x79, 0x80, 0x7E, 0x0C, 0x30, 0x00},
    /* U+5D02 */ {0x2F, 0xF7, 0xA4, 0x78, 0x47, 0xFF, 0x7C, 0x37, 0x90, 0x7F, 0xE7, 0x92, 0x7A, 0x60, 0x66, 0x0C, 0xC0, 0x00},
    /* U+5D03 */ {0x21, 0x83, 0xFE, 0x7D, 0xA7, 0xBE, 0x7B, 0xC7, 0xFF, 0x79, 0x87, 0xBC, 0x7F, 0xE0, 0xDA, 0x01, 0x80, 0x00},
    /* U+5D06 */ {0x27, 0xF6, 0xC3, 0x6D, 0x46, 0xA6, 0x6C, 0x26, 0xBE, 0x68, 0x86, 0x88, 0x78, 0x80, 0x08, 0x07, 0xF0, 0x00},
    /* U+5D07 */ {0x66, 0x67, 0xFE, 0x06, 0x07, 0xFE, 0x40, 0x21, 0xF8, 0x7F, 0xE0, 0x60, 0x36, 0xC6, 0x66, 0x4C, 0x20, 0x00},
    /* U+5D0E */ {0x27, 0xE6, 0x98, 0x6B, 0xE6, 0xE2, 0x6F, 0xF6, 0xBA, 0x6E, 0xA6, 0xEA, 0x7F, 0xA0, 0x02, 0x00, 0xE0, 0x00},
    /* U+5D14 */ {0x46, 0x27, 0xFE, 0x12, 0x03, 0xFE, 0x63, 0x0F, 0xFC, 0x23, 0x03, 0xFE, 0x23, 0x03, 0xFF, 0x20, 0x00, 0x00},
    /* U+5D16 */ {0x7F, 0xE0, 0x00, 0x7F, 0xE6, 0x20, 0x7F, 0xC6, 0x20, 0x7F, 0xE4, 0x20, 0x5F, 0xEC, 0x20, 0xFF, 0xF0, 0x00},
    /* U+5D1B */ {0x24, 0x27, 0xC2, 0x7F, 0xE7, 0xC8, 0x7E, 0xA7, 0xEA, 0x7F, 0xE7, 0xEA, 0x7E, 0xB0, 0xBF, 0x08, 0x20, 0x00},
    /* U+5D1E */ {0x27, 0xF2, 0x00, 0x7F, 0xE7, 0xE2, 0x7B, 0xE7, 0xFE, 0x78, 0xE7, 0x88, 0x7F, 0xF0, 0x08, 0x03, 0x80, 0x00},
    /* U+5D24 */ {0x21, 0xC6, 0xFE, 0x6D, 0x86, 0xFF, 0x6B, 0x06, 0xFE, 0x6F, 0xE6, 0xA2, 0x7B, 0xE0, 0x22, 0x02, 0x60, 0x00},
    /* U+5D26 */ {0x21, 0x03, 0xFF, 0x7B, 0x47, 0xFE, 0x7F, 0xF7, 0xFE, 0x7D, 0xA7, 0xFE, 0x7D, 0x80, 0x1B, 0x00, 0xE0, 0x00},
    /* U+5D27 */ {0x66, 0x67, 0xFE, 0x30, 0x43, 0x24, 0xFA, 0x63, 0x7B, 0x7D, 0x07, 0xB4, 0xF2, 0x43, 0x7E, 0x37, 0x20, 0x00},
    /* U+5D29 */ {0x46, 0x27, 0xFE, 0x00, 0x07, 0xFE, 0x4F, 0x27, 0xFE, 0x4F, 0x27, 0xFE, 0x4E, 0x24, 0xE2, 0xDE, 0xE0, 0x00},
    /* U+5D2D */ {0x46, 0x27, 0xFE, 0x30, 0xEF, 0xFC, 0x71, 0x07, 0xFF, 0x1B, 0x47, 0xF4, 0xFB, 0x41, 0xA4, 0x1A, 0x40, 0x00},
    /* U+5D2E */ {0x7F, 0xE0, 0x00, 0x7F, 0xE6, 0x06, 0x7F, 0xE6, 0x66, 0x7F, 0xE7, 0x9E, 0x7F, 0xE6, 0x06, 0x7F, 0xE0, 0x00},
    /* U+5D34 */ {0x66, 0x67, 0xFE, 0x01, 0x47, 0xFF, 0x7F, 0x26, 0x9E, 0x7F, 0xC5, 0x6C, 0x5C, 0x85, 0xFF, 0xF3, 0x60, 0x00},
    /* U+5D3D */ {0x46, 0x67, 0xFE, 0x3F, 0xC2, 0x64, 0x3F, 0xC2, 0x64, 0x3F, 0xC1, 0x64, 0x7A, 0x65, 0x8A, 0x4F, 0x80, 0x00},
    /* U+5D3E */ {0x27, 0xF2, 0x3C, 0x7F, 0xE7, 0xDA, 0x7F, 0xE7, 0x90, 0x7F, 0xF7, 0xA4, 0x7F, 0xC0, 0x3C, 0x0E, 0x60, 0x00},
    /* U+5D47 */ {0x77, 0xF3, 0x18, 0xFB, 0x83, 0x3B, 0x36, 0xE7, 0x88, 0x75, 0xAF, 0x5A, 0x35, 0xA3, 0x5A, 0x37, 0xE0, 0x00},
    /* U+5D4A */ {0x27, 0xC2, 0x7F, 0x6B, 0x86, 0xBC, 0x6F, 0xE6, 0xBC, 0x6F, 0xF7, 0xBC, 0x7F, 0xE0, 0xDB, 0x01, 0x80, 0x00},
    /* U+5D4B */ {0x25, 0xA7, 0x5A, 0x7F, 0xE7, 0xC0, 0x7F, 0xE7, 0xE2, 0x7F, 0xE7, 0xE2, 0x7F, 0xE0, 0xE2, 0x0B, 0xE0, 0x00},
    /* U+5D4C */ {0x66, 0x67, 0xFE, 0x01, 0x06, 0xDF, 0xFF, 0x26, 0xEA, 0x7E, 0x86, 0xCC, 0x6D, 0xC7, 0xD6, 0x6E, 0x20, 0x00},
    /* U+5D58 */ {0x2F, 0xF7, 0x24, 0x7F, 0xE7, 0xC2, 0x79, 0x87, 0xFE, 0x7B, 0xC7, 0xBC, 0x7D, 0xE0, 0xDA, 0x01, 0x80, 0x00},
    /* U+5D5B */ {0x46, 0x27, 0xFE, 0x07, 0x03, 0x9C, 0xFF, 0xF3, 0xD6, 0x25, 0x63, 0xD6, 0x3D, 0x62, 0x56, 0x2C, 0xC0, 0x00},
    /* U+5D5D */ {0x23, 0xE7, 0xFE, 0x7B, 0xC7, 0xFE, 0x7D, 0xB7, 0x90, 0x7F, 0xF7, 0xA4, 0x7B, 0xC0, 0x3E, 0x06, 0x20, 0x00},
    /* U+5D69 */ {0x66, 0x67, 0xFE, 0xFF, 0xE0, 0x00, 0x3F, 0xC3, 0xFC, 0x7F, 0xE4, 0x02, 0x5F, 0xA5, 0xFA, 0x40, 0xE0, 0x00},
    /* U+5D6B */ {0x23, 0x47, 0xFF, 0x7A, 0x47, 0xE4, 0x7D, 0xA7, 0xFE, 0x7A, 0x67, 0xA6, 0x7D, 0xE0, 0xFF, 0x01, 0x10, 0x00},
    /* U+5D6C */ {0x66, 0x67, 0xFE, 0x04, 0x03, 0xFC, 0x3F, 0xC2, 0x44, 0x3F, 0xC0, 0xE8, 0x0B, 0xC3, 0x33, 0x63, 0xE0, 0x00},
    /* U+5D6F */ {0x22, 0x47, 0xFE, 0x79, 0x87, 0xFE, 0x79, 0x07, 0xFF, 0x7B, 0x07, 0xBE, 0x7C, 0x80, 0xC8, 0x07, 0xF0, 0x00},
    /* U+5D74 */ {0x27, 0xE6, 0xBC, 0x7F, 0xA7, 0xA4, 0x7F, 0xF7, 0xE2, 0x7F, 0xE7, 0xE2, 0x7F, 0xE0, 0x62, 0x06, 0xE0, 0x00},
    /* U+5D82 */ {0x27, 0xE6, 0x24, 0x7F, 0xF7, 0x7E, 0x74, 0x27, 0x7E, 0x74, 0x27, 0x7E, 0x7F, 0xF0, 0x18, 0x01, 0x80, 0x00},
    /* U+5D99 */ {0x23, 0xC7, 0x7E, 0x73, 0xC7, 0x7E, 0x7D, 0xA7, 0x6E, 0x77, 0xA7, 0xFA, 0x72, 0xF0, 0x62, 0x0C, 0x20, 0x00},
    /* U+5D9D */ {0x23, 0xC7, 0xE6, 0x76, 0x67, 0xFE, 0x7F, 0xE7, 0x46, 0x77, 0xE7, 0x24, 0x72, 0xC0, 0x2C, 0x0F, 0xF0, 0x00},
    /* U+5DB7 */ {0x7F, 0xE4, 0x00, 0x7B, 0xE6, 0x5C, 0x7D, 0xC6, 0x3E, 0x7C, 0xA5, 0x2E, 0x7F, 0x83, 0xB8, 0x4C, 0xF0, 0x00},
    /* U+5DC5 */ {0x7F, 0xE1, 0x00, 0x7F, 0xE7, 0xFE, 0x4F, 0x27, 0xFA, 0x7F, 0xA7, 0xFA, 0xFE, 0xA6, 0x9E, 0x47, 0x20, 0x00},
    /* U+5DCD */ {0x7F, 0xE0, 0x88, 0x73, 0xE7, 0xEA, 0x3B, 0xE7, 0xEA, 0x33, 0xE7, 0x9E, 0x79, 0xE3, 0xA8, 0x64, 0xF0, 0x00},
    /* U+5DDB */ {0x12, 0x63, 0x64, 0x24, 0xC6, 0xC8, 0x49, 0x84, 0xD8, 0x64, 0x83, 0x6C, 0x32, 0x61, 0x36, 0x00, 0x00, 0x00},
    /* U+5DDD */ {0x22, 0x22, 0x62, 0x26, 0x22, 0x62, 0x26, 0x22, 0x62, 0x66, 0x26, 0x62, 0x46, 0x2C, 0x02, 0x00, 0x20, 0x00},
    /* U+5DDE */ {0x12, 0x21, 0x22, 0x12, 0x27, 0xBA, 0x5E, 0xAF, 0xEE, 0x32, 0x23, 0x22, 0x22, 0x26, 0x22, 0x40, 0x20, 0x00},
    /* U+5DE1 */ {0x6D, 0x62, 0xD4, 0x0B, 0x41, 0xAC, 0xFA, 0xC2, 0xB4, 0x2D, 0x62, 0x5A, 0x24, 0xA7, 0x80, 0xCF, 0xF0, 0x00},
    /* U+5DE2 */ {0x25, 0x81, 0x6C, 0x3F, 0xC2, 0x64, 0x3F, 0xC2, 0x64, 0x3F, 0xCF, 0xFF, 0x1F, 0x87, 0x6E, 0x46, 0x20, 0x00},
    /* U+5DE5 */ {0x7F, 0xE0, 0x60, 0x06, 0x00, 0x60, 0x06, 0x00, 0x60, 0x06, 0x00, 0x60, 0x06, 0x0F, 0xFF, 0x00, 0x00, 0x00},
    /* U+5DE6 */ {0x08, 0x07, 0xFE, 0x18, 0x01, 0x80, 0x10, 0x01, 0xFE, 0x33, 0x02, 0x30, 0x63, 0x0C, 0x30, 0x1F, 0xF0, 0x00},
    /* U+5DE7 */ {0x07, 0xFF, 0xB0, 0x23, 0x02, 0x20, 0x23, 0xE2, 0x02, 0x20, 0x27, 0x82, 0xE0, 0x20, 0x06, 0x01, 0xC0, 0x00},
    /* U+5DE8 */ {0x3F, 0xE2, 0x00, 0x20, 0x03, 0xFC, 0x20, 0x42, 0x04, 0x3F, 0xC2, 0x00, 0x20, 0x03, 0xFE, 0x00, 0x00, 0x00},
    /* U+5DE9 */ {0x07, 0xCF, 0x4C, 0x24, 0xC2, 0x6C, 0x25, 0xC2, 0x5C, 0x2C, 0xC7, 0xCC, 0xCC, 0xF0, 0x8F, 0x18, 0x60, 0x00},
    /* U+5DEB */ {0x7F, 0xE0, 0x60, 0x36, 0xC3, 0x68, 0x36, 0xC3, 0xFC, 0x6F, 0x2C, 0x72, 0x06, 0x0F, 0xFF, 0x00, 0x00, 0x00},
    /* U+5DEE */ {0x19, 0x87, 0xFE, 0x04, 0x03, 0xFC, 0x0C, 0x07, 0xFE, 0x18, 0x03, 0xFE, 0x63, 0x07, 0xFE, 0x00, 0x00, 0x00},
    /* U+5DEF */ {0x7F, 0xF1, 0x94, 0x33, 0x67, 0xFE, 0x4A, 0x27, 0xBC, 0x33, 0xC3, 0x3C, 0x3F, 0xDF, 0xDF, 0x0C, 0x60, 0x00},
    /* U+5DF1 */ {0x7F, 0xC0, 0x04, 0x00, 0x40, 0x04, 0x3F, 0xC2, 0x04, 0x20, 0x02, 0x00, 0x20, 0x32, 0x02, 0x3F, 0xE0, 0x00},
    /* U+5DF2 */ {0x7F, 0xC0, 0x04, 0x20, 0x42, 0x04, 0x3F, 0xC2, 0x04, 0x20, 0x02, 0x02, 0x20, 0x32, 0x02, 0x3F, 0xE0, 0x00},
    /* U+5DF3 */ {0x7F, 0xC6, 0x04, 0x60, 0x46, 0x04, 0x7F, 0xC6, 0x04, 0x60, 0x06, 0x00, 0x60, 0x26, 0x02, 0x3F, 0xE0, 0x00},
    /* U+5DF4 */ {0x7F, 0xE6, 0x66, 0x66, 0x66, 0x66, 0x7F, 0xE6, 0x04, 0x60, 0x06, 0x00, 0x60, 0x36, 0x02, 0x3F, 0xE0, 0x00},
    /* U+5DF7 */ {0x19, 0x87, 0xFE, 0x19, 0x8F, 0xFF, 0x19, 0x83, 0xFC, 0x70, 0xE5, 0xF8, 0x10, 0x61, 0x06, 0x1F, 0xC0, 0x00},
    /* U+5DFD */ {0x4F, 0x27, 0xFE, 0x47, 0x27, 0xFE, 0x19, 0x87, 0xFE, 0x19, 0x87, 0xFE, 0x19, 0x87, 0x0E, 0x60, 0x60, 0x00},
    /* U+5DFE */ {0x06, 0x00, 0x60, 0x7F, 0xE6, 0x62, 0x66, 0x26, 0x62, 0x66, 0x26, 0x62, 0x66, 0xE0, 0x60, 0x06, 0x00, 0x00},
    /* U+5E01 */ {0x7F, 0xE0, 0x60, 0x06, 0x03, 0xFC, 0x26, 0x42, 0x64, 0x26, 0x42, 0x64, 0x27, 0xC0, 0x60, 0x06, 0x00, 0x00},
    /* U+5E02 */ {0x06, 0x0F, 0xFF, 0x06, 0x00, 0x60, 0x3F, 0xE2, 0x66, 0x26, 0x62, 0x66, 0x27, 0xC0, 0x60, 0x06, 0x00, 0x00},
    /* U+5E03 */ {0x0C, 0x0F, 0xFF, 0x1A, 0x03, 0x20, 0x3F, 0xE7, 0x26, 0xF2, 0x63, 0x26, 0x32, 0x63, 0x2E, 0x02, 0x00, 0x00},
    /* U+5E05 */ {0x51, 0x85, 0x7E, 0x55, 0xA5, 0x5A, 0x55, 0xA5, 0x5A, 0x55, 0xA3, 0x5A, 0x35, 0xE2, 0x18, 0x61, 0x80, 0x00},
    /* U+5E06 */ {0x22, 0x47, 0xA4, 0x6A, 0x46, 0xB4, 0x6F, 0xC6, 0xEC, 0x6E, 0xC7, 0xE4, 0x24, 0x52, 0x45, 0x38, 0x70, 0x00},
    /* U+5E08 */ {0x1F, 0xF5, 0x18, 0x57, 0xE5, 0x5A, 0x55, 0xA5, 0x5A, 0x55, 0xA3, 0x5A, 0x35, 0xE2, 0x18, 0x41, 0x80, 0x00},
    /* U+5E0C */ {0x1F, 0x83, 0xFC, 0x7C, 0x47, 0xFE, 0x1A, 0x03, 0x20, 0x7F, 0xEF, 0x26, 0x32, 0x63, 0x2C, 0x02, 0x00, 0x00},
    /* U+5E0F */ {0x31, 0x87, 0x7E, 0x79, 0x87, 0xFE, 0x79, 0x87, 0xFF, 0x79, 0xB7, 0x9B, 0x31, 0xA3, 0x1E, 0x31, 0x80, 0x00},
    /* U+5E10 */ {0x22, 0x67, 0xAC, 0xEB, 0x8E, 0xA0, 0xEF, 0xFE, 0xA8, 0xEA, 0xCF, 0xA4, 0x22, 0x62, 0x3A, 0x26, 0x00, 0x00},
    /* U+5E11 */ {0xFF, 0xE6, 0xD6, 0x79, 0xC3, 0x9C, 0x67, 0x60, 0x60, 0x3F, 0xC2, 0x64, 0x26, 0x42, 0x6C, 0x06, 0x00, 0x00},
    /* U+5E14 */ {0x20, 0x87, 0xFF, 0x6C, 0xA6, 0xCA, 0x6F, 0xE6, 0xE6, 0x6F, 0x67, 0xDC, 0x25, 0xC2, 0xFE, 0x2E, 0x30, 0x00},
    /* U+5E15 */ {0x31, 0x87, 0xBE, 0x7A, 0x27, 0xA2, 0x7A, 0x27, 0xBE, 0x7A, 0x27, 0xA2, 0x32, 0x23, 0x3E, 0x32, 0x20, 0x00},
    /* U+5E16 */ {0x31, 0x87, 0x9F, 0x79, 0x87, 0x98, 0x79, 0x87, 0xBE, 0x7A, 0x27, 0xA2, 0x32, 0x23, 0x3E, 0x32, 0x20, 0x00},
    /* U+5E18 */ {0x7F, 0xE4, 0x02, 0x19, 0xC7, 0x06, 0x06, 0x03, 0xFE, 0x26, 0x62, 0x66, 0x26, 0x62, 0x6C, 0x06, 0x00, 0x00},
    /* U+5E19 */ {0x22, 0x87, 0xBE, 0x6E, 0x86, 0xC8, 0x68, 0x86, 0xFF, 0x69, 0x87, 0x9C, 0x23, 0x42, 0x66, 0x2C, 0x30, 0x00},
    /* U+5E1A */ {0x00, 0xC3, 0xFC, 0x00, 0xC3, 0xFC, 0x7F, 0xE4, 0x62, 0x7F, 0xE2, 0x64, 0x26, 0x42, 0x7C, 0x06, 0x00, 0x00},
    /* U+5E1B */ {0x3F, 0xC2, 0x04, 0x3F, 0xC2, 0x04, 0x3F, 0xC0, 0x60, 0x7F, 0xE6, 0x62, 0x66, 0x26, 0x6E, 0x06, 0x00, 0x00},
    /* U+5E1C */ {0x23, 0xE2, 0x22, 0x7A, 0x26, 0xA2, 0x6A, 0x26, 0xBE, 0x68, 0x07, 0xB4, 0x22, 0x62, 0x62, 0x24, 0x20, 0x00},
    /* U+5E1D */ {0x7F, 0xE1, 0x08, 0x19, 0x87, 0xFE, 0x46, 0x27, 0xFE, 0x26, 0x42, 0x64, 0x26, 0x42, 0x7C, 0x06, 0x00, 0x00},
    /* U+5E26 */ {0xFF, 0xF3, 0x6C, 0x00, 0x07, 0xFE, 0x46, 0x24, 0x62, 0x3F, 0xC2, 0x64, 0x26, 0x42, 0x7C, 0x06, 0x00, 0x00},
    /* U+5E27 */ {0x30, 0xF3, 0x08, 0x7B, 0xE7, 0xA2, 0x7A, 0xA7, 0xAA, 0x7A, 0xA7, 0xBA, 0x31, 0x83, 0x36, 0x36, 0x20, 0x00},
    /* U+5E2D */ {0x7F, 0xF6, 0x08, 0x6C, 0xC7, 0xFE, 0x6C, 0xC4, 0xFC, 0x43, 0x05, 0xFE, 0x53, 0x2D, 0x3E, 0x83, 0x00, 0x00},
    /* U+5E2E */ {0x7F, 0x61, 0x14, 0x7D, 0x6F, 0xF2, 0x31, 0xE6, 0x14, 0x46, 0x03, 0xFE, 0x26, 0x62, 0x6C, 0x06, 0x00, 0x00},
    /* U+5E31 */ {0x27, 0xE2, 0x10, 0x7F, 0xE6, 0x90, 0x6F, 0xF6, 0xA4, 0x6B, 0xF7, 0xE4, 0x7D, 0x42, 0xDC, 0x20, 0xC0, 0x00},
    /* U+5E37 */ {0x22, 0xC7, 0xBE, 0x6E, 0x86, 0xE8, 0x6F, 0xE6, 0xA8, 0x6B, 0xE7, 0xA8, 0x22, 0x82, 0x3F, 0x22, 0x00, 0x00},
    /* U+5E38 */ {0x36, 0xC7, 0xFE, 0x40, 0x25, 0xFA, 0x10, 0x81, 0xF8, 0x06, 0x03, 0xFE, 0x26, 0x62, 0x66, 0x26, 0xC0, 0x00},
    /* U+5E3B */ {0x27, 0xE2, 0x18, 0xFF, 0xEF, 0xFF, 0xF8, 0x0F, 0xFE, 0xFD, 0x2F, 0x5A, 0x25, 0x22, 0x3C, 0x2E, 0x30, 0x00},
    /* U+5E3C */ {0x27, 0xE2, 0x42, 0xFF, 0xEE, 0xDA, 0xEF, 0xEE, 0xDA, 0xED, 0xEF, 0xFE, 0x24, 0x22, 0x7E, 0x24, 0x20, 0x00},
    /* U+5E3D */ {0x24, 0x27, 0xFE, 0x6C, 0x26, 0xFE, 0x68, 0x06, 0xFE, 0x6F, 0xE7, 0xE2, 0x27, 0xE2, 0x62, 0x27, 0xE0, 0x00},
    /* U+5E42 */ {0x40, 0x27, 0xFE, 0x3F, 0xC2, 0x04, 0x3F, 0xC7, 0xFE, 0x16, 0x87, 0xFE, 0x76, 0xC3, 0x6C, 0x37, 0x80, 0x00},
    /* U+5E44 */ {0x26, 0x27, 0xFE, 0x6E, 0x06, 0xFE, 0x6D, 0x86, 0xF2, 0x6C, 0xF7, 0xC8, 0x27, 0xE2, 0xC8, 0x2F, 0xF0, 0x00},
    /* U+5E45 */ {0x27, 0xF7, 0xBE, 0x6A, 0x26, 0xA2, 0x6B, 0xE6, 0xFE, 0x6C, 0xA7, 0xCA, 0x27, 0xE2, 0x4A, 0x27, 0xE0, 0x00},
    /* U+5E4C */ {0x24, 0x27, 0xFE, 0x6C, 0x26, 0xFE, 0x6F, 0xA6, 0xBE, 0x6F, 0xF7, 0xBC, 0x23, 0xC2, 0x6D, 0x2C, 0x70, 0x00},
    /* U+5E54 */ {0x26, 0x67, 0xFE, 0xFF, 0xEF, 0xFE, 0xFD, 0xAF, 0xFE, 0xF8, 0x0F, 0x7E, 0x23, 0xC2, 0x3C, 0x2E, 0x70, 0x00},
    /* U+5E55 */ {0x7F, 0xE3, 0xFC, 0x20, 0x43, 0xFC, 0x3F, 0xC0, 0x80, 0xFF, 0xF7, 0xFE, 0xF6, 0x73, 0x6C, 0x37, 0xC0, 0x00},
    /* U+5E5B */ {0x27, 0xE7, 0xA4, 0xEF, 0xFE, 0xFE, 0xEC, 0x2E, 0xFE, 0xEC, 0x2F, 0xFE, 0x2F, 0xF2, 0x18, 0x21, 0x80, 0x00},
    /* U+5E5E */ {0x27, 0xE7, 0xFF, 0xFA, 0x4F, 0xA4, 0xFF, 0xEF, 0x98, 0xFF, 0xEF, 0xFF, 0x21, 0x82, 0x66, 0x2C, 0x30, 0x00},
    /* U+5E61 */ {0x27, 0xE7, 0xBE, 0x6F, 0xF6, 0xBC, 0x6F, 0xE6, 0xC0, 0x6F, 0xE7, 0xDA, 0x27, 0xE2, 0x5A, 0x27, 0xE0, 0x00},
    /* U+5E62 */ {0x27, 0xE7, 0xA4, 0xEF, 0xFE, 0x80, 0xEF, 0xEE, 0xFE, 0xEE, 0xAF, 0xFE, 0x27, 0xE2, 0x18, 0x27, 0xF0, 0x00},
    /* U+5E72 */ {0x7F, 0xE0, 0x60, 0x06, 0x00, 0x60, 0xFF, 0xF0, 0x60, 0x06, 0x00, 0x60, 0x06, 0x00, 0x60, 0x06, 0x00, 0x00},
    /* U+5E73 */ {0x7F, 0xE2, 0x64, 0x36, 0xC1, 0x68, 0x16, 0x8F, 0xFF, 0x06, 0x00, 0x60, 0x06, 0x00, 0x60, 0x06, 0x00, 0x00},
    /* U+5E74 */ {0x10, 0x03, 0xFE, 0x62, 0x07, 0xFE, 0x32, 0x03, 0x20, 0x32, 0x0F, 0xFF, 0x02, 0x00, 0x20, 0x02, 0x00, 0x00},
    /* U+5E76 */ {0x18, 0x81, 0x98, 0x7F, 0xE1, 0x98, 0x19, 0x8F, 0xFF, 0x11, 0x81, 0x18, 0x31, 0x86, 0x18, 0x41, 0x80, 0x00},
    /* U+5E78 */ {0x3F, 0xC0, 0x60, 0x06, 0x0F, 0xFF, 0x10, 0x87, 0xFE, 0x06, 0x00, 0x60, 0x7F, 0xE0, 0x60, 0x06, 0x00, 0x00},
    /* U+5E7A */ {0x0C, 0x00, 0x80, 0x19, 0x83, 0x18, 0x7F, 0x00, 0x60, 0x0C, 0x81, 0x8C, 0x37, 0xC7, 0xFE, 0x00, 0x20, 0x00},
    /* U+5E7B */ {0x37, 0xE2, 0x02, 0x24, 0x24, 0xC2, 0xF8, 0x21, 0x82, 0x18, 0x22, 0xC2, 0x7C, 0x27, 0xE6, 0x07, 0xC0, 0x00},
    /* U+5E7C */ {0x31, 0x82, 0x18, 0x6F, 0xE4, 0x9A, 0xF9, 0xA1, 0x1A, 0x39, 0x22, 0xD2, 0x7F, 0x27, 0xE2, 0x06, 0xE0, 0x00},
    /* U+5E7D */ {0x56, 0xA5, 0x7A, 0x57, 0x26, 0xFE, 0x7F, 0xA5, 0xEA, 0x5F, 0x67, 0xFE, 0x46, 0x27, 0xFE, 0x00, 0x20, 0x00},
    /* U+5E7F */ {0x02, 0x07, 0xFF, 0x60, 0x06, 0x00, 0x60, 0x06, 0x00, 0x60, 0x06, 0x00, 0x40, 0x04, 0x00, 0xC0, 0x00, 0x00},
    /* U+5E80 */ {0x02, 0x07, 0xFF, 0x68, 0x06, 0x80, 0x68, 0xE6, 0xF8, 0x6E, 0x04, 0x80, 0x48, 0x24, 0x82, 0xCF, 0xE0, 0x00},
    /* U+5E84 */ {0x02, 0x07, 0xFF, 0x63, 0x06, 0x30, 0x63, 0x07, 0xFE, 0x63, 0x06, 0x30, 0x43, 0x04, 0x30, 0xFF, 0xF0, 0x00},
    /* U+5E86 */ {0x02, 0x07, 0xFF, 0x63, 0x06, 0x30, 0x7F, 0xE4, 0x30, 0x43, 0x04, 0x78, 0x4C, 0xCD, 0x86, 0xF0, 0x20, 0x00},
    /* U+5E87 */ {0x7F, 0xF6, 0x00, 0x79, 0x07, 0x90, 0x79, 0x65, 0xFC, 0x59, 0x85, 0x90, 0x59, 0x3D, 0xF3, 0xD9, 0xE0, 0x00},
    /* U+5E8A */ {0x02, 0x07, 0xFF, 0x63, 0x06, 0x30, 0x7F, 0xE6, 0x70, 0x47, 0x84, 0xFC, 0x5B, 0x6F, 0x33, 0xC3, 0x00, 0x00},
    /* U+5E8B */ {0x7F, 0xF6, 0x20, 0x63, 0x07, 0xFE, 0x63, 0x07, 0xFC, 0x68, 0xC4, 0xC8, 0x47, 0x04, 0xFC, 0xF8, 0xE0, 0x00},
    /* U+5E8F */ {0x7F, 0xF6, 0x00, 0x7F, 0xC6, 0x0C, 0x67, 0x07, 0xFE, 0x43, 0x64, 0x34, 0x43, 0x0C, 0x30, 0xCE, 0x00, 0x00},
    /* U+5E90 */ {0x7F, 0xE6, 0x30, 0x63, 0x06, 0xFE, 0x68, 0x67, 0xFE, 0x58, 0x25, 0x80, 0x50, 0x0D, 0x00, 0xF0, 0x00, 0x00},
    /* U+5E91 */ {0x7F, 0xF6, 0x00, 0x60, 0x07, 0xFE, 0x62, 0x07, 0xFF, 0x63, 0x04, 0x70, 0x45, 0x05, 0xD3, 0xF1, 0xE0, 0x00},
    /* U+5E93 */ {0x7F, 0xF6, 0x20, 0x66, 0x07, 0xFE, 0x6C, 0x04, 0x90, 0x5F, 0xE4, 0x10, 0x5F, 0xF4, 0x10, 0xC1, 0x00, 0x00},
    /* U+5E94 */ {0x02, 0x07, 0xFF, 0x60, 0x07, 0x26, 0x7A, 0x66, 0xB4, 0x4B, 0xC4, 0x88, 0x41, 0x8F, 0xFF, 0xC0, 0x00, 0x00},
    /* U+5E95 */ {0x7F, 0xF6, 0x04, 0x7F, 0xC7, 0x90, 0x79, 0x07, 0xFE, 0x59, 0x85, 0xA8, 0x5B, 0x9D, 0xFF, 0xD9, 0x60, 0x00},
    /* U+5E96 */ {0x7F, 0xF6, 0x80, 0x6F, 0xE7, 0x86, 0x7F, 0x66, 0x96, 0x49, 0x64, 0xFC, 0x48, 0x34, 0x83, 0xCF, 0xE0, 0x00},
    /* U+5E97 */ {0x02, 0x07, 0xFF, 0x62, 0x06, 0x3E, 0x62, 0x06, 0x20, 0x5F, 0xE5, 0x86, 0x58, 0x6D, 0xFE, 0xD0, 0x40, 0x00},
    /* U+5E99 */ {0x02, 0x07, 0xFF, 0x61, 0x06, 0x10, 0x7F, 0xE7, 0x92, 0x79, 0x27, 0xFE, 0x59, 0x25, 0x92, 0xDF, 0xE0, 0x00},
    /* U+5E9A */ {0x7F, 0xF6, 0x20, 0x7F, 0xE6, 0x26, 0x7F, 0xF6, 0x26, 0x7F, 0xE4, 0x30, 0x47, 0x85, 0xCC, 0xF0, 0x60, 0x00},
    /* U+5E9C */ {0x7F, 0xF6, 0x44, 0x6C, 0x46, 0x84, 0x7F, 0xF7, 0x84, 0x7A, 0x44, 0x94, 0x49, 0x4C, 0x84, 0xC9, 0xC0, 0x00},
    /* U+5E9E */ {0x7F, 0xF6, 0x58, 0x64, 0x87, 0xFE, 0x65, 0x06, 0xD4, 0x4D, 0xC4, 0x98, 0x5B, 0x1D, 0x73, 0xA1, 0xE0, 0x00},
    /* U+5E9F */ {0x7F, 0xF6, 0xA0, 0x6A, 0xC7, 0xA4, 0x7F, 0xE4, 0x40, 0x4F, 0xC4, 0xEC, 0x5B, 0x8F, 0x7C, 0xCC, 0x60, 0x00},
    /* U+5EA0 */ {0x7F, 0xF6, 0x84, 0x64, 0xC7, 0xFE, 0x63, 0x04, 0x30, 0x5F, 0xE4, 0x30, 0x7F, 0xEC, 0x30, 0xC3, 0x00, 0x00},
    /* U+5EA5 */ {0x7F, 0xF6, 0x88, 0x68, 0x86, 0x88, 0x7F, 0xF7, 0x9C, 0x7B, 0xC5, 0xBE, 0x5C, 0xBD, 0xC8, 0xD8, 0x80, 0x00},
    /* U+5EA6 */ {0x7F, 0xF6, 0x48, 0x6C, 0xC7, 0xFE, 0x6C, 0xC6, 0xF8, 0x7F, 0xC4, 0xCC, 0x47, 0x85, 0xFC, 0xF8, 0xF0, 0x00},
    /* U+5EA7 */ {0x7F, 0xF4, 0x20, 0x4B, 0x45, 0xBC, 0x5F, 0xE7, 0x7A, 0x43, 0x05, 0xFE, 0x43, 0x0C, 0x30, 0xFF, 0xF0, 0x00},
    /* U+5EAD */ {0x7F, 0xF4, 0x00, 0x7F, 0xE4, 0x88, 0x58, 0x85, 0xFE, 0x4C, 0x85, 0xC8, 0x5B, 0xE5, 0xC0, 0xF7, 0xF0, 0x00},
    /* U+5EB3 */ {0x7F, 0xF6, 0x20, 0x7F, 0xE7, 0xB6, 0x7F, 0xE7, 0xA6, 0x7F, 0xE6, 0xD8, 0x7F, 0xF4, 0x18, 0xC1, 0x80, 0x00},
    /* U+5EB5 */ {0x7F, 0xF4, 0x60, 0x7F, 0xF4, 0xCC, 0x4B, 0x47, 0xFE, 0x7F, 0xC4, 0xB4, 0x4F, 0xCC, 0xB3, 0xC3, 0xE0, 0x00},
    /* U+5EB6 */ {0x7F, 0xF6, 0x00, 0x6C, 0xC7, 0xFE, 0x6C, 0xC6, 0xCC, 0x4F, 0xC4, 0x00, 0x5D, 0x65, 0x5A, 0xF4, 0xA0, 0x00},
    /* U+5EB7 */ {0x7F, 0xF6, 0x20, 0x7F, 0xE6, 0x26, 0x7F, 0xF5, 0xFE, 0x53, 0x64, 0xBC, 0x4F, 0xCF, 0xA6, 0xCE, 0x00, 0x00},
    /* U+5EB8 */ {0x7F, 0xF6, 0x20, 0x7F, 0xC7, 0xFF, 0x7F, 0xC6, 0x20, 0x5F, 0xE5, 0xFE, 0x52, 0x65, 0xFE, 0xD2, 0xE0, 0x00},
    /* U+5EB9 */ {0x7F, 0xF6, 0xC8, 0x7F, 0xE6, 0xC8, 0x6F, 0x86, 0xFC, 0x68, 0x45, 0xFC, 0x59, 0x05, 0x1C, 0xF0, 0x60, 0x00},
    /* U+5EBE */ {0x7F, 0xE6, 0x20, 0x7F, 0xE7, 0x32, 0x7F, 0xE7, 0x32, 0x7F, 0xE4, 0x30, 0x47, 0x8D, 0xCE, 0xF0, 0x30, 0x00},
    /* U+5EC9 */ {0x7F, 0xF4, 0xC8, 0x7F, 0xE4, 0x50, 0x5F, 0xE7, 0xFF, 0x45, 0x65, 0xFE, 0x4D, 0x8D, 0xD6, 0xE5, 0x20, 0x00},
    /* U+5ECA */ {0x7F, 0xF4, 0x80, 0x5F, 0xE5, 0x3A, 0x5F, 0xE5, 0x3C, 0x5F, 0xA5, 0x5A, 0x57, 0xA5, 0xFE, 0xF3, 0x80, 0x00},
    /* U+5ED1 */ {0x7F, 0xE7, 0xFE, 0x6C, 0x86, 0xF8, 0x7F, 0xC5, 0xB6, 0x5F, 0xC5, 0xFE, 0x5F, 0xC4, 0x20, 0xFF, 0xE0, 0x00},
    /* U+5ED2 */ {0x7F, 0xE4, 0x88, 0x7E, 0x84, 0x98, 0x5F, 0xF4, 0x9E, 0x7E, 0xE5, 0xEC, 0x56, 0xCD, 0x7E, 0xEF, 0x30, 0x00},
    /* U+5ED3 */ {0x7F, 0xF4, 0xC0, 0x7F, 0xE5, 0xEA, 0x52, 0xE5, 0xEE, 0x5E, 0xA4, 0x4A, 0x7F, 0xA4, 0xCE, 0xD8, 0x80, 0x00},
    /* U+5ED6 */ {0x7F, 0xF7, 0xFE, 0x57, 0x24, 0xEE, 0x5F, 0xE5, 0x72, 0x7F, 0xE7, 0xFA, 0x4F, 0x4C, 0xFC, 0xDE, 0x00, 0x00},
    /* U+5EDB */ {0x7F, 0xF5, 0xFC, 0x5F, 0xE5, 0xFE, 0x43, 0x05, 0xFE, 0x7F, 0xE7, 0xAE, 0x5F, 0xEC, 0x20, 0xFF, 0xF0, 0x00},
    /* U+5EE8 */ {0x7F, 0xF5, 0x80, 0x5D, 0xE7, 0xEA, 0x5B, 0x65, 0xF4, 0x5B, 0xE5, 0xF4, 0x7B, 0xFE, 0xA4, 0xA6, 0x40, 0x00},
    /* U+5EEA */ {0x7F, 0xF7, 0xFE, 0x40, 0x05, 0xFE, 0x57, 0xE5, 0xFE, 0x5F, 0xC4, 0xFC, 0x7F, 0xED, 0xBC, 0xF6, 0x20, 0x00},
    /* U+5EF4 */ {0x78, 0x01, 0x00, 0x30, 0x03, 0x80, 0x08, 0x07, 0x80, 0x30, 0x03, 0x00, 0x3C, 0x04, 0xFF, 0x00, 0x00, 0x00},
    /* U+5EF6 */ {0xF7, 0xC3, 0x08, 0x24, 0x86, 0x4E, 0x74, 0x81, 0x48, 0x74, 0x83, 0x7F, 0x30, 0x07, 0xC0, 0xCF, 0xF0, 0x00},
    /* U+5EF7 */ {0xF7, 0xC3, 0x18, 0x21, 0x86, 0x7E, 0x71, 0x81, 0x18, 0x51, 0x87, 0xFF, 0x30, 0x07, 0xC0, 0xCF, 0xF0, 0x00},
    /* U+5EFA */ {0x77, 0xE3, 0x16, 0x2F, 0xE6, 0x16, 0x7F, 0xE5, 0xFE, 0x71, 0x06, 0xFE, 0x31, 0x07, 0xD0, 0xCF, 0xF0, 0x00},
    /* U+5EFE */ {0x10, 0x81, 0x08, 0x10, 0x81, 0x08, 0xFF, 0xF1, 0x08, 0x10, 0x83, 0x08, 0x20, 0x86, 0x08, 0x40, 0x80, 0x00},
    /* U+5EFF */ {0x10, 0x81, 0x08, 0xFF, 0xF1, 0x08, 0x10, 0x81, 0x08, 0x10, 0x81, 0x08, 0x10, 0x81, 0xF8, 0x10, 0x80, 0x00},
    /* U+5F00 */ {0x7F, 0xE1, 0x88, 0x18, 0x81, 0x88, 0xFF, 0xF1, 0x88, 0x10, 0x81, 0x08, 0x30, 0x86, 0x08, 0x40, 0x80, 0x00},
    /* U+5F01 */ {0x19, 0x83, 0x0C, 0x7F, 0xE1, 0x88, 0x19, 0x8F, 0xFF, 0x11, 0x81, 0x18, 0x31, 0x86, 0x18, 0x40, 0x80, 0x00},
    /* U+5F02 */ {0x7F, 0xC6, 0x04, 0x7F, 0xC6, 0x02, 0x3F, 0xE0, 0x00, 0x10, 0x8F, 0xFF, 0x30, 0x86, 0x08, 0x40, 0x80, 0x00},
    /* U+5F03 */ {0xFF, 0xF0, 0x90, 0x10, 0xC3, 0xFC, 0x00, 0x21, 0x98, 0xFF, 0xF1, 0x18, 0x31, 0x86, 0x18, 0xC1, 0x80, 0x00},
    /* U+5F04 */ {0x7F, 0xE0, 0x60, 0x3F, 0xC0, 0x60, 0x7F, 0xE1, 0x98, 0xFF, 0xF1, 0x18, 0x31, 0x86, 0x18, 0xC1, 0x80, 0x00},
    /* U+5F08 */ {0xFF, 0xF2, 0x90, 0x69, 0x44, 0x96, 0x1F, 0x03, 0x00, 0x19, 0x8F, 0xFF, 0x11, 0x83, 0x18, 0x61, 0x80, 0x00},
    /* U+5F0A */ {0x75, 0xF7, 0xF6, 0x57, 0xE7, 0xCC, 0x75, 0xE5, 0xF3, 0x19, 0x8F, 0xFF, 0x11, 0x83, 0x18, 0x61, 0x80, 0x00},
    /* U+5F0B */ {0x04, 0xC0, 0x44, 0x07, 0xE7, 0xFE, 0x06, 0x00, 0x20, 0x02, 0x00, 0x30, 0x01, 0x30, 0x1B, 0x00, 0xE0, 0x00},
    /* U+5F0F */ {0x01, 0x6F, 0xFF, 0x01, 0x00, 0x10, 0x7F, 0x01, 0x10, 0x11, 0x81, 0x18, 0x1E, 0xB7, 0xCF, 0x40, 0x60, 0x00},
    /* U+5F11 */ {0x78, 0xE3, 0x0C, 0x7F, 0xFC, 0x0C, 0x37, 0xCF, 0xAC, 0x7A, 0x47, 0xA4, 0xFB, 0xD3, 0x77, 0x60, 0x60, 0x00},
    /* U+5F13 */ {0x7F, 0xC0, 0x04, 0x00, 0x43, 0xFC, 0x20, 0x02, 0x00, 0x7F, 0xE0, 0x06, 0x00, 0x60, 0x04, 0x03, 0xC0, 0x00},
    /* U+5F15 */ {0x7E, 0x60, 0x66, 0x06, 0x67, 0xE6, 0x60, 0x67, 0xE6, 0x06, 0x60, 0x66, 0x06, 0x60, 0x46, 0x1C, 0x60, 0x00},
    /* U+5F17 */ {0x09, 0x07, 0xFE, 0x09, 0x67, 0xFE, 0x69, 0x04, 0x90, 0x7F, 0xE1, 0x92, 0x19, 0x23, 0x1E, 0x61, 0x00, 0x00},
    /* U+5F18 */ {0x79, 0x80, 0x98, 0x09, 0x07, 0x90, 0x43, 0x04, 0x34, 0x7A, 0x40, 0xA6, 0x1E, 0x61, 0xFE, 0x70, 0x20, 0x00},
    /* U+5F1B */ {0xF5, 0x81, 0x5E, 0x77, 0xE4, 0x7A, 0x4D, 0xA7, 0x5A, 0x15, 0xA1, 0x5E, 0x14, 0x11, 0x63, 0x77, 0xE0, 0x00},
    /* U+5F1F */ {0x19, 0x87, 0xFE, 0x06, 0x60, 0x66, 0x3F, 0xE2, 0x60, 0x7F, 0xE0, 0xE2, 0x1E, 0x27, 0x6E, 0x46, 0x00, 0x00},
    /* U+5F20 */ {0x1A, 0x61, 0xAC, 0x7B, 0x84, 0x20, 0x4F, 0xF4, 0x28, 0x7A, 0x81, 0xAC, 0x12, 0x41, 0x3A, 0x76, 0x20, 0x00},
    /* U+5F25 */ {0x17, 0xF1, 0x5A, 0x75, 0xA4, 0xD8, 0x43, 0xE7, 0x7A, 0x15, 0xA1, 0x5A, 0x15, 0xA1, 0x18, 0x73, 0x80, 0x00},
    /* U+5F26 */ {0x11, 0x81, 0xFF, 0x11, 0x07, 0x30, 0x42, 0x47, 0x7C, 0x11, 0x81, 0x34, 0x12, 0x61, 0x7E, 0x74, 0x20, 0x00},
    /* U+5F27 */ {0xF7, 0xE1, 0x54, 0x75, 0x44, 0x56, 0x45, 0x67, 0x56, 0x15, 0xA1, 0xDA, 0x1F, 0xE1, 0xBF, 0x7A, 0x50, 0x00},
    /* U+5F29 */ {0xFF, 0xE2, 0xD6, 0x79, 0xC3, 0xDC, 0xE2, 0x73, 0xFC, 0x3F, 0xC2, 0x00, 0x3F, 0xE0, 0x06, 0x03, 0xC0, 0x00},
    /* U+5F2A */ {0xF7, 0xE1, 0x0C, 0x71, 0x84, 0x7E, 0x4E, 0x37, 0x00, 0x17, 0xE1, 0x18, 0x11, 0x81, 0x18, 0x7F, 0xF0, 0x00},
    /* U+5F2D */ {0x1F, 0xF1, 0x66, 0x77, 0xE4, 0x66, 0x46, 0x67, 0x7E, 0x16, 0x61, 0x7F, 0x1F, 0xE1, 0x06, 0x70, 0x60, 0x00},
    /* U+5F2F */ {0x7F, 0xE0, 0x90, 0x29, 0x46, 0x92, 0x3F, 0xC0, 0x04, 0x3F, 0xC2, 0x00, 0x3F, 0xE0, 0x06, 0x03, 0xC0, 0x00},
    /* U+5F31 */ {0x0C, 0x20, 0xC2, 0x7F, 0xE4, 0x30, 0x7F, 0xE4, 0xD2, 0x7D, 0xA1, 0xCE, 0x7F, 0xE4, 0xB2, 0x39, 0xE0, 0x00},
    /* U+5F39 */ {0xF2, 0x41, 0x2C, 0x77, 0xE4, 0x5A, 0x47, 0xE7, 0x5A, 0x17, 0xE1, 0x18, 0x1F, 0xF1, 0x18, 0x71, 0x80, 0x00},
    /* U+5F3A */ {0xFF, 0xE1, 0xC6, 0x7F, 0xE4, 0x18, 0x47, 0xEF, 0x5A, 0x7D, 0xA1, 0x7E, 0x11, 0xE1, 0x1E, 0x7F, 0x30, 0x00},
    /* U+5F3C */ {0xFF, 0xE3, 0x42, 0x3F, 0x27, 0x9E, 0xC9, 0x8F, 0x9F, 0x1F, 0x31, 0x93, 0x3F, 0x23, 0x92, 0x60, 0xE0, 0x00},
    /* U+5F40 */ {0xFD, 0x67, 0xD6, 0x03, 0x6F, 0xE7, 0x7C, 0x07, 0xBE, 0x0D, 0x67, 0x9C, 0x7C, 0xC0, 0xFE, 0x1E, 0x30, 0x00},
    /* U+5F50 */ {0x7F, 0xC0, 0x04, 0x00, 0x40, 0x04, 0x3F, 0xC0, 0x04, 0x00, 0x40, 0x04, 0x00, 0x47, 0xFC, 0x00, 0x40, 0x00},
    /* U+5F52 */ {0x5F, 0xE5, 0x82, 0x58, 0x25, 0x82, 0x5B, 0xE5, 0x82, 0x50, 0x21, 0x02, 0x30, 0x23, 0x7E, 0x60, 0x20, 0x00},
    /* U+5F53 */ {0x66, 0x63, 0x64, 0x36, 0xC0, 0x60, 0x7F, 0xE0, 0x06, 0x3F, 0xE0, 0x06, 0x00, 0x67, 0xFE, 0x00, 0x60, 0x00},
    /* U+5F55 */ {0x7F, 0xC0, 0x04, 0x3F, 0xC0, 0x0C, 0x7F, 0xE2, 0x64, 0x37, 0xC1, 0xF8, 0x3E, 0x86, 0x66, 0x0E, 0x20, 0x00},
    /* U+5F56 */ {0x1F, 0xC1, 0x08, 0x3F, 0x8F, 0xFF, 0x1C, 0x07, 0x6C, 0x1F, 0x87, 0x7C, 0x1E, 0x67, 0x23, 0x0E, 0x00, 0x00},
    /* U+5F57 */ {0x7F, 0xE1, 0x08, 0x7B, 0xE7, 0xFE, 0x10, 0x81, 0x08, 0x3F, 0xC0, 0x04, 0x3F, 0xC0, 0x04, 0x7F, 0xC0, 0x00},
    /* U+5F58 */ {0x1F, 0x83, 0xF8, 0x00, 0x8F, 0xFF, 0x44, 0x86, 0xFA, 0x7E, 0xE6, 0xF8, 0x66, 0x87, 0x7B, 0x68, 0xE0, 0x00},
    /* U+5F5D */ {0x10, 0x81, 0xF8, 0xFF, 0xF7, 0x9C, 0x7F, 0xC3, 0xBE, 0x5A, 0xE1, 0x08, 0xFF, 0xF3, 0x08, 0x60, 0x80, 0x00},
    /* U+5F61 */ {0x01, 0x80, 0x70, 0x3C, 0x00, 0x08, 0x03, 0x01, 0xE0, 0x18, 0x40, 0x1C, 0x07, 0x03, 0xE0, 0x30, 0x00, 0x00},
    /* U+5F62 */ {0xFE, 0x62, 0x5C, 0x25, 0x02, 0x42, 0xFE, 0x42, 0x58, 0x24, 0x26, 0x42, 0x64, 0x44, 0x58, 0xC7, 0x00, 0x00},
    /* U+5F64 */ {0x7E, 0x66, 0x6C, 0x77, 0x87, 0xE2, 0x6E, 0x6F, 0xFC, 0x67, 0x06, 0x62, 0x46, 0x64, 0x6C, 0xCF, 0x00, 0x00},
    /* U+5F66 */ {0x7F, 0xE1, 0x08, 0x19, 0x87, 0xFF, 0x61, 0x87, 0xE0, 0x61, 0xC4, 0xF2, 0x48, 0xE4, 0x78, 0xDE, 0x00, 0x00},
    /* U+5F69 */ {0x7C, 0x65, 0x3C, 0x5F, 0x02, 0x42, 0x18, 0xCF, 0xF8, 0x3C, 0x03, 0xC2, 0x7A, 0x6D, 0x9C, 0x19, 0x00, 0x00},
    /* U+5F6A */ {0x1E, 0xC7, 0xF8, 0x52, 0x27, 0xC4, 0x7B, 0x85, 0xE2, 0x40, 0x65, 0xCC, 0x55, 0x8F, 0x43, 0xA7, 0xE0, 0x00},
    /* U+5F6C */ {0x26, 0x62, 0x6C, 0xFF, 0x82, 0x62, 0x76, 0x67, 0xFC, 0x6F, 0xAE, 0xE2, 0x26, 0x62, 0x6C, 0x27, 0x80, 0x00},
    /* U+5F6D */ {0xFE, 0x61, 0x8C, 0x7F, 0x00, 0x02, 0x7E, 0x44, 0x78, 0x7E, 0x02, 0x42, 0x2C, 0x67, 0xFC, 0x71, 0x00, 0x00},
    /* U+5F70 */ {0x7E, 0x62, 0x4C, 0xFF, 0x07, 0xE6, 0x46, 0xC7, 0xF8, 0x7E, 0x21, 0x82, 0x7E, 0x41, 0x9C, 0x19, 0x00, 0x00},
    /* U+5F71 */ {0x42, 0x47, 0xEC, 0x7F, 0x01, 0x82, 0x7E, 0x67, 0xFC, 0x47, 0x07, 0xE2, 0x7C, 0x65, 0xFC, 0x31, 0x00, 0x00},
    /* U+5F73 */ {0x03, 0x00, 0x60, 0x1C, 0x01, 0x18, 0x03, 0x00, 0xE0, 0x1E, 0x01, 0x60, 0x06, 0x00, 0x60, 0x06, 0x00, 0x00},
    /* U+5F77 */ {0x21, 0x8C, 0xFF, 0x12, 0x03, 0x20, 0x63, 0xEE, 0x22, 0x22, 0x22, 0x66, 0x24, 0x62, 0xC6, 0x39, 0xC0, 0x00},
    /* U+5F79 */ {0x64, 0xCC, 0x4C, 0x14, 0xC3, 0xC7, 0x68, 0x0E, 0xFE, 0x24, 0x42, 0x6C, 0x23, 0x82, 0x7C, 0x3C, 0x60, 0x00},
    /* U+5F7B */ {0x6D, 0xEC, 0xCA, 0x3E, 0xA3, 0xCA, 0x6C, 0xAE, 0xCA, 0x2F, 0xA2, 0xF2, 0x29, 0x22, 0x22, 0x24, 0xE0, 0x00},
    /* U+5F7C */ {0x21, 0x04, 0xFE, 0x3D, 0x22, 0xD2, 0x6F, 0xEE, 0xE6, 0x2A, 0x42, 0xBC, 0x29, 0x83, 0xBE, 0x36, 0x60, 0x00},
    /* U+5F80 */ {0x61, 0x0C, 0xFE, 0x31, 0x02, 0x10, 0x61, 0x0E, 0xFE, 0x21, 0x02, 0x10, 0x21, 0x02, 0x10, 0x2F, 0xF0, 0x00},
    /* U+5F81 */ {0x2F, 0xE4, 0x18, 0x11, 0x83, 0x58, 0x65, 0x8E, 0x5E, 0x25, 0x82, 0x58, 0x25, 0x82, 0x58, 0x2F, 0xF0, 0x00},
    /* U+5F82 */ {0x27, 0xE6, 0x46, 0x14, 0x63, 0x7E, 0x64, 0x6E, 0x46, 0x27, 0xE2, 0x46, 0x24, 0x62, 0x46, 0x2F, 0xF0, 0x00},
    /* U+5F84 */ {0x3F, 0xE6, 0x0C, 0x51, 0x83, 0x3C, 0x6E, 0x6E, 0x80, 0x2F, 0xE2, 0x10, 0x21, 0x02, 0x10, 0x2F, 0xF0, 0x00},
    /* U+5F85 */ {0x21, 0x06, 0xFE, 0x11, 0x03, 0xFF, 0x60, 0x4E, 0x04, 0xAF, 0xF2, 0x44, 0x26, 0x42, 0x24, 0x21, 0xC0, 0x00},
    /* U+5F87 */ {0x24, 0x04, 0xFE, 0x38, 0x23, 0xFA, 0x64, 0xAE, 0x7A, 0x24, 0xA2, 0x7A, 0x24, 0x22, 0x06, 0x21, 0xC0, 0x00},
    /* U+5F88 */ {0x37, 0xE6, 0x46, 0x17, 0xE2, 0x46, 0x67, 0xEE, 0x52, 0x25, 0xE2, 0x4C, 0x24, 0xC2, 0xF6, 0x2E, 0x20, 0x00},
    /* U+5F89 */ {0x62, 0x44, 0xFE, 0x31, 0x82, 0x18, 0x67, 0xEE, 0x18, 0x21, 0x82, 0xFF, 0x21, 0x82, 0x18, 0x21, 0x80, 0x00},
    /* U+5F8A */ {0x2F, 0xE4, 0x82, 0x3B, 0xA6, 0xAA, 0xEA, 0xAA, 0xAA, 0x2B, 0xA2, 0x82, 0x28, 0x22, 0xFE, 0x28, 0x20, 0x00},
    /* U+5F8B */ {0x6F, 0xEC, 0x12, 0x3F, 0xF2, 0x12, 0x6F, 0xEE, 0x10, 0x2F, 0xE2, 0x10, 0x2F, 0xF2, 0x10, 0x21, 0x00, 0x00},
    /* U+5F8C */ {0x22, 0x44, 0x4C, 0x1F, 0xC2, 0x66, 0x6F, 0xEE, 0x22, 0x27, 0xC2, 0xEC, 0x23, 0x82, 0x7C, 0x3C, 0x70, 0x00},
    /* U+5F90 */ {0x63, 0x8C, 0x6C, 0x3C, 0x62, 0xFE, 0xE1, 0x0A, 0xFE, 0x21, 0x02, 0x54, 0x2D, 0x22, 0x92, 0x23, 0x00, 0x00},
    /* U+5F92 */ {0x21, 0x04, 0xFE, 0x31, 0x02, 0xFF, 0x61, 0x0E, 0x50, 0x2D, 0xE2, 0xD0, 0x2D, 0x02, 0xB8, 0x39, 0xF0, 0x00},
    /* U+5F95 */ {0x61, 0x04, 0xFE, 0xB9, 0x42, 0x54, 0x65, 0x4F, 0xFE, 0x23, 0x82, 0x7C, 0x2D, 0x63, 0x93, 0x21, 0x00, 0x00},
    /* U+5F97 */ {0x24, 0x24, 0x7E, 0x34, 0x22, 0x7E, 0x6F, 0xEE, 0x0C, 0x2F, 0xF2, 0x4C, 0x26, 0xC2, 0x2C, 0x21, 0xC0, 0x00},
    /* U+5F98 */ {0x62, 0x8C, 0xEF, 0x32, 0x82, 0x28, 0x6E, 0xEE, 0x28, 0x22, 0x82, 0xEF, 0x22, 0x82, 0x28, 0x22, 0x80, 0x00},
    /* U+5F99 */ {0x25, 0x84, 0x5E, 0x35, 0x83, 0xFF, 0x61, 0x8E, 0x58, 0x2D, 0xE2, 0xD8, 0x2F, 0x82, 0xB8, 0x39, 0xF0, 0x00},
    /* U+5F9C */ {0x6D, 0x2C, 0x54, 0x31, 0x02, 0xFE, 0x68, 0x2E, 0xBA, 0x2A, 0xA2, 0xAA, 0x2B, 0xA2, 0xA2, 0x28, 0xE0, 0x00},
    /* U+5FA1 */ {0x6F, 0xFD, 0xEB, 0x36, 0xB7, 0xFB, 0x66, 0xBE, 0xEB, 0x2F, 0xB2, 0xEB, 0x2F, 0xE3, 0xF8, 0x30, 0x80, 0x00},
    /* U+5FA8 */ {0x2F, 0xE6, 0xC2, 0x5F, 0xE3, 0xC2, 0x6F, 0xEE, 0x00, 0x2F, 0xE2, 0x10, 0x2F, 0xE2, 0x10, 0x3F, 0xF0, 0x00},
    /* U+5FAA */ {0x6F, 0x84, 0x98, 0x3F, 0xF2, 0x98, 0x6B, 0xEE, 0xE2, 0x2F, 0xE2, 0xE2, 0x2F, 0xE3, 0xFE, 0x3E, 0x20, 0x00},
    /* U+5FAD */ {0x6F, 0xAC, 0xD6, 0x35, 0x42, 0x7E, 0x69, 0x0E, 0x90, 0x3F, 0xF2, 0x92, 0x29, 0x22, 0xFE, 0x20, 0x20, 0x00},
    /* U+5FAE */ {0x77, 0x8D, 0x78, 0x3F, 0xF6, 0x1A, 0xFF, 0xAE, 0x0E, 0x2E, 0xE2, 0xA4, 0x2B, 0xC3, 0xBA, 0x31, 0x30, 0x00},
    /* U+5FB5 */ {0x77, 0x8D, 0x7F, 0x3F, 0xA6, 0x1A, 0x7F, 0xAF, 0xFE, 0x24, 0xE2, 0xE4, 0x24, 0xC3, 0xFA, 0x21, 0x30, 0x00},
    /* U+5FB7 */ {0x6F, 0xF4, 0x10, 0x9F, 0xE2, 0xAA, 0x6F, 0xEE, 0x00, 0x2F, 0xF2, 0x10, 0x2F, 0x23, 0xE7, 0x23, 0xC0, 0x00},
    /* U+5FBC */ {0x6E, 0x84, 0xA8, 0x3F, 0xF3, 0xFA, 0x65, 0xA7, 0xFE, 0x28, 0x42, 0xE4, 0x2A, 0xE3, 0xAA, 0x37, 0x30, 0x00},
    /* U+5FBD */ {0x75, 0xCF, 0x5F, 0x3F, 0xA7, 0xFA, 0xED, 0xEF, 0xEE, 0x6F, 0x47, 0xF4, 0x77, 0xE7, 0x7A, 0x6D, 0x30, 0x00},
    /* U+5FC3 */ {0x0C, 0x00, 0x60, 0x03, 0x01, 0x84, 0x78, 0x65, 0x82, 0x58, 0x25, 0x8B, 0xD8, 0xF1, 0x88, 0x0F, 0x80, 0x00},
    /* U+5FC4 */ {0x10, 0x01, 0x00, 0x5C, 0x05, 0x40, 0x50, 0x05, 0x00, 0x10, 0x01, 0x00, 0x10, 0x01, 0x00, 0x10, 0x00, 0x00},
    /* U+5FC5 */ {0x0C, 0x40, 0x2C, 0x08, 0x87, 0x9C, 0x7B, 0x45, 0xE6, 0xDC, 0x2D, 0x83, 0x38, 0xCF, 0x8C, 0x0F, 0x80, 0x00},
    /* U+5FC6 */ {0x2F, 0xE7, 0x04, 0x78, 0xCE, 0x98, 0xA1, 0x02, 0x20, 0x26, 0x02, 0x42, 0x2C, 0x32, 0xC2, 0x27, 0xE0, 0x00},
    /* U+5FC9 */ {0x2F, 0xE3, 0x32, 0x7B, 0x26, 0xB2, 0xE3, 0x22, 0x22, 0x22, 0x22, 0x62, 0x24, 0x22, 0xC6, 0x39, 0xC0, 0x00},
    /* U+5FCC */ {0x00, 0x40, 0x04, 0x3F, 0xC2, 0x02, 0x20, 0x23, 0xFE, 0x04, 0x07, 0x64, 0x52, 0x65, 0x0A, 0x5F, 0x80, 0x00},
    /* U+5FCD */ {0x7F, 0xE0, 0x66, 0x24, 0x66, 0xC4, 0x18, 0x47, 0x1C, 0x04, 0x47, 0x26, 0x52, 0x65, 0x0A, 0x1F, 0x80, 0x00},
    /* U+5FCF */ {0x27, 0xC7, 0x18, 0x79, 0x8E, 0x98, 0xAF, 0xF2, 0x18, 0x21, 0x82, 0x18, 0x21, 0x82, 0x18, 0x21, 0x80, 0x00},
    /* U+5FD0 */ {0x04, 0x00, 0x7E, 0x04, 0x00, 0x40, 0x7F, 0xE0, 0x40, 0x16, 0x07, 0xB4, 0x58, 0x6D, 0x8B, 0x0F, 0x80, 0x00},
    /* U+5FD1 */ {0x7F, 0xE0, 0x60, 0x07, 0x80, 0x6C, 0x06, 0x00, 0x40, 0x36, 0x47, 0x26, 0x70, 0xE5, 0x0A, 0x1F, 0x80, 0x00},
    /* U+5FD2 */ {0x01, 0x6F, 0xFF, 0x01, 0x01, 0x18, 0x19, 0x86, 0xD8, 0x63, 0x86, 0x28, 0xE7, 0x92, 0x5F, 0x3C, 0x60, 0x00},
    /* U+5FD6 */ {0x20, 0xC3, 0x0C, 0x7F, 0xFE, 0x8C, 0xA2, 0xC2, 0x2C, 0x23, 0xC2, 0x1C, 0x20, 0xC2, 0x0C, 0x21, 0xC0, 0x00},
    /* U+5FD7 */ {0x06, 0x0F, 0xFF, 0x06, 0x00, 0x60, 0x7F, 0xE0, 0x40, 0x16, 0x47, 0x34, 0x50, 0xE5, 0x0A, 0x1F, 0x80, 0x00},
    /* U+5FD8 */ {0x7F, 0xE2, 0x00, 0x20, 0x02, 0x00, 0x3F, 0xE0, 0x40, 0x06, 0x07, 0x26, 0x50, 0x2D, 0x8F, 0x1F, 0x80, 0x00},
    /* U+5FD9 */ {0x21, 0x83, 0x08, 0x7F, 0xFF, 0xE0, 0xA6, 0x02, 0x60, 0x26, 0x02, 0x60, 0x26, 0x02, 0x7E, 0x20, 0x00, 0x00},
    /* U+5FDD */ {0x7F, 0xE0, 0xC0, 0xFF, 0xF1, 0x98, 0x34, 0xC6, 0x46, 0xD6, 0xE3, 0x74, 0x25, 0x60, 0x52, 0x1C, 0x00, 0x00},
    /* U+5FE0 */ {0x06, 0x07, 0xFE, 0x66, 0x66, 0x66, 0x7F, 0xE0, 0x60, 0x06, 0x07, 0xB4, 0x58, 0xED, 0x8A, 0x0F, 0x80, 0x00},
    /* U+5FE1 */ {0x21, 0x02, 0x10, 0x7F, 0xEF, 0xD2, 0xED, 0x22, 0xD2, 0x2F, 0xE2, 0xD2, 0x21, 0x02, 0x10, 0x21, 0x00, 0x00},
    /* U+5FE4 */ {0x26, 0x07, 0x7E, 0x7D, 0x86, 0x98, 0xE1, 0x82, 0xFF, 0x21, 0x82, 0x18, 0x21, 0x82, 0x18, 0x21, 0x80, 0x00},
    /* U+5FE7 */ {0x23, 0x43, 0x32, 0x7F, 0xFF, 0xA0, 0xA3, 0x82, 0x38, 0x23, 0x82, 0x78, 0x25, 0xA2, 0xDB, 0x28, 0xE0, 0x00},
    /* U+5FEA */ {0x22, 0xC2, 0x24, 0x76, 0x47, 0xC6, 0xED, 0x3A, 0x30, 0x23, 0x02, 0x24, 0x26, 0x62, 0x7E, 0x24, 0x20, 0x00},
    /* U+5FEB */ {0x21, 0x03, 0xFE, 0x71, 0x6F, 0x96, 0xA1, 0x62, 0xFF, 0x23, 0x82, 0x28, 0x26, 0xC2, 0xC6, 0x28, 0x30, 0x00},
    /* U+5FED */ {0x21, 0x87, 0xFE, 0x79, 0x0E, 0x18, 0xA1, 0xC2, 0x1E, 0x21, 0x32, 0x10, 0x21, 0x02, 0x10, 0x21, 0x00, 0x00},
    /* U+5FEE */ {0x21, 0x03, 0xFE, 0x71, 0x0E, 0x90, 0xAF, 0xE2, 0x64, 0x22, 0xC2, 0x38, 0x23, 0x82, 0x7E, 0x2C, 0x70, 0x00},
    /* U+5FF1 */ {0x21, 0x87, 0xFE, 0x7D, 0xBE, 0xDB, 0xA1, 0x82, 0x18, 0x23, 0x82, 0x38, 0x23, 0xB2, 0x7B, 0x2C, 0xE0, 0x00},
    /* U+5FF5 */ {0x0F, 0x01, 0x98, 0x76, 0xEC, 0x22, 0x3F, 0xC0, 0x18, 0x0D, 0x07, 0x64, 0x52, 0x65, 0x0A, 0x1F, 0x80, 0x00},
    /* U+5FF8 */ {0x2F, 0xE3, 0x36, 0x73, 0x6E, 0xB6, 0xAF, 0xE2, 0x26, 0x22, 0x62, 0x24, 0x22, 0x42, 0x24, 0x2F, 0xF0, 0x00},
    /* U+5FFB */ {0x27, 0x87, 0x40, 0x7C, 0x0E, 0xFF, 0xA4, 0xC2, 0x4C, 0x24, 0xC2, 0xCC, 0x2C, 0xC2, 0x8C, 0x28, 0xC0, 0x00},
    /* U+5FFD */ {0x3F, 0xE6, 0xD6, 0x4B, 0x61, 0x26, 0x26, 0x40, 0xDC, 0x16, 0x05, 0x26, 0x52, 0xAD, 0x0A, 0x1F, 0x80, 0x00},
    /* U+5FFE */ {0x27, 0xF7, 0xC0, 0x7F, 0xEF, 0x00, 0xAF, 0xC2, 0x04, 0x20, 0x42, 0x04, 0x20, 0x42, 0x07, 0x20, 0x30, 0x00},
    /* U+5FFF */ {0x11, 0x83, 0x0C, 0x7F, 0xF0, 0xC8, 0x08, 0x81, 0x88, 0x73, 0x80, 0x64, 0x7A, 0x65, 0x8A, 0x4F, 0x80, 0x00},
    /* U+6000 */ {0x2F, 0xF3, 0x18, 0x7B, 0x0E, 0xB8, 0xA7, 0xC2, 0xD6, 0x29, 0x22, 0x10, 0x21, 0x02, 0x10, 0x21, 0x00, 0x00},
    /* U+6001 */ {0x06, 0x0F, 0xFF, 0x07, 0x00, 0xD0, 0x1D, 0x87, 0x6E, 0x44, 0x27, 0x64, 0x73, 0x65, 0x0E, 0x5F, 0xA0, 0x00},
    /* U+6002 */ {0x11, 0x81, 0x18, 0x39, 0x83, 0xFC, 0x66, 0x64, 0x42, 0x04, 0x07, 0x64, 0x73, 0x65, 0x0E, 0x5F, 0x80, 0x00},
    /* U+6003 */ {0x2F, 0xE3, 0x10, 0x71, 0x0E, 0x10, 0xEF, 0xF2, 0x38, 0x23, 0x82, 0x28, 0x26, 0x82, 0xCB, 0x38, 0xE0, 0x00},
    /* U+6004 */ {0x2F, 0xE3, 0xC0, 0x7E, 0x4F, 0xD4, 0xED, 0xC2, 0xC8, 0x2D, 0xC2, 0xF6, 0x2E, 0x22, 0xC0, 0x2F, 0xF0, 0x00},
    /* U+6005 */ {0x26, 0x67, 0x6C, 0x7F, 0x8E, 0xF0, 0xAF, 0xF2, 0x68, 0x26, 0x82, 0x6C, 0x26, 0xC2, 0x7E, 0x26, 0x20, 0x00},
    /* U+6006 */ {0x21, 0x83, 0x3C, 0x7E, 0x4E, 0xC6, 0xEF, 0xF2, 0x64, 0x26, 0x42, 0x7C, 0x26, 0x22, 0x62, 0x23, 0xE0, 0x00},
    /* U+600A */ {0x2F, 0xE3, 0x32, 0x72, 0x2F, 0xE6, 0xEC, 0xE2, 0x00, 0x27, 0xE2, 0x42, 0x24, 0x22, 0x7E, 0x24, 0x20, 0x00},
    /* U+600D */ {0x26, 0x03, 0x7F, 0x75, 0x0F, 0xD0, 0xE9, 0xE2, 0x10, 0x21, 0x02, 0x1E, 0x21, 0x02, 0x10, 0x21, 0x00, 0x00},
    /* U+600E */ {0x3F, 0xE2, 0x40, 0x67, 0xE4, 0x40, 0x07, 0xE0, 0x40, 0x04, 0x07, 0x24, 0x70, 0x65, 0x0E, 0x5F, 0xA0, 0x00},
    /* U+600F */ {0x21, 0x07, 0x7E, 0x75, 0x2F, 0xD2, 0xA5, 0x22, 0xFF, 0x21, 0x82, 0x38, 0x22, 0xC2, 0xC6, 0x38, 0x30, 0x00},
    /* U+6012 */ {0xFF, 0xE2, 0xF6, 0x69, 0x43, 0x9C, 0x39, 0xC6, 0x36, 0x04, 0x03, 0xE4, 0x78, 0xE5, 0x8A, 0x4F, 0x80, 0x00},
    /* U+6014 */ {0x2F, 0xF7, 0x18, 0x79, 0x8E, 0x58, 0xA5, 0xE2, 0x58, 0x25, 0x82, 0x58, 0x25, 0x82, 0x58, 0x2F, 0xF0, 0x00},
    /* U+6015 */ {0x21, 0x87, 0x7E, 0x7C, 0x2E, 0xC2, 0xE4, 0x22, 0x7E, 0x24, 0x22, 0x42, 0x24, 0x22, 0x7E, 0x24, 0x20, 0x00},
    /* U+6016 */ {0x23, 0x07, 0xFF, 0x76, 0x0F, 0xD8, 0xEF, 0xE3, 0xDA, 0x25, 0xA2, 0x5A, 0x25, 0xE2, 0x18, 0x21, 0x80, 0x00},
    /* U+6019 */ {0x21, 0x03, 0x10, 0x7F, 0xFF, 0x90, 0xA1, 0x02, 0x7E, 0x24, 0x22, 0x42, 0x24, 0x22, 0x7E, 0x24, 0x20, 0x00},
    /* U+601B */ {0x27, 0xE7, 0x46, 0x7C, 0x6E, 0x7E, 0xA4, 0x62, 0x46, 0x24, 0x62, 0x7E, 0x20, 0x02, 0xFF, 0x20, 0x00, 0x00},
    /* U+601C */ {0x23, 0x87, 0x28, 0x7E, 0x4E, 0xD6, 0xE9, 0x22, 0x7C, 0x20, 0x42, 0x08, 0x23, 0x82, 0x18, 0x20, 0x80, 0x00},
    /* U+601D */ {0x7F, 0xC6, 0x64, 0x7F, 0xC6, 0x64, 0x66, 0x43, 0xFC, 0x04, 0x07, 0xB4, 0x78, 0xE5, 0x8A, 0x0F, 0x80, 0x00},
    /* U+6020 */ {0x19, 0x83, 0xFC, 0x38, 0x63, 0xFC, 0x20, 0x43, 0xFC, 0x00, 0x01, 0x64, 0x72, 0x65, 0x0A, 0x5F, 0x80, 0x00},
    /* U+6021 */ {0x23, 0x03, 0x24, 0x7E, 0x6F, 0xFE, 0xEF, 0xF2, 0x00, 0x27, 0xE2, 0x46, 0x24, 0x62, 0x7E, 0x24, 0x60, 0x00},
    /* U+6025 */ {0x1F, 0x06, 0x30, 0x7F, 0xC0, 0x04, 0x3F, 0xC0, 0x04, 0x3F, 0xC1, 0x64, 0x72, 0x65, 0x0A, 0x1F, 0x80, 0x00},
    /* U+6026 */ {0x2F, 0xE7, 0x52, 0x75, 0x6F, 0x54, 0xA5, 0x42, 0xFF, 0x21, 0x02, 0x10, 0x21, 0x02, 0x10, 0x21, 0x00, 0x00},
    /* U+6027 */ {0x25, 0x83, 0x58, 0x7F, 0xEE, 0xD8, 0xA9, 0x82, 0x7E, 0x21, 0x82, 0x18, 0x21, 0x82, 0x18, 0x2F, 0xF0, 0x00},
    /* U+6028 */ {0x3F, 0xE6, 0x76, 0x4F, 0x6F, 0xBE, 0x1B, 0x33, 0x3E, 0x46, 0x03, 0xA4, 0x78, 0xE5, 0x8A, 0x0F, 0x80, 0x00},
    /* U+6029 */ {0x2F, 0xE7, 0xC2, 0x7F, 0xEE, 0xC0, 0xAE, 0x22, 0xEE, 0x2F, 0x82, 0xF0, 0x2A, 0x32, 0xB3, 0x2B, 0xE0, 0x00},
    /* U+602A */ {0x27, 0xE3, 0x24, 0x73, 0xC6, 0xBC, 0xAE, 0x72, 0x18, 0x21, 0x82, 0xFE, 0x21, 0x82, 0x18, 0x2F, 0xF0, 0x00},
    /* U+602B */ {0x22, 0x83, 0xFE, 0x72, 0xAE, 0xFE, 0xAA, 0x82, 0xA8, 0x2F, 0xF2, 0x6A, 0x26, 0xA2, 0xCE, 0x28, 0x80, 0x00},
    /* U+602F */ {0x21, 0x87, 0x7E, 0x79, 0x8E, 0x98, 0xAF, 0xF2, 0x10, 0x23, 0x02, 0x24, 0x24, 0x62, 0xFE, 0x24, 0x20, 0x00},
    /* U+6035 */ {0x21, 0x67, 0x12, 0x7F, 0xFF, 0x38, 0xA3, 0x82, 0x3C, 0x27, 0x42, 0x56, 0x2D, 0x32, 0x90, 0x21, 0x00, 0x00},
    /* U+603B */ {0x19, 0x80, 0x90, 0x3F, 0xC2, 0x04, 0x20, 0x43, 0xFC, 0x06, 0x07, 0xB6, 0x59, 0x2D, 0x8F, 0x0F, 0x80, 0x00},
    /* U+603C */ {0x7C, 0x40, 0xFF, 0x68, 0x43, 0xB4, 0x39, 0x47, 0xC4, 0x44, 0xC3, 0x64, 0x72, 0x65, 0x0A, 0x1F, 0x80, 0x00},
    /* U+603F */ {0x2F, 0xE3, 0x64, 0x73, 0x8F, 0x3C, 0xEE, 0xE2, 0x10, 0x2F, 0xE2, 0x10, 0x2F, 0xF2, 0x10, 0x21, 0x00, 0x00},
    /* U+6041 */ {0x3F, 0x06, 0x10, 0xFF, 0xF2, 0x10, 0x21, 0x02, 0xFE, 0x24, 0x03, 0xE4, 0x79, 0x65, 0x8A, 0x4F, 0x80, 0x00},
    /* U+6042 */ {0x26, 0x03, 0x7E, 0x7C, 0x2E, 0xFA, 0xA4, 0xA2, 0x7A, 0x24, 0xA2, 0x4A, 0x27, 0xA2, 0x46, 0x21, 0xE0, 0x00},
    /* U+6043 */ {0x21, 0x03, 0xFE, 0x71, 0x0E, 0xFF, 0xA0, 0x42, 0x04, 0x2F, 0xF2, 0x44, 0x22, 0x42, 0x24, 0x21, 0xC0, 0x00},
    /* U+604B */ {0x7F, 0xE0, 0x90, 0x39, 0xC2, 0x96, 0x69, 0x20, 0x90, 0x16, 0x47, 0x26, 0x52, 0xE5, 0x0A, 0x1F, 0x80, 0x00},
    /* U+604D */ {0x2D, 0x27, 0x56, 0x77, 0x4F, 0x10, 0xEF, 0xF2, 0x28, 0x22, 0x82, 0x68, 0x26, 0x92, 0xCB, 0x38, 0xE0, 0x00},
    /* U+6050 */ {0x7F, 0xC3, 0x64, 0x37, 0x43, 0xEC, 0x7C, 0x54, 0xC7, 0x1E, 0x07, 0xB4, 0x58, 0xA5, 0x8B, 0x0F, 0x80, 0x00},
    /* U+6052 */ {0x2F, 0xE3, 0x00, 0x7F, 0xEE, 0xC6, 0xE4, 0x62, 0x7E, 0x24, 0x62, 0x7E, 0x20, 0x02, 0xFF, 0x20, 0x00, 0x00},
    /* U+6055 */ {0x31, 0xEF, 0xF2, 0x6F, 0x26, 0xB2, 0x3B, 0x27, 0xDE, 0x44, 0x01, 0x64, 0x52, 0x65, 0x0A, 0x1F, 0x80, 0x00},
    /* U+6059 */ {0x19, 0x87, 0xFE, 0x06, 0x03, 0xFC, 0x06, 0x0F, 0xFF, 0x04, 0x03, 0xA4, 0x78, 0x65, 0x8A, 0x0F, 0x80, 0x00},
    /* U+605A */ {0x3F, 0xC0, 0x60, 0x7F, 0xE0, 0x60, 0x7F, 0xE0, 0x60, 0xFF, 0xE0, 0x64, 0x7A, 0x65, 0x8A, 0x4F, 0x80, 0x00},
    /* U+605D */ {0x7F, 0xE3, 0x1A, 0x79, 0x23, 0x12, 0x7F, 0x61, 0x6C, 0x04, 0x03, 0x64, 0x72, 0x65, 0x0A, 0x1F, 0x80, 0x00},
    /* U+6062 */ {0x22, 0x07, 0xFF, 0x76, 0x87, 0x4A, 0xE5, 0xA2, 0x7A, 0x2E, 0xE2, 0x9C, 0x39, 0x42, 0x36, 0x26, 0x20, 0x00},
    /* U+6063 */ {0x37, 0xE0, 0xD6, 0x0B, 0x43, 0x38, 0xE6, 0xC1, 0xC6, 0x04, 0x03, 0xB4, 0x78, 0x65, 0x8A, 0x0F, 0x80, 0x00},
    /* U+6064 */ {0x21, 0x07, 0xFE, 0x7E, 0xAF, 0xEA, 0xAE, 0xA2, 0xEA, 0x2E, 0xA2, 0xEA, 0x2E, 0xA2, 0xEA, 0x2F, 0xF0, 0x00},
    /* U+6067 */ {0x04, 0x07, 0xFE, 0x69, 0x66, 0x96, 0x69, 0x66, 0x9C, 0x16, 0x47, 0xA4, 0x78, 0xA5, 0x8A, 0x1F, 0x80, 0x00},
    /* U+6068 */ {0x27, 0xE7, 0x46, 0x7F, 0xEE, 0xC6, 0xA7, 0xE2, 0x52, 0x25, 0xE2, 0x4C, 0x24, 0xC2, 0x76, 0x2E, 0x20, 0x00},
    /* U+6069 */ {0x20, 0x42, 0x64, 0x3F, 0xC2, 0x64, 0x39, 0xC3, 0xFC, 0x00, 0x03, 0xE4, 0x7B, 0xE5, 0x8A, 0x0F, 0x80, 0x00},
    /* U+606A */ {0x23, 0xE7, 0x64, 0x7B, 0xCE, 0x18, 0xA3, 0xC2, 0xE7, 0x2F, 0xE2, 0x46, 0x24, 0x62, 0x7E, 0x24, 0x60, 0x00},
    /* U+606B */ {0x2F, 0xE3, 0xC2, 0x7F, 0xEF, 0xC2, 0xAF, 0xE2, 0xEE, 0x2E, 0xE2, 0xFE, 0x2E, 0x22, 0xC2, 0x2C, 0x60, 0x00},
    /* U+606C */ {0x27, 0xC7, 0x18, 0x71, 0x8F, 0xFF, 0xA1, 0x82, 0x18, 0x27, 0xE2, 0x42, 0x24, 0x22, 0x7E, 0x24, 0x20, 0x00},
    /* U+606D */ {0x19, 0x87, 0xFE, 0x19, 0x8F, 0xFF, 0x10, 0x83, 0x4C, 0xF4, 0xB3, 0x7C, 0x25, 0x42, 0x54, 0x1C, 0x00, 0x00},
    /* U+606F */ {0x3F, 0xC2, 0x04, 0x3F, 0xC2, 0x04, 0x3F, 0xC2, 0x04, 0x3F, 0xC1, 0x64, 0x72, 0x65, 0x0A, 0x1F, 0x80, 0x00},
    /* U+6070 */ {0x23, 0x87, 0x2C, 0x7E, 0x66, 0xFF, 0xE0, 0x02, 0x00, 0x27, 0xE2, 0x46, 0x24, 0x62, 0x7E, 0x24, 0x60, 0x00},
    /* U+6073 */ {0x20, 0xC3, 0xFC, 0x20, 0xC3, 0xFE, 0x23, 0xC3, 0xFC, 0x3C, 0xE2, 0xE4, 0x7B, 0x65, 0x8A, 0x4F, 0xA0, 0x00},
    /* U+6076 */ {0x7F, 0xE0, 0x94, 0x29, 0x43, 0x9C, 0x09, 0x07, 0xFE, 0x04, 0x07, 0x64, 0x72, 0x65, 0x0A, 0x5F, 0x80, 0x00},
    /* U+6078 */ {0x2E, 0xC7, 0x0C, 0x71, 0xEE, 0x0A, 0xFF, 0xA2, 0xCA, 0x2A, 0xA2, 0xAA, 0x3F, 0xA2, 0x9A, 0x21, 0x60, 0x00},
    /* U+6079 */ {0x2F, 0xF3, 0xC8, 0x7C, 0xEE, 0xCA, 0xEF, 0xF2, 0xD8, 0x29, 0xC2, 0x94, 0x2B, 0x42, 0xA2, 0x36, 0x30, 0x00},
    /* U+607A */ {0x2D, 0x23, 0xD2, 0x7F, 0xEF, 0x80, 0xAF, 0xE2, 0x02, 0x20, 0x22, 0xFE, 0x2C, 0x02, 0xC3, 0x27, 0xE0, 0x00},
    /* U+607B */ {0x2F, 0x63, 0x96, 0x7F, 0x6F, 0xF6, 0xEF, 0x62, 0xF6, 0x2F, 0x62, 0xF6, 0x26, 0x22, 0xF2, 0x29, 0x60, 0x00},
    /* U+607C */ {0x21, 0x07, 0xFE, 0x70, 0x8F, 0xEA, 0xEF, 0xA2, 0x9A, 0x29, 0xA2, 0xEE, 0x2E, 0x22, 0xFE, 0x20, 0x20, 0x00},
    /* U+607D */ {0x2F, 0xE7, 0xB2, 0x7F, 0xEE, 0x60, 0xA5, 0x82, 0x7E, 0x21, 0x82, 0x18, 0x2F, 0xF2, 0x18, 0x21, 0x80, 0x00},
    /* U+607F */ {0x09, 0x80, 0xF0, 0x3F, 0xE3, 0xFE, 0x26, 0x63, 0xFE, 0x26, 0xC0, 0x60, 0x73, 0x65, 0x0E, 0x5F, 0x80, 0x00},
    /* U+6083 */ {0x2F, 0xE3, 0x92, 0x79, 0x2F, 0xFE, 0xA9, 0xA2, 0xBE, 0x2F, 0x62, 0xD2, 0x29, 0x22, 0xFE, 0x28, 0x20, 0x00},
    /* U+6084 */ {0x25, 0xA3, 0x7E, 0x71, 0x8E, 0xFE, 0xE4, 0x22, 0x7E, 0x24, 0x22, 0x7E, 0x24, 0x22, 0x42, 0x24, 0xE0, 0x00},
    /* U+6089 */ {0x7F, 0x81, 0x68, 0x7F, 0xE0, 0xF0, 0x36, 0xC6, 0x66, 0x4C, 0x03, 0xE4, 0x78, 0xE5, 0x8B, 0x0F, 0x80, 0x00},
    /* U+608C */ {0x26, 0xC7, 0xFE, 0x71, 0x2E, 0xFE, 0xA9, 0x02, 0x90, 0x2F, 0xE2, 0x32, 0x25, 0x23, 0x96, 0x21, 0x00, 0x00},
    /* U+608D */ {0x27, 0xE7, 0x7E, 0x7C, 0x2E, 0xFE, 0xE0, 0x02, 0xFE, 0x21, 0x82, 0xFF, 0x21, 0x82, 0x18, 0x21, 0x00, 0x00},
    /* U+6092 */ {0x24, 0x63, 0x46, 0x77, 0xEF, 0x80, 0xEF, 0xE2, 0xD2, 0x2F, 0xE2, 0xC0, 0x2C, 0x32, 0xC3, 0x27, 0xE0, 0x00},
    /* U+6094 */ {0x27, 0xF7, 0xC0, 0x78, 0x0F, 0x7E, 0xE5, 0xA2, 0xFF, 0x25, 0x62, 0xDE, 0x2F, 0xE2, 0x04, 0x21, 0xC0, 0x00},
    /* U+6096 */ {0x2F, 0xE7, 0x10, 0x7F, 0xFE, 0x83, 0xEF, 0xF2, 0x0C, 0x21, 0x82, 0xFF, 0x21, 0x02, 0x10, 0x23, 0x00, 0x00},
    /* U+609A */ {0x21, 0x02, 0xFE, 0x71, 0x0F, 0xFE, 0xAD, 0x22, 0xFE, 0x23, 0x82, 0x3C, 0x25, 0x62, 0x93, 0x21, 0x00, 0x00},
    /* U+609B */ {0x22, 0xC3, 0x7E, 0x7F, 0xEF, 0x6C, 0xEC, 0x62, 0xB2, 0x27, 0xE2, 0xEC, 0x23, 0x82, 0x7C, 0x2C, 0x70, 0x00},
    /* U+609D */ {0x2F, 0xE3, 0xD2, 0x7F, 0xEF, 0xD2, 0xED, 0x22, 0xFE, 0x21, 0x02, 0xFE, 0x21, 0x02, 0x10, 0x3F, 0xF0, 0x00},
    /* U+609F */ {0x23, 0x07, 0x30, 0x7F, 0xEE, 0x26, 0xAF, 0xF2, 0x00, 0x27, 0xE2, 0x42, 0x24, 0x22, 0x7E, 0x24, 0x20, 0x00},
    /* U+60A0 */ {0x3B, 0xF6, 0xF4, 0xEF, 0xC2, 0x9C, 0x29, 0xC2, 0xF6, 0x24, 0x23, 0x64, 0x73, 0x65, 0x8E, 0x5F, 0x80, 0x00},
    /* U+60A3 */ {0x3F, 0xC2, 0x64, 0x3F, 0xC7, 0xFE, 0x66, 0x67, 0xFE, 0x06, 0x00, 0x64, 0x7B, 0x65, 0x8A, 0x4F, 0x80, 0x00},
    /* U+60A6 */ {0x22, 0x43, 0x2C, 0x7F, 0xE6, 0xC2, 0xE4, 0x22, 0x7E, 0x22, 0x82, 0x28, 0x26, 0x82, 0x4B, 0x28, 0xE0, 0x00},
    /* U+60A8 */ {0x37, 0xE6, 0xD2, 0xED, 0xC2, 0x56, 0x2D, 0x22, 0x30, 0x24, 0x01, 0x64, 0x72, 0x65, 0x0E, 0x5F, 0x80, 0x00},
    /* U+60AB */ {0x7F, 0xE3, 0xFC, 0x00, 0x07, 0xFE, 0x5F, 0x21, 0x92, 0x75, 0xE1, 0x60, 0x72, 0xE5, 0x0A, 0x5F, 0x80, 0x00},
    /* U+60AC */ {0x30, 0xC3, 0xFC, 0x3F, 0xC3, 0x0C, 0x7F, 0xF1, 0x88, 0x7F, 0xC2, 0x66, 0x7A, 0x65, 0x8A, 0x0F, 0x80, 0x00},
    /* U+60AD */ {0x2B, 0xE7, 0xBA, 0x7A, 0xEF, 0xAC, 0xEB, 0xE2, 0xB3, 0x21, 0x02, 0xFE, 0x21, 0x02, 0x10, 0x2F, 0xF0, 0x00},
    /* U+60AF */ {0x2F, 0xE6, 0x52, 0x79, 0x2F, 0xFE, 0xEA, 0xA2, 0xBA, 0x29, 0xA2, 0xBA, 0x2E, 0xE2, 0x82, 0x28, 0xE0, 0x00},
    /* U+60B1 */ {0x22, 0xC7, 0xEF, 0x72, 0xCF, 0x2C, 0xAE, 0xE2, 0x2C, 0x22, 0xC2, 0xEF, 0x22, 0xC2, 0x2C, 0x22, 0xC0, 0x00},
    /* U+60B2 */ {0x79, 0xE0, 0x90, 0x79, 0xE0, 0x90, 0x79, 0xE0, 0x90, 0x04, 0x03, 0xA4, 0x7B, 0xE5, 0x8A, 0x0F, 0x80, 0x00},
    /* U+60B4 */ {0x21, 0x83, 0xFE, 0x76, 0x4F, 0xEC, 0xE6, 0xE2, 0x9A, 0x21, 0x02, 0xFF, 0x21, 0x02, 0x10, 0x21, 0x00, 0x00},
    /* U+60B8 */ {0x27, 0x87, 0xFF, 0xF3, 0xCF, 0xF6, 0xAD, 0x32, 0x7C, 0x21, 0x82, 0xFF, 0x21, 0x02, 0x10, 0x23, 0x00, 0x00},
    /* U+60BB */ {0x27, 0xE7, 0x10, 0x71, 0x06, 0xFF, 0xE6, 0x42, 0xFE, 0x21, 0x02, 0x10, 0x2F, 0xF2, 0x10, 0x21, 0x00, 0x00},
    /* U+60BC */ {0x21, 0xF7, 0x10, 0x7F, 0xEF, 0xC2, 0xAF, 0xE2, 0xC2, 0x2F, 0xE2, 0x10, 0x2F, 0xF2, 0x10, 0x21, 0x00, 0x00},
    /* U+60C5 */ {0x2F, 0xE7, 0xFE, 0x71, 0x0F, 0xFF, 0xE0, 0x02, 0xFE, 0x2F, 0xE2, 0xC6, 0x2F, 0xE2, 0xC6, 0x2C, 0xE0, 0x00},
    /* U+60C6 */ {0x2F, 0xE7, 0xD2, 0x7F, 0xEF, 0xD2, 0xAF, 0xE2, 0xC2, 0x2B, 0xE2, 0xAE, 0x2B, 0xE3, 0xA2, 0x30, 0xE0, 0x00},
    /* U+60CA */ {0x2F, 0xE7, 0x00, 0xFF, 0xEA, 0xC2, 0xA4, 0x22, 0x7E, 0x21, 0x82, 0x5E, 0x2D, 0xA2, 0x9A, 0x23, 0x00, 0x00},
    /* U+60CB */ {0x2F, 0xE7, 0x82, 0x74, 0x0F, 0xFE, 0xAF, 0xA2, 0xBA, 0x2E, 0xA2, 0x2E, 0x26, 0x82, 0xCB, 0x28, 0xE0, 0x00},
    /* U+60D1 */ {0x02, 0xC7, 0xFE, 0x7B, 0x46, 0xFC, 0x7D, 0x80, 0xDB, 0xFE, 0xE1, 0x64, 0x72, 0x65, 0x0A, 0x5F, 0xA0, 0x00},
    /* U+60D5 */ {0x27, 0xE7, 0x7E, 0x7C, 0x2E, 0xFE, 0xA6, 0x02, 0x7E, 0x2F, 0xE2, 0xAA, 0x25, 0xA2, 0xD2, 0x23, 0xE0, 0x00},
    /* U+60D8 */ {0x28, 0x27, 0xAA, 0x7A, 0xAF, 0xFE, 0xA9, 0x22, 0xFE, 0x2A, 0x22, 0xA2, 0x2B, 0xE2, 0x82, 0x28, 0xE0, 0x00},
    /* U+60DA */ {0x27, 0xE7, 0xFE, 0x7A, 0xAE, 0x6A, 0xAD, 0x22, 0x9E, 0x2F, 0x02, 0xFA, 0x2E, 0xF3, 0xE7, 0x23, 0xC0, 0x00},
    /* U+60DC */ {0x22, 0x43, 0x7E, 0x72, 0x4E, 0xFF, 0xA0, 0x02, 0x7E, 0x24, 0x22, 0x7E, 0x24, 0x22, 0x7E, 0x24, 0x20, 0x00},
    /* U+60DD */ {0x2D, 0x27, 0x74, 0x71, 0x0F, 0xFE, 0xA8, 0x22, 0xBA, 0x2A, 0xA2, 0xAA, 0x2B, 0xA2, 0xA2, 0x28, 0xE0, 0x00},
    /* U+60DF */ {0x26, 0x87, 0x7E, 0xFC, 0x8E, 0xC8, 0xBF, 0xE2, 0x48, 0x27, 0xE2, 0x48, 0x24, 0x82, 0x7F, 0x24, 0x00, 0x00},
    /* U+60E0 */ {0x7F, 0xE3, 0xFC, 0x66, 0x47, 0xFC, 0x7F, 0xC0, 0x6C, 0x7F, 0xE1, 0x64, 0x72, 0x65, 0x0A, 0x5F, 0xA0, 0x00},
    /* U+60E6 */ {0x21, 0x83, 0xFF, 0x7C, 0x8E, 0xCE, 0xAC, 0x82, 0xC8, 0x2F, 0xE2, 0xE2, 0x2A, 0x23, 0xBE, 0x2A, 0x20, 0x00},
    /* U+60E7 */ {0x24, 0x67, 0x7E, 0x7C, 0x66, 0xFE, 0xE4, 0x62, 0x7E, 0x24, 0x62, 0xFF, 0x22, 0x42, 0x66, 0x2C, 0x20, 0x00},
    /* U+60E8 */ {0x26, 0x47, 0xFE, 0x73, 0x0E, 0xFF, 0xE4, 0x43, 0xF7, 0x2E, 0x82, 0x38, 0x26, 0xE2, 0x38, 0x2E, 0x00, 0x00},
    /* U+60E9 */ {0x6F, 0xE5, 0x58, 0x25, 0xE6, 0x58, 0x25, 0x83, 0xFF, 0x24, 0x01, 0x64, 0x72, 0x65, 0x0E, 0x1F, 0x80, 0x00},
    /* U+60EB */ {0x3F, 0xC7, 0xF8, 0x1F, 0x8F, 0x9E, 0x3F, 0xC3, 0xFC, 0x26, 0x43, 0xFC, 0x3E, 0x47, 0xAA, 0x4F, 0x80, 0x00},
    /* U+60EC */ {0x2F, 0xE3, 0x88, 0x7B, 0xEF, 0xAE, 0xEB, 0xC2, 0xFF, 0x29, 0x82, 0x94, 0x2B, 0x62, 0xA2, 0x2F, 0xF0, 0x00},
    /* U+60ED */ {0x24, 0xE3, 0xF8, 0x7C, 0x8F, 0xEF, 0xEE, 0xA3, 0xFA, 0x26, 0xA2, 0xFA, 0x3F, 0xA2, 0x72, 0x27, 0x20, 0x00},
    /* U+60EE */ {0x22, 0x43, 0x2C, 0x7F, 0xEE, 0xDA, 0xE7, 0xE2, 0x5A, 0x27, 0xE2, 0x18, 0x2F, 0xF2, 0x18, 0x21, 0x80, 0x00},
    /* U+60EF */ {0x25, 0xA3, 0xFF, 0x75, 0x67, 0x7E, 0xE7, 0xE2, 0xC6, 0x2D, 0x62, 0xD6, 0x27, 0x22, 0x6E, 0x2C, 0x20, 0x00},
    /* U+60F0 */ {0x2F, 0xF7, 0x60, 0x7F, 0xEE, 0xFE, 0xA0, 0x02, 0x7E, 0x24, 0x22, 0x7E, 0x27, 0xE2, 0x42, 0x24, 0xE0, 0x00},
    /* U+60F3 */ {0x12, 0x2F, 0xE2, 0x33, 0xE3, 0xA2, 0x77, 0xED, 0x22, 0x13, 0xE1, 0x64, 0x5A, 0xE5, 0x8A, 0x0F, 0x80, 0x00},
    /* U+60F4 */ {0x2D, 0x23, 0xD2, 0x7F, 0xEF, 0x00, 0xEF, 0xF2, 0x10, 0x2F, 0xE2, 0xEA, 0x2E, 0xA2, 0xEA, 0x2E, 0xE0, 0x00},
    /* U+60F6 */ {0x27, 0xE3, 0x42, 0x7F, 0xEF, 0xC2, 0xA7, 0xE2, 0x00, 0x2F, 0xE2, 0x10, 0x27, 0xE2, 0x10, 0x2F, 0xF0, 0x00},
    /* U+60F9 */ {0x7F, 0xE1, 0xD8, 0x7F, 0xE1, 0x80, 0x3F, 0xCF, 0x04, 0x1F, 0xC0, 0x60, 0x7B, 0x65, 0x8A, 0x4F, 0x80, 0x00},
    /* U+60FA */ {0x24, 0x27, 0x7E, 0x7C, 0x2E, 0xFE, 0xA5, 0x02, 0xFE, 0x29, 0x82, 0x98, 0x27, 0xE2, 0x18, 0x2F, 0xF0, 0x00},
    /* U+6100 */ {0x2E, 0x47, 0x44, 0x75, 0xFE, 0xFE, 0xE7, 0xE2, 0xFE, 0x2F, 0xC2, 0xCC, 0x34, 0xA2, 0x5A, 0x25, 0x30, 0x00},
    /* U+6101 */ {0x70, 0x81, 0x2A, 0xFE, 0xA3, 0xFC, 0x79, 0xCD, 0x36, 0x16, 0x21, 0x64, 0x72, 0x65, 0x0A, 0x1F, 0x80, 0x00},
    /* U+6106 */ {0x66, 0x05, 0x00, 0x3D, 0xE6, 0x04, 0x62, 0x42, 0x44, 0x29, 0xC1, 0x60, 0x73, 0x65, 0x0A, 0x5F, 0x80, 0x00},
    /* U+6108 */ {0x1F, 0x87, 0xFE, 0x40, 0x27, 0xD4, 0x7D, 0x47, 0xD4, 0x64, 0x42, 0xCC, 0x2E, 0x44, 0x8A, 0x4F, 0xA0, 0x00},
    /* U+6109 */ {0x23, 0x87, 0x66, 0x7F, 0xFF, 0x00, 0xEF, 0xA2, 0x9A, 0x2F, 0xA2, 0xFA, 0x29, 0xA2, 0x92, 0x2B, 0x60, 0x00},
    /* U+610D */ {0x45, 0xF7, 0xF6, 0x5B, 0xC7, 0xCC, 0x48, 0xC5, 0xFE, 0x7E, 0x20, 0x60, 0x7A, 0x65, 0x8A, 0x4F, 0x80, 0x00},
    /* U+610E */ {0x27, 0xE7, 0xC0, 0x7F, 0xEF, 0x7E, 0xE4, 0x22, 0x7E, 0x22, 0x02, 0x7E, 0x2F, 0xC2, 0x3C, 0x2E, 0x70, 0x00},
    /* U+610F */ {0x7F, 0xE1, 0x98, 0x7F, 0xE3, 0xFC, 0x20, 0x43, 0xFC, 0x3F, 0xC0, 0x60, 0x3A, 0x45, 0x8A, 0x4F, 0x00, 0x00},
    /* U+6115 */ {0x2D, 0xA7, 0xDA, 0x7F, 0xE7, 0xFE, 0xE0, 0x02, 0xFF, 0x26, 0x02, 0x7E, 0x20, 0x62, 0x04, 0x21, 0xC0, 0x00},
    /* U+611A */ {0x26, 0x43, 0xFC, 0x3F, 0xC0, 0x60, 0x7F, 0xE7, 0xFE, 0x60, 0x60, 0x66, 0x73, 0x65, 0x0A, 0x5F, 0xA0, 0x00},
    /* U+611F */ {0x7F, 0xF6, 0x10, 0x7F, 0x65, 0xFC, 0x56, 0xC5, 0xFF, 0xC3, 0x61, 0x64, 0x72, 0xE5, 0x0A, 0x1F, 0x80, 0x00},
    /* U+6120 */ {0x27, 0xE3, 0x46, 0x7F, 0xEE, 0xC6, 0xE7, 0xE2, 0x00, 0x2F, 0xE2, 0xAA, 0x2A, 0xA2, 0xAA, 0x3F, 0xF0, 0x00},
    /* U+6123 */ {0x2F, 0xE7, 0xEA, 0x7F, 0xEF, 0x10, 0xAF, 0xF2, 0x20, 0x23, 0xE2, 0x26, 0x26, 0x62, 0xC4, 0x29, 0xC0, 0x00},
    /* U+6124 */ {0x2F, 0xE7, 0x54, 0x7F, 0xEE, 0x44, 0xAF, 0xE2, 0xC6, 0x2D, 0x62, 0xD6, 0x2B, 0xA2, 0x6E, 0x3C, 0x30, 0x00},
    /* U+6126 */ {0x2F, 0xE7, 0xD2, 0x7F, 0xEE, 0xFF, 0xA0, 0x02, 0xFE, 0x2D, 0x22, 0xD2, 0x2D, 0x22, 0x6C, 0x2C, 0x20, 0x00},
    /* U+6127 */ {0x2F, 0xE7, 0xD2, 0x7F, 0xE7, 0xD2, 0xED, 0x22, 0xFE, 0x23, 0x42, 0x3E, 0x27, 0xE2, 0xDB, 0x38, 0xE0, 0x00},
    /* U+612B */ {0x2F, 0xE7, 0xFE, 0x71, 0x0F, 0xFE, 0xE6, 0x82, 0xFC, 0x26, 0x62, 0xFE, 0x25, 0x42, 0xD6, 0x2B, 0x20, 0x00},
    /* U+613F */ {0x62, 0x07, 0xFC, 0x7F, 0xC5, 0x04, 0x5F, 0xC5, 0xAC, 0x76, 0x64, 0x24, 0x5B, 0x6E, 0x8E, 0xCF, 0x80, 0x00},
    /* U+6148 */ {0xFF, 0xF3, 0x18, 0x2F, 0x47, 0xBC, 0x39, 0xC7, 0xFE, 0x7F, 0xE1, 0x44, 0x5A, 0xE5, 0x8A, 0x0F, 0x80, 0x00},
    /* U+614A */ {0x26, 0x87, 0xFE, 0x72, 0x8F, 0xFE, 0xAF, 0xF2, 0x2A, 0x2F, 0xE2, 0x6C, 0x2E, 0xC3, 0xAA, 0x32, 0x80, 0x00},
    /* U+614C */ {0x2F, 0xF7, 0x34, 0x7F, 0xF6, 0x40, 0xA4, 0x02, 0x7E, 0x25, 0x42, 0x54, 0x25, 0x42, 0xD5, 0x39, 0x60, 0x00},
    /* U+614E */ {0x2F, 0xF3, 0x10, 0x77, 0xEF, 0xFE, 0xA4, 0x62, 0x7E, 0x27, 0xE2, 0x46, 0x2F, 0xF2, 0x66, 0x2C, 0x20, 0x00},
    /* U+6151 */ {0x24, 0x43, 0x7C, 0x77, 0xCE, 0x47, 0xBF, 0xC3, 0xFE, 0x22, 0xA3, 0xEE, 0x2C, 0xC2, 0xEE, 0x39, 0x30, 0x00},
    /* U+6155 */ {0x7F, 0xE3, 0xFC, 0x20, 0x43, 0xFC, 0x3F, 0xC0, 0x80, 0xFF, 0xF3, 0x4C, 0x77, 0xE3, 0x7C, 0x2C, 0x40, 0x00},
    /* U+615D */ {0x64, 0x87, 0xFE, 0x7F, 0xE6, 0xC0, 0x7F, 0xC6, 0xFC, 0x60, 0x07, 0xFE, 0x76, 0x65, 0x2A, 0x1F, 0x80, 0x00},
    /* U+6162 */ {0x24, 0x63, 0x7E, 0x77, 0xEF, 0xFE, 0xAA, 0xA2, 0xFE, 0x20, 0x02, 0xFE, 0x26, 0xC2, 0x3C, 0x3E, 0x70, 0x00},
    /* U+6167 */ {0x10, 0x87, 0xBE, 0x7F, 0xE1, 0x08, 0x3F, 0xC3, 0xFC, 0x00, 0x43, 0xFC, 0x76, 0x65, 0x8A, 0x4F, 0xA0, 0x00},
    /* U+6168 */ {0x2F, 0xE7, 0xAC, 0x7E, 0xCF, 0xBC, 0xEF, 0xF2, 0x8C, 0x2A, 0xC2, 0xEC, 0x2F, 0xD2, 0xB5, 0x22, 0x60, 0x00},
    /* U+6170 */ {0x44, 0x47, 0xFF, 0x7C, 0x44, 0x14, 0x7F, 0xCF, 0xC4, 0xF8, 0xC1, 0x64, 0x72, 0x65, 0x0A, 0x1F, 0x80, 0x00},
    /* U+6175 */ {0x2F, 0xE7, 0x98, 0x7B, 0xEF, 0xFF, 0xAF, 0xE2, 0x98, 0x2F, 0xE2, 0xFE, 0x2F, 0xE3, 0xDA, 0x35, 0xE0, 0x00},
    /* U+6177 */ {0x2F, 0xF7, 0x98, 0xFF, 0xEF, 0xFF, 0xA9, 0xA2, 0xFE, 0x2D, 0xA2, 0xBE, 0x2B, 0xC3, 0xFF, 0x33, 0x00, 0x00},
    /* U+618B */ {0x3D, 0x07, 0xFF, 0x57, 0x67, 0xFC, 0x7C, 0xC5, 0x5E, 0x57, 0x21, 0x64, 0x72, 0x65, 0x8A, 0x4F, 0x80, 0x00},
    /* U+618E */ {0x22, 0xC3, 0xFE, 0x7D, 0x6F, 0xBA, 0xAF, 0xE2, 0x00, 0x27, 0xE2, 0x7E, 0x24, 0x62, 0x7E, 0x24, 0x60, 0x00},
    /* U+6194 */ {0x24, 0x83, 0x7E, 0x7C, 0x8F, 0xFE, 0xA4, 0x82, 0x7E, 0x24, 0x82, 0x7F, 0x26, 0xA2, 0xEA, 0x2B, 0xB0, 0x00},
    /* U+619D */ {0x01, 0x07, 0xFF, 0x7F, 0x47, 0xFC, 0x18, 0x8F, 0xFC, 0x12, 0x63, 0x40, 0x72, 0x65, 0x0A, 0x1F, 0x80, 0x00},
    /* U+61A7 */ {0x2F, 0xE3, 0x64, 0x7F, 0xFF, 0x00, 0xAF, 0xE2, 0xFE, 0x2D, 0x22, 0xFE, 0x2F, 0xE2, 0x10, 0x2F, 0xF0, 0x00},
    /* U+61A8 */ {0x09, 0x0F, 0xFF, 0x7F, 0x67, 0xFC, 0x7C, 0xC7, 0xDC, 0xFF, 0x75, 0x64, 0x52, 0xE5, 0x0A, 0x1F, 0x80, 0x00},
    /* U+61A9 */ {0x73, 0xE7, 0xE2, 0x13, 0xE7, 0xE2, 0x4F, 0xE4, 0xFE, 0x7E, 0x23, 0xE4, 0x7A, 0xE5, 0x8B, 0x0F, 0x80, 0x00},
    /* U+61AC */ {0x2C, 0x67, 0xFE, 0x7F, 0xEE, 0x10, 0xEF, 0xE2, 0x7E, 0x24, 0x62, 0x7E, 0x25, 0x42, 0xD6, 0x2B, 0x20, 0x00},
    /* U+61B7 */ {0x2F, 0xE7, 0x6E, 0x7F, 0xEE, 0xF6, 0xE0, 0x42, 0xFE, 0x25, 0x22, 0x5E, 0x2D, 0x02, 0xF0, 0x39, 0xF0, 0x00},
    /* U+61BE */ {0x2F, 0xE7, 0x88, 0x7F, 0xEF, 0xFE, 0xAD, 0x42, 0xFD, 0x38, 0xF2, 0x12, 0x2D, 0xA3, 0x47, 0x27, 0x80, 0x00},
    /* U+61C2 */ {0x2F, 0xF7, 0x7E, 0x7D, 0x0E, 0xFF, 0xA7, 0xE2, 0xDA, 0x2F, 0xE2, 0x7E, 0x2F, 0xE2, 0x10, 0x2F, 0xF0, 0x00},
    /* U+61C8 */ {0x6E, 0xE7, 0xEA, 0x7F, 0xEF, 0xD0, 0xED, 0xC6, 0xFE, 0x6D, 0x46, 0xFF, 0x7D, 0x47, 0x74, 0x73, 0x40, 0x00},
    /* U+61CA */ {0x2F, 0xE3, 0xD2, 0x7F, 0xAF, 0xFE, 0xAB, 0xA2, 0xF6, 0x29, 0x22, 0xFF, 0x23, 0x82, 0x6C, 0x2C, 0x70, 0x00},
    /* U+61CB */ {0x22, 0x4F, 0x6F, 0x6F, 0xE7, 0x7E, 0x6D, 0xEF, 0x55, 0x24, 0x40, 0x60, 0x7B, 0x65, 0x8A, 0x4F, 0x80, 0x00},
    /* U+61D1 */ {0x3F, 0xE0, 0x00, 0x7F, 0xE0, 0xFE, 0x3E, 0xA7, 0xFE, 0x5D, 0x20, 0xC6, 0x3B, 0x67, 0x8A, 0x4F, 0xA0, 0x00},
    /* U+61D2 */ {0x3E, 0xE7, 0x4A, 0x7F, 0xEF, 0xFA, 0xFF, 0xE3, 0xFE, 0x2E, 0xE2, 0xFE, 0x3C, 0xC3, 0x4E, 0x25, 0x30, 0x00},
    /* U+61D4 */ {0x3F, 0xF7, 0xFE, 0x7B, 0xAF, 0xBA, 0xE8, 0x22, 0xFE, 0x2F, 0xE3, 0xFF, 0x25, 0x42, 0x96, 0x37, 0x20, 0x00},
    /* U+61E6 */ {0x21, 0x07, 0xFF, 0x7F, 0xFF, 0x10, 0xE7, 0xE2, 0xFF, 0x23, 0x02, 0xFE, 0x2E, 0xA2, 0xEA, 0x2E, 0xE0, 0x00},
    /* U+61F5 */ {0x2F, 0xF7, 0xFE, 0x7E, 0xA7, 0xFE, 0xEF, 0xF2, 0x83, 0x2F, 0xE2, 0x7E, 0x27, 0xE2, 0x46, 0x27, 0xE0, 0x00},
    /* U+61FF */ {0x7F, 0xE7, 0xB2, 0x01, 0xEF, 0xEC, 0x7E, 0xC7, 0xF2, 0x48, 0x87, 0x9A, 0x7F, 0xA7, 0xF7, 0x61, 0xC0, 0x00},
    /* U+6206 */ {0x7F, 0xE7, 0xFE, 0x7B, 0xE4, 0xFE, 0x7F, 0xE7, 0xAA, 0xFE, 0xA1, 0x76, 0x76, 0x65, 0x0E, 0x5F, 0xA0, 0x00},
    /* U+6208 */ {0x0D, 0xC0, 0xC4, 0x7F, 0xE7, 0xC4, 0x04, 0x40, 0x4C, 0x07, 0x80, 0x70, 0x0F, 0x33, 0x9A, 0x60, 0xE0, 0x00},
    /* U+620A */ {0x02, 0xE0, 0x20, 0x7F, 0xE6, 0x20, 0x63, 0x66, 0x34, 0x61, 0xC6, 0x18, 0x43, 0x94, 0xEF, 0xC8, 0x60, 0x00},
    /* U+620B */ {0x05, 0x80, 0x7C, 0x7F, 0xC0, 0x40, 0x1F, 0xE7, 0xF4, 0x02, 0xC0, 0x38, 0x07, 0x31, 0xFB, 0x30, 0xE0, 0x00},
    /* U+620C */ {0x03, 0x67, 0xFF, 0x61, 0x06, 0x16, 0x61, 0x67, 0xD4, 0x61, 0xC6, 0x18, 0x43, 0xB4, 0x6F, 0xCC, 0x60, 0x00},
    /* U+620D */ {0x03, 0x67, 0xFE, 0x63, 0x06, 0x16, 0x71, 0x67, 0x94, 0x6D, 0xC6, 0x18, 0x43, 0xB4, 0x6F, 0xCC, 0x60, 0x00},
    /* U+620E */ {0x03, 0x6F, 0xFF, 0x13, 0x01, 0x36, 0x11, 0x4F, 0xDC, 0x11, 0x83, 0x18, 0x33, 0xB6, 0x6B, 0x44, 0x60, 0x00},
    /* U+620F */ {0xFB, 0x60, 0x92, 0x4F, 0xE7, 0xF2, 0x31, 0x63, 0x14, 0x39, 0xC3, 0x98, 0x69, 0xBC, 0x7F, 0x04, 0x60, 0x00},
    /* U+6210 */ {0x03, 0x67, 0xFF, 0x63, 0x06, 0x16, 0x7D, 0x66, 0xD4, 0x6D, 0xC6, 0xD8, 0x5B, 0xB4, 0x6F, 0xC4, 0x60, 0x00},
    /* U+6211 */ {0x79, 0x41, 0x12, 0x11, 0x0F, 0xFF, 0x11, 0x21, 0xD6, 0x7D, 0xC7, 0x18, 0x13, 0x91, 0x6F, 0x70, 0x60, 0x00},
    /* U+6212 */ {0x01, 0x67, 0xFE, 0x21, 0x02, 0xD6, 0x2D, 0x67, 0xF4, 0x2D, 0xC2, 0xD8, 0x6D, 0xB4, 0xFF, 0x42, 0x60, 0x00},
    /* U+6215 */ {0x5B, 0x45, 0xB2, 0x5B, 0xE7, 0xFE, 0x19, 0x6F, 0x94, 0x59, 0xC5, 0x98, 0x5B, 0x9D, 0xEF, 0xDC, 0x60, 0x00},
    /* U+6216 */ {0x03, 0x67, 0xFE, 0x01, 0x07, 0xD6, 0x65, 0x46, 0x5C, 0x7D, 0xC0, 0x18, 0x3F, 0xB7, 0x6F, 0x04, 0x60, 0x00},
    /* U+6217 */ {0x39, 0xE3, 0x9A, 0x6D, 0xEC, 0x7E, 0x7C, 0xA6, 0xCE, 0x68, 0xC7, 0x8C, 0x64, 0xF6, 0x5F, 0x3E, 0x60, 0x00},
    /* U+6218 */ {0x11, 0xE1, 0xDA, 0x11, 0xF1, 0x3C, 0x10, 0xA7, 0xCA, 0x44, 0xE4, 0x4C, 0x44, 0xD7, 0xDF, 0x46, 0x60, 0x00},
    /* U+621A */ {0x01, 0x27, 0xFF, 0x69, 0x86, 0xFA, 0x69, 0xE7, 0xFC, 0x5C, 0xC5, 0xEC, 0x6B, 0x9C, 0x9F, 0x9A, 0x60, 0x00},
    /* U+621B */ {0x04, 0x03, 0xFC, 0x3F, 0xC2, 0x04, 0x3F, 0xC3, 0xFC, 0x09, 0x8F, 0xFF, 0x06, 0xC0, 0xFB, 0x79, 0xE0, 0x00},
    /* U+621F */ {0xFD, 0xE1, 0x1A, 0x7D, 0xF4, 0x7C, 0x7C, 0xA4, 0x4E, 0x7C, 0xC1, 0x0C, 0xFF, 0xD1, 0x37, 0x12, 0x60, 0x00},
    /* U+6221 */ {0xFF, 0xE6, 0xDA, 0x7D, 0xE6, 0xFE, 0x7C, 0xA6, 0xCA, 0xFE, 0xE5, 0xCC, 0x74, 0xD7, 0xF7, 0x00, 0x60, 0x00},
    /* U+6222 */ {0x45, 0x67, 0xD2, 0x01, 0x8F, 0xFE, 0x45, 0x87, 0xDE, 0x7C, 0xC4, 0x4C, 0x7E, 0xFF, 0xDF, 0x07, 0x60, 0x00},
    /* U+6224 */ {0x28, 0xA6, 0xEA, 0x7A, 0xF6, 0xBC, 0x5A, 0xAE, 0xEE, 0x7C, 0xC6, 0xEC, 0x6E, 0xD7, 0xFF, 0xFF, 0x60, 0x00},
    /* U+6225 */ {0x46, 0xE7, 0xEA, 0x46, 0xE7, 0xFE, 0x58, 0xA7, 0xEE, 0xD8, 0xE7, 0xCC, 0x19, 0xD7, 0xFF, 0x7F, 0x60, 0x00},
    /* U+622A */ {0x7F, 0x61, 0x12, 0xFF, 0xF2, 0x90, 0x7F, 0xE6, 0x9C, 0x7E, 0xC7, 0xEC, 0x69, 0xB7, 0xFF, 0x62, 0x60, 0x00},
    /* U+622C */ {0x28, 0xA6, 0xEA, 0x6C, 0xE2, 0xDE, 0xFE, 0xA0, 0x0A, 0x7C, 0xE7, 0xCC, 0x44, 0xD7, 0xFF, 0x47, 0x60, 0x00},
    /* U+622E */ {0x5A, 0xA7, 0xEA, 0x7E, 0xF5, 0xBE, 0x18, 0xA6, 0xEE, 0x32, 0xE7, 0x8C, 0x76, 0xD3, 0x9F, 0x63, 0x20, 0x00},
    /* U+6233 */ {0x5A, 0xA7, 0xEA, 0x7E, 0xF3, 0xBE, 0x28, 0xA7, 0xEE, 0xFE, 0xE6, 0x8C, 0x7E, 0xD7, 0xFF, 0x41, 0x60, 0x00},
    /* U+6234 */ {0x7F, 0x6F, 0xFE, 0x01, 0x87, 0xFA, 0x7F, 0xE7, 0xFC, 0x3C, 0xC7, 0xEC, 0xFE, 0xC2, 0xDF, 0x47, 0x60, 0x00},
    /* U+6237 */ {0x06, 0x03, 0xFC, 0x20, 0x42, 0x04, 0x20, 0x43, 0xFC, 0x20, 0x46, 0x00, 0x60, 0x04, 0x00, 0xC0, 0x00, 0x00},
    /* U+623D */ {0x7F, 0xE6, 0x06, 0x60, 0x67, 0xFE, 0x64, 0x86, 0x68, 0x78, 0x84, 0xCA, 0x7F, 0xEF, 0x08, 0x00, 0x80, 0x00},
    /* U+623E */ {0x3F, 0xE2, 0x06, 0x20, 0x63, 0xFE, 0x60, 0x86, 0x2C, 0x7F, 0xE6, 0x30, 0x47, 0x84, 0xCC, 0xF8, 0x60, 0x00},
    /* U+623F */ {0x7F, 0xE6, 0x06, 0x7F, 0xE6, 0x20, 0x63, 0x07, 0xFE, 0x64, 0x04, 0x7C, 0x4C, 0x4D, 0x84, 0xF1, 0xC0, 0x00},
    /* U+6240 */ {0x7B, 0xC4, 0x30, 0x7B, 0x04, 0xFF, 0x4F, 0x47, 0xE4, 0x42, 0x44, 0x24, 0x42, 0x4C, 0x64, 0x84, 0x40, 0x00},
    /* U+6241 */ {0x3F, 0xE2, 0x06, 0x20, 0x63, 0xFE, 0x60, 0x07, 0xFE, 0x75, 0xA7, 0xFE, 0x55, 0xAD, 0x5A, 0x94, 0x60, 0x00},
    /* U+6243 */ {0x3F, 0xE6, 0x06, 0x60, 0x67, 0xFE, 0x60, 0x07, 0xFE, 0x77, 0xA7, 0x4A, 0x57, 0xA5, 0x42, 0x50, 0x60, 0x00},
    /* U+6247 */ {0x7F, 0xE6, 0x06, 0x7F, 0xE6, 0x00, 0x7F, 0xE7, 0x72, 0x7E, 0xA4, 0xEE, 0x5F, 0xE7, 0x72, 0xCE, 0xE0, 0x00},
    /* U+6248 */ {0x7F, 0xE6, 0x06, 0x7F, 0xE7, 0xFC, 0x7F, 0xC6, 0x00, 0x7F, 0xE5, 0x26, 0x5F, 0xE5, 0x03, 0xDF, 0xE0, 0x00},
    /* U+6249 */ {0x3F, 0xE2, 0x02, 0x3F, 0xE6, 0x50, 0x7F, 0xE6, 0x78, 0x7F, 0xE4, 0x78, 0x7F, 0xEC, 0x78, 0xC5, 0x80, 0x00},
    /* U+624B */ {0x7F, 0x80, 0x60, 0x06, 0x07, 0xFE, 0x06, 0x00, 0x60, 0xFF, 0xF0, 0x60, 0x06, 0x00, 0x60, 0x1C, 0x00, 0x00},
    /* U+624C */ {0x10, 0x01, 0x00, 0x7C, 0x01, 0x00, 0x10, 0x01, 0xC0, 0x70, 0x01, 0x00, 0x10, 0x01, 0x00, 0x70, 0x00, 0x00},
    /* U+624D */ {0x01, 0x00, 0x10, 0x7F, 0xE0, 0x30, 0x07, 0x00, 0xD0, 0x19, 0x03, 0x10, 0x61, 0x04, 0x10, 0x07, 0x00, 0x00},
    /* U+624E */ {0x33, 0x03, 0x30, 0x7F, 0x03, 0x30, 0x33, 0x03, 0xB0, 0x73, 0x03, 0x30, 0x33, 0x33, 0x33, 0x71, 0xE0, 0x00},
    /* U+6251 */ {0x31, 0x03, 0x10, 0xFD, 0x03, 0x18, 0x31, 0xC3, 0xD6, 0xF1, 0x23, 0x10, 0x31, 0x03, 0x10, 0x71, 0x00, 0x00},
    /* U+6252 */ {0x22, 0xC2, 0x2C, 0xFA, 0xC2, 0x6C, 0x26, 0xC3, 0xE4, 0xE6, 0x42, 0x44, 0x2C, 0x62, 0xC2, 0x68, 0x30, 0x00},
    /* U+6253 */ {0x37, 0xF3, 0x0C, 0xF8, 0xC3, 0x0C, 0x30, 0xC3, 0x8C, 0xF0, 0xC3, 0x0C, 0x30, 0xC3, 0x0C, 0x63, 0x80, 0x00},
    /* U+6254 */ {0x2F, 0xC2, 0x6C, 0xFE, 0x82, 0x68, 0x26, 0xE3, 0xE2, 0xE4, 0x22, 0x42, 0x2C, 0x22, 0x86, 0x79, 0xC0, 0x00},
    /* U+6258 */ {0x27, 0xC2, 0x70, 0xF9, 0x02, 0x10, 0x21, 0xF3, 0xFC, 0xE1, 0x02, 0x10, 0x21, 0x32, 0x1B, 0x61, 0xE0, 0x00},
    /* U+625B */ {0x27, 0xE2, 0x18, 0xF9, 0x82, 0x18, 0x21, 0x87, 0x98, 0xF1, 0x82, 0x18, 0x21, 0x82, 0xFF, 0x60, 0x00, 0x00},
    /* U+6263 */ {0x27, 0xE2, 0x42, 0xFC, 0x22, 0x42, 0x24, 0x23, 0xC2, 0xF4, 0x22, 0x42, 0x27, 0xE2, 0x42, 0x64, 0x20, 0x00},
    /* U+6266 */ {0x27, 0xE2, 0x18, 0xF0, 0x82, 0x08, 0x27, 0xF7, 0x08, 0xE0, 0x82, 0x08, 0x20, 0x82, 0x08, 0x60, 0x80, 0x00},
    /* U+6267 */ {0x22, 0x02, 0x20, 0xFF, 0xC2, 0x24, 0x22, 0x47, 0xE4, 0xE3, 0x42, 0x7C, 0x24, 0x42, 0xC7, 0x78, 0x60, 0x00},
    /* U+6269 */ {0x20, 0x82, 0x7F, 0xF4, 0x02, 0x40, 0x24, 0x03, 0xC0, 0xE4, 0x02, 0x40, 0x2C, 0x02, 0x80, 0x68, 0x00, 0x00},
    /* U+626A */ {0x24, 0x22, 0x62, 0xF8, 0x22, 0x82, 0x28, 0x27, 0x82, 0xE8, 0x22, 0x82, 0x28, 0x22, 0x82, 0xE8, 0xE0, 0x00},
    /* U+626B */ {0x27, 0xE2, 0x02, 0xF8, 0x22, 0x02, 0x3F, 0xEF, 0x82, 0x60, 0x22, 0x02, 0x20, 0x22, 0x7E, 0x60, 0x20, 0x00},
    /* U+626C */ {0x20, 0xCF, 0xB8, 0x27, 0x02, 0x7E, 0x22, 0xE7, 0x2A, 0xE4, 0xA2, 0xD2, 0x23, 0x22, 0x66, 0x6C, 0xC0, 0x00},
    /* U+626D */ {0x27, 0xE2, 0x12, 0xFB, 0x62, 0x36, 0x27, 0xE7, 0x36, 0xE2, 0x62, 0x26, 0x22, 0x42, 0x24, 0x6F, 0xF0, 0x00},
    /* U+626E */ {0x22, 0x42, 0x24, 0xFE, 0x62, 0xC3, 0x2F, 0xE7, 0xB6, 0xE3, 0x62, 0x26, 0x26, 0x62, 0x44, 0x69, 0xC0, 0x00},
    /* U+626F */ {0x20, 0x8F, 0xC8, 0x24, 0x82, 0x4F, 0x3C, 0x8F, 0x48, 0x64, 0x82, 0x48, 0x24, 0x82, 0x48, 0x6F, 0xF0, 0x00},
    /* U+6270 */ {0x23, 0x42, 0x32, 0xFF, 0xF2, 0x30, 0x23, 0x83, 0xB8, 0xE3, 0x82, 0x78, 0x25, 0xB2, 0xDB, 0x68, 0xE0, 0x00},
    /* U+6273 */ {0x27, 0xCF, 0xC0, 0x24, 0x02, 0x7E, 0x2E, 0x67, 0xF6, 0xED, 0x42, 0xDC, 0x29, 0x82, 0xB6, 0x7E, 0x30, 0x00},
    /* U+6276 */ {0x21, 0x82, 0x7E, 0xF9, 0x82, 0x18, 0x21, 0x87, 0xFF, 0xE1, 0x82, 0x3C, 0x22, 0x42, 0x66, 0x6C, 0x30, 0x00},
    /* U+6279 */ {0x24, 0x8F, 0xC8, 0x24, 0xA2, 0x7C, 0x24, 0x87, 0xC8, 0xE4, 0x82, 0x48, 0x24, 0xB2, 0x7B, 0x6C, 0xE0, 0x00},
    /* U+627C */ {0x24, 0x02, 0x40, 0xFF, 0xE2, 0x72, 0x27, 0x27, 0xF2, 0xE7, 0x62, 0xF0, 0x2F, 0x32, 0xB3, 0x69, 0xE0, 0x00},
    /* U+627E */ {0x23, 0xC2, 0x34, 0xFB, 0xE2, 0x7C, 0x21, 0x63, 0x94, 0xE1, 0xC2, 0x18, 0x23, 0x92, 0x6F, 0x64, 0x60, 0x00},
    /* U+627F */ {0x3F, 0xC0, 0x38, 0x76, 0xA1, 0xFE, 0x36, 0xC3, 0xFC, 0x26, 0x47, 0xFE, 0x46, 0x34, 0x62, 0x0C, 0x00, 0x00},
    /* U+6280 */ {0x21, 0x03, 0xFE, 0xF9, 0x02, 0x10, 0x2F, 0xE7, 0xE6, 0xE2, 0x42, 0x38, 0x21, 0x82, 0x7E, 0x6C, 0x70, 0x00},
    /* U+6284 */ {0x21, 0x82, 0x1C, 0xFF, 0xE2, 0x5A, 0x25, 0xB7, 0xDA, 0xE1, 0xE2, 0x04, 0x21, 0x82, 0x70, 0x6C, 0x00, 0x00},
    /* U+6289 */ {0x21, 0x02, 0x7E, 0xF9, 0x62, 0x16, 0x21, 0x67, 0xFF, 0xE1, 0x82, 0x38, 0x22, 0xC2, 0x66, 0x6C, 0x30, 0x00},
    /* U+628A */ {0x27, 0xE2, 0x5A, 0xFD, 0xA2, 0x5A, 0x25, 0xA3, 0xFE, 0xE4, 0x22, 0x40, 0x24, 0x32, 0x43, 0x67, 0xE0, 0x00},
    /* U+6291 */ {0x2D, 0xE2, 0xD2, 0xFD, 0x22, 0xD2, 0x2D, 0x27, 0xD2, 0xED, 0x22, 0xF2, 0x2D, 0xE2, 0x10, 0x61, 0x00, 0x00},
    /* U+6292 */ {0x27, 0xE2, 0x0C, 0xFB, 0x82, 0x0C, 0x2F, 0xF3, 0x9A, 0xE1, 0xE2, 0x18, 0x21, 0x82, 0x18, 0x63, 0x00, 0x00},
    /* U+6293 */ {0x27, 0xE2, 0xF4, 0xFD, 0x42, 0xD4, 0x2D, 0x43, 0xD6, 0xED, 0x62, 0x96, 0x29, 0x22, 0x93, 0x79, 0x20, 0x00},
    /* U+6295 */ {0x26, 0xCF, 0xEC, 0x24, 0xC2, 0xC6, 0x28, 0x03, 0xFE, 0xE4, 0x42, 0x6C, 0x23, 0x82, 0x7C, 0x6C, 0x60, 0x00},
    /* U+6296 */ {0x22, 0x42, 0x34, 0xF9, 0x42, 0x44, 0x27, 0x43, 0x94, 0xE0, 0xF2, 0x7E, 0x20, 0x42, 0x04, 0x60, 0x40, 0x00},
    /* U+6297 */ {0x21, 0x03, 0xFF, 0xF8, 0x02, 0x00, 0x27, 0xC3, 0xE4, 0xF6, 0x42, 0x64, 0x26, 0x52, 0xC5, 0x68, 0x60, 0x00},
    /* U+6298 */ {0x27, 0x0F, 0xE0, 0x26, 0x02, 0x7F, 0x3E, 0xC7, 0xCC, 0xE4, 0xC2, 0x4C, 0x24, 0xC2, 0xCC, 0x68, 0xC0, 0x00},
    /* U+629A */ {0x27, 0xE2, 0x10, 0xF9, 0x02, 0x10, 0x2F, 0xF3, 0xB8, 0xE3, 0x82, 0x28, 0x26, 0x82, 0xCB, 0x78, 0xE0, 0x00},
    /* U+629B */ {0x64, 0xC6, 0x5E, 0xFE, 0xE6, 0x7A, 0x6F, 0xA7, 0xFA, 0xEF, 0xA6, 0xBA, 0x6B, 0x67, 0xB3, 0x71, 0xE0, 0x00},
    /* U+629F */ {0x2F, 0xE7, 0x30, 0xF2, 0x02, 0xFF, 0x26, 0x07, 0x7E, 0x60, 0x42, 0x2C, 0x23, 0x82, 0x18, 0x60, 0xC0, 0x00},
    /* U+62A0 */ {0x27, 0xE2, 0x40, 0xFE, 0x62, 0x54, 0x25, 0xC3, 0xCC, 0xE5, 0xC2, 0x56, 0x27, 0x22, 0x40, 0x67, 0xF0, 0x00},
    /* U+62A1 */ {0x23, 0x82, 0x3C, 0xF6, 0x42, 0xC3, 0x2E, 0x13, 0x6C, 0xE7, 0x82, 0x60, 0x26, 0x22, 0x62, 0x63, 0xE0, 0x00},
    /* U+62A2 */ {0x21, 0x82, 0x3C, 0xFE, 0x42, 0xC6, 0x2F, 0xF3, 0xE4, 0xE6, 0x42, 0x7C, 0x26, 0x22, 0x62, 0x63, 0xE0, 0x00},
    /* U+62A4 */ {0x21, 0x82, 0x7E, 0xFC, 0x22, 0x42, 0x24, 0x23, 0xFE, 0xF4, 0x22, 0x40, 0x24, 0x02, 0xC0, 0x68, 0x00, 0x00},
    /* U+62A5 */ {0x24, 0x22, 0x46, 0xFD, 0xE2, 0x40, 0x27, 0xE7, 0xF2, 0xE5, 0x62, 0x5C, 0x24, 0xC2, 0x5E, 0xE7, 0x30, 0x00},
    /* U+62A8 */ {0x2F, 0xE2, 0x10, 0xF5, 0x62, 0x56, 0x25, 0x43, 0xFF, 0xE1, 0x02, 0x10, 0x21, 0x02, 0x10, 0x61, 0x00, 0x00},
    /* U+62AB */ {0x21, 0x82, 0xFF, 0xFD, 0xA2, 0xDA, 0x2F, 0xE7, 0xE6, 0xEF, 0x42, 0x9C, 0x29, 0x83, 0xBE, 0x7E, 0x30, 0x00},
    /* U+62AC */ {0x23, 0x02, 0x24, 0xF6, 0x42, 0x7E, 0x2F, 0xF3, 0x00, 0xE7, 0xE2, 0x46, 0x24, 0x62, 0x7E, 0x64, 0x60, 0x00},
    /* U+62B1 */ {0x26, 0x0F, 0x7E, 0x2C, 0x22, 0xFA, 0x24, 0xA3, 0xCA, 0xE7, 0xA2, 0x4E, 0x24, 0x12, 0x43, 0x67, 0xE0, 0x00},
    /* U+62B5 */ {0x27, 0xC2, 0x68, 0xFC, 0x82, 0x48, 0x27, 0xF7, 0x48, 0xE4, 0x82, 0x4C, 0x25, 0xD2, 0x7F, 0x6E, 0xE0, 0x00},
    /* U+62B9 */ {0x21, 0x83, 0xFF, 0xF9, 0x82, 0x18, 0x3F, 0xEF, 0x38, 0xE3, 0xC2, 0x7E, 0x2D, 0xA2, 0x9B, 0x61, 0x80, 0x00},
    /* U+62BB */ {0x21, 0x82, 0x7E, 0xFD, 0xA2, 0x5A, 0x27, 0xE7, 0xDA, 0xE7, 0xE2, 0x5A, 0x21, 0x82, 0x18, 0x61, 0x80, 0x00},
    /* U+62BC */ {0x27, 0xE2, 0x5A, 0xFD, 0xA2, 0x7E, 0x25, 0xA3, 0xDA, 0xE7, 0xE2, 0x5A, 0x21, 0x82, 0x18, 0x61, 0x80, 0x00},
    /* U+62BD */ {0x21, 0x82, 0x18, 0xFF, 0xF2, 0x5B, 0x25, 0xB3, 0xFF, 0xE5, 0xB2, 0x5B, 0x25, 0xB2, 0x7F, 0x64, 0x20, 0x00},
    /* U+62BF */ {0x24, 0x22, 0x42, 0xFF, 0xE2, 0x58, 0x25, 0x87, 0xFF, 0xE4, 0x82, 0x48, 0x24, 0x92, 0xFF, 0x6E, 0x60, 0x00},
    /* U+62C2 */ {0x22, 0x82, 0xFE, 0xF2, 0xA2, 0xFE, 0x2A, 0x87, 0xA8, 0xEF, 0xF2, 0x6A, 0x26, 0xA2, 0xCE, 0x68, 0x80, 0x00},
    /* U+62C4 */ {0x20, 0x82, 0x7E, 0xF9, 0x82, 0x18, 0x21, 0x87, 0xFE, 0xE1, 0x82, 0x18, 0x21, 0x82, 0x18, 0x6F, 0xF0, 0x00},
    /* U+62C5 */ {0x27, 0xE7, 0x46, 0x7C, 0x62, 0x7E, 0x3C, 0x67, 0xC6, 0xE4, 0x62, 0x7E, 0x20, 0x02, 0xFF, 0x60, 0x00, 0x00},
    /* U+62C6 */ {0x27, 0x0F, 0xC0, 0x24, 0x02, 0x7F, 0x24, 0x87, 0xF8, 0xE5, 0xC2, 0x4E, 0x24, 0xA2, 0xC8, 0x68, 0x80, 0x00},
    /* U+62C7 */ {0x27, 0xE2, 0x52, 0xF5, 0xA2, 0x4A, 0x2F, 0xF7, 0x56, 0xE5, 0xE2, 0xC6, 0x2F, 0xF2, 0x06, 0x61, 0xC0, 0x00},
    /* U+62C8 */ {0x21, 0x02, 0x1F, 0xF9, 0x02, 0x10, 0x21, 0x07, 0xFE, 0xE4, 0x22, 0x42, 0x24, 0x22, 0x7E, 0x64, 0x20, 0x00},
    /* U+62C9 */ {0x21, 0x82, 0x7E, 0xF0, 0x02, 0x66, 0x22, 0x43, 0xA4, 0xE2, 0x42, 0x2C, 0x22, 0xC2, 0xFF, 0x60, 0x00, 0x00},
    /* U+62CA */ {0x26, 0x62, 0x66, 0xF7, 0xF2, 0xC6, 0x2D, 0x67, 0x5E, 0xE5, 0xE2, 0x46, 0x24, 0x62, 0x46, 0x64, 0xC0, 0x00},
    /* U+62CC */ {0x25, 0xEF, 0xFC, 0x21, 0x82, 0x7E, 0x21, 0x87, 0x98, 0xEF, 0xF2, 0x18, 0x21, 0x82, 0x18, 0x61, 0x80, 0x00},
    /* U+62CD */ {0x21, 0x02, 0x7E, 0xFC, 0x22, 0x42, 0x24, 0x27, 0xFE, 0xE4, 0x22, 0x42, 0x24, 0x22, 0x7E, 0x64, 0x20, 0x00},
    /* U+62CE */ {0x23, 0x82, 0x28, 0xF6, 0xC2, 0xD6, 0x21, 0x07, 0x7C, 0xE0, 0x42, 0x08, 0x23, 0x82, 0x18, 0x60, 0x80, 0x00},
    /* U+62D0 */ {0x24, 0x2F, 0xC2, 0x24, 0x22, 0x7E, 0x21, 0x07, 0xFE, 0xE1, 0x22, 0x32, 0x23, 0x22, 0x62, 0x6C, 0xE0, 0x00},
    /* U+62D2 */ {0x27, 0xE7, 0x40, 0x7C, 0x02, 0x7E, 0x24, 0x67, 0xC6, 0xE7, 0xE2, 0x40, 0x24, 0x02, 0x40, 0x67, 0xF0, 0x00},
    /* U+62D3 */ {0x2F, 0xF2, 0x30, 0xFB, 0x02, 0x20, 0x3F, 0xEF, 0xE2, 0x6E, 0x22, 0xE2, 0x26, 0x22, 0x7E, 0x66, 0x20, 0x00},
    /* U+62D4 */ {0x22, 0x6F, 0xFF, 0xFA, 0x02, 0x20, 0x23, 0xE7, 0xE6, 0xE7, 0x42, 0x5C, 0x25, 0x82, 0x9E, 0x7A, 0x70, 0x00},
    /* U+62D6 */ {0x26, 0x02, 0x7F, 0xFD, 0x82, 0xDE, 0x27, 0xE7, 0xFA, 0xED, 0xA2, 0x5E, 0x24, 0x02, 0x63, 0x63, 0xE0, 0x00},
    /* U+62D7 */ {0x24, 0xC2, 0x4C, 0xF9, 0xE2, 0xAE, 0x3E, 0xE7, 0x4A, 0xE6, 0xA2, 0xAA, 0x3F, 0xA2, 0x12, 0xE1, 0x60, 0x00},
    /* U+62D8 */ {0x26, 0x02, 0x7E, 0xFC, 0x22, 0x82, 0x27, 0xA3, 0x4A, 0xE4, 0xA2, 0x7A, 0x24, 0x22, 0x06, 0x61, 0xC0, 0x00},
    /* U+62D9 */ {0x25, 0xA2, 0x5A, 0xFD, 0xA2, 0x5A, 0x27, 0xE3, 0x18, 0xED, 0xA2, 0xDA, 0x2D, 0xA2, 0xFE, 0x60, 0x20, 0x00},
    /* U+62DA */ {0x22, 0x42, 0x6E, 0xFF, 0xE2, 0x24, 0x32, 0x47, 0xFF, 0x62, 0x42, 0x64, 0x26, 0x42, 0xC4, 0x68, 0x40, 0x00},
    /* U+62DB */ {0x2F, 0xE2, 0x32, 0xFA, 0x22, 0x62, 0x2C, 0xE3, 0x80, 0xE7, 0xE2, 0x42, 0x24, 0x22, 0x7E, 0x64, 0x20, 0x00},
    /* U+62DC */ {0xFF, 0xF3, 0x08, 0x33, 0xE7, 0x88, 0x33, 0xE3, 0x3E, 0xF8, 0x82, 0x08, 0x27, 0xF6, 0x08, 0x40, 0x80, 0x00},
    /* U+62DF */ {0x26, 0x62, 0x76, 0xF5, 0x62, 0x56, 0x25, 0x43, 0x44, 0xE5, 0x42, 0x7E, 0x2E, 0xA2, 0x9B, 0x63, 0x10, 0x00},
    /* U+62E2 */ {0x22, 0x42, 0x20, 0xFF, 0xF2, 0x28, 0x22, 0xA3, 0xEE, 0xE6, 0xC2, 0x48, 0x2D, 0x82, 0xBB, 0x72, 0xE0, 0x00},
    /* U+62E3 */ {0x2F, 0xE7, 0x20, 0xF2, 0x02, 0xF8, 0x25, 0x87, 0xFE, 0xE1, 0x82, 0x5E, 0x2D, 0xA2, 0x9B, 0x63, 0x00, 0x00},
    /* U+62E5 */ {0x2F, 0xE2, 0xDA, 0xFD, 0xA2, 0xFE, 0x2D, 0xA7, 0xDA, 0xEF, 0xE2, 0xDA, 0x29, 0xA2, 0x9A, 0x79, 0xE0, 0x00},
    /* U+62E6 */ {0x22, 0x42, 0x2C, 0xFF, 0xE2, 0x00, 0x20, 0x03, 0x00, 0xF7, 0xE2, 0x00, 0x20, 0x02, 0xFF, 0x60, 0x00, 0x00},
    /* U+62E7 */ {0x21, 0x82, 0x7E, 0xFC, 0x22, 0x40, 0x27, 0xF7, 0x98, 0xE1, 0x82, 0x18, 0x21, 0x82, 0x18, 0x63, 0x80, 0x00},
    /* U+62E8 */ {0x25, 0x62, 0xD2, 0xFF, 0xF2, 0x30, 0x23, 0xE7, 0x66, 0xE7, 0x42, 0xDC, 0x39, 0x82, 0x36, 0x66, 0x30, 0x00},
    /* U+62E9 */ {0x27, 0xE2, 0x24, 0xFB, 0xC2, 0x3C, 0x2E, 0x73, 0x98, 0xE7, 0xE2, 0x18, 0x2F, 0xF2, 0x18, 0x61, 0x80, 0x00},
    /* U+62EC */ {0x27, 0x8F, 0x98, 0x21, 0x82, 0xFF, 0x21, 0x87, 0x98, 0xE7, 0xE2, 0x42, 0x24, 0x22, 0x42, 0x67, 0xE0, 0x00},
    /* U+62ED */ {0x20, 0xA2, 0x0A, 0xFF, 0xF2, 0x0C, 0x20, 0xC3, 0xFC, 0xF2, 0xC2, 0x24, 0x23, 0xD2, 0xF7, 0x60, 0x60, 0x00},
    /* U+62EE */ {0x21, 0x82, 0xFF, 0xF1, 0x82, 0x18, 0x27, 0xE7, 0x80, 0xE7, 0xE2, 0x42, 0x24, 0x22, 0x7E, 0x64, 0x20, 0x00},
    /* U+62EF */ {0x27, 0xE7, 0x0C, 0x71, 0x82, 0xFE, 0x23, 0xC7, 0x7C, 0xE5, 0xE2, 0xDB, 0x23, 0x02, 0x00, 0x6F, 0xF0, 0x00},
    /* U+62F1 */ {0x22, 0x42, 0x24, 0xFF, 0xE2, 0x24, 0x22, 0x47, 0x24, 0xEF, 0xF2, 0x00, 0x26, 0x42, 0xC6, 0x68, 0x20, 0x00},
    /* U+62F3 */ {0x16, 0x87, 0xFE, 0x0C, 0x07, 0xFE, 0x1B, 0x87, 0xE6, 0xFF, 0xF0, 0x60, 0x7F, 0xE0, 0x60, 0x0E, 0x00, 0x00},
    /* U+62F4 */ {0x23, 0x8F, 0xEC, 0x24, 0x62, 0xFF, 0x21, 0x07, 0x10, 0xE7, 0xE2, 0x10, 0x21, 0x02, 0x10, 0x6F, 0xF0, 0x00},
    /* U+62F6 */ {0x25, 0xEF, 0xD4, 0x27, 0xA2, 0x2B, 0x3B, 0x0F, 0x3E, 0x26, 0x22, 0xF6, 0x21, 0xC2, 0x38, 0x6E, 0x00, 0x00},
    /* U+62F7 */ {0x27, 0xE7, 0x14, 0xF1, 0xC2, 0xFF, 0x23, 0x07, 0x7E, 0xEE, 0x02, 0x3E, 0x20, 0x62, 0x06, 0x61, 0xC0, 0x00},
    /* U+62FC */ {0x22, 0x42, 0x24, 0xFF, 0xE2, 0x24, 0x32, 0x4F, 0xFF, 0xE2, 0x42, 0x24, 0x26, 0x42, 0x44, 0x68, 0x40, 0x00},
    /* U+62FD */ {0x21, 0x02, 0xFE, 0xFD, 0x22, 0xFE, 0x2D, 0x27, 0xFE, 0xE9, 0xA2, 0x1C, 0x21, 0xD2, 0x7D, 0x6C, 0x60, 0x00},
    /* U+62FE */ {0x23, 0x8F, 0xAC, 0x26, 0x62, 0xFF, 0x28, 0x03, 0x80, 0xF7, 0xE2, 0x46, 0x24, 0x62, 0x7E, 0x64, 0x60, 0x00},
    /* U+62FF */ {0x3F, 0xCF, 0xFF, 0x3F, 0x83, 0x0C, 0x3F, 0xC3, 0xFC, 0x06, 0x07, 0xFE, 0x7F, 0xE0, 0x60, 0x0E, 0x00, 0x00},
    /* U+6301 */ {0x21, 0x8F, 0x7E, 0x21, 0x82, 0xFF, 0x20, 0x43, 0x04, 0xEF, 0xF2, 0x64, 0x22, 0x42, 0x24, 0x61, 0xC0, 0x00},
    /* U+6302 */ {0x21, 0x82, 0x7E, 0xF9, 0x82, 0x18, 0x2F, 0xF7, 0x80, 0x67, 0xE2, 0x18, 0x21, 0x82, 0x18, 0x6F, 0xF0, 0x00},
    /* U+6307 */ {0x27, 0xCF, 0xE3, 0x24, 0x32, 0x7E, 0x20, 0x07, 0xFE, 0xE4, 0x22, 0x7E, 0x24, 0x22, 0x7E, 0x64, 0x20, 0x00},
    /* U+6308 */ {0x7F, 0xE7, 0xD2, 0x11, 0x27, 0xFE, 0x17, 0xC3, 0xF0, 0x7F, 0xE0, 0x60, 0xFF, 0xF0, 0x60, 0x0E, 0x00, 0x00},
    /* U+6309 */ {0x21, 0x82, 0xFF, 0xFD, 0x32, 0x30, 0x2F, 0xF3, 0xA4, 0xF6, 0x42, 0x7C, 0x21, 0x82, 0x3E, 0x6E, 0x20, 0x00},
    /* U+630E */ {0x21, 0x0F, 0xFF, 0x22, 0x42, 0x7F, 0x28, 0x03, 0xFF, 0xE2, 0x02, 0x7E, 0x20, 0x62, 0x06, 0x61, 0xC0, 0x00},
    /* U+6311 */ {0x22, 0x82, 0xAA, 0xFE, 0xE2, 0x6C, 0x22, 0x87, 0x2C, 0xEE, 0xE2, 0xEB, 0x26, 0x92, 0xCB, 0x78, 0xE0, 0x00},
    /* U+6316 */ {0x2F, 0xF2, 0x83, 0xFA, 0xF2, 0x66, 0x2C, 0x27, 0x7C, 0xE1, 0x82, 0x30, 0x26, 0x22, 0x43, 0x67, 0xE0, 0x00},
    /* U+631A */ {0x7F, 0xC3, 0x14, 0x7B, 0x43, 0x3F, 0x76, 0x73, 0xFC, 0x06, 0x07, 0xFE, 0xFF, 0xF0, 0x60, 0x0E, 0x00, 0x00},
    /* U+631B */ {0x7F, 0xE0, 0x90, 0x29, 0x46, 0x92, 0x0B, 0xC3, 0xF8, 0x7F, 0xE0, 0x60, 0x7F, 0xE0, 0x60, 0x0E, 0x00, 0x00},
    /* U+631D */ {0x2C, 0x42, 0x7F, 0xF0, 0x42, 0x14, 0x3D, 0x47, 0x5C, 0xE4, 0x42, 0x44, 0x24, 0xC2, 0xF0, 0x69, 0xF0, 0x00},
    /* U+631E */ {0x2C, 0xC2, 0x4C, 0xF3, 0xF2, 0x0C, 0x2C, 0xC3, 0x4C, 0xE5, 0xE2, 0x52, 0x27, 0x22, 0xE0, 0x69, 0xF0, 0x00},
    /* U+631F */ {0x21, 0x82, 0x7E, 0xF5, 0xA2, 0x7E, 0x23, 0xC3, 0xFF, 0xE1, 0x82, 0x3C, 0x22, 0x42, 0x66, 0x6C, 0x20, 0x00},
    /* U+6320 */ {0x23, 0xE2, 0xFE, 0xF1, 0x62, 0x3A, 0x3E, 0xE7, 0x00, 0xEF, 0xE2, 0x28, 0x22, 0x82, 0x6B, 0x6C, 0xE0, 0x00},
    /* U+6321 */ {0x25, 0xA2, 0x5A, 0xFF, 0xE2, 0x1C, 0x2F, 0xE7, 0x02, 0xE7, 0xE2, 0x02, 0x20, 0x22, 0xFE, 0x60, 0x20, 0x00},
    /* U+6322 */ {0x27, 0x82, 0x10, 0xFF, 0xF2, 0x2C, 0x26, 0x67, 0xE7, 0xE2, 0x42, 0x64, 0x26, 0x42, 0x44, 0xE8, 0x40, 0x00},
    /* U+6323 */ {0x27, 0xC2, 0x48, 0xFF, 0xE2, 0x92, 0x21, 0x27, 0xFF, 0xE1, 0x22, 0x7E, 0x21, 0x02, 0x10, 0xE7, 0x00, 0x00},
    /* U+6324 */ {0x2F, 0xF2, 0x64, 0xF2, 0xC2, 0x38, 0x2F, 0xE7, 0xE6, 0xE6, 0x42, 0x64, 0x26, 0x42, 0xC4, 0x68, 0x40, 0x00},
    /* U+6325 */ {0x2F, 0xE2, 0xB2, 0xF7, 0xE2, 0x60, 0x25, 0x8F, 0x7E, 0xE1, 0x82, 0x18, 0x2F, 0xF2, 0x18, 0x61, 0x80, 0x00},
    /* U+6328 */ {0x22, 0xC2, 0x64, 0xFF, 0xE2, 0x40, 0x2F, 0xE7, 0x90, 0xE9, 0x03, 0xFF, 0x23, 0x82, 0x6E, 0xF8, 0x30, 0x00},
    /* U+632A */ {0x2F, 0xF6, 0x7A, 0xF7, 0xA2, 0xFE, 0x27, 0xE7, 0x7A, 0xEF, 0xA2, 0xBA, 0x2B, 0xE7, 0xB8, 0xF6, 0x80, 0x00},
    /* U+632B */ {0x25, 0x42, 0x54, 0xF5, 0x42, 0xFE, 0x3B, 0xBF, 0x90, 0x2F, 0xE2, 0x10, 0x21, 0x02, 0x10, 0x7F, 0xF0, 0x00},
    /* U+632F */ {0x27, 0xE2, 0x40, 0xF7, 0xE2, 0x40, 0x27, 0xF7, 0xFA, 0xE7, 0xE2, 0xF4, 0x2F, 0x62, 0xBA, 0x6B, 0x00, 0x00},
    /* U+6332 */ {0x35, 0x46, 0x96, 0x39, 0xC2, 0x38, 0x4E, 0x03, 0xFC, 0x06, 0x07, 0xFE, 0x7F, 0xE0, 0x60, 0x0E, 0x00, 0x00},
    /* U+6339 */ {0x24, 0x62, 0x46, 0xF7, 0xE2, 0x00, 0x2F, 0xE3, 0xD2, 0xEF, 0xE2, 0xC0, 0x2C, 0x32, 0xC3, 0x67, 0xE0, 0x00},
    /* U+633A */ {0x27, 0xCF, 0x44, 0x2C, 0x42, 0xFE, 0x32, 0x47, 0xA4, 0x6E, 0x42, 0xDF, 0x26, 0x02, 0xF0, 0x79, 0xF0, 0x00},
    /* U+633D */ {0x27, 0xC2, 0x48, 0xFF, 0xE2, 0xD2, 0x2D, 0x23, 0xD2, 0xFF, 0xE2, 0x38, 0x23, 0x82, 0x69, 0x7C, 0xE0, 0x00},
    /* U+6342 */ {0x23, 0x02, 0x30, 0xFF, 0xE2, 0x26, 0x3F, 0xFF, 0x00, 0xE7, 0xE2, 0x42, 0x24, 0x22, 0x7E, 0x64, 0x20, 0x00},
    /* U+6343 */ {0x27, 0xE2, 0x36, 0xFF, 0xF2, 0x26, 0x2F, 0xE7, 0x60, 0xE7, 0xE2, 0xE2, 0x26, 0x22, 0x7E, 0x66, 0x20, 0x00},
    /* U+6345 */ {0x20, 0xE2, 0x3C, 0xF1, 0x82, 0xFE, 0x2D, 0x23, 0xFE, 0xED, 0x22, 0xFE, 0x2D, 0x22, 0xD2, 0x6D, 0x60, 0x00},
    /* U+6346 */ {0x2F, 0xE7, 0x92, 0x79, 0x22, 0xFE, 0x29, 0xA3, 0xBE, 0xEF, 0x62, 0xD2, 0x29, 0x22, 0xFE, 0x68, 0x20, 0x00},
    /* U+6349 */ {0x24, 0x2F, 0x42, 0x24, 0x22, 0x7E, 0x21, 0x87, 0x58, 0xE5, 0xE2, 0x58, 0x2F, 0x82, 0xB8, 0x79, 0xF0, 0x00},
    /* U+634B */ {0x2F, 0xC2, 0x12, 0xFD, 0xA2, 0x6C, 0x30, 0x47, 0xFF, 0xE4, 0x42, 0x64, 0x22, 0x42, 0x04, 0x61, 0xC0, 0x00},
    /* U+634C */ {0x29, 0xA2, 0x9A, 0xF9, 0xA2, 0xFA, 0x24, 0xA7, 0xFA, 0xE5, 0xA2, 0x5A, 0x2D, 0x22, 0xB2, 0x7E, 0x60, 0x00},
    /* U+634D */ {0x27, 0xE7, 0x7E, 0x7C, 0x22, 0x7E, 0x20, 0x07, 0xFE, 0xE1, 0x82, 0xFF, 0x21, 0x82, 0x18, 0x61, 0x80, 0x00},
    /* U+634E */ {0x25, 0xA2, 0x7E, 0xF9, 0x82, 0x7E, 0x24, 0x23, 0x7E, 0xE4, 0x22, 0x7E, 0x24, 0x22, 0x42, 0x64, 0xE0, 0x00},
    /* U+634F */ {0x24, 0x22, 0x42, 0xFF, 0xE2, 0x42, 0x27, 0xE3, 0x80, 0xFF, 0xEE, 0x18, 0x21, 0x82, 0x18, 0x6F, 0xF0, 0x00},
    /* U+6350 */ {0x26, 0x22, 0x62, 0xFF, 0xE2, 0x00, 0x27, 0xE3, 0xC2, 0xF7, 0xE2, 0x42, 0x27, 0xE2, 0x42, 0x64, 0x60, 0x00},
    /* U+6355 */ {0x21, 0xAE, 0xFF, 0x21, 0x82, 0x7E, 0x2D, 0xA7, 0xFE, 0xE5, 0xA2, 0x7E, 0x25, 0xA2, 0x5A, 0x65, 0xE0, 0x00},
    /* U+635E */ {0x2F, 0xF7, 0x24, 0x72, 0x02, 0xFF, 0x29, 0x37, 0x10, 0xE7, 0xE2, 0x36, 0x22, 0x62, 0x66, 0xED, 0xC0, 0x00},
    /* U+635F */ {0x24, 0x62, 0x46, 0xF7, 0xC2, 0x00, 0x27, 0xE3, 0xD2, 0xE5, 0x22, 0x52, 0x27, 0xA2, 0x66, 0x6C, 0x30, 0x00},
    /* U+6361 */ {0x23, 0x8F, 0x64, 0x2C, 0x32, 0xFC, 0x30, 0x27, 0x56, 0xE5, 0x42, 0x5C, 0x20, 0xC2, 0xFE, 0x60, 0x00, 0x00},
    /* U+6362 */ {0x27, 0xC2, 0x4C, 0xFF, 0xE2, 0x56, 0x25, 0x67, 0x56, 0xEF, 0xF2, 0x38, 0x22, 0xC2, 0xC6, 0x78, 0x30, 0x00},
    /* U+6363 */ {0x27, 0xC7, 0x44, 0xF7, 0x42, 0x44, 0x24, 0x07, 0x7F, 0xE2, 0x22, 0xAA, 0x2A, 0xA2, 0xFA, 0x60, 0xE0, 0x00},
    /* U+6367 */ {0x2F, 0xE2, 0x30, 0xFF, 0xE2, 0x20, 0x2F, 0xF7, 0x56, 0xEF, 0xF2, 0x10, 0x2F, 0xE2, 0x10, 0x61, 0x00, 0x00},
    /* U+6369 */ {0x27, 0xE7, 0xC2, 0x7C, 0x22, 0xFE, 0x2C, 0x47, 0xCA, 0xEF, 0xE2, 0xD8, 0x29, 0xC3, 0xB6, 0x76, 0x30, 0x00},
    /* U+636D */ {0x27, 0xE2, 0xD2, 0xFF, 0xE2, 0xD2, 0x2D, 0x23, 0xFE, 0xE6, 0x82, 0xFF, 0x20, 0x82, 0x08, 0x60, 0x80, 0x00},
    /* U+636E */ {0x2F, 0xE2, 0xC2, 0xFF, 0xE2, 0xC8, 0x3F, 0xF7, 0xC8, 0xEC, 0x82, 0xFE, 0x2E, 0x22, 0xA2, 0x7B, 0xE0, 0x00},
    /* U+6371 */ {0x2F, 0xF2, 0xC8, 0xFF, 0xE2, 0xC8, 0x3F, 0xF7, 0xC0, 0xEC, 0x82, 0xFE, 0x28, 0x82, 0x88, 0x7F, 0xF0, 0x00},
    /* U+6376 */ {0x27, 0xC2, 0x18, 0xFF, 0xE2, 0x5C, 0x25, 0xC7, 0xFF, 0xE5, 0xC2, 0xFE, 0x21, 0x82, 0x18, 0x67, 0xE0, 0x00},
    /* U+6377 */ {0x2F, 0xE2, 0x10, 0xF7, 0xE2, 0x12, 0x2F, 0xFF, 0x7E, 0x25, 0x02, 0xDE, 0x2D, 0x02, 0xF0, 0x79, 0xF0, 0x00},
    /* U+637A */ {0x21, 0x02, 0xFF, 0xF2, 0xC2, 0xC6, 0x2F, 0xF3, 0x00, 0xEF, 0xE2, 0x14, 0x25, 0x62, 0xD2, 0x6B, 0x00, 0x00},
    /* U+637B */ {0x23, 0x82, 0x2C, 0xFD, 0x62, 0x92, 0x27, 0xE3, 0x0C, 0xE1, 0x82, 0xFA, 0x2E, 0x22, 0xA7, 0x63, 0xC0, 0x00},
    /* U+6380 */ {0x2E, 0x82, 0x8E, 0xF8, 0xA2, 0xFE, 0x2B, 0xE7, 0xAC, 0xEA, 0xC2, 0xAC, 0x3A, 0xE3, 0x3A, 0x73, 0x30, 0x00},
    /* U+6382 */ {0x21, 0x8F, 0xFF, 0x29, 0x82, 0x9E, 0x39, 0x8F, 0x98, 0xEF, 0xE2, 0xE2, 0x2E, 0x23, 0xFE, 0x76, 0x20, 0x00},
    /* U+6387 */ {0x2F, 0xE2, 0xAA, 0xFE, 0xC2, 0xFE, 0x39, 0x0F, 0xFE, 0x62, 0xA2, 0xEE, 0x26, 0xC2, 0xFE, 0x79, 0x30, 0x00},
    /* U+6388 */ {0x25, 0x2F, 0x52, 0x24, 0x42, 0xFF, 0x38, 0x3F, 0x7E, 0xE6, 0x42, 0x2C, 0x23, 0x82, 0x7C, 0x6C, 0x70, 0x00},
    /* U+6389 */ {0x21, 0xF2, 0x10, 0xFF, 0xE2, 0xC2, 0x2F, 0xE7, 0xC2, 0xEF, 0xE2, 0x10, 0x2F, 0xF2, 0x10, 0xE1, 0x00, 0x00},
    /* U+638A */ {0x2F, 0xE2, 0x44, 0xF2, 0x42, 0x2C, 0x2F, 0xF7, 0x00, 0xE7, 0xE2, 0x42, 0x24, 0x22, 0x7E, 0x64, 0x20, 0x00},
    /* U+638C */ {0x36, 0xC7, 0xFE, 0x5F, 0xA7, 0x0E, 0x1F, 0xC3, 0xFC, 0x06, 0x07, 0xFE, 0x7F, 0xE0, 0x60, 0x1C, 0x00, 0x00},
    /* U+638E */ {0x27, 0xE2, 0x18, 0xF3, 0xC2, 0x66, 0x2F, 0xF7, 0x06, 0xE7, 0xE2, 0x5E, 0x27, 0xE2, 0x46, 0x60, 0xE0, 0x00},
    /* U+638F */ {0x2C, 0x0F, 0xFE, 0x3E, 0x22, 0x7A, 0x3F, 0x27, 0xFE, 0xE3, 0x22, 0xFE, 0x2F, 0xE2, 0x02, 0x60, 0xE0, 0x00},
    /* U+6390 */ {0x23, 0xE2, 0x64, 0xFC, 0xC2, 0xB8, 0x36, 0xE7, 0xC2, 0xE4, 0x22, 0x7E, 0x24, 0x22, 0x7E, 0x64, 0x20, 0x00},
    /* U+6392 */ {0x23, 0xC2, 0x7F, 0xFB, 0xC2, 0x3C, 0x27, 0xE7, 0xBC, 0xE3, 0xC2, 0xFF, 0x23, 0xC2, 0x3C, 0x63, 0xC0, 0x00},
    /* U+6396 */ {0x21, 0x02, 0xFF, 0xF4, 0x82, 0x5E, 0x2D, 0xA7, 0xFE, 0xFF, 0xC2, 0x4C, 0x24, 0xC2, 0x5E, 0x66, 0x30, 0x00},
    /* U+6398 */ {0x28, 0x22, 0x82, 0xFF, 0xE2, 0xC8, 0x2E, 0xA7, 0xEA, 0xEB, 0xE2, 0x8A, 0x2E, 0xA2, 0xEA, 0x7F, 0xE0, 0x00},
    /* U+63A0 */ {0x2F, 0xE2, 0x00, 0xF7, 0xE2, 0x42, 0x24, 0x23, 0x7E, 0xE1, 0x82, 0x5E, 0x2D, 0xA2, 0x9A, 0x63, 0x00, 0x00},
    /* U+63A2 */ {0x2F, 0xE2, 0x82, 0xF2, 0xC2, 0x46, 0x39, 0x27, 0xFE, 0x63, 0x82, 0x7C, 0x2D, 0x62, 0x93, 0x61, 0x00, 0x00},
    /* U+63A3 */ {0x7D, 0x27, 0xF2, 0x3D, 0x27, 0xF2, 0x54, 0x63, 0xF8, 0x06, 0x07, 0xFE, 0x7F, 0xE0, 0x60, 0x0E, 0x00, 0x00},
    /* U+63A5 */ {0x2F, 0xE7, 0x24, 0xF2, 0xC2, 0xFF, 0x21, 0x07, 0x30, 0xEF, 0xF2, 0x6C, 0x27, 0x82, 0x3C, 0x6E, 0x20, 0x00},
    /* U+63A7 */ {0x21, 0x82, 0xFF, 0xFA, 0x32, 0x66, 0x2C, 0x27, 0x7E, 0xE1, 0x02, 0x10, 0x21, 0x02, 0x10, 0x6F, 0xF0, 0x00},
    /* U+63A8 */ {0x26, 0x82, 0x7E, 0xFC, 0x82, 0xC8, 0x3F, 0xE7, 0x48, 0x67, 0xE2, 0x48, 0x24, 0x82, 0x7F, 0x64, 0x00, 0x00},
    /* U+63A9 */ {0x23, 0x02, 0xFF, 0xF6, 0x42, 0x56, 0x2F, 0xF7, 0x7E, 0xE5, 0x22, 0x7E, 0x25, 0x12, 0x13, 0x61, 0xE0, 0x00},
    /* U+63AA */ {0x22, 0x42, 0x7E, 0xF2, 0x42, 0xFF, 0x20, 0x07, 0x7E, 0xE4, 0x22, 0x7E, 0x24, 0x22, 0x7E, 0x64, 0x20, 0x00},
    /* U+63AC */ {0x24, 0x02, 0x7F, 0xF8, 0x32, 0xFE, 0x37, 0xAF, 0xFE, 0xE3, 0x22, 0x7A, 0x2F, 0x62, 0xB2, 0x60, 0xE0, 0x00},
    /* U+63AD */ {0x2F, 0xE2, 0x10, 0xFF, 0xF2, 0x24, 0x26, 0x63, 0xF3, 0xEF, 0xE2, 0x7A, 0x2B, 0xA2, 0xB2, 0x67, 0x00, 0x00},
    /* U+63AE */ {0x2F, 0xE2, 0xC2, 0xFC, 0x22, 0xFE, 0x2F, 0xE7, 0xE2, 0xEF, 0xE2, 0xA2, 0x2B, 0xE3, 0xA2, 0x72, 0xE0, 0x00},
    /* U+63B0 */ {0xFF, 0xE2, 0xA4, 0x2B, 0x4F, 0x9F, 0x3F, 0x42, 0xE4, 0xFF, 0xF6, 0xA4, 0x6A, 0x45, 0xE4, 0xC0, 0xC0, 0x00},
    /* U+63B3 */ {0x21, 0xE7, 0xFE, 0x7B, 0x22, 0xFE, 0x39, 0xEF, 0x80, 0xE9, 0x82, 0xFE, 0x29, 0x23, 0xB2, 0x76, 0xE0, 0x00},
    /* U+63B4 */ {0x2F, 0xE2, 0x82, 0xFF, 0xE2, 0x92, 0x2F, 0xE7, 0x9A, 0xE9, 0x62, 0xFE, 0x28, 0x22, 0xFE, 0x68, 0x20, 0x00},
    /* U+63B7 */ {0x2E, 0xA2, 0xFA, 0xF6, 0xA2, 0x6E, 0x24, 0xA7, 0xFA, 0x66, 0xB2, 0x6B, 0x2F, 0xE2, 0x98, 0x70, 0x80, 0x00},
    /* U+63B8 */ {0x22, 0x42, 0x2C, 0xFF, 0xE2, 0x5A, 0x27, 0xE7, 0xDA, 0xE7, 0xE2, 0x18, 0x2F, 0xF2, 0x18, 0x61, 0x80, 0x00},
    /* U+63BA */ {0x26, 0x4F, 0xFE, 0x23, 0x02, 0xFF, 0x26, 0x47, 0xD6, 0xEE, 0x82, 0x3A, 0x26, 0xE2, 0x78, 0x6E, 0x00, 0x00},
    /* U+63BC */ {0x25, 0x22, 0xFF, 0xFD, 0x62, 0xFE, 0x3F, 0xEE, 0xC2, 0x6D, 0x22, 0xD2, 0x2F, 0x22, 0x6C, 0x7C, 0x20, 0x00},
    /* U+63BE */ {0x27, 0xC7, 0x44, 0xF7, 0xC2, 0xFF, 0x37, 0x07, 0xF6, 0xE7, 0xC2, 0xDC, 0x23, 0xE2, 0xDB, 0x63, 0x00, 0x00},
    /* U+63C4 */ {0x23, 0x82, 0x66, 0xFF, 0xF2, 0x00, 0x2F, 0xA7, 0x9A, 0xEF, 0xA2, 0xFA, 0x29, 0xA2, 0x92, 0x6A, 0x60, 0x00},
    /* U+63C6 */ {0x23, 0xC2, 0xEE, 0xF6, 0x62, 0x46, 0x2F, 0xF7, 0x10, 0xEF, 0xE2, 0x38, 0x22, 0xC2, 0x66, 0x6C, 0x20, 0x00},
    /* U+63C9 */ {0x20, 0x42, 0x38, 0xFF, 0xE2, 0x3A, 0x26, 0xE7, 0xD8, 0xE1, 0x02, 0xFF, 0x23, 0xC2, 0xD6, 0x69, 0x20, 0x00},
    /* U+63CD */ {0x2F, 0xE2, 0x10, 0xFF, 0xE2, 0x20, 0x2F, 0xF7, 0x7C, 0x2D, 0x32, 0x7C, 0x23, 0x82, 0x6C, 0x6C, 0x20, 0x00},
    /* U+63CE */ {0x2F, 0xE2, 0x83, 0xFF, 0xF2, 0x00, 0x27, 0xE3, 0x46, 0xE7, 0xE2, 0x46, 0x27, 0xE2, 0x00, 0x6F, 0xF0, 0x00},
    /* U+63CF */ {0x22, 0x42, 0xFF, 0xF2, 0x42, 0x24, 0x27, 0xE7, 0x5A, 0xE5, 0xA2, 0x7E, 0x25, 0xA2, 0x7E, 0x64, 0x20, 0x00},
    /* U+63D0 */ {0x24, 0x6F, 0x7E, 0x24, 0x62, 0x7E, 0x20, 0x03, 0xFE, 0xE5, 0x02, 0x5E, 0x2D, 0x02, 0xB0, 0x79, 0xF0, 0x00},
    /* U+63D2 */ {0x27, 0x82, 0x18, 0xFF, 0xF2, 0x18, 0x27, 0xE7, 0xDA, 0xED, 0xA2, 0xFE, 0x2D, 0xA2, 0xFE, 0x64, 0x20, 0x00},
    /* U+63D6 */ {0x24, 0x22, 0x42, 0xFF, 0xE2, 0xFF, 0x26, 0x23, 0xFE, 0xE6, 0x22, 0x7E, 0x26, 0x72, 0xFE, 0x60, 0x20, 0x00},
    /* U+63DE */ {0x27, 0xE2, 0x24, 0xFA, 0x42, 0xFF, 0x20, 0x03, 0xFE, 0xE4, 0x22, 0x7E, 0x24, 0x22, 0x7E, 0x64, 0x20, 0x00},
    /* U+63E0 */ {0x28, 0x02, 0xBE, 0xFB, 0xE2, 0xA2, 0x2B, 0xE7, 0xFE, 0xEB, 0x42, 0x9C, 0x2F, 0x62, 0xFF, 0x60, 0x00, 0x00},
    /* U+63E1 */ {0x28, 0x2F, 0xFE, 0x28, 0x02, 0xFE, 0x29, 0x47, 0xBE, 0xEF, 0xA2, 0x88, 0x2F, 0xE3, 0x88, 0xFF, 0xF0, 0x00},
    /* U+63E3 */ {0x2D, 0x22, 0xD2, 0xFF, 0xE2, 0x00, 0x2F, 0xF7, 0x10, 0xEF, 0xE2, 0xEA, 0x2E, 0xA2, 0xEA, 0x6E, 0xE0, 0x00},
    /* U+63E9 */ {0x24, 0xA2, 0x7E, 0xFC, 0x82, 0xEB, 0x2F, 0xE3, 0x10, 0xE7, 0xE2, 0x42, 0x27, 0xE2, 0x42, 0x67, 0xE0, 0x00},
    /* U+63EA */ {0x2E, 0x4F, 0x44, 0x25, 0xF2, 0xFE, 0x27, 0xE7, 0xFE, 0xEE, 0xC3, 0xCC, 0x34, 0xA2, 0x5A, 0x65, 0x30, 0x00},
    /* U+63ED */ {0x24, 0x22, 0x7E, 0xF4, 0x22, 0x7E, 0x24, 0x07, 0xFF, 0x6D, 0xB2, 0x5A, 0x27, 0xE2, 0x02, 0x60, 0x60, 0x00},
    /* U+63F2 */ {0x25, 0x4F, 0xFE, 0x25, 0x42, 0x5C, 0x37, 0xEF, 0x10, 0x6F, 0xE2, 0x38, 0x27, 0xC2, 0xD6, 0x69, 0x20, 0x00},
    /* U+63F4 */ {0x2F, 0xE2, 0x54, 0xFF, 0xE2, 0x20, 0x2F, 0xF3, 0x60, 0xF7, 0xE2, 0x74, 0x2D, 0xC2, 0x9C, 0x7F, 0x70, 0x00},
    /* U+63F6 */ {0x3F, 0xF2, 0xAA, 0xFE, 0xA2, 0xAE, 0x2A, 0xE7, 0xEA, 0xEA, 0xB2, 0xFB, 0x3E, 0xE2, 0x28, 0x62, 0x80, 0x00},
    /* U+63F8 */ {0x21, 0x02, 0xFE, 0xF3, 0xC2, 0xD6, 0x2F, 0xF3, 0x46, 0xE7, 0xE2, 0x46, 0x27, 0xC2, 0x00, 0x6F, 0xF0, 0x00},
    /* U+63FD */ {0x2A, 0xE2, 0xB8, 0xFB, 0xC2, 0xA6, 0x27, 0xE7, 0xC6, 0xED, 0x62, 0xD6, 0x23, 0x82, 0x79, 0x7C, 0xE0, 0x00},
    /* U+63FF */ {0x2C, 0x8F, 0xFF, 0x39, 0x22, 0xFE, 0x24, 0xCF, 0xEC, 0x64, 0xC2, 0x4C, 0x27, 0xE2, 0x72, 0xE1, 0x30, 0x00},
    /* U+6400 */ {0x27, 0xC2, 0xC8, 0xFF, 0xE2, 0x52, 0x27, 0xE3, 0x28, 0xEE, 0xF2, 0xB8, 0x24, 0xC2, 0x78, 0x60, 0xC0, 0x00},
    /* U+6401 */ {0x24, 0x22, 0x22, 0xFB, 0xE2, 0xFA, 0x2B, 0xA7, 0xEE, 0xEF, 0xE2, 0xAE, 0x2B, 0xE2, 0xA2, 0x68, 0x60, 0x00},
    /* U+6402 */ {0x25, 0x42, 0xFE, 0xF3, 0xC2, 0x76, 0x2D, 0x23, 0x30, 0xEF, 0xF2, 0x6C, 0x27, 0xC2, 0x3C, 0x6E, 0x60, 0x00},
    /* U+6405 */ {0x25, 0x4F, 0xFE, 0x28, 0x22, 0xFE, 0x25, 0x47, 0x54, 0xE5, 0x42, 0x5C, 0x23, 0x82, 0x7B, 0x6C, 0xE0, 0x00},
    /* U+640B */ {0x2F, 0x8F, 0x8E, 0x2B, 0xE2, 0xBE, 0x3B, 0xCF, 0xAE, 0x6E, 0x02, 0xFC, 0x2D, 0x43, 0xF5, 0x76, 0x60, 0x00},
    /* U+640C */ {0x24, 0x22, 0x42, 0xFF, 0xE2, 0x54, 0x27, 0xE7, 0xD4, 0xEF, 0xF2, 0xEA, 0x2A, 0x62, 0xBE, 0x73, 0x30, 0x00},
    /* U+640F */ {0x2F, 0xF2, 0x10, 0xFF, 0xE2, 0x7E, 0x25, 0x27, 0xFE, 0xE0, 0x62, 0xFF, 0x26, 0x42, 0x24, 0x61, 0xC0, 0x00},
    /* U+6410 */ {0x2F, 0xF2, 0x34, 0xFF, 0xC2, 0x34, 0x2F, 0xE7, 0xC3, 0xEF, 0xE2, 0xDA, 0x2F, 0xE2, 0xDA, 0x6F, 0xE0, 0x00},
    /* U+6413 */ {0x22, 0xCF, 0xFE, 0x21, 0x02, 0x7E, 0x22, 0x07, 0xFF, 0xE6, 0x02, 0x7E, 0x28, 0x83, 0x08, 0x6F, 0xF0, 0x00},
    /* U+6414 */ {0x25, 0x62, 0x7C, 0xF3, 0x82, 0x7C, 0x2D, 0x67, 0xFE, 0xED, 0x22, 0xFE, 0x21, 0x42, 0xFE, 0x6F, 0xE0, 0x00},
    /* U+641B */ {0x26, 0x82, 0xFE, 0xF2, 0x82, 0xFE, 0x2F, 0xF7, 0x2A, 0xEF, 0xE2, 0x6C, 0x2E, 0xC3, 0xAA, 0x72, 0x80, 0x00},
    /* U+641C */ {0x27, 0xE2, 0xD2, 0xFF, 0xE2, 0xD2, 0x2F, 0xE7, 0x10, 0xEF, 0xE2, 0x66, 0x23, 0xC2, 0x3C, 0x6E, 0x60, 0x00},
    /* U+641E */ {0x2F, 0xF2, 0x00, 0xF7, 0xE2, 0x46, 0x37, 0xCF, 0xFE, 0xE8, 0x22, 0xBE, 0x2A, 0xE2, 0xBA, 0x68, 0x60, 0x00},
    /* U+6420 */ {0x2E, 0xA2, 0xFA, 0xF4, 0xE2, 0xFA, 0x2F, 0xA7, 0xFA, 0xEF, 0xE2, 0x5A, 0x24, 0xA2, 0x9A, 0xE9, 0x60, 0x00},
    /* U+6421 */ {0x26, 0xCF, 0x78, 0x24, 0x42, 0xFE, 0x3E, 0xE7, 0xEE, 0xE9, 0xA2, 0xFF, 0x23, 0xC2, 0xD6, 0x79, 0x20, 0x00},
    /* U+6426 */ {0x2F, 0xE2, 0x22, 0xFF, 0xE2, 0x88, 0x2F, 0xE7, 0x22, 0xEA, 0xA2, 0x66, 0x3F, 0xE3, 0x22, 0x66, 0xE0, 0x00},
    /* U+642A */ {0x2F, 0xF2, 0xC8, 0xFF, 0xE2, 0xDA, 0x2F, 0xF7, 0xFE, 0xE9, 0x82, 0xFE, 0x2E, 0x22, 0xE2, 0x77, 0xE0, 0x00},
    /* U+642C */ {0x64, 0xAF, 0xEA, 0x6F, 0xA6, 0xF3, 0x7E, 0x07, 0xBE, 0xEE, 0xA7, 0xEE, 0x7A, 0xC7, 0x2E, 0x57, 0x20, 0x00},
    /* U+642D */ {0x2F, 0xF2, 0x64, 0xF7, 0x42, 0x38, 0x36, 0xE7, 0xFF, 0xE0, 0x02, 0x7E, 0x24, 0x62, 0x46, 0x67, 0xE0, 0x00},
    /* U+6434 */ {0x7F, 0xE7, 0xFE, 0x09, 0x03, 0xFC, 0x7F, 0xE1, 0x38, 0x7E, 0x6F, 0xFE, 0x06, 0x07, 0xFC, 0x0E, 0x00, 0x00},
    /* U+643A */ {0x27, 0xE2, 0xD8, 0xFF, 0xE2, 0x7E, 0x25, 0x87, 0x7E, 0xEF, 0x82, 0x28, 0x26, 0xE2, 0xC2, 0x68, 0xE0, 0x00},
    /* U+643D */ {0x2F, 0xE2, 0x64, 0xF3, 0x42, 0x38, 0x26, 0xE7, 0x93, 0xEF, 0xE2, 0x54, 0x2D, 0x62, 0x92, 0x63, 0x00, 0x00},
    /* U+643F */ {0xF7, 0xE2, 0xE4, 0x29, 0x4F, 0xFE, 0x20, 0x42, 0xF4, 0xFB, 0xF2, 0xB4, 0x6F, 0x44, 0xB4, 0x48, 0xC0, 0x00},
    /* U+6441 */ {0x2D, 0x22, 0xFE, 0xFD, 0x22, 0xFE, 0x2E, 0x67, 0xFE, 0xE1, 0x02, 0xFE, 0x2E, 0xE3, 0xE7, 0x63, 0xC0, 0x00},
    /* U+6444 */ {0x24, 0x6F, 0x7E, 0x24, 0x62, 0x7E, 0x3F, 0xFE, 0x00, 0x2F, 0xE2, 0xAA, 0x2E, 0xC2, 0xEE, 0x79, 0x30, 0x00},
    /* U+6445 */ {0x21, 0xE2, 0xFE, 0xF9, 0x22, 0x9C, 0x2F, 0x07, 0x9E, 0xE9, 0x02, 0xFA, 0x2F, 0xA3, 0xF7, 0x71, 0xC0, 0x00},
    /* U+6446 */ {0x2E, 0xA2, 0xEA, 0xFF, 0xE2, 0x00, 0x21, 0x03, 0xFE, 0xE1, 0x02, 0xFF, 0x22, 0x42, 0x7E, 0x6F, 0xE0, 0x00},
    /* U+6447 */ {0x2F, 0xA7, 0x56, 0x75, 0x42, 0x7E, 0x2D, 0x07, 0x10, 0xEF, 0xF2, 0x92, 0x2D, 0x22, 0xFE, 0x60, 0x20, 0x00},
    /* U+6448 */ {0x2F, 0xE2, 0x82, 0xFF, 0xE2, 0x70, 0x37, 0xEF, 0x48, 0xE4, 0x82, 0xFF, 0x22, 0x42, 0xC6, 0x68, 0x30, 0x00},
    /* U+644A */ {0x21, 0xC3, 0xD6, 0xF7, 0xF2, 0x74, 0x2D, 0xE7, 0xD4, 0xE5, 0x42, 0xFE, 0x39, 0x43, 0x1F, 0xE1, 0x00, 0x00},
    /* U+6452 */ {0x28, 0x22, 0x82, 0xFF, 0xE2, 0xA4, 0x29, 0x47, 0xFE, 0xE9, 0x42, 0xFF, 0x2B, 0x43, 0xA4, 0x76, 0x40, 0x00},
    /* U+6454 */ {0x2F, 0xE2, 0x10, 0xFE, 0xA2, 0x78, 0x27, 0xE7, 0xFE, 0xE1, 0x02, 0xFF, 0x21, 0x02, 0x10, 0xE1, 0x00, 0x00},
    /* U+6458 */ {0x2F, 0xF2, 0x64, 0xFF, 0xE2, 0x92, 0x3F, 0xE7, 0x92, 0xEB, 0xA2, 0xAE, 0x2B, 0xE2, 0xA2, 0x68, 0x60, 0x00},
    /* U+645E */ {0x2D, 0x22, 0xFE, 0xFD, 0x22, 0x7E, 0x22, 0xC7, 0x7C, 0xE3, 0x62, 0xFE, 0x25, 0xC2, 0xDA, 0x6B, 0x20, 0x00},
    /* U+6467 */ {0x2D, 0xA2, 0xFE, 0xF0, 0x02, 0x48, 0x2F, 0xF7, 0xC8, 0xFF, 0xE2, 0x48, 0x27, 0xE2, 0x7F, 0x64, 0x00, 0x00},
    /* U+6469 */ {0x7F, 0xF4, 0x8C, 0x7F, 0xE5, 0xFE, 0x79, 0x65, 0xFC, 0x43, 0x05, 0xFE, 0x7F, 0xFC, 0x30, 0x8E, 0x00, 0x00},
    /* U+646D */ {0x2F, 0xFF, 0xC0, 0x2D, 0x42, 0xFF, 0x3D, 0x47, 0x94, 0x69, 0xC2, 0x80, 0x2F, 0xA3, 0xD7, 0x75, 0x00, 0x00},
    /* U+6478 */ {0x2F, 0xE2, 0x2C, 0xF7, 0xE2, 0xC2, 0x2F, 0xE7, 0xFE, 0xE1, 0x02, 0xFE, 0x23, 0x82, 0x6E, 0x6C, 0x20, 0x00},
    /* U+6479 */ {0x7F, 0xE3, 0xFC, 0x3F, 0xC2, 0x04, 0x3F, 0xCF, 0xFE, 0x3F, 0xCF, 0xFF, 0x06, 0x07, 0xFE, 0x0E, 0x00, 0x00},
    /* U+647A */ {0x23, 0x22, 0xFA, 0xF7, 0x62, 0xFE, 0x29, 0x2F, 0x7E, 0x64, 0x22, 0x7E, 0x24, 0x22, 0x7E, 0x64, 0x20, 0x00},
    /* U+6482 */ {0x2D, 0x22, 0xFE, 0xFF, 0xE2, 0x60, 0x37, 0xE7, 0xFC, 0xE7, 0xE2, 0xC7, 0x27, 0xE2, 0x46, 0x67, 0xE0, 0x00},
    /* U+6484 */ {0x2B, 0xA2, 0xFE, 0xFF, 0xE2, 0xDE, 0x26, 0xE7, 0xBA, 0xEF, 0xF2, 0x64, 0x27, 0xC2, 0x3C, 0xEE, 0x60, 0x00},
    /* U+6485 */ {0x2F, 0xF2, 0xD4, 0xFF, 0x42, 0xFF, 0x2F, 0xF7, 0xFE, 0xEF, 0xC2, 0xF6, 0x3A, 0x63, 0x6E, 0x74, 0x90, 0x00},
    /* U+6487 */ {0x6D, 0xC6, 0xEF, 0xFF, 0xA7, 0x5A, 0x7F, 0xE7, 0xF6, 0xFF, 0x67, 0xF4, 0x7D, 0x67, 0x5E, 0x77, 0xB0, 0x00},
    /* U+6491 */ {0x2F, 0xE2, 0x82, 0xFF, 0xE2, 0x44, 0x27, 0xC7, 0xFE, 0xEF, 0xE2, 0x18, 0x2F, 0xF2, 0x10, 0x67, 0x00, 0x00},
    /* U+6492 */ {0x2F, 0x82, 0xAF, 0xFA, 0xA3, 0xFA, 0x2F, 0xA7, 0xBE, 0xEF, 0x42, 0xB4, 0x2F, 0xC2, 0xBE, 0xEB, 0xB0, 0x00},
    /* U+6495 */ {0x2A, 0xC3, 0xF8, 0xFA, 0x82, 0xEF, 0x2A, 0xA7, 0xEA, 0xEA, 0xA3, 0xFA, 0x2B, 0xA2, 0xB2, 0x71, 0x20, 0x00},
    /* U+6496 */ {0x2F, 0xC2, 0x2C, 0xFF, 0xF2, 0xBA, 0x2F, 0xA7, 0xBE, 0xEF, 0x62, 0xB6, 0x2F, 0x63, 0xFE, 0x63, 0x90, 0x00},
    /* U+6499 */ {0x2F, 0xF2, 0x28, 0xFF, 0xE2, 0xEE, 0x2C, 0x23, 0xFE, 0xEF, 0xE2, 0x0C, 0x2F, 0xF2, 0x6C, 0x63, 0xC0, 0x00},
    /* U+649E */ {0x2F, 0xE2, 0x64, 0xFF, 0xF2, 0x7C, 0x2D, 0xE7, 0xFE, 0xEF, 0xE2, 0x10, 0x2F, 0xE2, 0x10, 0x7F, 0xF0, 0x00},
    /* U+64A4 */ {0x3F, 0xC2, 0x4F, 0xFA, 0xA2, 0xFA, 0x2F, 0xE7, 0xB6, 0xEF, 0x42, 0xB4, 0x2F, 0xE2, 0xBA, 0x6F, 0x30, 0x00},
    /* U+64A9 */ {0x2F, 0xE2, 0x28, 0xF6, 0xE2, 0xFE, 0x2C, 0x67, 0x7C, 0xE4, 0x42, 0x7C, 0x25, 0x42, 0xD2, 0x6B, 0x00, 0x00},
    /* U+64AC */ {0x2F, 0x02, 0x7C, 0xF7, 0xE2, 0xF2, 0x23, 0xE7, 0xEE, 0xEE, 0xE3, 0xDC, 0x3F, 0xF2, 0xED, 0x6C, 0x60, 0x00},
    /* U+64AD */ {0x2F, 0xC2, 0x74, 0xEF, 0xF2, 0x3C, 0x37, 0x67, 0xD3, 0xEF, 0xE2, 0x52, 0x27, 0xE2, 0x52, 0x67, 0xE0, 0x00},
    /* U+64AE */ {0x24, 0x22, 0x7E, 0xF7, 0xE2, 0x00, 0x2F, 0xF7, 0xFE, 0xED, 0xA2, 0xFA, 0x2F, 0x62, 0xFE, 0x61, 0xB0, 0x00},
    /* U+64B0 */ {0x2B, 0xA2, 0xFE, 0xF9, 0x82, 0xFE, 0x32, 0x4F, 0xFE, 0xE2, 0xC2, 0x2C, 0x2F, 0xF2, 0x64, 0x6C, 0x20, 0x00},
    /* U+64B5 */ {0x2F, 0xE2, 0xFF, 0xF6, 0xE2, 0xBB, 0x2F, 0xE7, 0x60, 0xE5, 0x82, 0x7E, 0x2F, 0xF2, 0x18, 0x61, 0x80, 0x00},
    /* U+64B7 */ {0x25, 0xE3, 0xEC, 0xF5, 0xE2, 0x52, 0x3F, 0x6F, 0xF6, 0x6B, 0xE2, 0xBE, 0x2E, 0xE6, 0x9A, 0x61, 0x20, 0x00},
    /* U+64B8 */ {0x24, 0x82, 0xFE, 0xFF, 0xE2, 0xD2, 0x27, 0xE7, 0xFF, 0xE0, 0x02, 0x7E, 0x27, 0xE2, 0x42, 0x67, 0xE0, 0x00},
    /* U+64BA */ {0x2F, 0xE2, 0xAA, 0xFF, 0xE2, 0xFE, 0x2D, 0x27, 0x7E, 0xEF, 0xE2, 0x92, 0x2F, 0xE2, 0x92, 0x61, 0x00, 0x00},
    /* U+64BC */ {0x2F, 0xF2, 0x8A, 0xFF, 0xE2, 0xFE, 0x2D, 0x47, 0xFD, 0xF8, 0x32, 0xD2, 0x2D, 0x23, 0x47, 0x67, 0x80, 0x00},
    /* U+64C0 */ {0x7F, 0xE6, 0x4A, 0x7F, 0xB6, 0xBF, 0x7E, 0x47, 0xA4, 0xEF, 0xE6, 0x44, 0x7F, 0x46, 0x44, 0x64, 0x40, 0x00},
    /* U+64C2 */ {0x21, 0x02, 0xFE, 0xF9, 0xF2, 0xF0, 0x3F, 0xEE, 0x00, 0x2F, 0xE2, 0xD2, 0x2F, 0xE2, 0xD2, 0xEF, 0xE0, 0x00},
    /* U+64C5 */ {0x2F, 0xF2, 0xFE, 0xFB, 0xA2, 0xBA, 0x2C, 0x27, 0xFE, 0xE7, 0xE2, 0x7E, 0x24, 0x62, 0x7C, 0x7F, 0xF0, 0x00},
    /* U+64CD */ {0x26, 0x4F, 0x7C, 0x20, 0x02, 0xFE, 0x2B, 0xA7, 0xFE, 0xE1, 0x02, 0xFF, 0x27, 0xC2, 0xD6, 0x69, 0x00, 0x00},
    /* U+64CE */ {0x29, 0xE7, 0xF6, 0xF7, 0xC7, 0xFE, 0x5E, 0x23, 0xFC, 0x06, 0x07, 0xFE, 0x7F, 0xE0, 0x60, 0x0E, 0x00, 0x00},
    /* U+64D0 */ {0x2E, 0xA2, 0xFE, 0xF0, 0x02, 0xFF, 0x27, 0xE7, 0x42, 0xE7, 0xE2, 0x7A, 0x2E, 0xE2, 0x7E, 0x66, 0x20, 0x00},
    /* U+64D2 */ {0x27, 0xC2, 0xD6, 0xFF, 0xC2, 0xFA, 0x2F, 0xE7, 0xFE, 0xE1, 0x02, 0xFE, 0x2A, 0xA2, 0xFE, 0xE8, 0x60, 0x00},
    /* U+64D7 */ {0x2E, 0x42, 0xBF, 0xFA, 0xA2, 0xEA, 0x29, 0xF7, 0xE4, 0xEE, 0x43, 0xFF, 0x3E, 0x43, 0xE4, 0x68, 0x40, 0x00},
    /* U+64D8 */ {0x4F, 0xE7, 0x94, 0x7F, 0xF6, 0xFE, 0xFC, 0x80, 0x3C, 0x3F, 0x87, 0xFE, 0xFF, 0xF0, 0x60, 0x0E, 0x00, 0x00},
    /* U+64DE */ {0x6E, 0x87, 0xFF, 0xEF, 0xA6, 0xFA, 0x75, 0xA6, 0x4E, 0xFF, 0xC6, 0xA4, 0x6E, 0xE6, 0xFA, 0x59, 0x30, 0x00},
    /* U+64E2 */ {0x23, 0xA2, 0x7E, 0xF7, 0x62, 0xFA, 0x27, 0x87, 0xFE, 0xEF, 0xE2, 0x48, 0x27, 0xE2, 0x48, 0x67, 0xE0, 0x00},
    /* U+64E4 */ {0x27, 0xE2, 0x7E, 0xF7, 0xE2, 0x7E, 0x2F, 0xE7, 0xFE, 0xEF, 0xE2, 0x00, 0x2F, 0xF2, 0x64, 0x6C, 0x40, 0x00},
    /* U+64E6 */ {0x2F, 0xE2, 0xC2, 0xF7, 0xE2, 0xEE, 0x2E, 0x47, 0x7E, 0xE8, 0x22, 0x7E, 0x25, 0x42, 0xD6, 0x6B, 0x20, 0x00},
    /* U+6500 */ {0x7F, 0xE3, 0xEE, 0x7F, 0xF2, 0xE4, 0xFF, 0xF1, 0x38, 0x7E, 0x6D, 0xFB, 0x06, 0x07, 0xFE, 0x0E, 0x00, 0x00},
    /* U+6509 */ {0x21, 0x02, 0xFF, 0xFF, 0xF2, 0x7E, 0x25, 0x87, 0x7E, 0x6C, 0x83, 0xFE, 0x27, 0xE2, 0x48, 0x67, 0xE0, 0x00},
    /* U+6512 */ {0x2F, 0xE2, 0xFF, 0xFE, 0xE2, 0xBF, 0x29, 0x37, 0x7E, 0xE5, 0x22, 0x52, 0x25, 0x22, 0x7C, 0x6C, 0x20, 0x00},
    /* U+6518 */ {0x2F, 0xF2, 0xEE, 0xFB, 0xA2, 0xEE, 0x2F, 0xE7, 0x7E, 0xE2, 0x42, 0xFF, 0x2E, 0xE3, 0xE6, 0x67, 0x30, 0x00},
    /* U+6525 */ {0x2F, 0x42, 0xFE, 0xFF, 0xE2, 0xFE, 0x2F, 0xE7, 0x20, 0x6F, 0xE3, 0xFE, 0x27, 0xE2, 0x7E, 0x6F, 0x20, 0x00},
    /* U+652B */ {0x2F, 0xE2, 0xFE, 0xFF, 0xE2, 0x7E, 0x2F, 0xE7, 0xFE, 0xE7, 0xE2, 0x40, 0x2F, 0xE2, 0x7C, 0x6F, 0xE0, 0x00},
    /* U+652E */ {0x67, 0xC6, 0x7C, 0xFF, 0xE7, 0xEF, 0x6F, 0xE7, 0xFE, 0xEF, 0xE6, 0xFE, 0x66, 0xE7, 0xDE, 0xC7, 0x30, 0x00},
    /* U+652F */ {0x06, 0x07, 0xFE, 0x06, 0x00, 0x60, 0x7F, 0xC1, 0x0C, 0x19, 0x80, 0xF0, 0x0F, 0x03, 0xFE, 0xF0, 0xE0, 0x00},
    /* U+6534 */ {0x06, 0x00, 0x7E, 0x06, 0x00, 0x60, 0x7F, 0xC1, 0x0C, 0x19, 0x80, 0xF0, 0x06, 0x03, 0xFC, 0x70, 0xF0, 0x00},
    /* U+6535 */ {0x18, 0x01, 0xFE, 0x30, 0xC7, 0x08, 0xD9, 0x80, 0x90, 0x0F, 0x00, 0x60, 0x0F, 0x87, 0x9E, 0xE0, 0x70, 0x00},
    /* U+6536 */ {0x0B, 0x04, 0xB0, 0x4B, 0xF4, 0xA6, 0x4F, 0x44, 0xD4, 0x59, 0xC7, 0x88, 0x49, 0xC0, 0xB6, 0x0E, 0x30, 0x00},
    /* U+6538 */ {0x2B, 0x06, 0xBF, 0x6E, 0x6E, 0xE4, 0xEF, 0x42, 0x9C, 0x29, 0x82, 0x98, 0x2B, 0xC2, 0x66, 0x2C, 0x30, 0x00},
    /* U+6539 */ {0x79, 0x00, 0xB0, 0x0B, 0xF0, 0xF6, 0x7F, 0x44, 0x54, 0x41, 0xC4, 0x08, 0x79, 0xC7, 0x36, 0x06, 0x30, 0x00},
    /* U+653B */ {0x02, 0x0F, 0xBF, 0x26, 0x62, 0x64, 0x2E, 0x42, 0x3C, 0x39, 0x8F, 0x98, 0x03, 0xC0, 0x66, 0x0C, 0x30, 0x00},
    /* U+653E */ {0x11, 0x0F, 0xFF, 0x23, 0x62, 0x36, 0x3F, 0x42, 0xD4, 0x29, 0xC6, 0x88, 0x69, 0xC4, 0xB6, 0xDE, 0x30, 0x00},
    /* U+653F */ {0xFD, 0x01, 0x10, 0x13, 0xF5, 0x36, 0x5F, 0x65, 0x14, 0x51, 0xC5, 0x48, 0x7D, 0xCE, 0x36, 0x06, 0x30, 0x00},
    /* U+6545 */ {0x31, 0x03, 0x3F, 0xFE, 0x63, 0x36, 0x37, 0x47, 0xD4, 0x4D, 0xC4, 0xD8, 0x4D, 0xC7, 0xF6, 0x46, 0x30, 0x00},
    /* U+6548 */ {0x11, 0x8F, 0xDF, 0x29, 0x26, 0xF6, 0xCF, 0x63, 0x9C, 0x38, 0xC3, 0x8C, 0x29, 0xC6, 0x36, 0x46, 0x30, 0x00},
    /* U+6549 */ {0x7B, 0x07, 0xBF, 0x76, 0x6F, 0xE4, 0x37, 0x43, 0x1C, 0x79, 0xC7, 0x98, 0xF1, 0xC3, 0x76, 0x34, 0x30, 0x00},
    /* U+654C */ {0x79, 0x01, 0x1F, 0x13, 0x6F, 0xF6, 0x13, 0x41, 0x1C, 0x7C, 0xC4, 0xCC, 0x4D, 0xC7, 0xD6, 0x4F, 0x30, 0x00},
    /* U+654F */ {0x7F, 0x04, 0x1F, 0xFF, 0x2F, 0x76, 0x57, 0x6F, 0xEC, 0x54, 0xC5, 0xCC, 0x7F, 0xC0, 0xF6, 0x1A, 0x30, 0x00},
    /* U+6551 */ {0x15, 0x8F, 0xFF, 0x11, 0x25, 0x76, 0x7B, 0xE3, 0x8C, 0x3C, 0xC7, 0x4C, 0xD1, 0xC1, 0x36, 0x32, 0x20, 0x00},
    /* U+6555 */ {0xFD, 0x01, 0x1F, 0x7F, 0x65, 0x76, 0x57, 0xC7, 0xDC, 0x30, 0xC3, 0x8C, 0x75, 0xCD, 0x36, 0x16, 0x30, 0x00},
    /* U+6556 */ {0x7D, 0x81, 0x10, 0x7F, 0xF1, 0x36, 0x7F, 0x62, 0x1C, 0x3C, 0xC2, 0x4C, 0x25, 0xC6, 0xF6, 0xDE, 0x30, 0x00},
    /* U+6559 */ {0x7D, 0x03, 0xDF, 0xFF, 0x61, 0xB6, 0x7F, 0x66, 0x9C, 0x50, 0xCF, 0xEC, 0x51, 0xC1, 0x36, 0x36, 0x30, 0x00},
    /* U+655B */ {0x39, 0x82, 0xDE, 0x67, 0x67, 0xB6, 0x13, 0xC5, 0x4C, 0x7C, 0xC3, 0x8C, 0x1D, 0xC7, 0xB6, 0x06, 0x30, 0x00},
    /* U+655D */ {0x55, 0x87, 0xDF, 0x11, 0x27, 0xF2, 0x5F, 0xE7, 0xEC, 0x7C, 0xC7, 0xCC, 0x54, 0xC5, 0x7E, 0x5F, 0x30, 0x00},
    /* U+655E */ {0x55, 0x87, 0xDF, 0x11, 0x27, 0xF6, 0x47, 0xE7, 0xEC, 0x6C, 0xC7, 0xCC, 0x64, 0xC4, 0x76, 0x4E, 0x30, 0x00},
    /* U+6562 */ {0x7D, 0x80, 0x90, 0xFF, 0xF6, 0xF6, 0x7F, 0x66, 0xF4, 0x7D, 0xC6, 0xCC, 0x7E, 0xCE, 0xD6, 0x0F, 0x30, 0x00},
    /* U+6563 */ {0x29, 0x0F, 0xFF, 0x29, 0x6F, 0xF6, 0x03, 0x67, 0xFC, 0x7C, 0xC4, 0x4C, 0x7D, 0xC4, 0x76, 0x5E, 0x30, 0x00},
    /* U+6566 */ {0x7F, 0x80, 0x10, 0x7D, 0xF4, 0x76, 0x7F, 0x47, 0xDC, 0x0C, 0xC1, 0xCC, 0xFD, 0xC1, 0x36, 0x32, 0x30, 0x00},
    /* U+656B */ {0x7D, 0x04, 0x50, 0x7D, 0xF4, 0x76, 0x7F, 0x6F, 0xDC, 0x20, 0xC3, 0xCC, 0x6D, 0xC4, 0xF6, 0xDA, 0x30, 0x00},
    /* U+656C */ {0xFF, 0x02, 0x9E, 0x63, 0xE7, 0xF6, 0xC7, 0x67, 0x5C, 0x55, 0xC5, 0x4C, 0x75, 0xC0, 0xF6, 0x1E, 0x30, 0x00},
    /* U+6570 */ {0x7D, 0x0F, 0xFF, 0x39, 0x67, 0xF6, 0xD3, 0x43, 0x3C, 0x7C, 0xC6, 0xCC, 0x39, 0xC3, 0xB6, 0xE6, 0x30, 0x00},
    /* U+6572 */ {0xFE, 0x80, 0x0F, 0x7C, 0x86, 0xFE, 0x7D, 0x27, 0xD2, 0x45, 0xE7, 0xCC, 0x6C, 0xC7, 0xDE, 0x4F, 0x30, 0x00},
    /* U+6574 */ {0x7D, 0xF7, 0xF6, 0x57, 0xC7, 0xCC, 0x3F, 0xED, 0x22, 0x7F, 0xE0, 0x60, 0x37, 0xC3, 0x60, 0xFF, 0xF0, 0x00},
    /* U+6577 */ {0xFF, 0x87, 0xDF, 0x5F, 0xA7, 0xFA, 0x7F, 0xE5, 0x6E, 0xFE, 0xC2, 0x0C, 0x3C, 0xC6, 0x5E, 0x5F, 0x30, 0x00},
    /* U+6587 */ {0x06, 0x0F, 0xFF, 0x30, 0xC1, 0x08, 0x19, 0x80, 0xF0, 0x06, 0x00, 0x60, 0x1F, 0x87, 0x0E, 0xC0, 0x20, 0x00},
    /* U+658B */ {0x7F, 0xE1, 0x98, 0x0F, 0x8F, 0x9F, 0x00, 0x07, 0xFE, 0x04, 0x07, 0xFE, 0x69, 0x66, 0x96, 0x69, 0xE0, 0x00},
    /* U+658C */ {0x37, 0xEF, 0x8E, 0x1F, 0xF5, 0x2C, 0x76, 0xC3, 0x7C, 0x36, 0x43, 0x64, 0x7F, 0x5C, 0xFF, 0x88, 0x20, 0x00},
    /* U+6590 */ {0x79, 0xE0, 0x90, 0x79, 0xE7, 0x9F, 0x0D, 0x00, 0x60, 0x7F, 0xE1, 0x98, 0x0F, 0x01, 0xFC, 0xF0, 0xE0, 0x00},
    /* U+6591 */ {0xF5, 0xF2, 0x44, 0x2F, 0x42, 0xA4, 0xFF, 0xE2, 0x64, 0x26, 0x42, 0x64, 0x7E, 0x4E, 0xA4, 0x19, 0xF0, 0x00},
    /* U+6593 */ {0x2F, 0xEF, 0x52, 0x3F, 0xE7, 0x92, 0x7F, 0xE6, 0xFE, 0x2F, 0xE7, 0x9A, 0x5F, 0xEC, 0xD2, 0x08, 0x60, 0x00},
    /* U+6597 */ {0x01, 0x81, 0x98, 0x0D, 0x82, 0x18, 0x39, 0x80, 0x98, 0x01, 0xE7, 0xFC, 0x71, 0x80, 0x18, 0x01, 0x80, 0x00},
    /* U+6599 */ {0x7B, 0x47, 0x9C, 0x78, 0x4F, 0xE4, 0x33, 0x47, 0x14, 0x79, 0xF7, 0xFC, 0xB0, 0x43, 0x04, 0x30, 0x40, 0x00},
    /* U+659B */ {0x39, 0x66, 0x9E, 0xFC, 0x65, 0x76, 0x7D, 0xE5, 0x46, 0x54, 0xF7, 0xFE, 0x54, 0x6D, 0x46, 0x9C, 0x60, 0x00},
    /* U+659C */ {0x3D, 0x66, 0x6E, 0xFC, 0x61, 0x36, 0x11, 0xEF, 0xCE, 0x10, 0x75, 0x7E, 0x54, 0x6D, 0x46, 0x30, 0x60, 0x00},
    /* U+659F */ {0xFF, 0x66, 0xCE, 0x7C, 0xE6, 0xC6, 0x7D, 0x66, 0xCE, 0xFE, 0x65, 0xFE, 0x64, 0x67, 0xE6, 0x00, 0x60, 0x00},
    /* U+65A1 */ {0xFD, 0xC3, 0x34, 0x7E, 0x64, 0xF6, 0x79, 0xC4, 0xA4, 0x7B, 0x43, 0x1E, 0xFF, 0xC3, 0x04, 0x30, 0x40, 0x00},
    /* U+65A4 */ {0x3F, 0x82, 0x00, 0x20, 0x02, 0x00, 0x3F, 0xE2, 0x10, 0x21, 0x02, 0x10, 0x61, 0x04, 0x10, 0x41, 0x00, 0x00},
    /* U+65A5 */ {0x3F, 0x82, 0x00, 0x20, 0x03, 0xFF, 0x23, 0x02, 0xB0, 0x2F, 0x06, 0x3C, 0x63, 0x64, 0x30, 0x43, 0x00, 0x00},
    /* U+65A7 */ {0x39, 0xC6, 0xF2, 0x0F, 0x07, 0x9E, 0x67, 0xE3, 0xE0, 0x3F, 0xE3, 0x10, 0x21, 0x06, 0x10, 0x41, 0x00, 0x00},
    /* U+65A9 */ {0x21, 0xEF, 0xF8, 0x23, 0x07, 0x3F, 0x53, 0x47, 0xF4, 0x12, 0x43, 0xE4, 0xFA, 0x41, 0x64, 0x14, 0x40, 0x00},
    /* U+65AB */ {0xFB, 0xE2, 0x20, 0x62, 0x06, 0x3F, 0x7A, 0x4D, 0xA4, 0x5A, 0x45, 0xE4, 0x7E, 0x44, 0x44, 0x04, 0x40, 0x00},
    /* U+65AD */ {0x6F, 0xC7, 0xD0, 0x59, 0x07, 0xFF, 0x59, 0x65, 0xF6, 0x7F, 0x66, 0xB6, 0x4B, 0x67, 0xE6, 0x02, 0x60, 0x00},
    /* U+65AF */ {0x6D, 0xCF, 0xF0, 0x6D, 0x07, 0xDF, 0x6D, 0x67, 0xD6, 0x6F, 0x6F, 0xF6, 0x2A, 0x66, 0xE6, 0x46, 0x60, 0x00},
    /* U+65B0 */ {0x7F, 0xC6, 0xB0, 0x2B, 0x0F, 0xFF, 0x13, 0x4F, 0xF4, 0x13, 0x45, 0xF4, 0x56, 0x41, 0x24, 0x32, 0x40, 0x00},
    /* U+65B9 */ {0x02, 0x07, 0xFE, 0x08, 0x00, 0x80, 0x0F, 0xC1, 0x84, 0x18, 0x41, 0x04, 0x30, 0xC6, 0x0C, 0x43, 0x80, 0x00},
    /* U+65BC */ {0x31, 0x8F, 0xDC, 0x23, 0x62, 0x63, 0x79, 0x06, 0x8C, 0x68, 0x06, 0x80, 0x4B, 0x85, 0x9C, 0xF0, 0x40, 0x00},
    /* U+65BD */ {0x32, 0x0F, 0xFF, 0x26, 0x86, 0x6E, 0x7B, 0xE6, 0xFA, 0x6E, 0xA4, 0xAE, 0x4A, 0x8D, 0xA3, 0xB3, 0xE0, 0x00},
    /* U+65C1 */ {0x7F, 0xE1, 0x08, 0x19, 0x87, 0xFE, 0x46, 0x2F, 0xFF, 0x08, 0x01, 0xFC, 0x10, 0x47, 0x0C, 0xC3, 0x80, 0x00},
    /* U+65C3 */ {0x33, 0xFF, 0xE0, 0x64, 0x06, 0x7E, 0x7A, 0xA6, 0xAA, 0x4F, 0xF5, 0xA2, 0x5A, 0x2D, 0xE2, 0xB4, 0x60, 0x00},
    /* U+65C4 */ {0x23, 0xEF, 0xC0, 0x6C, 0xC6, 0x78, 0x79, 0x06, 0xFE, 0x59, 0x05, 0xFE, 0x5D, 0x0D, 0x93, 0xB1, 0xE0, 0x00},
    /* U+65C5 */ {0x33, 0x0F, 0xFF, 0x26, 0x62, 0x7C, 0x3A, 0xA2, 0xAE, 0x6A, 0xC6, 0xA4, 0x4A, 0x64, 0xBA, 0xF2, 0x20, 0x00},
    /* U+65C6 */ {0x32, 0x0F, 0xFF, 0x24, 0x86, 0x7F, 0x68, 0x86, 0xFE, 0x6E, 0xA6, 0xEA, 0x4E, 0xAD, 0xEE, 0xF0, 0x80, 0x00},
    /* U+65CB */ {0x32, 0x0F, 0xFF, 0x26, 0x02, 0x7E, 0x38, 0xA6, 0xA8, 0x6A, 0xE6, 0xA8, 0x4F, 0x8D, 0xF8, 0xBC, 0xF0, 0x00},
    /* U+65CC */ {0x32, 0x0F, 0xFF, 0x64, 0x06, 0x68, 0x7F, 0xE6, 0xC8, 0x4F, 0xE5, 0x88, 0x58, 0x85, 0xFF, 0xF0, 0x00, 0x00},
    /* U+65CE */ {0x33, 0xFF, 0xC0, 0x6F, 0xE6, 0x22, 0x7B, 0xE6, 0xB0, 0x6F, 0x65, 0xFC, 0x5D, 0x05, 0xD3, 0xF5, 0xE0, 0x00},
    /* U+65CF */ {0x32, 0x0F, 0xFF, 0x27, 0x02, 0x3E, 0x3E, 0x86, 0x88, 0x6F, 0xF6, 0x9C, 0x49, 0xC5, 0xB6, 0xF6, 0x30, 0x00},
    /* U+65D2 */ {0x27, 0xFF, 0xD8, 0x6F, 0xE6, 0x34, 0x7A, 0xE7, 0x7E, 0x53, 0x45, 0x74, 0x57, 0x45, 0x55, 0xBC, 0x60, 0x00},
    /* U+65D6 */ {0x37, 0xFF, 0xC8, 0x67, 0xE6, 0x1C, 0x7F, 0x67, 0xFF, 0x7F, 0xA5, 0xCA, 0x5F, 0xA5, 0xC2, 0xB0, 0xE0, 0x00},
    /* U+65D7 */ {0x27, 0xEF, 0xC0, 0x6E, 0x46, 0x7E, 0x7B, 0xC7, 0xA4, 0x5B, 0xC5, 0xFF, 0x5B, 0x45, 0x26, 0xF4, 0x20, 0x00},
    /* U+65E0 */ {0x7F, 0xE0, 0x40, 0x04, 0x00, 0x40, 0xFF, 0xF0, 0x60, 0x0E, 0x00, 0xA0, 0x1A, 0x33, 0x23, 0x63, 0xE0, 0x00},
    /* U+65E2 */ {0x7B, 0xE4, 0x88, 0x7A, 0x84, 0xA8, 0x7F, 0xF4, 0x08, 0x49, 0x84, 0x98, 0x7F, 0x96, 0x6F, 0x44, 0xE0, 0x00},
    /* U+65E5 */ {0x3F, 0xC2, 0x04, 0x20, 0x42, 0x04, 0x3F, 0xC2, 0x04, 0x20, 0x42, 0x04, 0x20, 0x43, 0xFC, 0x20, 0x40, 0x00},
    /* U+65E6 */ {0x3F, 0xC3, 0x0C, 0x30, 0xC3, 0xFC, 0x30, 0xC3, 0x0C, 0x30, 0xC3, 0xFC, 0x00, 0x07, 0xFE, 0x00, 0x00, 0x00},
    /* U+65E7 */ {0x6F, 0xE6, 0x86, 0x68, 0x66, 0x86, 0x6F, 0xE6, 0x86, 0x68, 0x66, 0x86, 0x68, 0x66, 0xFE, 0x68, 0x60, 0x00},
    /* U+65E8 */ {0x7F, 0xC6, 0x02, 0x60, 0x63, 0xFC, 0x00, 0x03, 0xFC, 0x20, 0x43, 0xFC, 0x20, 0x42, 0x04, 0x3F, 0xC0, 0x00},
    /* U+65E9 */ {0x3F, 0xC2, 0x04, 0x3F, 0xC2, 0x04, 0x3F, 0xC0, 0x60, 0x06, 0x0F, 0xFF, 0x06, 0x00, 0x60, 0x06, 0x00, 0x00},
    /* U+65EC */ {0x10, 0x03, 0xFE, 0x20, 0x27, 0xF2, 0xF3, 0x23, 0x32, 0x3F, 0x23, 0x32, 0x3F, 0x21, 0x06, 0x01, 0xC0, 0x00},
    /* U+65ED */ {0x23, 0xE6, 0x22, 0xFA, 0x22, 0xBE, 0x2A, 0x22, 0xA2, 0x6A, 0x26, 0xBE, 0x48, 0x24, 0x83, 0xCF, 0xE0, 0x00},
    /* U+65EE */ {0x0C, 0x07, 0xF8, 0x18, 0xB7, 0x0E, 0x60, 0x03, 0xFC, 0x20, 0x43, 0xFC, 0x20, 0x42, 0x04, 0x3F, 0xC0, 0x00},
    /* U+65EF */ {0x3F, 0xC3, 0xFC, 0x20, 0x43, 0xFC, 0x00, 0x00, 0xC0, 0x7F, 0x80, 0xC8, 0x18, 0x93, 0x0B, 0x60, 0xE0, 0x00},
    /* U+65F0 */ {0x7F, 0xE5, 0x98, 0x59, 0x85, 0x98, 0x7F, 0xF5, 0x98, 0x59, 0x85, 0x98, 0x79, 0x84, 0x18, 0x01, 0x80, 0x00},
    /* U+65F1 */ {0x20, 0x43, 0xFC, 0x20, 0x43, 0xFC, 0x00, 0x07, 0xFE, 0x06, 0x0F, 0xFF, 0x06, 0x00, 0x60, 0x06, 0x00, 0x00},
    /* U+65F6 */ {0x78, 0x44, 0x84, 0x4F, 0xF4, 0x84, 0x7A, 0x44, 0xB4, 0x49, 0x44, 0x94, 0x78, 0x44, 0x04, 0x01, 0xC0, 0x00},
    /* U+65F7 */ {0x70, 0x85, 0x7F, 0x54, 0x05, 0x40, 0x74, 0x05, 0x40, 0x54, 0x05, 0x40, 0x7C, 0x04, 0xC0, 0x08, 0x00, 0x00},
    /* U+65FA */ {0x7F, 0xF5, 0x98, 0x59, 0x85, 0x98, 0x7F, 0xE5, 0x98, 0x59, 0x87, 0x98, 0x41, 0x80, 0xFF, 0x00, 0x00, 0x00},
    /* U+6600 */ {0x7A, 0x05, 0xFE, 0x5C, 0x25, 0xC2, 0x7B, 0x25, 0x9A, 0x59, 0xE7, 0xF2, 0x46, 0x20, 0x06, 0x01, 0xC0, 0x00},
    /* U+6602 */ {0x20, 0x43, 0xFC, 0x20, 0x43, 0xFC, 0x08, 0x07, 0xBE, 0x62, 0x26, 0x22, 0x7E, 0x27, 0xAE, 0x02, 0x00, 0x00},
    /* U+6603 */ {0x20, 0x43, 0xFC, 0x20, 0x43, 0xFC, 0x00, 0x07, 0xFE, 0x42, 0x04, 0x60, 0x45, 0x04, 0xCC, 0xF0, 0x60, 0x00},
    /* U+6606 */ {0x20, 0x63, 0xFE, 0x20, 0x63, 0xFE, 0x20, 0x02, 0x32, 0x3F, 0xE2, 0x38, 0x23, 0x33, 0xF3, 0x7B, 0xE0, 0x00},
    /* U+660A */ {0x20, 0x43, 0xFC, 0x20, 0x43, 0xFC, 0x00, 0x07, 0xFE, 0x06, 0x0F, 0xFF, 0x0F, 0x03, 0x9C, 0x60, 0x60, 0x00},
    /* U+660C */ {0x30, 0xC3, 0xFC, 0x30, 0xC3, 0xFC, 0x00, 0x07, 0xFE, 0x60, 0x67, 0xFE, 0x60, 0x67, 0xFE, 0x60, 0x60, 0x00},
    /* U+660E */ {0x7B, 0xE4, 0xA2, 0x4A, 0x27, 0xBE, 0x4A, 0x24, 0xA2, 0x4B, 0xE7, 0xE2, 0x44, 0x20, 0xC2, 0x08, 0xE0, 0x00},
    /* U+660F */ {0x3F, 0x82, 0x20, 0x3F, 0xE2, 0x10, 0x3D, 0xB7, 0x0E, 0x3F, 0xC2, 0x04, 0x3F, 0xC2, 0x04, 0x3F, 0xC0, 0x00},
    /* U+6613 */ {0x3F, 0xC2, 0x04, 0x3F, 0xC2, 0x04, 0x3F, 0xC1, 0x00, 0x3F, 0xE6, 0xD6, 0x1B, 0x63, 0x66, 0x25, 0xC0, 0x00},
    /* U+6614 */ {0x19, 0x87, 0xFE, 0x19, 0x8F, 0xFF, 0x00, 0x03, 0xFC, 0x30, 0xC3, 0xFC, 0x30, 0xC3, 0x0C, 0x3F, 0xC0, 0x00},
    /* U+6615 */ {0x7B, 0xC5, 0xE0, 0x5E, 0x05, 0xFF, 0x7E, 0x45, 0xE4, 0x5E, 0x45, 0xE4, 0x7C, 0x44, 0x44, 0x0C, 0x40, 0x00},
    /* U+6619 */ {0x20, 0x43, 0xFC, 0x20, 0x43, 0xFC, 0x00, 0x03, 0xFC, 0x00, 0x0F, 0xFF, 0x19, 0x83, 0xFC, 0x3F, 0xE0, 0x00},
    /* U+661D */ {0x3D, 0x86, 0xDC, 0x79, 0x21, 0x90, 0x7F, 0xFC, 0x00, 0x3F, 0xC2, 0x04, 0x3F, 0xC2, 0x04, 0x3F, 0xC0, 0x00},
    /* U+661F */ {0x20, 0x43, 0xFC, 0x20, 0x43, 0xFC, 0x36, 0x03, 0xFE, 0x46, 0x03, 0xFC, 0x06, 0x00, 0x60, 0x7F, 0xE0, 0x00},
    /* U+6620 */ {0x71, 0x85, 0x7E, 0x55, 0xA7, 0x5A, 0x55, 0xA5, 0xFF, 0x51, 0x85, 0x18, 0x73, 0xC4, 0x66, 0x0C, 0x30, 0x00},
    /* U+6625 */ {0x7F, 0xE0, 0x40, 0x3F, 0xCF, 0xFF, 0x10, 0x83, 0xFC, 0x70, 0xE5, 0xF8, 0x10, 0x81, 0x08, 0x1F, 0x80, 0x00},
    /* U+6627 */ {0x71, 0x85, 0x7E, 0x51, 0x85, 0x18, 0x7F, 0xF5, 0x18, 0x53, 0xC5, 0x3C, 0x75, 0xE4, 0xDB, 0x01, 0x80, 0x00},
    /* U+6628 */ {0x7A, 0x05, 0xFF, 0x5D, 0x05, 0xD0, 0x79, 0xE5, 0x90, 0x59, 0x05, 0x9F, 0x79, 0x04, 0x10, 0x01, 0x00, 0x00},
    /* U+662D */ {0x7F, 0xE5, 0xB2, 0x5B, 0x25, 0xE2, 0x7C, 0xE5, 0xBE, 0x5F, 0xE7, 0xC2, 0x44, 0x20, 0x7E, 0x04, 0x20, 0x00},
    /* U+662F */ {0x20, 0x43, 0xFC, 0x20, 0x43, 0xFC, 0x00, 0x07, 0xFE, 0x36, 0x03, 0x7E, 0x36, 0x07, 0xE0, 0xC7, 0xF0, 0x00},
    /* U+6631 */ {0x20, 0x43, 0xFC, 0x20, 0x43, 0xFC, 0x04, 0x00, 0x60, 0x7F, 0xE1, 0x08, 0x19, 0x81, 0x90, 0xFF, 0xF0, 0x00},
    /* U+6634 */ {0x20, 0x43, 0xFC, 0x20, 0x43, 0xFC, 0x7B, 0xE6, 0xF2, 0x6F, 0x27, 0xF2, 0x7B, 0x21, 0xBE, 0x73, 0x00, 0x00},
    /* U+6635 */ {0x77, 0xE5, 0x42, 0x57, 0xE5, 0x40, 0x75, 0x05, 0x56, 0x55, 0xC7, 0xD0, 0x4D, 0x34, 0x93, 0x09, 0xE0, 0x00},
    /* U+6636 */ {0x19, 0xE0, 0x92, 0x79, 0x20, 0xBE, 0xFF, 0x22, 0xD2, 0x2D, 0x26, 0xFE, 0x4B, 0x0C, 0x9E, 0x38, 0x60, 0x00},
    /* U+663C */ {0x20, 0x42, 0x04, 0x3F, 0xC6, 0x18, 0x7F, 0xCF, 0x0E, 0x3F, 0xC3, 0x0C, 0x3F, 0x80, 0x00, 0x7F, 0xE0, 0x00},
    /* U+663E */ {0x3F, 0xC2, 0x04, 0x3F, 0xC2, 0x04, 0x3F, 0xC0, 0x90, 0x29, 0x62, 0x9C, 0x09, 0x0F, 0xFF, 0x00, 0x00, 0x00},
    /* U+6641 */ {0x20, 0x43, 0xFC, 0x20, 0x43, 0xFC, 0x09, 0x02, 0xB4, 0x3B, 0x83, 0xBC, 0x6B, 0x63, 0x33, 0x61, 0xE0, 0x00},
    /* U+6643 */ {0x60, 0x67, 0xFE, 0x60, 0x67, 0xFE, 0x26, 0x43, 0x68, 0x7F, 0xE0, 0x90, 0x19, 0x03, 0x13, 0xE1, 0xE0, 0x00},
    /* U+664B */ {0x29, 0x42, 0x94, 0x39, 0xC7, 0xFE, 0x00, 0x03, 0xFC, 0x20, 0x43, 0xFC, 0x20, 0x43, 0xFC, 0x20, 0x40, 0x00},
    /* U+664C */ {0x71, 0x05, 0x10, 0x5F, 0xE5, 0xC2, 0x7F, 0xE5, 0xEE, 0x5E, 0xE7, 0xFE, 0x4E, 0x20, 0xC2, 0x0C, 0x60, 0x00},
    /* U+664F */ {0x20, 0x43, 0xFC, 0x20, 0x43, 0xFC, 0x7F, 0xE4, 0xC2, 0x7F, 0xE1, 0x98, 0x3F, 0x00, 0xF8, 0x78, 0xE0, 0x00},
    /* U+6652 */ {0x7F, 0xF5, 0x38, 0x57, 0xE5, 0x7A, 0x77, 0xA5, 0x6E, 0x56, 0x27, 0x42, 0x44, 0x24, 0x7E, 0x04, 0x20, 0x00},
    /* U+6653 */ {0x73, 0xE5, 0xFE, 0x51, 0x45, 0x7A, 0x7C, 0xE5, 0x00, 0x5F, 0xF5, 0x28, 0x72, 0x84, 0x6F, 0x0C, 0xE0, 0x00},
    /* U+6654 */ {0x76, 0xA5, 0x6E, 0x5E, 0xC5, 0xF8, 0x76, 0xB5, 0x4E, 0x51, 0x87, 0xFF, 0x41, 0x80, 0x18, 0x01, 0x80, 0x00},
    /* U+6655 */ {0x20, 0x43, 0xFC, 0x3F, 0xC0, 0x00, 0x7F, 0xE7, 0xFE, 0x1A, 0x03, 0xFC, 0x02, 0x07, 0xFE, 0x02, 0x00, 0x00},
    /* U+6656 */ {0x7F, 0xE5, 0xF2, 0x57, 0xE7, 0x20, 0x77, 0x85, 0x7E, 0x51, 0x87, 0x18, 0x7F, 0xF4, 0x18, 0x01, 0x80, 0x00},
    /* U+6657 */ {0x73, 0x85, 0x66, 0x5D, 0x35, 0x08, 0x77, 0xE5, 0x0C, 0x50, 0x85, 0x7E, 0x74, 0x64, 0x7E, 0x04, 0x60, 0x00},
    /* U+665A */ {0x73, 0xC5, 0x68, 0x5F, 0xE5, 0xDA, 0x75, 0xA5, 0x7E, 0x51, 0x85, 0x38, 0x72, 0x84, 0x6B, 0x18, 0xE0, 0x00},
    /* U+665F */ {0x20, 0x43, 0xFC, 0x20, 0x43, 0xFC, 0x02, 0xC7, 0xFF, 0x63, 0x47, 0xDC, 0x4D, 0x85, 0xFF, 0xC4, 0x60, 0x00},
    /* U+6661 */ {0x71, 0xA5, 0xFF, 0x59, 0x85, 0xFE, 0x7D, 0xA5, 0xFE, 0x5D, 0xA5, 0xFE, 0x75, 0xA4, 0x5A, 0x05, 0xE0, 0x00},
    /* U+6664 */ {0x73, 0x05, 0x30, 0x57, 0xE5, 0x26, 0x7F, 0xF5, 0x00, 0x57, 0xE5, 0x42, 0x74, 0x24, 0x7E, 0x04, 0x20, 0x00},
    /* U+6666 */ {0x77, 0xE5, 0x40, 0x5F, 0xE5, 0x72, 0x74, 0xA5, 0xFF, 0x55, 0x27, 0x5E, 0x47, 0xF0, 0x06, 0x00, 0xC0, 0x00},
    /* U+6668 */ {0x20, 0x43, 0xFC, 0x3F, 0xC0, 0x00, 0x7F, 0xE7, 0xFC, 0x60, 0x07, 0xFE, 0x5B, 0xE5, 0xFE, 0xDC, 0x70, 0x00},
    /* U+666E */ {0x11, 0x87, 0xFE, 0x2B, 0x43, 0xBC, 0xFF, 0xF3, 0xFC, 0x20, 0x42, 0x04, 0x3F, 0xC2, 0x04, 0x3F, 0xC0, 0x00},
    /* U+666F */ {0x20, 0x43, 0xFC, 0x3F, 0xC0, 0x60, 0xFF, 0xE3, 0xFC, 0x20, 0x43, 0xFC, 0x16, 0x87, 0x6E, 0x4E, 0x20, 0x00},
    /* U+6670 */ {0x74, 0xE5, 0x48, 0x5F, 0x85, 0x4F, 0x77, 0xE5, 0xFE, 0x5D, 0xE7, 0xDE, 0x45, 0x60, 0x56, 0x07, 0x60, 0x00},
    /* U+6674 */ {0x77, 0xE5, 0x7E, 0x51, 0x85, 0xFF, 0x70, 0x05, 0x7E, 0x57, 0xE7, 0x42, 0x47, 0xE0, 0x42, 0x04, 0xE0, 0x00},
    /* U+6676 */ {0x30, 0xC3, 0xFC, 0x30, 0xC3, 0xFC, 0x00, 0x07, 0xFE, 0x4F, 0x27, 0xFE, 0x4F, 0x24, 0xF2, 0x7F, 0xE0, 0x00},
    /* U+6677 */ {0x20, 0x43, 0xFC, 0x3F, 0xC1, 0x10, 0x7D, 0xC7, 0x94, 0x7F, 0xEF, 0xFC, 0x20, 0x42, 0x04, 0x3F, 0xC0, 0x00},
    /* U+667A */ {0x7F, 0xE5, 0x32, 0xFF, 0x23, 0xB2, 0x6F, 0xE4, 0x00, 0x3F, 0xC2, 0x04, 0x3F, 0xC2, 0x04, 0x3F, 0xC0, 0x00},
    /* U+667E */ {0x7F, 0xF5, 0x00, 0x57, 0xE5, 0x42, 0x74, 0x25, 0x7E, 0x51, 0x85, 0x7C, 0x75, 0xA4, 0xDA, 0x03, 0x00, 0x00},
    /* U+6682 */ {0xFF, 0xC7, 0x90, 0x7F, 0xF1, 0xB4, 0x7E, 0x41, 0xA4, 0x3F, 0xC2, 0x04, 0x3F, 0xC2, 0x04, 0x3F, 0xC0, 0x00},
    /* U+6684 */ {0x7F, 0xE5, 0xC3, 0x5F, 0xF5, 0x00, 0x77, 0xE5, 0x46, 0x57, 0xE7, 0x46, 0x47, 0xE0, 0x00, 0x0F, 0xF0, 0x00},
    /* U+6687 */ {0x7F, 0xE5, 0xD2, 0x5D, 0x25, 0xFE, 0x7C, 0x05, 0xFE, 0x5C, 0xA5, 0xFE, 0x7C, 0x44, 0xCE, 0x0D, 0x30, 0x00},
    /* U+668C */ {0x73, 0xC5, 0xEF, 0x56, 0x65, 0x46, 0x7F, 0xF5, 0x10, 0x5F, 0xE5, 0x18, 0x73, 0xC4, 0x66, 0x0C, 0x20, 0x00},
    /* U+6691 */ {0x20, 0x43, 0xFC, 0x3F, 0xC0, 0x46, 0x7F, 0xC7, 0xFE, 0x1C, 0x0F, 0xFC, 0x1F, 0xC1, 0x04, 0x1F, 0xC0, 0x00},
    /* U+6696 */ {0x7F, 0xE5, 0x56, 0x5F, 0xE5, 0x20, 0x7F, 0xF5, 0x60, 0x57, 0xE5, 0x64, 0x77, 0xC4, 0xDC, 0x1F, 0x70, 0x00},
    /* U+6697 */ {0x77, 0xE5, 0x24, 0x52, 0x45, 0xFF, 0x70, 0x05, 0x7E, 0x54, 0x25, 0x7E, 0x74, 0x24, 0x7E, 0x04, 0x20, 0x00},
    /* U+669D */ {0x7F, 0xF5, 0xC3, 0x57, 0xE5, 0x7E, 0x74, 0x25, 0x7E, 0x51, 0x07, 0xFF, 0x42, 0x40, 0x66, 0x08, 0x30, 0x00},
    /* U+66A7 */ {0x7F, 0xE5, 0x56, 0x5F, 0xE5, 0xA3, 0x7F, 0xE5, 0x20, 0x57, 0xE5, 0x64, 0x75, 0xC4, 0xDC, 0x1E, 0x70, 0x00},
    /* U+66A8 */ {0x46, 0x87, 0xE8, 0x7F, 0xF4, 0x9C, 0x7B, 0xF0, 0x20, 0x3F, 0xC3, 0xFC, 0x3F, 0xC0, 0x00, 0xFF, 0xF0, 0x00},
    /* U+66AE */ {0xFF, 0xF3, 0xFC, 0x20, 0x43, 0xFC, 0x3F, 0xC7, 0xFE, 0x7F, 0xE7, 0xFE, 0xFF, 0xE3, 0x0C, 0x3F, 0xC0, 0x00},
    /* U+66B4 */ {0x20, 0x43, 0xFC, 0x3F, 0xC1, 0x98, 0x7F, 0xE1, 0x98, 0x7F, 0xE3, 0x6E, 0xDF, 0xB3, 0xF8, 0x2E, 0x40, 0x00},
    /* U+66B9 */ {0x68, 0x22, 0xFE, 0x0F, 0xE0, 0x58, 0xEF, 0xE3, 0xFE, 0x2D, 0x82, 0xFE, 0x2F, 0xE7, 0xC0, 0x4F, 0xF0, 0x00},
    /* U+66BE */ {0x7F, 0xC5, 0x08, 0x5F, 0xF7, 0x9A, 0x5F, 0xA5, 0xFE, 0x56, 0x67, 0xF4, 0x4E, 0xE0, 0x4A, 0x0D, 0x30, 0x00},
    /* U+66D9 */ {0x7E, 0xA5, 0xFE, 0x53, 0x25, 0x7E, 0x73, 0xC5, 0xFF, 0x57, 0xE7, 0xE2, 0x47, 0xE4, 0x62, 0x07, 0xE0, 0x00},
    /* U+66DB */ {0x71, 0x05, 0xFF, 0x57, 0xE5, 0xD6, 0x7F, 0xE5, 0x10, 0x5F, 0xE7, 0x10, 0x7F, 0xF4, 0xAE, 0x1A, 0xB0, 0x00},
    /* U+66DC */ {0x75, 0xA5, 0x76, 0x57, 0xE5, 0xFA, 0x76, 0x85, 0x7E, 0x5F, 0xE7, 0x48, 0x47, 0xE0, 0x48, 0x07, 0xF0, 0x00},
    /* U+66DD */ {0x7C, 0x25, 0xFE, 0x5F, 0xE5, 0x24, 0x7F, 0xE5, 0xFF, 0x55, 0x67, 0xF7, 0x43, 0xC0, 0xFE, 0x0B, 0x20, 0x00},
    /* U+66E6 */ {0x7F, 0xE5, 0x10, 0x57, 0xE5, 0xFF, 0x7F, 0xE5, 0xFF, 0x5E, 0xA7, 0xFE, 0x4C, 0x40, 0xFD, 0x07, 0xF0, 0x00},
    /* U+66E9 */ {0x3F, 0xC3, 0xFC, 0x7F, 0xE7, 0xFE, 0x7F, 0xE7, 0xFE, 0x19, 0x83, 0xFC, 0x7F, 0xE7, 0xBC, 0x1C, 0x60, 0x00},
    /* U+66F0 */ {0x7F, 0xE6, 0x06, 0x60, 0x66, 0x06, 0x60, 0x67, 0xFE, 0x60, 0x66, 0x06, 0x60, 0x67, 0xFE, 0x60, 0x60, 0x00},
    /* U+66F2 */ {0x09, 0x00, 0x90, 0x7F, 0xE4, 0x92, 0x49, 0x27, 0xFE, 0x49, 0x24, 0x92, 0x49, 0x27, 0xFE, 0x40, 0x20, 0x00},
    /* U+66F3 */ {0x7F, 0xE6, 0x66, 0x66, 0x67, 0xFE, 0x66, 0x67, 0xFE, 0x62, 0x40, 0x38, 0x03, 0x11, 0xFB, 0x70, 0xE0, 0x00},
    /* U+66F4 */ {0x7F, 0xE0, 0x60, 0x3F, 0xE2, 0x66, 0x3F, 0xE2, 0x66, 0x3F, 0xE3, 0x40, 0x1C, 0x03, 0xF0, 0x61, 0xF0, 0x00},
    /* U+66F7 */ {0x20, 0x43, 0xFC, 0x20, 0x43, 0xFC, 0x18, 0x03, 0xFE, 0x66, 0x26, 0x62, 0x29, 0x63, 0xFE, 0x01, 0xC0, 0x00},
    /* U+66F9 */ {0x7F, 0xE7, 0xFC, 0x69, 0x67, 0xFE, 0x69, 0x67, 0xFE, 0x3F, 0xC2, 0x0C, 0x3F, 0xC2, 0x0C, 0x3F, 0xC0, 0x00},
    /* U+66FC */ {0x20, 0x43, 0xFC, 0x3F, 0xC0, 0x00, 0x7F, 0xE7, 0xFE, 0x00, 0x07, 0xFC, 0x19, 0x80, 0xF8, 0x79, 0xE0, 0x00},
    /* U+66FE */ {0x19, 0x87, 0xFE, 0x76, 0xE6, 0xF6, 0x7F, 0xE0, 0x00, 0x3F, 0xC3, 0xFC, 0x30, 0x43, 0xFC, 0x20, 0x40, 0x00},
    /* U+66FF */ {0x7F, 0xE1, 0x08, 0x7F, 0xE3, 0x9C, 0x6F, 0x67, 0xFC, 0x20, 0x43, 0xFC, 0x20, 0x42, 0x04, 0x3F, 0xC0, 0x00},
    /* U+6700 */ {0x20, 0x43, 0xFC, 0x3F, 0xC0, 0x00, 0xFF, 0xF6, 0xC0, 0x7F, 0xE7, 0xD6, 0x6D, 0xC7, 0xFC, 0x0F, 0x30, 0x00},
    /* U+6708 */ {0x3F, 0xC3, 0x04, 0x30, 0x43, 0xFC, 0x30, 0x43, 0x04, 0x3F, 0xC2, 0x04, 0x60, 0x44, 0x04, 0xC3, 0xC0, 0x00},
    /* U+6709 */ {0x0C, 0x07, 0xFE, 0x18, 0x03, 0xFC, 0x30, 0x45, 0xFC, 0x10, 0x41, 0xFC, 0x10, 0x41, 0x04, 0x11, 0xC0, 0x00},
    /* U+670A */ {0x5F, 0xE5, 0x80, 0x78, 0x05, 0x80, 0x5F, 0xF5, 0xBC, 0x7A, 0xC5, 0xAC, 0x5A, 0xDD, 0xEF, 0xBC, 0x60, 0x00},
    /* U+670B */ {0x7F, 0xE6, 0xF2, 0x6F, 0x27, 0xFE, 0x6F, 0x26, 0xF2, 0x7F, 0xE4, 0xF2, 0x4E, 0x24, 0xE2, 0xDE, 0xE0, 0x00},
    /* U+670D */ {0x4A, 0x24, 0xA2, 0x7A, 0xE4, 0xA0, 0x4B, 0xE4, 0xB2, 0x7B, 0xA4, 0xAC, 0x4A, 0xCC, 0xBE, 0xFB, 0x30, 0x00},
    /* U+6710 */ {0x5E, 0x05, 0xFE, 0x5C, 0x27, 0xFA, 0x5C, 0xA7, 0xCA, 0x5C, 0xA5, 0xFA, 0x5C, 0x2D, 0x86, 0xB0, 0xE0, 0x00},
    /* U+6714 */ {0x29, 0x2F, 0xF2, 0x11, 0x25, 0x5E, 0x55, 0x25, 0x52, 0x7F, 0xE3, 0x72, 0x22, 0x26, 0x62, 0x44, 0xE0, 0x00},
    /* U+6715 */ {0x5A, 0x45, 0xB4, 0x7F, 0xE5, 0x98, 0x59, 0x85, 0xFF, 0x79, 0x85, 0x9C, 0x5B, 0x4D, 0xE6, 0xBC, 0x30, 0x00},
    /* U+6717 */ {0x11, 0xE7, 0xD2, 0x45, 0x27, 0xDE, 0x45, 0x27, 0xF2, 0x5B, 0xE4, 0xB2, 0x5F, 0x27, 0xE2, 0x42, 0xE0, 0x00},
    /* U+671B */ {0xFF, 0x22, 0x3E, 0x23, 0x23, 0xFE, 0x7E, 0xE0, 0x00, 0x7F, 0xE0, 0x60, 0x3F, 0xC0, 0x60, 0xFF, 0xF0, 0x00},
    /* U+671D */ {0xFF, 0xE1, 0x32, 0x7F, 0x24, 0x7E, 0x7F, 0x24, 0x72, 0x7F, 0xE1, 0x32, 0xFE, 0x21, 0x62, 0x14, 0xE0, 0x00},
    /* U+671F */ {0x6D, 0xEF, 0xF2, 0x6D, 0x27, 0xDE, 0x6D, 0x27, 0xD2, 0x6D, 0xEF, 0xF2, 0x2B, 0x26, 0xE2, 0xC6, 0x60, 0x00},
    /* U+6726 */ {0x5F, 0xF5, 0x24, 0x7F, 0xE5, 0xFE, 0x5F, 0xE5, 0x72, 0x7F, 0xE5, 0xFC, 0xDB, 0xED, 0xFA, 0xBB, 0x00, 0x00},
    /* U+6728 */ {0x06, 0x00, 0x60, 0x7F, 0xE0, 0x60, 0x0F, 0x01, 0xF8, 0x16, 0x82, 0x64, 0xE6, 0x70, 0x60, 0x06, 0x00, 0x00},
    /* U+672A */ {0x06, 0x07, 0xFE, 0x06, 0x00, 0x60, 0x7F, 0xF0, 0xF0, 0x1F, 0x01, 0x68, 0x76, 0xEC, 0x63, 0x06, 0x00, 0x00},
    /* U+672B */ {0x06, 0x07, 0xFF, 0x06, 0x00, 0x60, 0x7F, 0xE0, 0xF0, 0x1F, 0x81, 0x68, 0x66, 0x6C, 0x63, 0x06, 0x00, 0x00},
    /* U+672C */ {0x06, 0x00, 0x60, 0x7F, 0xE0, 0xF0, 0x1F, 0x81, 0x68, 0x36, 0xC6, 0x66, 0xFF, 0xF0, 0x60, 0x06, 0x00, 0x00},
    /* U+672D */ {0x13, 0x01, 0x30, 0xFF, 0x03, 0x30, 0x3B, 0x07, 0xF0, 0x73, 0x0D, 0x30, 0x93, 0x31, 0x33, 0x11, 0xE0, 0x00},
    /* U+672F */ {0x06, 0xC0, 0x64, 0x7F, 0xE0, 0x60, 0x0F, 0x01, 0xF8, 0x16, 0xC3, 0x66, 0xE6, 0x30, 0x60, 0x06, 0x00, 0x00},
    /* U+6731 */ {0x36, 0x03, 0xFE, 0x66, 0x04, 0x60, 0x7F, 0xE0, 0xF0, 0x1F, 0x83, 0x6C, 0x66, 0x6C, 0x63, 0x06, 0x00, 0x00},
    /* U+6734 */ {0x11, 0x0F, 0xD0, 0x31, 0x83, 0x9C, 0x39, 0x67, 0xD3, 0x51, 0x0D, 0x10, 0x11, 0x01, 0x10, 0x11, 0x00, 0x00},
    /* U+6735 */ {0x18, 0x81, 0x08, 0x30, 0x86, 0x0E, 0x46, 0x07, 0xFE, 0x0F, 0x01, 0xF8, 0x36, 0xE6, 0x63, 0x06, 0x00, 0x00},
    /* U+673A */ {0x33, 0xC3, 0x24, 0xFA, 0x43, 0x24, 0x32, 0x47, 0xA4, 0x7E, 0x4F, 0x64, 0x34, 0x53, 0x45, 0x38, 0x70, 0x00},
    /* U+673D */ {0x37, 0xF3, 0x30, 0xFB, 0x03, 0x20, 0x7B, 0xE7, 0xC2, 0x70, 0x2B, 0x02, 0x30, 0x63, 0x06, 0x33, 0xC0, 0x00},
    /* U+6740 */ {0x39, 0x80, 0xF0, 0x1F, 0x87, 0x0C, 0x06, 0x0F, 0xFE, 0x06, 0x03, 0x6C, 0x66, 0x64, 0x62, 0x0E, 0x00, 0x00},
    /* U+6742 */ {0x0C, 0x07, 0xF8, 0x18, 0x83, 0x0B, 0x60, 0xE0, 0x60, 0x7F, 0xE1, 0x68, 0x36, 0xC6, 0x66, 0x0C, 0x00, 0x00},
    /* U+6743 */ {0x37, 0xE3, 0x62, 0xFE, 0x23, 0x26, 0x3A, 0x67, 0xB4, 0x71, 0xCF, 0x18, 0x33, 0xC3, 0x66, 0x3C, 0x30, 0x00},
    /* U+6746 */ {0x37, 0xE3, 0x08, 0xF8, 0x83, 0x08, 0x3F, 0xF7, 0x88, 0x78, 0x8F, 0x08, 0x30, 0x83, 0x08, 0x30, 0x80, 0x00},
    /* U+6748 */ {0x2F, 0xE2, 0x42, 0xFD, 0x23, 0x7E, 0x32, 0xC7, 0xA4, 0x6B, 0xCE, 0x18, 0x23, 0x82, 0x6E, 0x2C, 0x30, 0x00},
    /* U+6749 */ {0x30, 0xC3, 0x18, 0xFF, 0x03, 0x06, 0x38, 0xC7, 0xF8, 0x72, 0x2F, 0x06, 0x30, 0xC3, 0x38, 0x36, 0x00, 0x00},
    /* U+674C */ {0x3F, 0xF3, 0x2C, 0xFA, 0xC3, 0x2C, 0x32, 0xC7, 0xAC, 0x7A, 0xCF, 0x6C, 0xB4, 0xD3, 0xCD, 0x38, 0x70, 0x00},
    /* U+674E */ {0xFF, 0xF0, 0xF0, 0x36, 0xC6, 0x66, 0x1F, 0x80, 0x38, 0x06, 0x0F, 0xFF, 0x06, 0x00, 0x60, 0x1C, 0x00, 0x00},
    /* U+674F */ {0x06, 0x0F, 0xFF, 0x0F, 0x01, 0x78, 0x76, 0xEC, 0x63, 0x3F, 0xC2, 0x0C, 0x20, 0xC2, 0x0C, 0x3F, 0xC0, 0x00},
    /* U+6750 */ {0x30, 0x43, 0x04, 0xFF, 0xF3, 0x0C, 0x38, 0xC7, 0xDC, 0x73, 0x4F, 0x64, 0x34, 0x43, 0x04, 0x31, 0xC0, 0x00},
    /* U+6751 */ {0x10, 0x61, 0x06, 0xFF, 0xF3, 0x06, 0x32, 0x67, 0xB6, 0x79, 0x6D, 0x16, 0x10, 0x61, 0x06, 0x11, 0xC0, 0x00},
    /* U+6753 */ {0x32, 0x0F, 0xFE, 0x34, 0x23, 0xC2, 0x7A, 0x27, 0x92, 0x71, 0xAF, 0x02, 0x30, 0x23, 0x06, 0x31, 0xC0, 0x00},
    /* U+6756 */ {0x30, 0xCF, 0x8C, 0x37, 0xF3, 0x0C, 0x7E, 0x87, 0xA8, 0xF3, 0x8B, 0x18, 0x33, 0x83, 0x6E, 0x3C, 0x30, 0x00},
    /* U+675C */ {0x31, 0x8F, 0x98, 0x31, 0x83, 0x7E, 0x79, 0x87, 0x98, 0x71, 0x8B, 0x18, 0x31, 0x83, 0xFF, 0x30, 0x00, 0x00},
    /* U+675E */ {0x37, 0xE3, 0x02, 0xF8, 0x23, 0x02, 0x3F, 0xE7, 0xC2, 0x74, 0x0F, 0x40, 0x34, 0x33, 0x63, 0x37, 0xE0, 0x00},
    /* U+675F */ {0x7F, 0xE0, 0x60, 0x06, 0x07, 0xFE, 0x66, 0x66, 0x66, 0x3F, 0xC0, 0xF0, 0x1F, 0x87, 0x6E, 0x46, 0x20, 0x00},
    /* U+6760 */ {0x37, 0xE3, 0x18, 0xF9, 0x83, 0x18, 0x39, 0x87, 0x98, 0x71, 0x8F, 0x18, 0x31, 0x83, 0xFF, 0x30, 0x00, 0x00},
    /* U+6761 */ {0x1F, 0x83, 0x98, 0x6F, 0x00, 0xF0, 0x79, 0xE4, 0x62, 0x3F, 0xC0, 0x60, 0x36, 0x86, 0x64, 0x4E, 0x40, 0x00},
    /* U+6765 */ {0x06, 0x07, 0xFE, 0x26, 0x41, 0x6C, 0x16, 0x8F, 0xFF, 0x0F, 0x01, 0xF8, 0x36, 0xCE, 0x67, 0x06, 0x00, 0x00},
    /* U+6768 */ {0x20, 0xCF, 0x98, 0x27, 0x07, 0x7F, 0x72, 0xF6, 0x2A, 0x64, 0xAA, 0xD2, 0x23, 0x22, 0x66, 0x2C, 0xC0, 0x00},
    /* U+6769 */ {0x20, 0x4F, 0xE4, 0x24, 0x43, 0x44, 0x74, 0x47, 0xFE, 0x60, 0x2A, 0xFE, 0x20, 0x22, 0x06, 0x20, 0xC0, 0x00},
    /* U+676A */ {0x31, 0x8F, 0xBE, 0x37, 0xA3, 0x7A, 0x7D, 0x87, 0x9A, 0x71, 0xEF, 0x0C, 0x31, 0x83, 0x70, 0x3E, 0x00, 0x00},
    /* U+676D */ {0x21, 0x02, 0x7F, 0xF8, 0x03, 0x00, 0x37, 0xC7, 0xE4, 0x6E, 0x4E, 0x64, 0x26, 0x52, 0xC5, 0x28, 0x60, 0x00},
    /* U+676F */ {0x37, 0xF3, 0x08, 0xF9, 0x83, 0x1C, 0x3B, 0xE7, 0xFB, 0x7D, 0x8F, 0x18, 0x31, 0x83, 0x18, 0x31, 0x80, 0x00},
    /* U+6770 */ {0x06, 0x07, 0xFE, 0x0F, 0x01, 0xF8, 0x16, 0xC6, 0x66, 0x46, 0x20, 0x00, 0x29, 0x46, 0xD2, 0x4D, 0x20, 0x00},
    /* U+6772 */ {0x3F, 0xC2, 0x04, 0x3F, 0xC2, 0x04, 0x3F, 0xC0, 0x60, 0xFF, 0xF0, 0xF0, 0x36, 0xC6, 0x66, 0x46, 0x20, 0x00},
    /* U+6773 */ {0x06, 0x0F, 0xFF, 0x1F, 0x03, 0x6C, 0x66, 0x63, 0xFC, 0x20, 0x43, 0xFC, 0x20, 0x42, 0x04, 0x3F, 0xC0, 0x00},
    /* U+6775 */ {0x26, 0x0F, 0xFE, 0x35, 0x83, 0xD8, 0x79, 0x87, 0xFF, 0x61, 0x8E, 0x18, 0x21, 0x82, 0x18, 0x21, 0x80, 0x00},
    /* U+6777 */ {0x27, 0xE2, 0x5A, 0xFD, 0xA3, 0x5A, 0x7D, 0xA7, 0xFE, 0x64, 0x2E, 0x40, 0x24, 0x32, 0x43, 0x27, 0xE0, 0x00},
    /* U+677C */ {0x20, 0x6F, 0xBC, 0x21, 0x83, 0x0C, 0x77, 0xF7, 0x9A, 0x61, 0xAE, 0x18, 0x21, 0x82, 0x18, 0x23, 0x80, 0x00},
    /* U+677E */ {0x22, 0x42, 0x24, 0xFE, 0x63, 0x52, 0x3D, 0x27, 0x90, 0x7B, 0x4E, 0x24, 0x26, 0x62, 0x7E, 0x26, 0x20, 0x00},
    /* U+677F */ {0x27, 0xC7, 0xC0, 0x7C, 0x03, 0x7E, 0x77, 0x67, 0xD6, 0x65, 0xCA, 0x5C, 0x2D, 0xC2, 0xB6, 0x3E, 0x30, 0x00},
    /* U+6781 */ {0x2F, 0xC7, 0x2C, 0x72, 0xC3, 0x2E, 0x7E, 0x26, 0x76, 0x65, 0x4A, 0x5C, 0x2C, 0xC2, 0xBE, 0x3A, 0x30, 0x00},
    /* U+6784 */ {0x26, 0x0F, 0xFE, 0x34, 0x23, 0xF2, 0x7A, 0x27, 0xAA, 0x66, 0xAA, 0x7A, 0x20, 0x22, 0x02, 0x20, 0xE0, 0x00},
    /* U+6787 */ {0x24, 0x87, 0xC8, 0x24, 0xA3, 0x7E, 0x74, 0xC7, 0xC8, 0x64, 0x8E, 0x48, 0x24, 0xB2, 0x7B, 0x24, 0xE0, 0x00},
    /* U+6789 */ {0x27, 0xF2, 0x08, 0xF8, 0x83, 0x08, 0x78, 0x86, 0xFE, 0x60, 0x8E, 0x08, 0x20, 0x82, 0xFF, 0x20, 0x00, 0x00},
    /* U+678B */ {0x30, 0x83, 0x7F, 0xFB, 0x03, 0x30, 0x33, 0xE7, 0xB2, 0x7A, 0x2F, 0x22, 0x36, 0x23, 0x46, 0x3C, 0xC0, 0x00},
    /* U+6790 */ {0x33, 0xC3, 0x20, 0xFE, 0x03, 0x20, 0x33, 0xF7, 0xE4, 0x7E, 0x4F, 0x64, 0xB6, 0x43, 0x44, 0x34, 0x40, 0x00},
    /* U+6795 */ {0x21, 0x0F, 0x90, 0x3F, 0xE3, 0x52, 0x71, 0x87, 0xB8, 0x63, 0x8A, 0x28, 0x26, 0x92, 0xCB, 0x28, 0xE0, 0x00},
    /* U+6797 */ {0x10, 0x81, 0x08, 0xFF, 0xE3, 0x1C, 0x39, 0xC7, 0xDC, 0x73, 0xED, 0x6A, 0x14, 0xB1, 0x08, 0x10, 0x80, 0x00},
    /* U+6798 */ {0x21, 0x8F, 0x98, 0x27, 0xE3, 0x5A, 0x7D, 0xA6, 0x5A, 0x67, 0xEA, 0x66, 0x24, 0x22, 0x42, 0x24, 0xE0, 0x00},
    /* U+679A */ {0x33, 0x03, 0x3F, 0xFE, 0x63, 0x64, 0x37, 0x47, 0xBC, 0x79, 0x8F, 0x18, 0xB3, 0xC3, 0x66, 0x3C, 0x30, 0x00},
    /* U+679C */ {0x3F, 0xC2, 0x64, 0x3F, 0xC2, 0x64, 0x3F, 0xC0, 0x60, 0x7F, 0xE0, 0xF0, 0x36, 0xC6, 0x66, 0x46, 0x00, 0x00},
    /* U+679D */ {0x21, 0x8F, 0xFE, 0x21, 0x83, 0x18, 0x77, 0xE7, 0xE6, 0x62, 0x4A, 0x3C, 0x21, 0x82, 0x7E, 0x2C, 0x30, 0x00},
    /* U+679E */ {0x26, 0xC2, 0x6C, 0xFE, 0xC2, 0x4C, 0x76, 0xC7, 0xEC, 0x67, 0xCE, 0xDC, 0x2D, 0x62, 0xB2, 0x3A, 0x20, 0x00},
    /* U+67A2 */ {0x24, 0x0F, 0xE6, 0x27, 0x43, 0x5C, 0x7C, 0xC7, 0xCC, 0x65, 0xCE, 0x56, 0x27, 0x22, 0x40, 0x27, 0xF0, 0x00},
    /* U+67A3 */ {0x7F, 0xE0, 0x60, 0x7F, 0xE6, 0x66, 0x6F, 0x47, 0x6E, 0xFC, 0x70, 0x78, 0x30, 0x01, 0xF8, 0x01, 0xC0, 0x00},
    /* U+67A5 */ {0x24, 0x07, 0xD8, 0x25, 0x83, 0x7E, 0x75, 0xA7, 0xD2, 0x6D, 0x2E, 0xD2, 0x2D, 0x22, 0xB6, 0x3A, 0xC0, 0x00},
    /* U+67A7 */ {0x24, 0x67, 0xD6, 0x25, 0x63, 0x56, 0x75, 0x67, 0xD6, 0x65, 0x0E, 0x38, 0x23, 0xB2, 0x6B, 0x2C, 0xE0, 0x00},
    /* U+67A8 */ {0x22, 0x62, 0x24, 0xF2, 0xC2, 0x30, 0x7F, 0xF7, 0xA8, 0x62, 0xCE, 0x24, 0x22, 0x42, 0x3A, 0x26, 0x20, 0x00},
    /* U+67AA */ {0x23, 0x82, 0x2C, 0xFE, 0x42, 0xC6, 0x7F, 0xE7, 0xE4, 0x66, 0x4E, 0x7C, 0x26, 0x22, 0x62, 0x23, 0xE0, 0x00},
    /* U+67AB */ {0x24, 0x6F, 0xCE, 0x26, 0xC7, 0x7C, 0x7D, 0xE6, 0xD6, 0xED, 0xEA, 0xFE, 0x2E, 0xE2, 0xE3, 0x38, 0x20, 0x00},
    /* U+67AD */ {0x3F, 0xC2, 0xC4, 0x27, 0xC2, 0x00, 0x3F, 0xE0, 0x42, 0x7F, 0xE0, 0xEE, 0x35, 0x86, 0x4E, 0x04, 0x00, 0x00},
    /* U+67AF */ {0x21, 0x8F, 0x98, 0x2F, 0xF3, 0x18, 0x79, 0x87, 0x7E, 0xE4, 0x2A, 0x42, 0x24, 0x22, 0x7E, 0x24, 0x20, 0x00},
    /* U+67B0 */ {0x27, 0xE2, 0x18, 0xFD, 0xA3, 0x7E, 0x73, 0xC6, 0xFF, 0xE1, 0x8A, 0x18, 0x21, 0x82, 0x18, 0x21, 0x80, 0x00},
    /* U+67B3 */ {0x37, 0xE3, 0x62, 0xFE, 0x23, 0x62, 0x36, 0x27, 0xFE, 0x70, 0x0B, 0x26, 0x36, 0x63, 0x62, 0x34, 0x30, 0x00},
    /* U+67B5 */ {0x24, 0x2F, 0xC2, 0x27, 0xE3, 0x00, 0x7F, 0xF7, 0x60, 0xE7, 0xEA, 0x02, 0x20, 0x22, 0x06, 0x21, 0xC0, 0x00},
    /* U+67B6 */ {0xFD, 0xE2, 0x72, 0x27, 0x26, 0xF2, 0xD9, 0xE0, 0x60, 0x7F, 0xE0, 0xF0, 0x1F, 0x87, 0x6E, 0x46, 0x20, 0x00},
    /* U+67B7 */ {0x24, 0x02, 0x4E, 0xFF, 0xA2, 0x5A, 0x75, 0xA7, 0x5A, 0x75, 0xAE, 0xDA, 0x2D, 0xA2, 0xBE, 0x2E, 0xA0, 0x00},
    /* U+67B8 */ {0x26, 0x0F, 0xFE, 0x24, 0x23, 0xFA, 0x7C, 0xA7, 0xCA, 0x64, 0xAE, 0x7A, 0x24, 0x22, 0x02, 0x21, 0xE0, 0x00},
    /* U+67C1 */ {0x21, 0x8F, 0xFF, 0x24, 0x33, 0x60, 0x72, 0x67, 0xBC, 0x63, 0x0A, 0x20, 0x22, 0x32, 0x23, 0x23, 0xE0, 0x00},
    /* U+67C3 */ {0x23, 0x87, 0xAC, 0x37, 0x63, 0xDB, 0x78, 0x87, 0xFE, 0x60, 0x4E, 0x0C, 0x23, 0x82, 0x18, 0x20, 0x80, 0x00},
    /* U+67C4 */ {0x27, 0xF2, 0x18, 0x7F, 0xE2, 0x5A, 0x35, 0xA7, 0xDA, 0x65, 0x6E, 0x66, 0x24, 0x22, 0x42, 0x24, 0x60, 0x00},
    /* U+67CF */ {0x21, 0x0F, 0xFE, 0x24, 0x27, 0x42, 0x74, 0x27, 0xFE, 0x64, 0x2A, 0x42, 0x24, 0x22, 0x7E, 0x24, 0x20, 0x00},
    /* U+67D0 */ {0x7F, 0xE1, 0x08, 0x1F, 0x81, 0x08, 0x1F, 0x80, 0x60, 0xFF, 0xF0, 0xF0, 0x1F, 0x86, 0x66, 0x46, 0x20, 0x00},
    /* U+67D1 */ {0x26, 0x6F, 0xE6, 0x2F, 0xF3, 0x66, 0x7E, 0x66, 0xFE, 0x66, 0x6A, 0x66, 0x26, 0x62, 0x7E, 0x26, 0x60, 0x00},
    /* U+67D2 */ {0x12, 0xE6, 0xFE, 0x32, 0x03, 0x22, 0x63, 0xE0, 0x60, 0x7F, 0xE0, 0xF0, 0x3F, 0xC6, 0x66, 0x46, 0x20, 0x00},
    /* U+67D3 */ {0x0F, 0xC6, 0x2C, 0x26, 0xC2, 0x4F, 0x78, 0xE4, 0x60, 0xFF, 0xF0, 0xF0, 0x1F, 0x87, 0x6E, 0x46, 0x20, 0x00},
    /* U+67D4 */ {0x09, 0xC0, 0xF0, 0x7F, 0xE1, 0xE6, 0x32, 0xC4, 0xE0, 0x06, 0x0F, 0xFF, 0x1F, 0x87, 0x6E, 0x46, 0x20, 0x00},
    /* U+67D8 */ {0x2F, 0xF2, 0x30, 0xFB, 0x03, 0x20, 0x7F, 0xE6, 0xE2, 0xEE, 0x2A, 0x62, 0x26, 0x22, 0x7E, 0x26, 0x20, 0x00},
    /* U+67D9 */ {0x27, 0xEF, 0xDA, 0x25, 0xA7, 0x7E, 0x7D, 0xA7, 0xDA, 0xE7, 0xEA, 0x5A, 0x21, 0x82, 0x18, 0x21, 0x80, 0x00},
    /* U+67DA */ {0x21, 0x8F, 0x98, 0x27, 0xE3, 0x5A, 0x7D, 0xA7, 0x7E, 0xE5, 0xAA, 0x5A, 0x25, 0xA2, 0x7E, 0x24, 0x20, 0x00},
    /* U+67DC */ {0x27, 0xE7, 0xC0, 0x7C, 0x03, 0x7E, 0x74, 0x67, 0xC6, 0x67, 0xEA, 0x40, 0x24, 0x02, 0x7F, 0x20, 0x00, 0x00},
    /* U+67DD */ {0x33, 0xCF, 0xE0, 0x36, 0x03, 0x7F, 0x76, 0xC7, 0xFC, 0x77, 0xCF, 0x6E, 0x34, 0xE3, 0xCC, 0x38, 0xC0, 0x00},
    /* U+67DE */ {0x32, 0x0F, 0xFF, 0x35, 0x03, 0xD0, 0x79, 0xE7, 0x90, 0x71, 0x0F, 0x1E, 0x31, 0x03, 0x10, 0x31, 0x00, 0x00},
    /* U+67E0 */ {0x20, 0x8F, 0xFF, 0x24, 0x33, 0x00, 0x7F, 0xF7, 0x88, 0x60, 0x8E, 0x08, 0x20, 0x82, 0x18, 0x23, 0x80, 0x00},
    /* U+67E2 */ {0x27, 0x8F, 0xC8, 0x34, 0x83, 0x48, 0x77, 0xF7, 0xC8, 0x64, 0x8E, 0x4C, 0x25, 0x52, 0x7F, 0x26, 0xE0, 0x00},
    /* U+67E5 */ {0x06, 0x0F, 0xFE, 0x1F, 0x03, 0x6C, 0x64, 0x63, 0xFC, 0x3F, 0xC3, 0x0C, 0x3F, 0xC0, 0x00, 0x7F, 0xE0, 0x00},
    /* U+67E9 */ {0x27, 0xF2, 0x50, 0x7D, 0xE2, 0x54, 0x76, 0x47, 0xEC, 0x6C, 0xCE, 0x5A, 0xA7, 0x22, 0x40, 0x27, 0xF0, 0x00},
    /* U+67EC */ {0x7F, 0xE0, 0x60, 0x3F, 0xE7, 0x6E, 0x7F, 0xE6, 0xF6, 0x3F, 0xE0, 0xF0, 0x1F, 0x86, 0x66, 0x46, 0x20, 0x00},
    /* U+67EF */ {0x27, 0xF2, 0x06, 0xFF, 0xE3, 0x5E, 0x75, 0xE7, 0xDE, 0xE7, 0xEA, 0x46, 0x20, 0x62, 0x06, 0x21, 0xC0, 0x00},
    /* U+67F0 */ {0x06, 0x07, 0xFE, 0x1F, 0x87, 0x6E, 0x5F, 0xA0, 0x00, 0x7F, 0xE0, 0x60, 0x36, 0xC6, 0x66, 0x4E, 0x20, 0x00},
    /* U+67F1 */ {0x20, 0x8F, 0xFE, 0x21, 0x83, 0x18, 0x71, 0x87, 0xFE, 0x69, 0x8E, 0x18, 0x21, 0x82, 0x18, 0x2F, 0xF0, 0x00},
    /* U+67F3 */ {0x2C, 0xE2, 0xAA, 0xFB, 0xA2, 0xBA, 0x7B, 0xA7, 0xBA, 0x6A, 0xAE, 0xEA, 0x2A, 0xE2, 0x48, 0x2C, 0x80, 0x00},
    /* U+67F4 */ {0x53, 0x65, 0xFC, 0x53, 0x05, 0xF3, 0xFD, 0xE0, 0x60, 0x7F, 0xE0, 0xF0, 0x37, 0xC6, 0x66, 0x46, 0x20, 0x00},
    /* U+67FD */ {0x27, 0xE2, 0x64, 0xFB, 0xC2, 0x18, 0x77, 0xE7, 0xF7, 0x61, 0x8E, 0x7E, 0x21, 0x82, 0x18, 0x2F, 0xF0, 0x00},
    /* U+67FF */ {0x21, 0x8E, 0xFF, 0x21, 0x87, 0x7E, 0x75, 0xA7, 0xDA, 0x65, 0xAE, 0x5A, 0x25, 0xE2, 0x18, 0x21, 0x80, 0x00},
    /* U+6800 */ {0x27, 0xC2, 0x40, 0xFF, 0xF3, 0x40, 0x7F, 0xE6, 0xE2, 0x6E, 0x2A, 0xEE, 0x2A, 0x02, 0xA3, 0x3B, 0xE0, 0x00},
    /* U+6805 */ {0x2F, 0xA2, 0xFA, 0xFF, 0xA6, 0xFA, 0x7F, 0xF7, 0xFA, 0x6F, 0xAE, 0xBA, 0x2B, 0xA2, 0xBA, 0x3F, 0x60, 0x00},
    /* U+6807 */ {0x37, 0xE3, 0x00, 0xF8, 0x03, 0x00, 0x37, 0xF7, 0x98, 0x7B, 0xEF, 0x7A, 0x35, 0xA3, 0xDA, 0x33, 0x80, 0x00},
    /* U+6808 */ {0x23, 0x47, 0xBE, 0x27, 0x03, 0x12, 0x7F, 0xE7, 0xF2, 0xE1, 0xEA, 0x0C, 0x21, 0xB2, 0x7F, 0x2C, 0x60, 0x00},
    /* U+6809 */ {0x2F, 0xF2, 0x24, 0xF8, 0x03, 0x7E, 0x73, 0x27, 0xB2, 0xE3, 0x2A, 0x32, 0x23, 0xE2, 0x30, 0x23, 0x00, 0x00},
    /* U+680A */ {0x22, 0x4F, 0xA0, 0x27, 0xF7, 0x28, 0x72, 0xA7, 0xAE, 0xE6, 0xCA, 0x6C, 0x25, 0x82, 0xFB, 0x2A, 0xE0, 0x00},
    /* U+680B */ {0x23, 0x02, 0xFF, 0xFA, 0x02, 0x78, 0x75, 0x87, 0xFE, 0x61, 0x8E, 0x5E, 0x25, 0xA2, 0x9B, 0x23, 0x00, 0x00},
    /* U+680C */ {0x21, 0xE2, 0x10, 0xFF, 0xE3, 0x42, 0x74, 0x26, 0xFE, 0xE4, 0x2A, 0x40, 0x2C, 0x02, 0x80, 0x28, 0x00, 0x00},
    /* U+680E */ {0x27, 0xC2, 0x40, 0xFD, 0x83, 0x58, 0x7F, 0xE7, 0x98, 0x65, 0xCE, 0x5A, 0x25, 0xA2, 0x9B, 0x23, 0x80, 0x00},
    /* U+680F */ {0x22, 0x47, 0xBC, 0x37, 0xE3, 0x00, 0x70, 0x07, 0x80, 0x67, 0xEE, 0x00, 0x20, 0x02, 0xFF, 0x20, 0x00, 0x00},
    /* U+6811 */ {0x2E, 0x62, 0x26, 0xF3, 0xF2, 0xA6, 0x76, 0xE7, 0x6E, 0x66, 0xEE, 0x66, 0x2C, 0x62, 0x86, 0x20, 0xE0, 0x00},
    /* U+6813 */ {0x23, 0x8F, 0xA4, 0x34, 0x63, 0xFF, 0x79, 0x87, 0x98, 0x67, 0xEE, 0x18, 0x21, 0x82, 0x18, 0x2F, 0xF0, 0x00},
    /* U+6816 */ {0x2F, 0xFF, 0x38, 0x27, 0xE7, 0x7A, 0x7F, 0xA6, 0xEA, 0xE6, 0xEA, 0x42, 0x24, 0x22, 0x7E, 0x24, 0x20, 0x00},
    /* U+6817 */ {0x7F, 0xE0, 0x90, 0x7F, 0xE6, 0x96, 0x7F, 0xE0, 0x60, 0xFF, 0xF0, 0xF0, 0x1F, 0x87, 0x6E, 0x46, 0x20, 0x00},
    /* U+681D */ {0x27, 0x8F, 0x98, 0x21, 0x83, 0xFF, 0x71, 0x87, 0x98, 0x67, 0xEA, 0x42, 0x24, 0x22, 0x42, 0x27, 0xE0, 0x00},
    /* U+6821 */ {0x21, 0x82, 0x7F, 0x7A, 0x43, 0x66, 0x7E, 0x67, 0xAC, 0x63, 0xCE, 0x18, 0x21, 0x82, 0x6E, 0x2C, 0x30, 0x00},
    /* U+6829 */ {0x22, 0x2F, 0x2A, 0x6E, 0xA6, 0x6E, 0x72, 0x27, 0x26, 0xE6, 0xEA, 0xBA, 0x22, 0x22, 0x22, 0x26, 0xE0, 0x00},
    /* U+682A */ {0x27, 0x8F, 0xFE, 0x35, 0x83, 0x58, 0x71, 0x87, 0xFF, 0x61, 0xCE, 0x3C, 0x27, 0xE2, 0xDB, 0x21, 0x80, 0x00},
    /* U+6832 */ {0x27, 0xE3, 0x16, 0xF9, 0xC3, 0xFF, 0x7B, 0x07, 0xFE, 0x7E, 0x0E, 0x3E, 0x20, 0x22, 0x06, 0x21, 0xE0, 0x00},
    /* U+6833 */ {0x21, 0x2F, 0xFE, 0x21, 0x43, 0xFF, 0x71, 0x87, 0x36, 0xE7, 0xCA, 0xF8, 0x22, 0x32, 0x23, 0x23, 0xE0, 0x00},
    /* U+6837 */ {0x22, 0x4F, 0xFE, 0x21, 0x83, 0x18, 0x77, 0xE7, 0x98, 0x61, 0x8A, 0xFF, 0x21, 0x82, 0x18, 0x21, 0x80, 0x00},
    /* U+6838 */ {0x20, 0x8F, 0x7F, 0x23, 0x03, 0x24, 0x77, 0xC7, 0x9A, 0x63, 0x6A, 0x4C, 0x21, 0xC2, 0x76, 0x2C, 0x20, 0x00},
    /* U+6839 */ {0x27, 0xE2, 0x46, 0xFF, 0xE3, 0x46, 0x77, 0xE7, 0xD2, 0x65, 0xEA, 0x4C, 0x24, 0xC2, 0x76, 0x26, 0x20, 0x00},
    /* U+683C */ {0x33, 0xE3, 0x66, 0xFF, 0x43, 0xD8, 0x31, 0xC7, 0xE7, 0x7F, 0xEF, 0x66, 0x36, 0x63, 0x7E, 0x26, 0x20, 0x00},
    /* U+683D */ {0x7D, 0x61, 0x12, 0x11, 0x0F, 0xFF, 0x11, 0x27, 0xFE, 0x19, 0xC3, 0xD8, 0x75, 0x95, 0x3F, 0x14, 0x60, 0x00},
    /* U+683E */ {0x7F, 0xE0, 0x90, 0x29, 0xC6, 0x96, 0x49, 0x20, 0x60, 0xFF, 0xF0, 0xF0, 0x1F, 0xC7, 0x67, 0x46, 0x20, 0x00},
    /* U+6840 */ {0x3F, 0xE6, 0xEC, 0xFA, 0xC1, 0xBE, 0x30, 0xC6, 0x64, 0xFF, 0xF0, 0xF0, 0x3F, 0xC6, 0x66, 0x46, 0x20, 0x00},
    /* U+6841 */ {0x25, 0xE7, 0xC0, 0x7A, 0x06, 0x7F, 0x7C, 0x47, 0xC4, 0xE4, 0x4A, 0x44, 0x24, 0x42, 0x44, 0x24, 0xC0, 0x00},
    /* U+6842 */ {0x21, 0x8F, 0xFE, 0x21, 0x83, 0x18, 0x7F, 0xF7, 0x00, 0xE7, 0xEA, 0x18, 0x21, 0x82, 0x18, 0x2F, 0xF0, 0x00},
    /* U+6843 */ {0x22, 0x8F, 0xEA, 0x26, 0xE7, 0x6C, 0x72, 0xC6, 0x6E, 0xEE, 0xEA, 0xA8, 0x26, 0x92, 0x49, 0x28, 0xE0, 0x00},
    /* U+6844 */ {0x25, 0xA2, 0x5A, 0xFF, 0xE2, 0x18, 0x7F, 0xF7, 0xAC, 0x62, 0xCE, 0x2C, 0x26, 0xD2, 0x4F, 0x28, 0xE0, 0x00},
    /* U+6845 */ {0x27, 0xC2, 0x4C, 0xFF, 0xF3, 0xC0, 0x75, 0xE7, 0xD2, 0x65, 0x2A, 0x56, 0x25, 0x02, 0xD3, 0x29, 0xE0, 0x00},
    /* U+6846 */ {0x2F, 0xF2, 0xC0, 0xFF, 0xE3, 0xC8, 0x7F, 0xE6, 0xC8, 0xEC, 0x8A, 0xFE, 0x2C, 0x02, 0xFF, 0x20, 0x00, 0x00},
    /* U+6848 */ {0x7F, 0xE4, 0xC2, 0x7F, 0xE1, 0x18, 0x3F, 0x00, 0xDE, 0x06, 0x0F, 0xFF, 0x1F, 0x87, 0x6E, 0xC6, 0x30, 0x00},
    /* U+6849 */ {0x21, 0x8F, 0xFE, 0x2D, 0x23, 0x30, 0x7F, 0xF7, 0x24, 0x66, 0x4A, 0x7C, 0x21, 0xC2, 0x7E, 0x2E, 0x20, 0x00},
    /* U+684A */ {0x16, 0x87, 0xFE, 0x0C, 0x07, 0xFE, 0x11, 0x86, 0x6E, 0xFF, 0xF0, 0xF0, 0x1F, 0x87, 0x6C, 0x06, 0x00, 0x00},
    /* U+684C */ {0x07, 0xE0, 0x60, 0x3F, 0xC3, 0xFC, 0x20, 0x43, 0xFC, 0x06, 0x0F, 0xFF, 0x1F, 0x87, 0x6E, 0xC6, 0x20, 0x00},
    /* U+684E */ {0x21, 0x0F, 0xB4, 0x26, 0x63, 0x7E, 0x79, 0x86, 0x18, 0xE7, 0xEA, 0x18, 0x21, 0x82, 0x18, 0x2F, 0xF0, 0x00},
    /* U+6850 */ {0x27, 0xE2, 0x42, 0xFF, 0xE3, 0x42, 0x77, 0xE7, 0xF6, 0x67, 0x6A, 0x7E, 0x26, 0x22, 0x42, 0x24, 0x60, 0x00},
    /* U+6851 */ {0x19, 0x81, 0xF0, 0x38, 0xC7, 0xBE, 0x7B, 0xC7, 0xBE, 0x46, 0x2F, 0xFF, 0x1F, 0x87, 0x6E, 0x46, 0x20, 0x00},
    /* U+6853 */ {0x27, 0xFF, 0x80, 0x27, 0xE3, 0x42, 0x7C, 0x27, 0x7E, 0xE4, 0x2A, 0x7E, 0x20, 0x02, 0xFF, 0x20, 0x00, 0x00},
    /* U+6854 */ {0x21, 0x8F, 0xFF, 0x21, 0x83, 0x18, 0x77, 0xE7, 0x80, 0x67, 0xEA, 0x42, 0x24, 0x22, 0x7E, 0x24, 0x20, 0x00},
    /* U+6855 */ {0x27, 0x07, 0xEE, 0x34, 0x23, 0x42, 0x7F, 0xE6, 0xC2, 0x64, 0x2A, 0x42, 0x24, 0x22, 0x7E, 0x24, 0x20, 0x00},
    /* U+6860 */ {0x2F, 0xE2, 0x28, 0xFA, 0x82, 0xAA, 0x7E, 0xA7, 0xEE, 0x66, 0xEA, 0x6C, 0x22, 0x82, 0xFF, 0x20, 0x00, 0x00},
    /* U+6861 */ {0x23, 0xEF, 0xF6, 0x21, 0xE3, 0x3A, 0x7E, 0xE7, 0x00, 0x6F, 0xFA, 0x28, 0x22, 0x82, 0x6B, 0x2C, 0xE0, 0x00},
    /* U+6862 */ {0x21, 0xF2, 0x10, 0xFF, 0xE2, 0x42, 0x75, 0xA7, 0xDA, 0x65, 0xAE, 0x52, 0x25, 0x02, 0x6C, 0x2C, 0x20, 0x00},
    /* U+6863 */ {0x25, 0xA2, 0x5E, 0xFF, 0xC3, 0x18, 0x7F, 0xE7, 0x82, 0x67, 0xEA, 0x02, 0x20, 0x22, 0xFE, 0x20, 0x20, 0x00},
    /* U+6864 */ {0x2D, 0x2F, 0xD2, 0x2F, 0xE7, 0x00, 0x7F, 0xE7, 0x02, 0x60, 0x2E, 0x7E, 0x24, 0x02, 0x43, 0x27, 0xE0, 0x00},
    /* U+6865 */ {0x27, 0xC2, 0x10, 0xFF, 0xF3, 0x24, 0x76, 0x67, 0xE7, 0x62, 0x4E, 0x24, 0x22, 0x42, 0x64, 0x2C, 0x40, 0x00},
    /* U+6866 */ {0x26, 0xEF, 0xCC, 0x2D, 0x87, 0xF8, 0x74, 0xB7, 0xCE, 0x61, 0x8A, 0xFF, 0x21, 0x82, 0x18, 0x21, 0x80, 0x00},
    /* U+6867 */ {0x23, 0x87, 0xAC, 0x24, 0x63, 0xFE, 0x70, 0x07, 0x80, 0x67, 0xEE, 0x34, 0x22, 0x42, 0x7E, 0x2E, 0x20, 0x00},
    /* U+6868 */ {0x53, 0xE7, 0xE2, 0x13, 0x47, 0x18, 0x5F, 0x00, 0x60, 0x7F, 0xE0, 0xF0, 0x1F, 0x86, 0x66, 0x46, 0x20, 0x00},
    /* U+6869 */ {0x20, 0x8F, 0xFF, 0x24, 0x83, 0x48, 0x74, 0x87, 0xFE, 0x64, 0x8A, 0x48, 0x2C, 0x82, 0xFF, 0x28, 0x00, 0x00},
    /* U+686B */ {0x2C, 0xC2, 0x5E, 0xF1, 0xE2, 0xFF, 0x76, 0xC7, 0x0E, 0x64, 0xEE, 0x46, 0x2C, 0xC2, 0x98, 0x2B, 0x00, 0x00},
    /* U+6874 */ {0x25, 0x2F, 0xD6, 0x27, 0xC3, 0x7E, 0x70, 0xC7, 0x88, 0x61, 0x8E, 0xFE, 0xA1, 0x82, 0x18, 0x23, 0x00, 0x00},
    /* U+6876 */ {0x20, 0xEF, 0xBC, 0x21, 0x87, 0xFE, 0x7D, 0x26, 0xFE, 0xED, 0x2A, 0xFE, 0x2D, 0x22, 0xD2, 0x2D, 0x60, 0x00},
    /* U+6877 */ {0x23, 0xC7, 0xEC, 0x2F, 0xE3, 0x4A, 0x77, 0xE7, 0xCA, 0x64, 0xAE, 0x7E, 0x24, 0xA2, 0xCA, 0x28, 0xE0, 0x00},
    /* U+6881 */ {0x43, 0x46, 0xA6, 0x3A, 0xE2, 0x6E, 0x4D, 0x80, 0x60, 0xFF, 0xF0, 0xF0, 0x1F, 0x86, 0x6E, 0x46, 0x20, 0x00},
    /* U+6883 */ {0x27, 0xCF, 0x44, 0x64, 0x47, 0xFE, 0x72, 0x46, 0xA4, 0xEE, 0x4A, 0x5E, 0x26, 0x02, 0xF0, 0x39, 0xF0, 0x00},
    /* U+6885 */ {0x27, 0xE2, 0xC0, 0xFF, 0xE2, 0x52, 0x74, 0xA7, 0xFF, 0x65, 0x2A, 0x5E, 0x27, 0xF2, 0x06, 0x20, 0xC0, 0x00},
    /* U+6886 */ {0x26, 0xAF, 0xFA, 0x26, 0xA6, 0x6A, 0x7F, 0xE7, 0x6A, 0xEF, 0xBA, 0x4B, 0x24, 0xE2, 0xC8, 0x28, 0x80, 0x00},
    /* U+688F */ {0x27, 0x8F, 0xFE, 0x25, 0x83, 0x58, 0x7F, 0xF7, 0x80, 0x67, 0xEA, 0x42, 0x24, 0x22, 0x7E, 0x24, 0x20, 0x00},
    /* U+6893 */ {0x21, 0x8F, 0xFE, 0x22, 0x43, 0x2C, 0x7F, 0xF7, 0x18, 0x61, 0x8E, 0x7E, 0x21, 0x82, 0x18, 0x21, 0x80, 0x00},
    /* U+6897 */ {0x2F, 0xFF, 0x98, 0x2F, 0xE3, 0xDA, 0x7F, 0xE7, 0xDA, 0xE7, 0xEA, 0x50, 0x27, 0x02, 0x78, 0x3C, 0xF0, 0x00},
    /* U+68A2 */ {0x25, 0xAF, 0xFE, 0x21, 0x83, 0x7E, 0x74, 0x27, 0xFE, 0x64, 0x2A, 0x7E, 0x24, 0x22, 0x42, 0x24, 0xE0, 0x00},
    /* U+68A6 */ {0xFF, 0xF3, 0x9C, 0x7F, 0xED, 0x6B, 0x14, 0x81, 0xFC, 0x30, 0xC6, 0xD8, 0x07, 0x01, 0xC0, 0x70, 0x00, 0x00},
    /* U+68A7 */ {0x23, 0x0F, 0xB0, 0x27, 0xE3, 0x26, 0x7F, 0xF6, 0x00, 0xE7, 0xEA, 0x42, 0x24, 0x22, 0x7E, 0x24, 0x20, 0x00},
    /* U+68A8 */ {0x79, 0x27, 0xD2, 0x39, 0x27, 0x52, 0x50, 0xE0, 0x60, 0xFF, 0xF0, 0xF0, 0x1F, 0x86, 0x6E, 0x46, 0x20, 0x00},
    /* U+68AD */ {0x22, 0x4F, 0xFE, 0x22, 0xC3, 0x66, 0x7D, 0x27, 0xB0, 0x67, 0xEE, 0xE4, 0x23, 0x82, 0x3C, 0x2E, 0x70, 0x00},
    /* U+68AF */ {0x22, 0x4F, 0xFE, 0x21, 0xA3, 0x7E, 0x75, 0x87, 0xD8, 0x67, 0xFE, 0x3B, 0x27, 0xA2, 0xDE, 0x21, 0x80, 0x00},
    /* U+68B0 */ {0x20, 0xA2, 0xFF, 0x70, 0x82, 0x7A, 0x77, 0xA7, 0xFE, 0x67, 0xEE, 0x74, 0x2F, 0xD2, 0x9F, 0x21, 0x20, 0x00},
    /* U+68B3 */ {0x21, 0x8F, 0xFE, 0x22, 0x47, 0x6E, 0x7F, 0xE6, 0x54, 0xE5, 0x4A, 0x54, 0x25, 0x52, 0xD5, 0x39, 0x60, 0x00},
    /* U+68B5 */ {0xFF, 0xF3, 0x1C, 0x7B, 0xE5, 0x6B, 0x10, 0x81, 0xF8, 0x11, 0x81, 0xD8, 0x37, 0x96, 0x3B, 0x40, 0xE0, 0x00},
    /* U+68C0 */ {0x23, 0x8F, 0x6C, 0x2C, 0x67, 0xFF, 0x70, 0x07, 0x52, 0xE5, 0x6A, 0x54, 0x20, 0xC2, 0xFE, 0x20, 0x00, 0x00},
    /* U+68C2 */ {0x20, 0x2F, 0xFE, 0x20, 0x23, 0x7E, 0x71, 0x07, 0x52, 0x65, 0x6A, 0xDC, 0x23, 0x82, 0x66, 0x2C, 0x30, 0x00},
    /* U+68C9 */ {0x27, 0xE2, 0x42, 0xFF, 0xE3, 0x42, 0x37, 0xE7, 0x98, 0x67, 0xEE, 0x5A, 0x25, 0xA2, 0x5E, 0x21, 0x80, 0x00},
    /* U+68CB */ {0x22, 0x4E, 0xFF, 0x22, 0x47, 0x3C, 0x72, 0x46, 0x3C, 0xE2, 0x4A, 0xFF, 0x22, 0x42, 0x66, 0x2C, 0x30, 0x00},
    /* U+68CD */ {0x24, 0x22, 0x7E, 0xFC, 0x23, 0x7E, 0x70, 0x86, 0xC8, 0xE7, 0xEA, 0x48, 0x24, 0x82, 0x7B, 0x2E, 0xE0, 0x00},
    /* U+68D2 */ {0x2F, 0xE2, 0x10, 0x77, 0xE3, 0xFE, 0x77, 0x47, 0x56, 0x6F, 0xFE, 0x10, 0x27, 0xE2, 0x10, 0x21, 0x00, 0x00},
    /* U+68D5 */ {0x21, 0x8F, 0xFF, 0x2C, 0x37, 0x7E, 0x70, 0x07, 0xFF, 0xE1, 0x8A, 0x5E, 0x2D, 0xA2, 0x9B, 0x23, 0x00, 0x00},
    /* U+68D8 */ {0xFF, 0xF1, 0x08, 0x7F, 0xE5, 0x6A, 0x56, 0xA7, 0xEE, 0x31, 0xC7, 0x9C, 0x76, 0xAD, 0x6B, 0x10, 0x80, 0x00},
    /* U+68DA */ {0x2E, 0xEF, 0xAA, 0x2E, 0xE6, 0xAA, 0x7A, 0xA7, 0xAA, 0xEE, 0xEA, 0xBA, 0x2B, 0xA3, 0xBA, 0x37, 0x60, 0x00},
    /* U+68E0 */ {0x36, 0xC7, 0xFE, 0x40, 0x25, 0xFE, 0x10, 0xC1, 0xF8, 0x06, 0x07, 0xFE, 0x1F, 0x87, 0x6E, 0x46, 0x20, 0x00},
    /* U+68E3 */ {0x27, 0xE2, 0x12, 0xFF, 0xF2, 0x12, 0x77, 0xE7, 0x92, 0x65, 0xEA, 0x7C, 0x27, 0x42, 0xD3, 0x23, 0x00, 0x00},
    /* U+68EE */ {0x7F, 0xE0, 0xF0, 0x1F, 0x87, 0x6E, 0x46, 0x21, 0x08, 0xFF, 0xF3, 0x9C, 0x7B, 0xED, 0x6B, 0x10, 0x80, 0x00},
    /* U+68F0 */ {0x27, 0xC2, 0x10, 0xFF, 0xE2, 0x54, 0x75, 0x47, 0xFF, 0x75, 0x4E, 0xFE, 0x21, 0x02, 0x10, 0x27, 0xE0, 0x00},
    /* U+68F1 */ {0x27, 0xE7, 0x18, 0x71, 0x82, 0xFF, 0x76, 0xE7, 0xF3, 0x67, 0xEE, 0xEC, 0x21, 0x82, 0x7C, 0x2C, 0x70, 0x00},
    /* U+68F5 */ {0x25, 0xAF, 0xDA, 0x27, 0xE3, 0x5A, 0x77, 0xE7, 0x98, 0x6F, 0xFA, 0x3C, 0x27, 0xE2, 0xDB, 0x21, 0x80, 0x00},
    /* U+68F9 */ {0x21, 0xF2, 0x10, 0xF7, 0xE3, 0x42, 0x7F, 0xE7, 0xC2, 0xE7, 0xEA, 0x18, 0x2F, 0xF2, 0x18, 0x21, 0x80, 0x00},
    /* U+68FA */ {0x27, 0xE2, 0x42, 0xFC, 0x23, 0x64, 0x36, 0x47, 0xFC, 0x76, 0x0E, 0x7E, 0x26, 0x22, 0x7E, 0x26, 0x20, 0x00},
    /* U+68FC */ {0xFF, 0xF3, 0x9C, 0x7B, 0xED, 0x6A, 0x19, 0x81, 0x98, 0x70, 0xEF, 0xFA, 0x08, 0x81, 0x88, 0x63, 0x80, 0x00},
    /* U+6901 */ {0x2F, 0xE2, 0x00, 0xFF, 0xE2, 0x42, 0x77, 0xE7, 0xFE, 0xE0, 0xCA, 0xFF, 0x21, 0x82, 0x18, 0x23, 0x00, 0x00},
    /* U+6905 */ {0x27, 0xE2, 0x18, 0xFB, 0xC2, 0x66, 0x7F, 0xF7, 0x7E, 0x64, 0xEA, 0x4E, 0x27, 0xE2, 0x46, 0x20, 0xE0, 0x00},
    /* U+690B */ {0x27, 0xFF, 0x80, 0x27, 0xE3, 0x42, 0x7C, 0x26, 0x7E, 0xE1, 0x8A, 0x7E, 0x25, 0xA2, 0xDA, 0x23, 0x00, 0x00},
    /* U+690D */ {0x2F, 0xEF, 0x10, 0x27, 0xE7, 0x46, 0x77, 0xE7, 0x46, 0xE7, 0xEA, 0x46, 0x27, 0xE2, 0x46, 0x2F, 0xF0, 0x00},
    /* U+690E */ {0x26, 0x8F, 0xFF, 0x2C, 0x87, 0xC8, 0x77, 0xE7, 0x48, 0xE7, 0xEA, 0x48, 0x24, 0x82, 0x7F, 0x24, 0x00, 0x00},
    /* U+6910 */ {0x27, 0xE2, 0x42, 0xFF, 0xE3, 0x48, 0x77, 0xF7, 0xC8, 0x64, 0x8E, 0xFE, 0x2E, 0x22, 0xA2, 0x3B, 0xE0, 0x00},
    /* U+6912 */ {0x25, 0xE2, 0x7A, 0xF4, 0xA6, 0x4A, 0x7F, 0xA7, 0x4E, 0x6F, 0x4A, 0xD4, 0x35, 0xE2, 0x5A, 0x2D, 0x30, 0x00},
    /* U+691F */ {0x27, 0xE2, 0x18, 0xFF, 0xE2, 0x02, 0x73, 0xA7, 0xD8, 0x63, 0x8E, 0xFF, 0x23, 0x82, 0x66, 0x2C, 0x20, 0x00},
    /* U+6920 */ {0xFF, 0xC7, 0x90, 0x7F, 0xF1, 0xB4, 0x7E, 0x41, 0xA4, 0x06, 0x4F, 0xFF, 0x1F, 0x87, 0x6E, 0x46, 0x20, 0x00},
    /* U+6924 */ {0x25, 0xEF, 0xDE, 0x25, 0xE3, 0x7E, 0x73, 0x07, 0xBE, 0x66, 0x6E, 0x3C, 0x21, 0x82, 0x30, 0x2E, 0x00, 0x00},
    /* U+692D */ {0x2A, 0x8F, 0xFE, 0x6D, 0x86, 0xDE, 0x7F, 0xA7, 0xBE, 0x6B, 0xAA, 0xFE, 0x29, 0xA2, 0x9A, 0x29, 0xE0, 0x00},
    /* U+6930 */ {0x2B, 0xAF, 0xBA, 0x2F, 0xA6, 0xBE, 0x7B, 0xA7, 0xFA, 0xEB, 0xBA, 0xBB, 0x3F, 0xE2, 0x38, 0x23, 0x80, 0x00},
    /* U+6934 */ {0x2D, 0xEF, 0x9E, 0x6F, 0x66, 0x97, 0x79, 0x07, 0xFE, 0xE9, 0xAA, 0xEE, 0x3C, 0xC2, 0x9E, 0x2B, 0x20, 0x00},
    /* U+6939 */ {0x2F, 0xFF, 0x44, 0x27, 0xC7, 0x44, 0x77, 0xC6, 0x44, 0xFF, 0xFA, 0xF4, 0x2E, 0x62, 0xFE, 0x20, 0x00, 0x00},
    /* U+693D */ {0x27, 0xC7, 0x44, 0x77, 0xC6, 0xFF, 0x77, 0x07, 0xF6, 0xE7, 0xCA, 0xDC, 0x23, 0xE2, 0xDB, 0x23, 0x00, 0x00},
    /* U+693F */ {0x27, 0xE2, 0x10, 0xF7, 0xE2, 0x30, 0x7F, 0xF7, 0x7E, 0x6E, 0x7A, 0x7C, 0x26, 0x42, 0x64, 0x27, 0xC0, 0x00},
    /* U+6942 */ {0x21, 0x82, 0xFE, 0xFB, 0xC2, 0xDE, 0x77, 0xE7, 0xC6, 0x67, 0xEE, 0x46, 0x27, 0xE2, 0x00, 0x2F, 0xF0, 0x00},
    /* U+6954 */ {0x2F, 0xE2, 0x4A, 0xFE, 0xA6, 0xEA, 0x77, 0x67, 0x50, 0xE1, 0x0A, 0xFF, 0x23, 0x82, 0x6C, 0x2C, 0x60, 0x00},
    /* U+6957 */ {0x2F, 0xE7, 0x4A, 0x27, 0xF6, 0x8A, 0x7F, 0xE7, 0x7E, 0xEC, 0x8A, 0xFF, 0x2C, 0x82, 0xF8, 0x31, 0xF0, 0x00},
    /* U+695A */ {0x7F, 0xE3, 0x9C, 0x7F, 0xED, 0x2A, 0x10, 0x87, 0xFE, 0x16, 0x63, 0x7C, 0x36, 0x07, 0xE0, 0xC7, 0xF0, 0x00},
    /* U+695D */ {0x2F, 0xFF, 0x98, 0x27, 0xE7, 0x7E, 0x7F, 0xE6, 0xFA, 0xE7, 0xEA, 0x3C, 0x27, 0xE2, 0xDB, 0x21, 0x80, 0x00},
    /* U+695E */ {0x2F, 0xEF, 0xEA, 0x2F, 0xE7, 0x10, 0x7F, 0xF7, 0x20, 0xE3, 0xEA, 0x26, 0x26, 0x62, 0xC4, 0x29, 0xC0, 0x00},
    /* U+6960 */ {0x2F, 0xF7, 0x10, 0x71, 0x06, 0xFE, 0x7E, 0xA7, 0xFE, 0xED, 0x2A, 0xFE, 0x2D, 0x22, 0xD2, 0x2C, 0x60, 0x00},
    /* U+6963 */ {0x27, 0xE2, 0x5A, 0xFF, 0xE2, 0x40, 0x77, 0xE7, 0xE2, 0x67, 0xEA, 0xE2, 0x2F, 0xE2, 0xBE, 0x2A, 0x20, 0x00},
    /* U+6966 */ {0x2F, 0xEF, 0xC2, 0x27, 0xE7, 0x00, 0x77, 0xE7, 0xC6, 0xE7, 0xEA, 0x46, 0x27, 0xE2, 0x00, 0x2F, 0xF0, 0x00},
    /* U+696B */ {0x24, 0x2F, 0xC2, 0x27, 0xE3, 0xFF, 0x76, 0x67, 0xFE, 0x66, 0x6E, 0x7E, 0x26, 0x72, 0xFE, 0x20, 0x60, 0x00},
    /* U+696E */ {0x21, 0x2F, 0x7E, 0x21, 0xC7, 0xFF, 0x73, 0x07, 0x7E, 0xEE, 0x2A, 0x3E, 0x22, 0x22, 0x3E, 0x22, 0x20, 0x00},
    /* U+6971 */ {0x2F, 0xE2, 0x10, 0xF7, 0xE2, 0x30, 0x7F, 0xF6, 0x7C, 0xED, 0x3A, 0x7E, 0x23, 0x82, 0x66, 0x2C, 0x20, 0x00},
    /* U+6977 */ {0x24, 0xA7, 0xFE, 0x24, 0x83, 0x7B, 0x7F, 0xE7, 0x90, 0x67, 0xEE, 0x42, 0x27, 0xE2, 0x42, 0x27, 0xE0, 0x00},
    /* U+6978 */ {0x2E, 0x4F, 0x44, 0x65, 0xF6, 0xFE, 0x77, 0xE7, 0xFE, 0xEE, 0xCB, 0xCC, 0x34, 0xA2, 0x5A, 0x25, 0x30, 0x00},
    /* U+6979 */ {0x26, 0x82, 0x6E, 0xFF, 0xA2, 0x6A, 0x7F, 0xA7, 0xAE, 0x67, 0xEE, 0xEA, 0x2E, 0xA2, 0xEA, 0x2F, 0xF0, 0x00},
    /* U+697C */ {0x27, 0x4F, 0xFE, 0x23, 0xC7, 0x7E, 0x7D, 0x26, 0x10, 0xEF, 0xEA, 0x64, 0x27, 0x82, 0x3C, 0x2E, 0x60, 0x00},
    /* U+6980 */ {0x27, 0xE2, 0x66, 0xFE, 0x63, 0x7E, 0x70, 0x07, 0xFE, 0x6F, 0xBE, 0xFB, 0x2F, 0xB2, 0xFF, 0x2D, 0xA0, 0x00},
    /* U+6982 */ {0x2F, 0xE2, 0xAC, 0xFF, 0xC6, 0xBC, 0x7F, 0xF7, 0x8C, 0x6A, 0xCE, 0xEC, 0x2F, 0xD2, 0x95, 0x22, 0x60, 0x00},
    /* U+6984 */ {0x2A, 0xE2, 0xB8, 0xFB, 0x42, 0xA2, 0x77, 0xE7, 0xD6, 0x65, 0x6E, 0x56, 0x27, 0x82, 0x7B, 0x2C, 0xE0, 0x00},
    /* U+6986 */ {0x23, 0x8F, 0xE6, 0x6F, 0xF6, 0x02, 0x7F, 0xA7, 0x9A, 0xEF, 0xAA, 0xFA, 0x29, 0xA2, 0x92, 0x2A, 0x60, 0x00},
    /* U+6987 */ {0x2F, 0xEF, 0xA4, 0x22, 0x43, 0xFF, 0x79, 0x06, 0x10, 0xEF, 0xEA, 0x54, 0x25, 0x62, 0x92, 0x23, 0x00, 0x00},
    /* U+6988 */ {0x24, 0x22, 0x02, 0xFB, 0xA6, 0xAA, 0x7B, 0xA7, 0x82, 0x6F, 0xEE, 0xE6, 0x2F, 0xE2, 0xC2, 0x28, 0xE0, 0x00},
    /* U+6989 */ {0x25, 0x62, 0x54, 0xFF, 0xF2, 0x64, 0x7D, 0x27, 0xFE, 0x61, 0x0A, 0xFE, 0x21, 0x02, 0x10, 0x21, 0x00, 0x00},
    /* U+698D */ {0x2C, 0x22, 0xC2, 0xFF, 0xE2, 0xEA, 0x7F, 0xC7, 0xFE, 0x6F, 0xEE, 0xE2, 0x2B, 0xE2, 0xA2, 0x2A, 0x60, 0x00},
    /* U+6994 */ {0x26, 0xE2, 0xFA, 0xF9, 0xA6, 0xFE, 0x79, 0xE7, 0xFA, 0x6A, 0xBE, 0xAB, 0x2F, 0xE2, 0xD8, 0x20, 0x80, 0x00},
    /* U+6995 */ {0x2F, 0xFF, 0xC3, 0x2E, 0x77, 0x7E, 0x7D, 0xA6, 0x3C, 0xEE, 0x7A, 0xFE, 0x26, 0x62, 0x66, 0x27, 0xE0, 0x00},
    /* U+6998 */ {0x7E, 0x05, 0x3E, 0x12, 0x2F, 0xFE, 0x7B, 0xE4, 0x60, 0xFF, 0xE0, 0xF0, 0x1F, 0x87, 0x6E, 0x46, 0x20, 0x00},
    /* U+699B */ {0x2F, 0xE2, 0x10, 0xF7, 0xE2, 0x30, 0x7F, 0xF7, 0x7E, 0x6F, 0x3A, 0xFE, 0x23, 0xC2, 0x76, 0x29, 0x00, 0x00},
    /* U+699C */ {0x2F, 0xE7, 0x24, 0x72, 0x46, 0xFF, 0x79, 0x37, 0xFE, 0xE2, 0x0A, 0x3E, 0x22, 0x62, 0x66, 0x2C, 0xC0, 0x00},
    /* U+69A7 */ {0x2F, 0xF2, 0x94, 0xFF, 0x62, 0x94, 0x7F, 0x67, 0x94, 0x6F, 0x6E, 0x94, 0x29, 0x42, 0x80, 0x2F, 0xF0, 0x00},
    /* U+69A8 */ {0x2F, 0xF2, 0x83, 0xFA, 0xC2, 0x66, 0x73, 0x07, 0x7F, 0xED, 0xEA, 0x10, 0x21, 0xE2, 0x10, 0x21, 0x00, 0x00},
    /* U+69AB */ {0x27, 0xE2, 0xC8, 0xFF, 0xE2, 0xC8, 0x77, 0xE7, 0x7E, 0x65, 0x0E, 0x10, 0x2F, 0xF2, 0x10, 0x21, 0x00, 0x00},
    /* U+69AD */ {0x2F, 0x2F, 0xB2, 0x6F, 0xF7, 0xB2, 0x7F, 0xA6, 0xBA, 0xFF, 0xEA, 0x72, 0x2F, 0x23, 0xB2, 0x26, 0xE0, 0x00},
    /* U+69B1 */ {0x2F, 0xF2, 0x00, 0xFF, 0xE2, 0x42, 0x7F, 0xF7, 0xFE, 0x63, 0xAA, 0xEE, 0x2A, 0x42, 0x3E, 0x27, 0x30, 0x00},
    /* U+69B4 */ {0x2C, 0xF2, 0xEF, 0xFF, 0xB2, 0xFA, 0x7D, 0xE7, 0x7E, 0x65, 0xAE, 0x7E, 0x25, 0xA2, 0x5A, 0x27, 0xE0, 0x00},
    /* U+69B7 */ {0x2F, 0xF7, 0xF3, 0x7E, 0x83, 0x7E, 0x7E, 0x86, 0xFE, 0xE6, 0x8A, 0x7E, 0x26, 0x82, 0x68, 0x27, 0xF0, 0x00},
    /* U+69BB */ {0x24, 0x22, 0x7E, 0xFC, 0x23, 0x7E, 0x7F, 0xE7, 0xBA, 0x67, 0xEA, 0x76, 0x2F, 0xE2, 0xB2, 0x26, 0x60, 0x00},
    /* U+69C1 */ {0x2F, 0xFF, 0x80, 0x27, 0xE7, 0x46, 0x77, 0xE6, 0xFE, 0xEC, 0x2A, 0xFE, 0x2E, 0x62, 0xFE, 0x2C, 0x60, 0x00},
    /* U+69CA */ {0x29, 0x2F, 0xFE, 0x55, 0x27, 0xFE, 0x36, 0x26, 0x2E, 0x06, 0x0F, 0xFF, 0x1F, 0x07, 0x6E, 0x46, 0x20, 0x00},
    /* U+69CC */ {0x2D, 0xEF, 0x52, 0x21, 0x27, 0xDE, 0x75, 0x07, 0x5E, 0xE5, 0x2A, 0x52, 0x25, 0xE2, 0xE0, 0x2B, 0xF0, 0x00},
    /* U+69CE */ {0x22, 0xCF, 0xFE, 0x21, 0x06, 0x7E, 0x72, 0x07, 0xFF, 0x66, 0x0E, 0x7E, 0x2C, 0x83, 0x88, 0x2F, 0xF0, 0x00},
    /* U+69D0 */ {0x27, 0xEF, 0xDA, 0x27, 0xE7, 0x52, 0x7D, 0x27, 0xFE, 0xE3, 0x4A, 0x3E, 0x27, 0xE2, 0xDB, 0x28, 0xE0, 0x00},
    /* U+69D4 */ {0x27, 0xE7, 0x42, 0x77, 0xE3, 0x7E, 0x73, 0x07, 0xFF, 0x66, 0x4E, 0xD6, 0x2F, 0xE2, 0x10, 0x21, 0x00, 0x00},
    /* U+69DB */ {0x2A, 0x8F, 0xAF, 0x2B, 0x86, 0xB4, 0x7A, 0x27, 0x00, 0x6F, 0xEA, 0xAA, 0x2A, 0xA2, 0xAA, 0x3F, 0xF0, 0x00},
    /* U+69DF */ {0x2F, 0xE2, 0x82, 0xFF, 0xE2, 0x78, 0x77, 0xE7, 0x48, 0x64, 0x8A, 0xFF, 0x22, 0xC2, 0x66, 0x28, 0x30, 0x00},
    /* U+69E0 */ {0x2F, 0xEF, 0x4E, 0x20, 0xC7, 0xFF, 0x75, 0x87, 0x7E, 0xE7, 0x2A, 0x5E, 0x27, 0x22, 0xDE, 0x21, 0x20, 0x00},
    /* U+69ED */ {0x20, 0xE2, 0xFF, 0xFA, 0xC6, 0xBE, 0x6A, 0x67, 0xFE, 0x6B, 0x6E, 0xFC, 0x2F, 0xC3, 0xBF, 0x32, 0xB0, 0x00},
    /* U+69F2 */ {0x2E, 0xA2, 0xAE, 0xFF, 0x62, 0xDA, 0x7F, 0xE7, 0xD2, 0x6D, 0x7A, 0xFE, 0x2D, 0x23, 0x92, 0x33, 0x20, 0x00},
    /* U+69FD */ {0x2F, 0xF2, 0x3C, 0xFF, 0xE2, 0xFE, 0x7F, 0xA7, 0xFE, 0x67, 0xEA, 0x42, 0x27, 0xE2, 0x42, 0x27, 0xE0, 0x00},
    /* U+69FF */ {0x2F, 0xF3, 0x3C, 0x79, 0x83, 0x7E, 0x75, 0xA7, 0xFE, 0x67, 0xEE, 0x18, 0x27, 0xE2, 0x18, 0x2F, 0xF0, 0x00},
    /* U+6A0A */ {0x26, 0x47, 0xFE, 0x32, 0xC7, 0xEE, 0xE7, 0xE2, 0xE4, 0x06, 0x07, 0xFE, 0x0F, 0x01, 0x98, 0xF0, 0xF0, 0x00},
    /* U+6A17 */ {0x21, 0x0F, 0xFF, 0x2F, 0xF7, 0x7E, 0x71, 0x87, 0xFE, 0xEF, 0xFA, 0x60, 0x27, 0xE2, 0x06, 0x21, 0xC0, 0x00},
    /* U+6A18 */ {0x27, 0xE2, 0x1C, 0xFF, 0xE2, 0xFE, 0x76, 0x67, 0xFE, 0x61, 0x8E, 0x7E, 0x21, 0x82, 0x18, 0x2F, 0xF0, 0x00},
    /* U+6A1F */ {0x2F, 0xE2, 0x2C, 0xFF, 0xF7, 0x7E, 0x74, 0x67, 0x7E, 0xE7, 0xEA, 0x10, 0x2F, 0xF2, 0x10, 0x21, 0x00, 0x00},
    /* U+6A21 */ {0x2F, 0xF2, 0x24, 0xFF, 0xE2, 0x42, 0x77, 0xE7, 0xFE, 0x61, 0x0A, 0xFE, 0x23, 0x82, 0x66, 0x2C, 0x30, 0x00},
    /* U+6A28 */ {0x2F, 0xE2, 0xC2, 0xFF, 0xE2, 0xFE, 0x7D, 0xE7, 0xEA, 0x6E, 0x8E, 0xFE, 0x2F, 0xF2, 0x88, 0x28, 0x80, 0x00},
    /* U+6A2A */ {0x27, 0xE2, 0x24, 0xFF, 0xF2, 0x18, 0x77, 0xE7, 0xDA, 0x6F, 0xEE, 0x5A, 0x27, 0xE2, 0x66, 0x2C, 0x30, 0x00},
    /* U+6A2F */ {0x2F, 0xE7, 0x54, 0x77, 0x46, 0xFF, 0x70, 0x07, 0xFE, 0x6C, 0x2A, 0xFE, 0x2F, 0xE2, 0xC2, 0x2F, 0xE0, 0x00},
    /* U+6A31 */ {0x2F, 0xEF, 0xFE, 0x2F, 0xE7, 0xEE, 0x7F, 0xE6, 0xB2, 0xEF, 0xFA, 0x64, 0x27, 0xC2, 0x3C, 0x2E, 0x60, 0x00},
    /* U+6A35 */ {0x24, 0x8F, 0x7E, 0x2C, 0x87, 0xFE, 0x74, 0x86, 0x7E, 0xE4, 0x82, 0x7F, 0x26, 0xA2, 0xEA, 0x2B, 0xF0, 0x00},
    /* U+6A3D */ {0x2F, 0xF2, 0x38, 0xFF, 0xE2, 0x6E, 0x77, 0xE7, 0xC2, 0x6F, 0xEE, 0xFF, 0x24, 0xC2, 0x2C, 0x21, 0xC0, 0x00},
    /* U+6A3E */ {0x24, 0x72, 0xFF, 0xF5, 0xC7, 0xFF, 0x75, 0xE6, 0xFE, 0x6D, 0xEE, 0xDF, 0x3C, 0xB3, 0x60, 0x33, 0xF0, 0x00},
    /* U+6A44 */ {0x2F, 0xCF, 0x2C, 0x6F, 0xF6, 0xBA, 0x7F, 0xA6, 0xBE, 0xEF, 0x6A, 0xB6, 0x2F, 0x63, 0xFE, 0x23, 0x90, 0x00},
    /* U+6A47 */ {0x27, 0x02, 0x7C, 0xF7, 0xE6, 0xF2, 0x73, 0xE7, 0xEE, 0x6E, 0xEE, 0xFC, 0x2F, 0xE2, 0x7D, 0x24, 0x60, 0x00},
    /* U+6A50 */ {0x06, 0x03, 0xFC, 0x3F, 0xC7, 0xFE, 0x7F, 0xE3, 0xFC, 0x7F, 0xC0, 0x60, 0x7F, 0xE3, 0xFC, 0x66, 0x60, 0x00},
    /* U+6A58 */ {0x23, 0xC2, 0x7E, 0xFB, 0xA2, 0xE8, 0x71, 0x87, 0xFE, 0x6F, 0xEE, 0xFE, 0x2E, 0x62, 0xFE, 0x2E, 0x60, 0x00},
    /* U+6A59 */ {0x22, 0xCF, 0xEE, 0x26, 0x67, 0xFE, 0x7F, 0xF7, 0x46, 0xE7, 0xEA, 0x00, 0x26, 0xC2, 0x28, 0x2F, 0xF0, 0x00},
    /* U+6A5B */ {0x2F, 0xE2, 0xD4, 0xFB, 0x46, 0xFF, 0x7F, 0xF7, 0xFE, 0x6F, 0xCE, 0xF6, 0x3A, 0x63, 0x6A, 0x34, 0x90, 0x00},
    /* U+6A61 */ {0x27, 0xC2, 0x48, 0xFF, 0xE2, 0x52, 0x77, 0xE7, 0x76, 0x6F, 0xCE, 0x7C, 0x2B, 0xA2, 0xEB, 0x23, 0x80, 0x00},
    /* U+6A65 */ {0x37, 0xE7, 0xFE, 0x37, 0xC7, 0xE6, 0x57, 0xE7, 0x7E, 0x06, 0x07, 0xFE, 0x1F, 0x87, 0x6E, 0x46, 0x20, 0x00},
    /* U+6A71 */ {0x2F, 0xF2, 0xF2, 0xF8, 0x26, 0xF2, 0x6D, 0xF7, 0xDA, 0x6F, 0xEA, 0xD6, 0x3F, 0x23, 0xFA, 0x30, 0x60, 0x00},
    /* U+6A79 */ {0x24, 0x8F, 0xFE, 0x2F, 0xE7, 0x5A, 0x77, 0xE7, 0xFE, 0xE0, 0x0A, 0x7E, 0x27, 0xE2, 0x46, 0x27, 0xE0, 0x00},
    /* U+6A7C */ {0x2D, 0xEF, 0xBE, 0x6E, 0x67, 0xFF, 0x75, 0x87, 0xBA, 0xEF, 0xEA, 0x3E, 0x2F, 0xE3, 0xB7, 0x20, 0xC0, 0x00},
    /* U+6A80 */ {0x2F, 0xF2, 0xFE, 0xFB, 0xA2, 0xBA, 0x7C, 0x27, 0xFE, 0x67, 0xEE, 0x7E, 0x24, 0x62, 0x7C, 0x3F, 0xF0, 0x00},
    /* U+6A84 */ {0x2E, 0x87, 0xA8, 0x2F, 0xF7, 0xFA, 0x75, 0xA7, 0xFE, 0xE8, 0x4A, 0xE4, 0x2A, 0xE3, 0xAA, 0x37, 0x30, 0x00},
    /* U+6A8E */ {0x23, 0xC2, 0xD6, 0xFF, 0xC2, 0xFA, 0x7F, 0xE7, 0xFE, 0x61, 0x0E, 0xFE, 0xAA, 0xA2, 0xFE, 0x28, 0x60, 0x00},
    /* U+6A90 */ {0x27, 0xCF, 0xFF, 0x2D, 0x47, 0xEA, 0x7F, 0xE6, 0xFE, 0xED, 0xC2, 0xFE, 0x2B, 0xE2, 0xA2, 0x3B, 0xE0, 0x00},
    /* U+6A91 */ {0x27, 0xE2, 0xFE, 0xF9, 0x32, 0x7E, 0x77, 0xE7, 0x00, 0x6F, 0xEE, 0x52, 0x27, 0xE2, 0x52, 0x27, 0xE0, 0x00},
    /* U+6A97 */ {0x4F, 0xE7, 0xD4, 0x43, 0xF7, 0xC8, 0xEF, 0xE3, 0xC8, 0x06, 0x0F, 0xFF, 0x1F, 0x87, 0x6E, 0xC6, 0x20, 0x00},
    /* U+6AA0 */ {0xFF, 0xF7, 0xF6, 0xC7, 0xC7, 0x4C, 0x77, 0xE1, 0xF3, 0x06, 0x0F, 0xFF, 0x1F, 0x87, 0x6E, 0xC6, 0x20, 0x00},
    /* U+6AA9 */ {0x2F, 0xEF, 0xFE, 0x2F, 0xA6, 0xFE, 0x7C, 0x67, 0x7E, 0xE7, 0xEA, 0xFE, 0x25, 0x42, 0xD6, 0x3B, 0x20, 0x00},
    /* U+6AAB */ {0x2F, 0xE2, 0xC2, 0xF7, 0xE2, 0xEC, 0x7E, 0x47, 0xFE, 0x68, 0x2E, 0x7E, 0x25, 0x42, 0xD6, 0x2B, 0x20, 0x00},
    /* U+6AAC */ {0x2F, 0xF2, 0x2C, 0xFF, 0xE2, 0xFE, 0x70, 0x07, 0xFF, 0x6F, 0x6E, 0x7C, 0x2F, 0xC2, 0xFA, 0x2B, 0x00, 0x00},
    /* U+6B20 */ {0x30, 0x03, 0xFE, 0x20, 0x66, 0x66, 0x46, 0x40, 0x60, 0x06, 0x00, 0xF0, 0x19, 0x87, 0x0E, 0x60, 0x60, 0x00},
    /* U+6B21 */ {0x64, 0x03, 0xFE, 0x0D, 0x20, 0x96, 0x0B, 0x43, 0x30, 0x23, 0x86, 0x28, 0x46, 0xC4, 0xC6, 0x18, 0x20, 0x00},
    /* U+6B22 */ {0xFA, 0x00, 0xBE, 0x4E, 0x27, 0xFA, 0x31, 0x83, 0x18, 0x31, 0x83, 0xBC, 0x6A, 0x4C, 0x66, 0x0C, 0x30, 0x00},
    /* U+6B23 */ {0x79, 0x04, 0x3F, 0x42, 0x37, 0xEA, 0x58, 0xA5, 0x88, 0x59, 0x85, 0x9C, 0x59, 0x4D, 0xB2, 0x0E, 0x30, 0x00},
    /* U+6B24 */ {0x61, 0x07, 0xDF, 0x63, 0xA6, 0x2A, 0x7E, 0xA0, 0xC8, 0x1C, 0xCF, 0xDC, 0x0D, 0x40, 0xB2, 0x1A, 0x30, 0x00},
    /* U+6B27 */ {0x7D, 0x04, 0x5F, 0x6F, 0x37, 0xAA, 0x5A, 0xA5, 0x88, 0x58, 0x87, 0xDC, 0x65, 0x44, 0x16, 0x7E, 0x30, 0x00},
    /* U+6B32 */ {0x6D, 0x0D, 0x7F, 0x32, 0xB3, 0xAA, 0x6E, 0xAC, 0x48, 0x7C, 0xC6, 0xDC, 0x6D, 0x47, 0xF6, 0x62, 0x30, 0x00},
    /* U+6B37 */ {0x79, 0x87, 0xDF, 0xF5, 0x3F, 0xFA, 0x20, 0xA7, 0x0C, 0x7C, 0xCD, 0x4C, 0x55, 0xE5, 0xF2, 0x12, 0x30, 0x00},
    /* U+6B39 */ {0x7D, 0x03, 0x1F, 0x3B, 0x34, 0x6A, 0xFE, 0xA0, 0x48, 0x74, 0xC5, 0x5C, 0x75, 0x44, 0x76, 0x1E, 0x20, 0x00},
    /* U+6B3A */ {0x6D, 0x0F, 0xFF, 0x6F, 0x37, 0xEA, 0x6E, 0xA7, 0xC8, 0x6C, 0xCF, 0xFC, 0x29, 0x66, 0xF2, 0x42, 0x30, 0x00},
    /* U+6B3E */ {0xFD, 0x01, 0x3E, 0x7F, 0x20, 0x2A, 0x7E, 0xA0, 0x08, 0xFC, 0xC5, 0x5C, 0x55, 0x4D, 0x76, 0x32, 0x30, 0x00},
    /* U+6B43 */ {0x7D, 0x81, 0x1E, 0xFF, 0x21, 0x3A, 0x7E, 0xA5, 0x4C, 0x7C, 0xC5, 0x4C, 0x55, 0xE7, 0xF2, 0x42, 0x30, 0x00},
    /* U+6B46 */ {0x7D, 0x04, 0x9F, 0x6B, 0xBF, 0xEA, 0x00, 0x87, 0xC8, 0x44, 0xC7, 0xDC, 0x45, 0x47, 0xF6, 0x46, 0x30, 0x00},
    /* U+6B47 */ {0x45, 0x87, 0xDF, 0x45, 0x37, 0xFA, 0x62, 0xE7, 0xEC, 0xD6, 0xC7, 0xCC, 0x45, 0xE7, 0xF2, 0x0E, 0x30, 0x00},
    /* U+6B49 */ {0x2D, 0x87, 0xFF, 0x29, 0x27, 0xFE, 0xFE, 0xC2, 0xCC, 0x7C, 0xC6, 0xCC, 0x6D, 0xEE, 0xB2, 0x2A, 0x30, 0x00},
    /* U+6B4C */ {0x05, 0x07, 0x5F, 0x57, 0x37, 0x7A, 0x06, 0xAF, 0xEC, 0x74, 0xC5, 0x5C, 0x75, 0x64, 0x73, 0x0E, 0x10, 0x00},
    /* U+6B59 */ {0x79, 0x0F, 0xDF, 0x7D, 0x34, 0x7A, 0x7C, 0xAF, 0xCC, 0x24, 0xC6, 0xDC, 0x6D, 0x6B, 0x72, 0x6E, 0x30, 0x00},
    /* U+6B62 */ {0x02, 0x00, 0x20, 0x22, 0x02, 0x3E, 0x22, 0x02, 0x20, 0x22, 0x02, 0x20, 0x22, 0x0F, 0xFF, 0x00, 0x00, 0x00},
    /* U+6B63 */ {0x7F, 0xE0, 0x20, 0x02, 0x02, 0x20, 0x23, 0xE2, 0x20, 0x22, 0x02, 0x20, 0x22, 0x0F, 0xFF, 0x00, 0x00, 0x00},
    /* U+6B64 */ {0x19, 0x01, 0x90, 0x79, 0x67, 0xFE, 0x79, 0x87, 0x90, 0x79, 0x07, 0x90, 0x79, 0x37, 0xF3, 0xF9, 0xE0, 0x00},
    /* U+6B65 */ {0x37, 0xC3, 0x60, 0x36, 0x07, 0xFE, 0x16, 0x03, 0x64, 0x26, 0xC6, 0x78, 0x07, 0x03, 0xC0, 0x70, 0x00, 0x00},
    /* U+6B66 */ {0x7D, 0x60, 0x12, 0xFF, 0xF0, 0x90, 0x29, 0x86, 0xF8, 0x69, 0x86, 0x88, 0x6A, 0xB7, 0xEF, 0xF0, 0x60, 0x00},
    /* U+6B67 */ {0x10, 0x85, 0x7F, 0x50, 0x85, 0x88, 0x57, 0xE5, 0x26, 0x53, 0x45, 0x1C, 0x79, 0x8E, 0x7E, 0x0E, 0x30, 0x00},
    /* U+6B6A */ {0x7F, 0xE0, 0x60, 0x1F, 0x87, 0x66, 0x46, 0x07, 0xFE, 0x06, 0x03, 0x7C, 0x36, 0x03, 0x60, 0xFF, 0xF0, 0x00},
    /* U+6B79 */ {0x7F, 0xE0, 0xC0, 0x0C, 0x01, 0xFC, 0x30, 0xC6, 0x88, 0x4D, 0x80, 0x30, 0x06, 0x01, 0xC0, 0x30, 0x00, 0x00},
    /* U+6B7B */ {0xFF, 0xF1, 0x10, 0x31, 0x03, 0xD6, 0x65, 0xCE, 0xD8, 0x3D, 0x01, 0x90, 0x11, 0x37, 0x13, 0x41, 0xE0, 0x00},
    /* U+6B7C */ {0xFF, 0x82, 0x08, 0x78, 0x84, 0x88, 0x4F, 0xFF, 0x88, 0x10, 0x83, 0x08, 0x20, 0x86, 0x08, 0x40, 0x80, 0x00},
    /* U+6B81 */ {0xFF, 0x42, 0x24, 0x3A, 0x46, 0xE7, 0x4C, 0x0F, 0xFE, 0x1A, 0x61, 0x34, 0x31, 0x86, 0x3E, 0x46, 0x70, 0x00},
    /* U+6B82 */ {0xFE, 0x62, 0x26, 0x3A, 0x66, 0xBE, 0x4A, 0x6F, 0xA6, 0x13, 0xE1, 0x26, 0x32, 0x66, 0x26, 0x4F, 0xF0, 0x00},
    /* U+6B83 */ {0x21, 0x82, 0x7E, 0x67, 0xA7, 0xFA, 0x5F, 0xAF, 0xFF, 0x11, 0x83, 0x1C, 0x23, 0x46, 0x66, 0x4C, 0x30, 0x00},
    /* U+6B84 */ {0xFD, 0x82, 0x3C, 0x7E, 0xF4, 0xD8, 0x4B, 0x4F, 0x8C, 0x13, 0xA1, 0x66, 0x30, 0xC6, 0x38, 0x46, 0x00, 0x00},
    /* U+6B86 */ {0xF9, 0x02, 0x34, 0x7E, 0x64, 0xFE, 0x5F, 0x3F, 0x80, 0x37, 0xE1, 0x62, 0x26, 0x26, 0x7E, 0x46, 0x20, 0x00},
    /* U+6B87 */ {0xFF, 0xF2, 0x40, 0x7F, 0xC4, 0x8C, 0x4B, 0x0F, 0xFF, 0x32, 0x61, 0x6A, 0x2D, 0xA6, 0x32, 0x42, 0xE0, 0x00},
    /* U+6B89 */ {0x22, 0x06, 0x7E, 0x7C, 0x25, 0xFA, 0xDE, 0xAF, 0x7A, 0x36, 0xA3, 0x6A, 0x27, 0xA6, 0x02, 0x40, 0xE0, 0x00},
    /* U+6B8A */ {0x22, 0x82, 0x7E, 0x7C, 0x84, 0xC8, 0x48, 0x8F, 0xFF, 0xB1, 0xC1, 0x3C, 0x36, 0xA6, 0xCB, 0x40, 0x80, 0x00},
    /* U+6B8B */ {0xF9, 0x62, 0x1E, 0x7F, 0x84, 0x92, 0x5F, 0xEF, 0xFA, 0x31, 0xE3, 0x0C, 0x21, 0x86, 0x7F, 0x44, 0x60, 0x00},
    /* U+6B8D */ {0xFF, 0xE2, 0x52, 0x7B, 0xC5, 0xFE, 0x58, 0x4F, 0x08, 0x31, 0x83, 0x7E, 0x21, 0x86, 0x18, 0x43, 0x80, 0x00},
    /* U+6B92 */ {0xFE, 0x62, 0x66, 0x7F, 0xE4, 0x80, 0x5F, 0xEF, 0xDA, 0xB5, 0xA3, 0x5A, 0x25, 0xA6, 0x76, 0x4C, 0x30, 0x00},
    /* U+6B93 */ {0x21, 0x86, 0x24, 0x7E, 0x65, 0xFF, 0x58, 0x0F, 0x5A, 0x17, 0xE3, 0x2C, 0x20, 0x46, 0x7E, 0x40, 0x00, 0x00},
    /* U+6B96 */ {0xFF, 0xE2, 0x10, 0x7F, 0xE4, 0xC6, 0x5F, 0xEF, 0xC6, 0x17, 0xE3, 0x46, 0x27, 0xE6, 0x46, 0x4F, 0xF0, 0x00},
    /* U+6B9A */ {0xFA, 0x42, 0x3C, 0x7F, 0xE5, 0xDA, 0x5F, 0xEF, 0x5A, 0x37, 0xE3, 0x18, 0x2F, 0xF6, 0x18, 0x41, 0x80, 0x00},
    /* U+6B9B */ {0xFF, 0xE2, 0x0C, 0x7F, 0xE5, 0xB2, 0x5B, 0xEF, 0xB6, 0x3B, 0x62, 0xFE, 0x23, 0x86, 0x00, 0xDF, 0xF0, 0x00},
    /* U+6BA1 */ {0xFF, 0xE2, 0x42, 0x7D, 0xE5, 0xB8, 0x53, 0xEF, 0x2C, 0x32, 0xC3, 0xFF, 0x22, 0x46, 0x66, 0x4C, 0x20, 0x00},
    /* U+6BAA */ {0xFF, 0xE2, 0x7E, 0x70, 0x05, 0xFE, 0x5F, 0xEF, 0x00, 0x37, 0xE3, 0x7E, 0x22, 0x46, 0x2C, 0x4F, 0xF0, 0x00},
    /* U+6BB3 */ {0x1F, 0x81, 0x08, 0x30, 0x86, 0x0E, 0x40, 0x03, 0xFC, 0x10, 0x81, 0x98, 0x0F, 0x01, 0xF8, 0xF0, 0xE0, 0x00},
    /* U+6BB4 */ {0x7F, 0x44, 0xF4, 0x6B, 0x47, 0xA7, 0x58, 0x05, 0xBE, 0x59, 0x67, 0xDC, 0x60, 0xC7, 0xFE, 0x02, 0x20, 0x00},
    /* U+6BB5 */ {0x63, 0x46, 0x24, 0x7A, 0x46, 0x67, 0x64, 0x07, 0xFE, 0x62, 0x47, 0x9C, 0xF1, 0x86, 0x3E, 0x46, 0x60, 0x00},
    /* U+6BB7 */ {0x71, 0x47, 0x94, 0x4F, 0x47, 0xE7, 0x4F, 0xE7, 0xB6, 0x7F, 0x64, 0xDC, 0x4D, 0xCC, 0xBE, 0x9E, 0x30, 0x00},
    /* U+6BBF */ {0x45, 0x47, 0xD4, 0x43, 0x65, 0xF3, 0x7C, 0x05, 0xFE, 0x5D, 0x67, 0xDC, 0xDC, 0xCF, 0x5E, 0xA2, 0x30, 0x00},
    /* U+6BC1 */ {0x5D, 0x44, 0x54, 0x7D, 0x64, 0x77, 0x7E, 0x00, 0x3E, 0x7D, 0x61, 0x1C, 0x14, 0xCF, 0xFE, 0x06, 0x30, 0x00},
    /* U+6BC2 */ {0x7D, 0x67, 0xD6, 0x01, 0x6F, 0xF7, 0xE6, 0x07, 0xFE, 0x71, 0x67, 0xDC, 0x10, 0xC7, 0xDE, 0x13, 0x30, 0x00},
    /* U+6BC5 */ {0x7D, 0x64, 0x96, 0x29, 0x6F, 0xF3, 0x30, 0x0F, 0xFE, 0x39, 0x65, 0xDC, 0x3C, 0xCD, 0x9E, 0x32, 0x30, 0x00},
    /* U+6BCB */ {0x3F, 0xC3, 0x24, 0x32, 0x4F, 0xFF, 0x26, 0x42, 0x44, 0x64, 0x47, 0xFE, 0x08, 0xC3, 0x0C, 0x63, 0x80, 0x00},
    /* U+6BCD */ {0x3F, 0xC3, 0x44, 0x36, 0x42, 0x04, 0xFF, 0xF2, 0xC4, 0x26, 0x46, 0x24, 0x7F, 0xE0, 0x0C, 0x03, 0x80, 0x00},
    /* U+6BCF */ {0x3F, 0xE6, 0x00, 0x7F, 0xC3, 0x44, 0x32, 0x4F, 0xFF, 0x2C, 0x42, 0x64, 0x3F, 0xE0, 0x0C, 0x01, 0x80, 0x00},
    /* U+6BD2 */ {0x7F, 0xE0, 0x60, 0x3F, 0xC7, 0xFE, 0x00, 0x03, 0xFC, 0x36, 0x4F, 0xFF, 0x26, 0xC3, 0xFE, 0x03, 0x80, 0x00},
    /* U+6BD3 */ {0x7F, 0xF4, 0x10, 0xF9, 0x66, 0xFE, 0x5B, 0x2F, 0xEE, 0x6A, 0xE5, 0xAE, 0x7E, 0xE0, 0xAF, 0x3A, 0xA0, 0x00},
    /* U+6BD4 */ {0x63, 0x06, 0x32, 0x63, 0x67, 0xFC, 0x63, 0x86, 0x30, 0x63, 0x06, 0x32, 0x63, 0x27, 0xF2, 0x71, 0xE0, 0x00},
    /* U+6BD5 */ {0x62, 0x67, 0xFC, 0x63, 0x06, 0x62, 0x7F, 0xE0, 0x00, 0x06, 0x0F, 0xFF, 0x06, 0x00, 0x60, 0x06, 0x00, 0x00},
    /* U+6BD6 */ {0x63, 0x67, 0xFC, 0x63, 0x06, 0xF3, 0x79, 0xE0, 0xC8, 0x37, 0x87, 0xB6, 0x5E, 0xA7, 0x8B, 0x7F, 0x80, 0x00},
    /* U+6BD7 */ {0x7E, 0x86, 0xE8, 0x6E, 0xA6, 0xFE, 0x7E, 0xC6, 0xE8, 0x6E, 0x87, 0xE8, 0x46, 0xB4, 0x7B, 0x06, 0xE0, 0x00},
    /* U+6BD9 */ {0x3F, 0xE2, 0x30, 0x6F, 0x37, 0xFE, 0x00, 0x07, 0xFE, 0x3F, 0x66, 0x7C, 0x3F, 0x03, 0xB3, 0x61, 0xE0, 0x00},
    /* U+6BDB */ {0x1F, 0x87, 0xC0, 0x04, 0x43, 0xFC, 0x7C, 0x00, 0x46, 0x3F, 0xE7, 0xC0, 0x04, 0x30, 0x43, 0x07, 0xE0, 0x00},
    /* U+6BE1 */ {0x71, 0x83, 0x1F, 0x39, 0x87, 0x98, 0x37, 0xE3, 0xE2, 0xFE, 0x23, 0x7E, 0x30, 0x03, 0x03, 0x1F, 0xE0, 0x00},
    /* U+6BEA */ {0xF2, 0x42, 0x7E, 0x27, 0xA7, 0x68, 0x67, 0xE3, 0x48, 0xFF, 0xF2, 0x08, 0x20, 0x82, 0x0B, 0x3F, 0xE0, 0x00},
    /* U+6BEB */ {0xFF, 0xF3, 0xFC, 0x20, 0x43, 0xFC, 0x7F, 0xE4, 0x7A, 0x76, 0x23, 0xFC, 0x3F, 0xE7, 0xC3, 0x07, 0xE0, 0x00},
    /* U+6BEF */ {0x72, 0xA3, 0x7C, 0x39, 0xC7, 0xE6, 0x30, 0x83, 0xEA, 0xFF, 0xC3, 0x1C, 0x36, 0x63, 0x03, 0x1F, 0xE0, 0x00},
    /* U+6BF3 */ {0x3E, 0x07, 0xFC, 0x1F, 0xE7, 0xC2, 0x07, 0xE7, 0xBC, 0x39, 0xE7, 0x38, 0x7F, 0xE3, 0xCB, 0x38, 0xE0, 0x00},
    /* U+6BF5 */ {0x2D, 0xC7, 0xD8, 0x10, 0xE7, 0xFE, 0x2C, 0x8D, 0x4E, 0x7B, 0xE5, 0xE8, 0x7C, 0xB1, 0x8B, 0x60, 0xE0, 0x00},
    /* U+6BF9 */ {0x39, 0xC6, 0xF8, 0xFE, 0x80, 0x3E, 0x7F, 0x87, 0xC8, 0x5F, 0xF7, 0xE8, 0x5C, 0x95, 0x4B, 0x6C, 0xE0, 0x00},
    /* U+6BFD */ {0x7F, 0xE2, 0x7E, 0x3C, 0xA7, 0xFE, 0x2F, 0xE3, 0xC8, 0xFF, 0xE2, 0xC8, 0x2B, 0xE2, 0x03, 0x3F, 0xE0, 0x00},
    /* U+6C05 */ {0x3D, 0xF7, 0xF6, 0x7E, 0xC6, 0xDC, 0x7F, 0x60, 0xF8, 0x3E, 0xC7, 0xF8, 0x1F, 0xE7, 0xC2, 0x07, 0xE0, 0x00},
    /* U+6C06 */ {0xFF, 0xE2, 0x2A, 0x36, 0xCF, 0xFE, 0x20, 0x02, 0x7C, 0xF7, 0xC2, 0x44, 0x27, 0xF2, 0x03, 0x1F, 0xE0, 0x00},
    /* U+6C07 */ {0xE6, 0x82, 0xFE, 0x37, 0xEF, 0x7E, 0x27, 0xE3, 0xFE, 0xF7, 0xE2, 0x7E, 0x27, 0xE2, 0x03, 0x3F, 0xE0, 0x00},
    /* U+6C0D */ {0x7F, 0xE7, 0xE8, 0x7E, 0xA7, 0xFE, 0x78, 0x87, 0xEA, 0xFF, 0xE5, 0x88, 0x7C, 0x95, 0x89, 0x7E, 0xE0, 0x00},
    /* U+6C0F */ {0x3F, 0xC2, 0x20, 0x23, 0x02, 0x30, 0x3F, 0xF2, 0x30, 0x21, 0x02, 0x10, 0x25, 0xB3, 0xCF, 0x20, 0x60, 0x00},
    /* U+6C10 */ {0x3F, 0x82, 0x20, 0x22, 0x02, 0x30, 0x3F, 0xE2, 0x30, 0x21, 0x02, 0x18, 0x27, 0xB3, 0xAF, 0x72, 0x60, 0x00},
    /* U+6C11 */ {0x7F, 0xC6, 0x04, 0x60, 0x47, 0xFC, 0x66, 0x07, 0xFE, 0x62, 0x06, 0x30, 0x61, 0x27, 0xDA, 0x70, 0xE0, 0x00},
    /* U+6C13 */ {0x27, 0xE0, 0x42, 0xFF, 0xE4, 0x48, 0x44, 0x84, 0x7F, 0x44, 0x84, 0x48, 0x7C, 0xC0, 0x77, 0x0E, 0x60, 0x00},
    /* U+6C14 */ {0x3F, 0xE2, 0x00, 0x7F, 0xCC, 0x00, 0x7F, 0x80, 0x0C, 0x00, 0xC0, 0x0C, 0x00, 0x40, 0x07, 0x00, 0x60, 0x00},
    /* U+6C15 */ {0x3F, 0xE6, 0x00, 0x5F, 0xC0, 0x00, 0x3F, 0xC0, 0x8C, 0x08, 0xC0, 0x8C, 0x18, 0x43, 0x05, 0x60, 0x70, 0x00},
    /* U+6C16 */ {0x3F, 0xE2, 0x00, 0x7F, 0xCF, 0xFC, 0x00, 0xC7, 0xEC, 0x16, 0xC3, 0x74, 0x21, 0x56, 0x15, 0x47, 0x60, 0x00},
    /* U+6C18 */ {0x3F, 0xE6, 0x00, 0x5F, 0xC0, 0x00, 0x3F, 0xC0, 0x0C, 0x36, 0xC3, 0x6C, 0x26, 0x46, 0x65, 0x46, 0x60, 0x00},
    /* U+6C19 */ {0x3F, 0xE6, 0x00, 0x5F, 0xC3, 0xFC, 0x08, 0xC4, 0x9C, 0x49, 0xC4, 0x94, 0x49, 0x57, 0xF7, 0x01, 0x60, 0x00},
    /* U+6C1A */ {0x3F, 0xE6, 0x00, 0x5F, 0xC0, 0x00, 0x3F, 0xC2, 0x0C, 0x2B, 0xC2, 0xBC, 0x2B, 0x46, 0xB7, 0x4B, 0x60, 0x00},
    /* U+6C1B */ {0x3F, 0xE6, 0x00, 0x5F, 0xC3, 0xFC, 0x10, 0xC3, 0x2C, 0x63, 0xC7, 0xEC, 0x12, 0x53, 0x27, 0x6E, 0x20, 0x00},
    /* U+6C1F */ {0x3F, 0xE7, 0xFC, 0x40, 0x03, 0xFC, 0x7F, 0xC1, 0x5C, 0x7F, 0x47, 0xFC, 0x15, 0xD3, 0x77, 0x64, 0x30, 0x00},
    /* U+6C21 */ {0x3F, 0xE7, 0xFC, 0x40, 0x07, 0xFC, 0x18, 0xC3, 0xF4, 0x7E, 0x47, 0xFC, 0x1C, 0x43, 0xC7, 0x0F, 0x20, 0x00},
    /* U+6C22 */ {0x3F, 0xE7, 0xFC, 0x00, 0x07, 0xFC, 0x3E, 0x40, 0x64, 0x3F, 0x47, 0x1C, 0x3F, 0x40, 0xC7, 0x7F, 0xA0, 0x00},
    /* U+6C24 */ {0x3F, 0xE6, 0x00, 0x5F, 0xC7, 0xFC, 0x00, 0xC7, 0xFC, 0x7F, 0x46, 0xD4, 0x7F, 0x56, 0x17, 0x7F, 0x20, 0x00},
    /* U+6C26 */ {0x3F, 0xE7, 0xFC, 0x40, 0x07, 0xFC, 0x08, 0xC7, 0xFC, 0x3E, 0xC1, 0xF4, 0x76, 0x51, 0xF5, 0x71, 0xF0, 0x00},
    /* U+6C27 */ {0x3F, 0xE6, 0x00, 0xDF, 0xC7, 0xFC, 0x32, 0xC7, 0xFC, 0x08, 0xC7, 0xF4, 0x7F, 0xD0, 0x87, 0x08, 0x60, 0x00},
    /* U+6C28 */ {0x3F, 0xE7, 0xFC, 0xC0, 0x07, 0xFC, 0x08, 0x47, 0xFC, 0x59, 0x47, 0xFC, 0x3E, 0x51, 0xE7, 0x71, 0xA0, 0x00},
    /* U+6C29 */ {0x3F, 0xE6, 0x00, 0x5F, 0xC7, 0xFC, 0x00, 0xC7, 0xFC, 0x55, 0xC7, 0x54, 0x37, 0x51, 0x45, 0x7F, 0xE0, 0x00},
    /* U+6C2A */ {0x3F, 0xE7, 0xFC, 0x00, 0x07, 0xFC, 0x7F, 0x40, 0x84, 0x7F, 0x47, 0xF4, 0x14, 0x53, 0x4F, 0x67, 0xA0, 0x00},
    /* U+6C2E */ {0x3F, 0xE7, 0xFC, 0x40, 0x07, 0xFC, 0x2B, 0xC7, 0xEC, 0x7B, 0xC6, 0x94, 0x7E, 0x57, 0x75, 0x61, 0xF0, 0x00},
    /* U+6C2F */ {0x3F, 0xE7, 0xFC, 0x7F, 0x83, 0xFC, 0x3F, 0xC3, 0xF4, 0x03, 0x47, 0xFC, 0x2F, 0x57, 0xF7, 0x58, 0xA0, 0x00},
    /* U+6C30 */ {0x3F, 0xE7, 0xFC, 0x40, 0x07, 0xFC, 0x7F, 0x43, 0xF4, 0x7F, 0xC3, 0xF4, 0x3F, 0x43, 0xF7, 0x27, 0x60, 0x00},
    /* U+6C32 */ {0x3F, 0xE7, 0xFC, 0x40, 0x03, 0xFC, 0x3F, 0xC3, 0xFC, 0x3F, 0x40, 0x04, 0x7F, 0x57, 0x57, 0x7F, 0xA0, 0x00},
    /* U+6C34 */ {0x06, 0x00, 0x64, 0x7E, 0x41, 0xF8, 0x1F, 0x01, 0x78, 0x36, 0x82, 0x6C, 0x66, 0x74, 0x62, 0x0C, 0x00, 0x00},
    /* U+6C35 */ {0x20, 0x01, 0x00, 0x00, 0x04, 0x00, 0x70, 0x00, 0x00, 0x08, 0x01, 0x80, 0x30, 0x06, 0x00, 0x60, 0x00, 0x00},
    /* U+6C38 */ {0x0F, 0x00, 0x10, 0x3E, 0x00, 0x66, 0xFE, 0xC1, 0xF8, 0x17, 0x83, 0x68, 0x66, 0xEC, 0x63, 0x0C, 0x00, 0x00},
    /* U+6C3D */ {0x06, 0x00, 0x90, 0x30, 0xC6, 0x67, 0x06, 0x07, 0xF4, 0x1F, 0x81, 0x78, 0x36, 0xC6, 0x66, 0x0E, 0x00, 0x00},
    /* U+6C40 */ {0x3F, 0xF0, 0x08, 0x00, 0x86, 0x08, 0x20, 0x80, 0x08, 0x10, 0x83, 0x08, 0x20, 0x86, 0x08, 0x43, 0x80, 0x00},
    /* U+6C41 */ {0x31, 0x01, 0x10, 0x01, 0x0E, 0x10, 0x2F, 0xF0, 0x10, 0x11, 0x03, 0x10, 0x21, 0x06, 0x10, 0x41, 0x00, 0x00},
    /* U+6C42 */ {0x06, 0xC7, 0xFE, 0x06, 0x06, 0x66, 0x37, 0xC1, 0x78, 0x0F, 0x83, 0xEC, 0x66, 0x64, 0x63, 0x1C, 0x00, 0x00},
    /* U+6C46 */ {0x06, 0x01, 0xB8, 0x30, 0xCE, 0x67, 0x06, 0x07, 0xE4, 0x1F, 0x81, 0x78, 0x36, 0xC6, 0x66, 0x0E, 0x00, 0x00},
    /* U+6C47 */ {0x6F, 0xE1, 0x80, 0x08, 0x04, 0x80, 0x28, 0x00, 0x80, 0x38, 0x02, 0x80, 0x68, 0x04, 0xFF, 0x00, 0x00, 0x00},
    /* U+6C49 */ {0x3F, 0xE0, 0x46, 0x04, 0x66, 0x64, 0x22, 0x40, 0x3C, 0x11, 0x83, 0x18, 0x23, 0xC6, 0xE6, 0x58, 0x30, 0x00},
    /* U+6C4A */ {0x3F, 0xE0, 0x52, 0x05, 0x66, 0x5C, 0x26, 0x40, 0x2C, 0x13, 0x83, 0x18, 0x23, 0xC6, 0xE6, 0x58, 0x30, 0x00},
    /* U+6C50 */ {0x33, 0x00, 0x7E, 0x06, 0x2E, 0xC2, 0x3B, 0x60, 0x1C, 0x30, 0xC2, 0x18, 0x63, 0x04, 0x60, 0x4C, 0x00, 0x00},
    /* U+6C54 */ {0x34, 0x00, 0x7E, 0x0C, 0x0D, 0x80, 0x67, 0xC0, 0x18, 0x13, 0x03, 0x60, 0x2C, 0x36, 0xC3, 0x47, 0xE0, 0x00},
    /* U+6C55 */ {0x31, 0x00, 0x10, 0x09, 0x2E, 0x92, 0x29, 0x20, 0x92, 0x19, 0x23, 0x92, 0x69, 0x24, 0xFE, 0x40, 0x20, 0x00},
    /* U+6C57 */ {0x7F, 0xE1, 0x10, 0x01, 0x06, 0x10, 0x2F, 0xF0, 0x10, 0x11, 0x03, 0x10, 0x21, 0x06, 0x10, 0x41, 0x00, 0x00},
    /* U+6C5B */ {0x7F, 0xC1, 0x24, 0x02, 0x4E, 0x24, 0x2F, 0xC0, 0x24, 0x32, 0x42, 0x24, 0x62, 0x74, 0x27, 0x42, 0x20, 0x00},
    /* U+6C5C */ {0x37, 0xE1, 0x42, 0x04, 0x2E, 0x42, 0x27, 0xE0, 0x42, 0x14, 0x03, 0x40, 0x24, 0x36, 0x43, 0x47, 0xE0, 0x00},
    /* U+6C5D */ {0x32, 0x00, 0x20, 0x1F, 0xF6, 0x64, 0x24, 0x40, 0xCC, 0x3E, 0x82, 0x38, 0x63, 0xC4, 0xE6, 0x5C, 0x20, 0x00},
    /* U+6C5E */ {0x7F, 0xE0, 0x60, 0x7F, 0xE0, 0x60, 0x06, 0x27, 0xE6, 0x1F, 0x83, 0x78, 0x36, 0xCE, 0x67, 0x0C, 0x00, 0x00},
    /* U+6C5F */ {0x3F, 0xE0, 0x10, 0x01, 0x06, 0x10, 0x21, 0x00, 0x10, 0x11, 0x03, 0x10, 0x21, 0x06, 0xFF, 0x40, 0x00, 0x00},
    /* U+6C60 */ {0x35, 0x80, 0xDA, 0x0D, 0xEC, 0xFA, 0x7F, 0xA0, 0xDA, 0x1D, 0xA3, 0xDE, 0x2C, 0x16, 0x43, 0x47, 0xE0, 0x00},
    /* U+6C61 */ {0x7F, 0xE0, 0x00, 0x00, 0x04, 0xFF, 0x26, 0x00, 0x40, 0x17, 0xE3, 0x06, 0x20, 0x66, 0x04, 0x43, 0xC0, 0x00},
    /* U+6C64 */ {0x7F, 0xC0, 0x18, 0x07, 0x06, 0xFE, 0x22, 0xA0, 0x6A, 0x3D, 0xA2, 0x92, 0x63, 0x24, 0x66, 0x4C, 0xC0, 0x00},
    /* U+6C68 */ {0x7F, 0xE0, 0xC2, 0x0C, 0x26, 0xC2, 0x2F, 0xE0, 0xC2, 0x3C, 0x22, 0xC2, 0x6C, 0x26, 0xFE, 0x4C, 0x20, 0x00},
    /* U+6C69 */ {0x7F, 0xE0, 0x82, 0x08, 0x26, 0x82, 0x2F, 0xA0, 0x82, 0x38, 0x22, 0x82, 0x68, 0x26, 0xFE, 0x48, 0x20, 0x00},
    /* U+6C6A */ {0x3F, 0xE0, 0x10, 0x01, 0x0C, 0x10, 0x61, 0x00, 0xFE, 0x11, 0x03, 0x10, 0x61, 0x04, 0xFF, 0x40, 0x00, 0x00},
    /* U+6C70 */ {0x71, 0x01, 0x10, 0x01, 0x04, 0xFF, 0x63, 0x80, 0x38, 0x12, 0x83, 0x6C, 0x26, 0x46, 0xF6, 0x59, 0x30, 0x00},
    /* U+6C72 */ {0x7F, 0xC0, 0x6C, 0x04, 0x86, 0x6E, 0x26, 0x60, 0x66, 0x35, 0x42, 0xDC, 0x69, 0xC5, 0xB6, 0x56, 0x20, 0x00},
    /* U+6C74 */ {0x31, 0x00, 0xFE, 0x41, 0x06, 0x10, 0x21, 0x80, 0x1E, 0x11, 0x23, 0x10, 0x21, 0x06, 0x10, 0x41, 0x00, 0x00},
    /* U+6C76 */ {0x71, 0x01, 0x18, 0x1F, 0xF4, 0x44, 0x64, 0x40, 0x6C, 0x13, 0x83, 0x30, 0x23, 0x86, 0xCE, 0x58, 0x30, 0x00},
    /* U+6C79 */ {0x34, 0x80, 0xAA, 0x0B, 0xA6, 0x9A, 0x29, 0xA0, 0xBA, 0x1A, 0xE3, 0xE6, 0x28, 0x26, 0xFE, 0x40, 0x20, 0x00},
    /* U+6C7D */ {0x37, 0xF0, 0x80, 0x1F, 0xE6, 0x00, 0x2F, 0xC0, 0x04, 0x30, 0x42, 0x04, 0x60, 0x54, 0x07, 0x40, 0x30, 0x00},
    /* U+6C7E */ {0x32, 0xC0, 0x64, 0x04, 0x66, 0xC2, 0x3F, 0xF0, 0x24, 0x12, 0x43, 0x24, 0x26, 0x46, 0xC4, 0x49, 0xC0, 0x00},
    /* U+6C81 */ {0x33, 0x00, 0x18, 0x06, 0x06, 0x62, 0x2E, 0x20, 0xE2, 0x3E, 0x33, 0xE1, 0x66, 0x64, 0x66, 0x43, 0xC0, 0x00},
    /* U+6C82 */ {0x37, 0x80, 0x40, 0x04, 0x06, 0x7F, 0x24, 0xC0, 0xCC, 0x3C, 0xC2, 0xCC, 0x68, 0xC4, 0x8C, 0x58, 0xC0, 0x00},
    /* U+6C83 */ {0x3F, 0xC0, 0x10, 0x01, 0x0E, 0x10, 0x3F, 0xF0, 0x38, 0x13, 0x83, 0x28, 0x26, 0xC6, 0xC6, 0x58, 0x30, 0x00},
    /* U+6C85 */ {0x3F, 0xE0, 0x00, 0x00, 0x0E, 0x00, 0x2F, 0xF0, 0x28, 0x16, 0x83, 0x68, 0x24, 0x96, 0xCB, 0x58, 0xE0, 0x00},
    /* U+6C86 */ {0x31, 0x00, 0xFF, 0x00, 0x0C, 0x00, 0x67, 0xC0, 0x4C, 0x14, 0xC3, 0x4C, 0x2C, 0xD6, 0x8F, 0x58, 0x60, 0x00},
    /* U+6C88 */ {0x31, 0x00, 0xFE, 0x49, 0x26, 0xB2, 0x23, 0x80, 0x38, 0x13, 0x82, 0x78, 0x25, 0xB6, 0xDB, 0x58, 0xE0, 0x00},
    /* U+6C89 */ {0x7F, 0xE0, 0x82, 0x08, 0x26, 0x7C, 0x26, 0x40, 0x64, 0x16, 0x43, 0x44, 0x24, 0x56, 0xC5, 0x58, 0x70, 0x00},
    /* U+6C8C */ {0x71, 0x00, 0xFE, 0x01, 0x06, 0x92, 0x29, 0x20, 0x92, 0x3F, 0xE2, 0x12, 0x61, 0x04, 0x13, 0x41, 0xE0, 0x00},
    /* U+6C8F */ {0x6D, 0xE0, 0xCA, 0x0E, 0xA7, 0xCA, 0x2C, 0xA0, 0xCA, 0x2F, 0xA2, 0xD2, 0x61, 0x24, 0x22, 0x44, 0xE0, 0x00},
    /* U+6C90 */ {0x31, 0x00, 0x10, 0x0F, 0xF6, 0x38, 0x23, 0x80, 0x7C, 0x35, 0x42, 0xD6, 0x79, 0x34, 0x10, 0x41, 0x00, 0x00},
    /* U+6C93 */ {0x06, 0x67, 0xFC, 0x17, 0x83, 0x6C, 0xCE, 0x73, 0xFC, 0x20, 0x43, 0xFC, 0x20, 0x42, 0x04, 0x3F, 0xC0, 0x00},
    /* U+6C94 */ {0x7F, 0xF0, 0x10, 0x09, 0x0C, 0x9E, 0x69, 0x20, 0x92, 0x3F, 0xE3, 0x02, 0x60, 0x26, 0x06, 0x41, 0xC0, 0x00},
    /* U+6C99 */ {0x61, 0x03, 0x10, 0x05, 0x64, 0xD2, 0x69, 0x30, 0x92, 0x11, 0x63, 0x0C, 0x21, 0x86, 0x70, 0x4C, 0x00, 0x00},
    /* U+6C9B */ {0x71, 0x01, 0xFF, 0x01, 0x06, 0xFE, 0x09, 0x20, 0x92, 0x39, 0x22, 0x92, 0x69, 0x64, 0x10, 0x41, 0x00, 0x00},
    /* U+6C9F */ {0x34, 0x00, 0xFE, 0x08, 0x2F, 0xA2, 0x26, 0x20, 0x5A, 0x15, 0xA3, 0xFA, 0x20, 0x26, 0x06, 0x41, 0xC0, 0x00},
    /* U+6CA1 */ {0x34, 0xC0, 0x4C, 0x04, 0xCE, 0xC7, 0x28, 0x00, 0xFE, 0x14, 0x42, 0x6C, 0x63, 0x84, 0x7C, 0x5C, 0x70, 0x00},
    /* U+6CA3 */ {0x31, 0x01, 0xFE, 0x01, 0x0E, 0x10, 0x2F, 0xE0, 0x10, 0x31, 0x03, 0xFF, 0x61, 0x04, 0x10, 0x41, 0x00, 0x00},
    /* U+6CA4 */ {0x7F, 0xE0, 0x80, 0x0E, 0x6E, 0xB4, 0x29, 0xC0, 0x98, 0x29, 0xC2, 0xB6, 0x6E, 0x26, 0x80, 0x4F, 0xF0, 0x00},
    /* U+6CA5 */ {0x6F, 0xF3, 0x90, 0x09, 0x04, 0xFE, 0x29, 0x20, 0x92, 0x3B, 0x23, 0xB2, 0x7A, 0x25, 0x66, 0x54, 0xC0, 0x00},
    /* U+6CA6 */ {0x33, 0x80, 0x68, 0x04, 0x6D, 0xC3, 0x74, 0x00, 0x4C, 0x17, 0x83, 0x60, 0x24, 0x26, 0x42, 0x47, 0xE0, 0x00},
    /* U+6CA7 */ {0x73, 0x81, 0x68, 0x0C, 0xC5, 0xC6, 0x7F, 0xE0, 0x44, 0x14, 0xC3, 0x58, 0x24, 0x26, 0x42, 0x47, 0xE0, 0x00},
    /* U+6CA9 */ {0x3F, 0x00, 0x70, 0x5F, 0xE6, 0x22, 0x22, 0x20, 0x3A, 0x36, 0xA2, 0x6A, 0x6C, 0x26, 0x86, 0x59, 0xC0, 0x00},
    /* U+6CAA */ {0x31, 0x80, 0xFE, 0x0C, 0x2E, 0xC2, 0x2C, 0x20, 0xFE, 0x2C, 0x22, 0x80, 0x28, 0x07, 0x80, 0x50, 0x00, 0x00},
    /* U+6CAB */ {0x31, 0x01, 0xFF, 0x01, 0x06, 0x10, 0x2F, 0xE0, 0x38, 0x37, 0xC2, 0x54, 0x6D, 0x65, 0x93, 0x41, 0x00, 0x00},
    /* U+6CAD */ {0x31, 0x40, 0x12, 0x1F, 0xE6, 0x38, 0x23, 0x80, 0x7C, 0x35, 0x42, 0xD6, 0x79, 0x34, 0x10, 0x41, 0x00, 0x00},
    /* U+6CAE */ {0x77, 0xE0, 0x46, 0x04, 0x66, 0x7E, 0x24, 0x60, 0x46, 0x17, 0xE3, 0x46, 0x24, 0x66, 0x46, 0x5F, 0xF0, 0x00},
    /* U+6CB1 */ {0x31, 0x80, 0xFF, 0x08, 0x3E, 0xE0, 0x26, 0x60, 0x7C, 0x17, 0x03, 0x60, 0x26, 0x26, 0x62, 0x43, 0xE0, 0x00},
    /* U+6CB2 */ {0x74, 0x00, 0xFF, 0x09, 0x0F, 0xDE, 0x27, 0xE0, 0xF2, 0x3D, 0x22, 0x5E, 0x65, 0x04, 0x43, 0x47, 0xE0, 0x00},
    /* U+6CB3 */ {0x7F, 0xF0, 0x06, 0x00, 0x6C, 0xF6, 0x69, 0x60, 0x96, 0x3F, 0x62, 0x86, 0x60, 0x64, 0x06, 0x41, 0xE0, 0x00},
    /* U+6CB8 */ {0x72, 0x81, 0xFE, 0x02, 0xA6, 0xFE, 0x2A, 0x81, 0xE8, 0x3F, 0xF2, 0x4B, 0x64, 0xA4, 0xCE, 0x48, 0x80, 0x00},
    /* U+6CB9 */ {0x71, 0x01, 0x10, 0x0F, 0xE6, 0x92, 0x29, 0x20, 0xFE, 0x39, 0x22, 0x92, 0x69, 0x26, 0xFE, 0x48, 0x20, 0x00},
    /* U+6CBB */ {0x32, 0x00, 0x6C, 0x04, 0x4C, 0xFE, 0x6F, 0xE0, 0x00, 0x1F, 0xE3, 0xC6, 0x6C, 0x64, 0xFE, 0x08, 0x60, 0x00},
    /* U+6CBC */ {0x7F, 0xE0, 0x32, 0x02, 0x26, 0x62, 0x2C, 0xE0, 0x80, 0x1F, 0xE3, 0xC2, 0x6C, 0x24, 0xFE, 0x4C, 0x20, 0x00},
    /* U+6CBD */ {0x31, 0x01, 0x10, 0x0F, 0xF6, 0x10, 0x21, 0x00, 0xFE, 0x3C, 0x22, 0xC2, 0x6C, 0x24, 0xFE, 0x0C, 0x20, 0x00},
    /* U+6CBE */ {0x31, 0x01, 0x10, 0x01, 0xF6, 0x10, 0x21, 0x00, 0xFE, 0x18, 0x23, 0x82, 0x68, 0x24, 0xFE, 0x08, 0x20, 0x00},
    /* U+6CBF */ {0x67, 0xC1, 0x44, 0x04, 0x46, 0xC7, 0x28, 0x00, 0x7E, 0x3C, 0x62, 0xC6, 0x6C, 0x64, 0xFE, 0x44, 0x60, 0x00},
    /* U+6CC4 */ {0x7D, 0x40, 0xD4, 0x0D, 0x4D, 0xFF, 0x6D, 0x40, 0xD4, 0x3D, 0xC2, 0xC0, 0x6C, 0x04, 0xFF, 0x00, 0x00, 0x00},
    /* U+6CC5 */ {0x7F, 0xE0, 0x92, 0x09, 0x2E, 0x92, 0x29, 0x20, 0xBA, 0x3A, 0xA2, 0xE6, 0x6C, 0x66, 0xFE, 0x48, 0x20, 0x00},
    /* U+6CC9 */ {0x3F, 0xC2, 0x04, 0x3F, 0xC2, 0x04, 0x3F, 0xC0, 0x66, 0x7E, 0xC1, 0x78, 0x36, 0x86, 0x6E, 0x4C, 0x20, 0x00},
    /* U+6CCA */ {0x33, 0x00, 0xFE, 0x08, 0x26, 0x82, 0x28, 0x20, 0xFE, 0x38, 0x22, 0x82, 0x68, 0x24, 0xFE, 0x08, 0x20, 0x00},
    /* U+6CCC */ {0x33, 0x60, 0x1C, 0x06, 0x4E, 0xEC, 0x2E, 0xE1, 0xFA, 0x37, 0x33, 0x62, 0x66, 0x25, 0xE6, 0x53, 0xC0, 0x00},
    /* U+6CD0 */ {0x7E, 0x81, 0xE8, 0x1F, 0xE7, 0xCA, 0x3C, 0xA1, 0xEA, 0x3B, 0xA3, 0xBA, 0x7D, 0x25, 0xB2, 0x5A, 0xE0, 0x00},
    /* U+6CD3 */ {0x7E, 0x80, 0x28, 0x02, 0x8C, 0xE8, 0x38, 0x81, 0xFE, 0x27, 0xA2, 0x72, 0x67, 0x24, 0x7F, 0x5C, 0x00, 0x00},
    /* U+6CD4 */ {0x74, 0x41, 0x44, 0x0F, 0xF4, 0x44, 0x24, 0x40, 0x7C, 0x14, 0x43, 0x44, 0x24, 0x46, 0x7C, 0x44, 0x40, 0x00},
    /* U+6CD5 */ {0x31, 0x00, 0xFE, 0x41, 0x06, 0x10, 0x0F, 0xE0, 0x30, 0x32, 0x03, 0x64, 0x64, 0x66, 0xFE, 0x40, 0x20, 0x00},
    /* U+6CD6 */ {0x6C, 0xE0, 0xAA, 0x0A, 0xA6, 0xAA, 0x2A, 0xA0, 0xAA, 0x3E, 0xA7, 0xEE, 0x44, 0x84, 0xC8, 0x08, 0x80, 0x00},
    /* U+6CD7 */ {0x7F, 0xE0, 0xAA, 0x0A, 0xAE, 0xAA, 0x2A, 0xA0, 0xAA, 0x2E, 0xE2, 0xC2, 0x68, 0x24, 0xFE, 0x48, 0x20, 0x00},
    /* U+6CDB */ {0x3F, 0xC0, 0x10, 0x41, 0x06, 0xFE, 0x20, 0x60, 0x0C, 0x11, 0x83, 0x30, 0x26, 0x06, 0xF0, 0x49, 0xF0, 0x00},
    /* U+6CDE */ {0x71, 0x00, 0xFF, 0x08, 0x36, 0x80, 0x2F, 0xF0, 0x10, 0x31, 0x03, 0x10, 0x21, 0x06, 0x10, 0x47, 0x00, 0x00},
    /* U+6CE0 */ {0x63, 0x80, 0x68, 0x0C, 0xC5, 0xB6, 0x61, 0x00, 0xFE, 0x20, 0x42, 0x08, 0x67, 0x84, 0x30, 0x40, 0x80, 0x00},
    /* U+6CE1 */ {0x74, 0x00, 0xFE, 0x08, 0x27, 0xFA, 0x2C, 0xA0, 0xCA, 0x3F, 0xA2, 0xCE, 0x6C, 0x04, 0xC3, 0x47, 0xE0, 0x00},
    /* U+6CE2 */ {0x31, 0x00, 0xFF, 0x09, 0x2E, 0x92, 0x2F, 0xE0, 0xE4, 0x2A, 0x42, 0xB8, 0x79, 0x85, 0xFE, 0x5C, 0x70, 0x00},
    /* U+6CE3 */ {0x31, 0x00, 0xFE, 0x40, 0x06, 0x44, 0x24, 0x40, 0x4C, 0x36, 0xC2, 0x68, 0x66, 0x85, 0xFF, 0x00, 0x00, 0x00},
    /* U+6CE5 */ {0x7F, 0xE0, 0xC2, 0x4F, 0xE6, 0xC0, 0x2E, 0x00, 0xEE, 0x3F, 0x82, 0xB0, 0x6A, 0x35, 0xB3, 0x53, 0xE0, 0x00},
    /* U+6CE8 */ {0x31, 0x00, 0xFE, 0x41, 0x06, 0x10, 0x21, 0x00, 0xFE, 0x11, 0x03, 0x10, 0x21, 0x06, 0x10, 0x5F, 0xF0, 0x00},
    /* U+6CEA */ {0x7F, 0xE1, 0xC2, 0x0C, 0x26, 0xFE, 0x2C, 0x20, 0xC2, 0x1F, 0xE3, 0xC2, 0x2C, 0x26, 0xFE, 0x4C, 0x20, 0x00},
    /* U+6CEB */ {0x31, 0x00, 0xFF, 0x03, 0x06, 0x24, 0x24, 0xC0, 0xF8, 0x11, 0x03, 0x34, 0x26, 0x66, 0xFE, 0x4C, 0x20, 0x00},
    /* U+6CEE */ {0x3D, 0x60, 0x54, 0x07, 0x46, 0xFE, 0x21, 0x00, 0x10, 0x3F, 0xF2, 0x10, 0x61, 0x04, 0x10, 0x41, 0x00, 0x00},
    /* U+6CEF */ {0x6F, 0xE1, 0x82, 0x4F, 0xE6, 0x98, 0x29, 0x80, 0xFF, 0x38, 0x82, 0x88, 0x68, 0xB4, 0xFF, 0x4C, 0x60, 0x00},
    /* U+6CF0 */ {0x7F, 0xE0, 0x40, 0x3F, 0xC0, 0x80, 0xFF, 0xF3, 0x6C, 0x76, 0xED, 0xFB, 0x0F, 0x87, 0xEC, 0x0E, 0x40, 0x00},
    /* U+6CF1 */ {0x31, 0x00, 0xFE, 0x09, 0x2C, 0x92, 0x29, 0x21, 0xFF, 0x23, 0x82, 0x38, 0x66, 0xC4, 0xC6, 0x58, 0x30, 0x00},
    /* U+6CF3 */ {0x73, 0x81, 0x08, 0x0F, 0x0E, 0x12, 0x3F, 0xE0, 0x5C, 0x35, 0xC2, 0xD4, 0x69, 0x65, 0x13, 0x47, 0x00, 0x00},
    /* U+6CF5 */ {0x7F, 0xE3, 0xFC, 0x70, 0x45, 0x04, 0x1F, 0xC0, 0x60, 0x7E, 0xC1, 0xF8, 0x36, 0xC6, 0x66, 0x4E, 0x20, 0x00},
    /* U+6CF6 */ {0x36, 0xC7, 0xFE, 0x42, 0x24, 0x62, 0x06, 0x47, 0xE4, 0x1F, 0x81, 0x78, 0x36, 0xC6, 0x66, 0x0E, 0x00, 0x00},
    /* U+6CF7 */ {0x32, 0xC0, 0x24, 0x0F, 0xF6, 0x78, 0x27, 0xA0, 0x7E, 0x15, 0xC3, 0x5C, 0x2D, 0x87, 0xBB, 0x52, 0xE0, 0x00},
    /* U+6CF8 */ {0x31, 0xE0, 0x10, 0x0F, 0xE6, 0xC2, 0x2C, 0x20, 0xFE, 0x3C, 0x22, 0x80, 0x68, 0x05, 0x80, 0x58, 0x00, 0x00},
    /* U+6CFA */ {0x6F, 0xC0, 0x90, 0x09, 0x04, 0x90, 0x6F, 0xE0, 0x10, 0x25, 0x42, 0xD6, 0x69, 0x25, 0x93, 0x43, 0x00, 0x00},
    /* U+6CFB */ {0x7F, 0xE1, 0xE2, 0x47, 0xE6, 0x40, 0x24, 0x00, 0x7E, 0x20, 0x63, 0xFE, 0x60, 0x44, 0x04, 0x41, 0xC0, 0x00},
    /* U+6CFC */ {0x2D, 0x60, 0xB2, 0x1F, 0xF6, 0x20, 0x27, 0xE0, 0x66, 0x2E, 0xC2, 0xB8, 0x79, 0x84, 0x7E, 0x4C, 0x30, 0x00},
    /* U+6CFD */ {0x6F, 0xC3, 0x6C, 0x03, 0x8C, 0x78, 0x7C, 0xE0, 0x10, 0x2F, 0xE2, 0x10, 0x7F, 0xF4, 0x10, 0x41, 0x00, 0x00},
    /* U+6CFE */ {0x7F, 0xE1, 0x0C, 0x01, 0x8C, 0x3C, 0x6E, 0x60, 0x80, 0x1F, 0xE3, 0x10, 0x21, 0x06, 0x10, 0x4F, 0xF0, 0x00},
    /* U+6D01 */ {0x61, 0x01, 0xFF, 0x01, 0x0C, 0x10, 0x6F, 0xE0, 0x00, 0x3F, 0xE2, 0xC6, 0x6C, 0x64, 0xFE, 0x4C, 0x60, 0x00},
    /* U+6D04 */ {0x7F, 0xE0, 0x82, 0x0B, 0xAE, 0xAA, 0x2A, 0xA0, 0xAA, 0x1B, 0xA3, 0x82, 0x28, 0x26, 0xFE, 0x48, 0x20, 0x00},
    /* U+6D07 */ {0x6F, 0xE2, 0x92, 0x09, 0x24, 0xFE, 0x29, 0x20, 0x9A, 0x2B, 0xA2, 0xAE, 0x6C, 0x64, 0xFE, 0x48, 0x20, 0x00},
    /* U+6D0B */ {0x36, 0xC0, 0xFE, 0x41, 0x06, 0x10, 0x2F, 0xE0, 0x10, 0x31, 0x02, 0xFF, 0x61, 0x04, 0x10, 0x41, 0x00, 0x00},
    /* U+6D0C */ {0x7F, 0x22, 0xCA, 0x0C, 0xA4, 0xFA, 0x7A, 0xA1, 0xAA, 0x3E, 0xA6, 0x6A, 0x44, 0x24, 0xC2, 0x58, 0xE0, 0x00},
    /* U+6D0E */ {0x31, 0x00, 0xFE, 0x0C, 0x24, 0xC2, 0x6F, 0xE0, 0xC2, 0x3F, 0xE2, 0xC2, 0x6C, 0x24, 0xFE, 0x4C, 0x20, 0x00},
    /* U+6D12 */ {0x7F, 0xF0, 0x28, 0x4F, 0xE6, 0xAA, 0x2A, 0xA0, 0xAA, 0x2E, 0xE2, 0x82, 0x68, 0x24, 0xFE, 0x48, 0x20, 0x00},
    /* U+6D17 */ {0x35, 0x00, 0xFE, 0x09, 0x06, 0x90, 0x3F, 0xF0, 0x68, 0x26, 0x82, 0x68, 0x64, 0x94, 0xC9, 0x58, 0xE0, 0x00},
    /* U+6D19 */ {0x35, 0x00, 0xFE, 0x49, 0x06, 0x90, 0x0F, 0xF0, 0x38, 0x33, 0xC2, 0x54, 0x6D, 0x65, 0x93, 0x41, 0x00, 0x00},
    /* U+6D1A */ {0x37, 0xC0, 0xEC, 0x0B, 0x86, 0x7E, 0x3D, 0x70, 0xFE, 0x31, 0x82, 0xD8, 0x2F, 0xE6, 0x18, 0x41, 0x80, 0x00},
    /* U+6D1B */ {0x37, 0xC0, 0xCC, 0x4E, 0x87, 0xB8, 0x23, 0xC0, 0xEF, 0x1F, 0xE2, 0x46, 0x24, 0x66, 0x46, 0x47, 0xE0, 0x00},
    /* U+6D1E */ {0x7F, 0xE1, 0x82, 0x0F, 0xEE, 0x82, 0x2B, 0xA0, 0xAA, 0x3A, 0xA3, 0xBA, 0x6A, 0x24, 0x82, 0x48, 0xE0, 0x00},
    /* U+6D25 */ {0x6F, 0xE1, 0x36, 0x1F, 0xFC, 0x36, 0x2F, 0xE0, 0x30, 0x3F, 0xE2, 0x30, 0x7F, 0xF4, 0x30, 0x43, 0x00, 0x00},
    /* U+6D27 */ {0x72, 0x01, 0xFF, 0x06, 0x06, 0x7E, 0x2C, 0x61, 0xFE, 0x14, 0x63, 0x7E, 0x24, 0x66, 0x46, 0x44, 0xE0, 0x00},
    /* U+6D2A */ {0x76, 0x41, 0x64, 0x0F, 0xFC, 0x64, 0x26, 0x40, 0x64, 0x1F, 0xF3, 0x00, 0x24, 0x46, 0xC6, 0x48, 0x20, 0x00},
    /* U+6D2B */ {0x33, 0x00, 0xFE, 0x0A, 0xA6, 0xAA, 0x2A, 0xA0, 0xAA, 0x2A, 0xA2, 0xAA, 0x6A, 0xA6, 0xAA, 0x5F, 0xF0, 0x00},
    /* U+6D2E */ {0x32, 0x80, 0xAA, 0x0E, 0xEE, 0x6C, 0x22, 0x80, 0x6C, 0x3E, 0xE3, 0x68, 0x64, 0x84, 0xCB, 0x58, 0xE0, 0x00},
    /* U+6D31 */ {0x7F, 0xF0, 0x44, 0x07, 0xCE, 0x44, 0x24, 0x40, 0x7C, 0x14, 0x43, 0x47, 0x2F, 0xE6, 0x04, 0x40, 0x40, 0x00},
    /* U+6D32 */ {0x65, 0x22, 0x5A, 0x05, 0xA4, 0xFA, 0x7F, 0xE1, 0xFE, 0x35, 0xA2, 0xDA, 0x6D, 0xA4, 0x9A, 0x59, 0x20, 0x00},
    /* U+6D33 */ {0x2D, 0xE0, 0x9A, 0x1F, 0xAC, 0xBA, 0x2B, 0xA1, 0xBA, 0x3F, 0xA6, 0xDA, 0x6F, 0xA4, 0xBE, 0x50, 0xA0, 0x00},
    /* U+6D35 */ {0x34, 0x00, 0xFE, 0x08, 0x27, 0xFA, 0x2C, 0xA0, 0xFA, 0x2C, 0xA2, 0xFA, 0x6C, 0x24, 0x06, 0x41, 0xE0, 0x00},
    /* U+6D39 */ {0x7F, 0xE0, 0x00, 0x07, 0xEE, 0x46, 0x24, 0x60, 0x7E, 0x14, 0x63, 0x7E, 0x20, 0x06, 0x00, 0x5F, 0xF0, 0x00},
    /* U+6D3B */ {0x3F, 0xC0, 0x10, 0x01, 0x06, 0xFF, 0x21, 0x00, 0x10, 0x1F, 0xE2, 0xC2, 0x6C, 0x24, 0xFE, 0x04, 0x20, 0x00},
    /* U+6D3C */ {0x71, 0x01, 0xFE, 0x01, 0x0C, 0x10, 0x6F, 0xE0, 0x10, 0x1F, 0xE3, 0x10, 0x21, 0x06, 0x10, 0x5F, 0xF0, 0x00},
    /* U+6D3D */ {0x33, 0x80, 0x2C, 0x0E, 0x66, 0xFF, 0x20, 0x00, 0x00, 0x17, 0xE3, 0x46, 0x24, 0x66, 0x7E, 0x44, 0x60, 0x00},
    /* U+6D3E */ {0x61, 0xE3, 0xF8, 0x08, 0xE4, 0xB8, 0x6A, 0x80, 0xAE, 0x2A, 0xC2, 0xA4, 0x6A, 0x65, 0xBA, 0x52, 0x20, 0x00},
    /* U+6D41 */ {0x61, 0x03, 0xFF, 0x06, 0x4C, 0xFE, 0x2F, 0xE0, 0x54, 0x15, 0x43, 0xD4, 0x2D, 0x56, 0x95, 0x59, 0x60, 0x00},
    /* U+6D43 */ {0x61, 0x00, 0xFE, 0x09, 0x66, 0xD4, 0x25, 0x41, 0xFF, 0x23, 0x82, 0x38, 0x66, 0xC4, 0xC6, 0x58, 0x30, 0x00},
    /* U+6D45 */ {0x32, 0xC0, 0x2E, 0x0F, 0xE6, 0x20, 0x23, 0xF1, 0xFA, 0x21, 0x62, 0x1C, 0x63, 0xB4, 0xFB, 0x48, 0xE0, 0x00},
    /* U+6D46 */ {0x53, 0xE3, 0xE6, 0x33, 0xC7, 0x38, 0x1F, 0x00, 0x60, 0x7E, 0xC1, 0xF8, 0x37, 0x86, 0x6E, 0x0E, 0x00, 0x00},
    /* U+6D47 */ {0x3F, 0xE0, 0xF4, 0x01, 0xC6, 0x7A, 0x2C, 0xE0, 0x00, 0x3F, 0xE2, 0x28, 0x66, 0x84, 0xCB, 0x58, 0xE0, 0x00},
    /* U+6D48 */ {0x33, 0xE1, 0x30, 0x03, 0x04, 0xFE, 0x68, 0x60, 0x96, 0x19, 0x63, 0x96, 0x23, 0x86, 0x6E, 0x5C, 0x20, 0x00},
    /* U+6D4A */ {0x71, 0x01, 0x10, 0x0F, 0xE4, 0x92, 0x29, 0x20, 0xFE, 0x31, 0x02, 0x16, 0x61, 0x67, 0xFE, 0x48, 0x30, 0x00},
    /* U+6D4B */ {0x7F, 0x61, 0x96, 0x1D, 0x6D, 0xD6, 0x3D, 0x61, 0xD6, 0x3D, 0x63, 0xD6, 0x64, 0x24, 0xB2, 0x59, 0x60, 0x00},
    /* U+6D4D */ {0x33, 0x80, 0x6C, 0x0C, 0x67, 0xFE, 0x20, 0x00, 0x00, 0x1F, 0xE3, 0x60, 0x24, 0xC6, 0xFE, 0x4E, 0x20, 0x00},
    /* U+6D4E */ {0x7F, 0xF2, 0x6C, 0x02, 0x8C, 0x38, 0x6F, 0xF0, 0xC6, 0x24, 0x42, 0x44, 0x64, 0x44, 0xC4, 0x58, 0x40, 0x00},
    /* U+6D4F */ {0x64, 0xA3, 0xFA, 0x02, 0xA4, 0xAA, 0x6E, 0xA0, 0xCA, 0x26, 0xA2, 0xEA, 0x6A, 0x25, 0x82, 0x50, 0x60, 0x00},
    /* U+6D51 */ {0x7F, 0xE0, 0x20, 0x4F, 0xE6, 0x60, 0x25, 0x00, 0xFE, 0x21, 0x02, 0x10, 0x7F, 0xF4, 0x10, 0x41, 0x00, 0x00},
    /* U+6D52 */ {0x69, 0x00, 0x5F, 0x03, 0x4F, 0xE4, 0x2C, 0x40, 0xFF, 0x2C, 0x42, 0xC4, 0x6E, 0x44, 0xC4, 0x48, 0x40, 0x00},
    /* U+6D53 */ {0x21, 0x01, 0xFE, 0x1B, 0x2C, 0x78, 0x25, 0xA0, 0xCE, 0x3C, 0xC2, 0x4C, 0x64, 0x64, 0x73, 0x44, 0x00, 0x00},
    /* U+6D54 */ {0x6F, 0xE0, 0x06, 0x0F, 0xEC, 0x06, 0x2F, 0xE0, 0x04, 0x3F, 0xF2, 0x44, 0x66, 0x44, 0x24, 0x41, 0xC0, 0x00},
    /* U+6D59 */ {0x2D, 0x81, 0xF0, 0x4D, 0x06, 0xDF, 0x2F, 0x61, 0xF6, 0x3D, 0x62, 0xD6, 0x6D, 0x64, 0xF6, 0x5A, 0x60, 0x00},
    /* U+6D5A */ {0x66, 0xC1, 0xFE, 0x0F, 0xE4, 0x6C, 0x6C, 0x60, 0xA2, 0x07, 0xC3, 0xEC, 0x63, 0x84, 0x7C, 0x5C, 0x60, 0x00},
    /* U+6D5C */ {0x37, 0x81, 0x40, 0x04, 0x0E, 0x7E, 0x24, 0xC0, 0x4C, 0x1F, 0xF2, 0x00, 0x66, 0x44, 0xC6, 0x48, 0x20, 0x00},
    /* U+6D5E */ {0x7F, 0xE1, 0xC2, 0x0C, 0x26, 0xFE, 0x21, 0x00, 0x50, 0x3D, 0xE2, 0xD0, 0x2D, 0x06, 0xF0, 0x51, 0xF0, 0x00},
    /* U+6D60 */ {0x27, 0x80, 0xFE, 0x0B, 0x27, 0xFF, 0x27, 0x00, 0x50, 0x2F, 0xE3, 0xD2, 0x65, 0x24, 0x56, 0x41, 0x00, 0x00},
    /* U+6D63 */ {0x3F, 0xE0, 0x83, 0x08, 0x3E, 0x7E, 0x20, 0x00, 0xFF, 0x32, 0x82, 0x68, 0x66, 0x94, 0xCB, 0x58, 0xE0, 0x00},
    /* U+6D66 */ {0x71, 0x61, 0xFF, 0x01, 0x06, 0xFE, 0x29, 0x20, 0xFE, 0x39, 0x22, 0xFE, 0x69, 0x24, 0x92, 0x49, 0xE0, 0x00},
    /* U+6D69 */ {0x35, 0x00, 0xFE, 0x09, 0x0E, 0x90, 0x3F, 0xF0, 0x00, 0x17, 0xE3, 0xC2, 0x6C, 0x24, 0xFE, 0x04, 0x20, 0x00},
    /* U+6D6A */ {0x6F, 0xE2, 0x86, 0x08, 0x64, 0xFE, 0x68, 0x60, 0xFE, 0x29, 0x22, 0x9C, 0x68, 0xC4, 0xF6, 0x4C, 0x20, 0x00},
    /* U+6D6E */ {0x3F, 0xC0, 0xF6, 0x45, 0x46, 0xFC, 0x00, 0xC0, 0x18, 0x21, 0x03, 0xFE, 0x21, 0x06, 0x10, 0x47, 0x00, 0x00},
    /* U+6D6F */ {0x33, 0x00, 0x20, 0x0F, 0xC6, 0x24, 0x1F, 0xF0, 0x00, 0x3F, 0xE2, 0xC6, 0x6C, 0x66, 0xC6, 0x4F, 0xE0, 0x00},
    /* U+6D74 */ {0x34, 0xC0, 0xD6, 0x0B, 0x26, 0x38, 0x26, 0xC1, 0xC6, 0x1F, 0xF2, 0xC4, 0x2C, 0x46, 0xC4, 0x4F, 0xC0, 0x00},
    /* U+6D77 */ {0x3F, 0xE0, 0x80, 0x18, 0x04, 0x7E, 0x6D, 0x21, 0xFF, 0x2F, 0x62, 0x96, 0x6F, 0xE4, 0x04, 0x41, 0xC0, 0x00},
    /* U+6D78 */ {0x70, 0x60, 0x7E, 0x00, 0x66, 0xFE, 0x2F, 0xF1, 0x83, 0x2F, 0xC2, 0x6C, 0x63, 0x84, 0x7C, 0x5C, 0x60, 0x00},
    /* U+6D7C */ {0x37, 0xC0, 0xC8, 0x1F, 0xE6, 0xD2, 0x2D, 0x20, 0xD2, 0x1F, 0xE3, 0x38, 0x23, 0x86, 0x7B, 0x58, 0xE0, 0x00},
    /* U+6D82 */ {0x33, 0x80, 0x6C, 0x1C, 0x7F, 0x7C, 0x21, 0x00, 0xFE, 0x31, 0x02, 0xD4, 0x69, 0x65, 0x92, 0x47, 0x00, 0x00},
    /* U+6D85 */ {0x7F, 0xE0, 0x82, 0x0F, 0xE6, 0x82, 0x2F, 0xE0, 0x10, 0x11, 0x03, 0xFE, 0x21, 0x06, 0x10, 0x5F, 0xF0, 0x00},
    /* U+6D88 */ {0x7D, 0x20, 0x56, 0x05, 0x4C, 0xFE, 0x2C, 0x20, 0xFE, 0x3C, 0x22, 0xFE, 0x6C, 0x24, 0xC2, 0x4C, 0xE0, 0x00},
    /* U+6D89 */ {0x65, 0x00, 0x5E, 0x05, 0x06, 0xFF, 0x25, 0x00, 0x52, 0x2D, 0x62, 0x9C, 0x61, 0x84, 0x70, 0x4E, 0x00, 0x00},
    /* U+6D8C */ {0x30, 0xC0, 0x38, 0x01, 0x8E, 0xFE, 0x29, 0x20, 0xFE, 0x39, 0x22, 0xFE, 0x69, 0x24, 0x92, 0x49, 0x60, 0x00},
    /* U+6D8E */ {0x7D, 0xE2, 0xCC, 0x09, 0xC7, 0xFF, 0x05, 0xC1, 0x5C, 0x3D, 0xC2, 0xDC, 0x6D, 0xF5, 0xE0, 0x53, 0xF0, 0x00},
    /* U+6D91 */ {0x3F, 0xF0, 0x10, 0x01, 0x0C, 0xFE, 0x29, 0x20, 0xFE, 0x33, 0x82, 0x7C, 0x6D, 0x65, 0x93, 0x41, 0x00, 0x00},
    /* U+6D93 */ {0x34, 0x60, 0x46, 0x07, 0xE6, 0x00, 0x2F, 0xE0, 0xC2, 0x3F, 0xE2, 0xC2, 0x6F, 0xE6, 0xC2, 0x4C, 0xE0, 0x00},
    /* U+6D94 */ {0x39, 0x20, 0xFE, 0x01, 0x06, 0x38, 0x2F, 0x61, 0x93, 0x3F, 0xE2, 0x04, 0x60, 0xC4, 0x08, 0x41, 0x80, 0x00},
    /* U+6D95 */ {0x76, 0xC0, 0xFE, 0x41, 0x26, 0xFE, 0x29, 0x00, 0x90, 0x2F, 0xE2, 0x32, 0x65, 0x25, 0xD6, 0x41, 0x00, 0x00},
    /* U+6D9B */ {0x3F, 0xE0, 0x30, 0x0F, 0xE6, 0x20, 0x2F, 0xF0, 0x64, 0x17, 0xF3, 0x64, 0x2D, 0x47, 0x94, 0x40, 0xC0, 0x00},
    /* U+6D9D */ {0x7F, 0xF2, 0x6C, 0x00, 0x04, 0xFE, 0x28, 0x20, 0x30, 0x3F, 0xE2, 0x26, 0x66, 0x44, 0xC4, 0x49, 0xC0, 0x00},
    /* U+6D9E */ {0x61, 0x01, 0xFE, 0x0D, 0x44, 0x54, 0x25, 0x01, 0xFE, 0x23, 0x82, 0x7C, 0x6D, 0x65, 0x93, 0x41, 0x00, 0x00},
    /* U+6D9F */ {0x7F, 0xE0, 0xB0, 0x02, 0x85, 0xFE, 0x28, 0x80, 0x88, 0x2F, 0xE2, 0x88, 0x68, 0x85, 0xE8, 0x53, 0xF0, 0x00},
    /* U+6DA0 */ {0x38, 0x21, 0x92, 0x0F, 0xEC, 0x92, 0x7F, 0xE0, 0x92, 0x3F, 0xE3, 0x96, 0x69, 0xE4, 0xFE, 0x48, 0x20, 0x00},
    /* U+6DA1 */ {0x3C, 0x60, 0xC6, 0x0F, 0xE6, 0x10, 0x2F, 0xE0, 0x92, 0x2B, 0xA2, 0xAE, 0x6E, 0x66, 0x82, 0x48, 0xE0, 0x00},
    /* U+6DA3 */ {0x37, 0xC0, 0xCC, 0x0F, 0xE6, 0xD6, 0x2D, 0x60, 0xD6, 0x3F, 0xE2, 0x38, 0x66, 0xC4, 0xC6, 0x58, 0x30, 0x00},
    /* U+6DA4 */ {0x37, 0xC0, 0xEC, 0x0B, 0x86, 0x38, 0x3E, 0x60, 0x10, 0x3F, 0xE2, 0x54, 0x6D, 0x64, 0x92, 0x43, 0x00, 0x00},
    /* U+6DA6 */ {0x6F, 0xE2, 0x42, 0x1F, 0xEF, 0x92, 0x39, 0x21, 0xFA, 0x39, 0x23, 0x92, 0x7F, 0xE5, 0x82, 0x50, 0xE0, 0x00},
    /* U+6DA7 */ {0x6B, 0xE2, 0x02, 0x1F, 0xAD, 0xCA, 0x7C, 0xA1, 0xFA, 0x3C, 0xA3, 0xCA, 0x7F, 0xA5, 0x82, 0x58, 0x60, 0x00},
    /* U+6DA8 */ {0x25, 0x60, 0x54, 0x1D, 0xC5, 0x18, 0x73, 0xF1, 0x1C, 0x1D, 0x46, 0x54, 0x45, 0x64, 0xDE, 0x5B, 0x10, 0x00},
    /* U+6DA9 */ {0x31, 0x20, 0xD2, 0x0B, 0x2C, 0x66, 0x6C, 0xC0, 0x10, 0x05, 0x02, 0x5E, 0x65, 0x06, 0x50, 0x5F, 0xF0, 0x00},
    /* U+6DAA */ {0x3F, 0xE0, 0x44, 0x04, 0x4E, 0x6C, 0x3F, 0xF0, 0x00, 0x37, 0xE2, 0x46, 0x64, 0x64, 0x7E, 0x04, 0x60, 0x00},
    /* U+6DAB */ {0x6F, 0xE3, 0x82, 0x08, 0x2C, 0x44, 0x64, 0x40, 0x7C, 0x14, 0x03, 0x7E, 0x64, 0x24, 0x7E, 0x44, 0x20, 0x00},
    /* U+6DAE */ {0x31, 0x61, 0x1E, 0x1F, 0xEF, 0x2E, 0x1F, 0xE1, 0xBE, 0x3B, 0xE7, 0xB6, 0x7B, 0x27, 0xB2, 0x42, 0x60, 0x00},
    /* U+6DAF */ {0x7F, 0xF0, 0x88, 0x0B, 0xE6, 0x88, 0x0F, 0xF0, 0x80, 0x28, 0x82, 0xFE, 0x78, 0x85, 0x08, 0x57, 0xF0, 0x00},
    /* U+6DB2 */ {0x7F, 0xF2, 0x50, 0x0D, 0x04, 0xDE, 0x6B, 0x21, 0xFE, 0x2D, 0x42, 0x9C, 0x69, 0xC4, 0xB6, 0x4E, 0x30, 0x00},
    /* U+6DB5 */ {0x6F, 0xC2, 0x0C, 0x19, 0x2D, 0xD6, 0x7F, 0xE1, 0xBA, 0x3F, 0xE3, 0xD6, 0x7B, 0x27, 0x82, 0x5F, 0xE0, 0x00},
    /* U+6DB8 */ {0x7F, 0xE1, 0x92, 0x0F, 0xE6, 0x92, 0x29, 0x20, 0xFA, 0x3C, 0xA3, 0xFA, 0x68, 0x24, 0xFE, 0x48, 0x20, 0x00},
    /* U+6DBF */ {0x3F, 0xE0, 0x30, 0x06, 0x2F, 0xB6, 0x2F, 0xC0, 0xDC, 0x3F, 0xE2, 0x7E, 0x7D, 0xB5, 0x18, 0x47, 0x00, 0x00},
    /* U+6DC0 */ {0x61, 0x00, 0xFE, 0x08, 0x26, 0xFE, 0x21, 0x00, 0x50, 0x3D, 0xE2, 0xD0, 0x6D, 0x04, 0xB0, 0x51, 0xF0, 0x00},
    /* U+6DC4 */ {0x7D, 0x60, 0xBC, 0x0B, 0x4C, 0xD6, 0x64, 0xA0, 0xFE, 0x19, 0x23, 0xFE, 0x29, 0x26, 0x92, 0x4F, 0xE0, 0x00},
    /* U+6DC5 */ {0x25, 0x81, 0xF0, 0xCD, 0x0E, 0xDF, 0x2D, 0x60, 0xF6, 0x3D, 0x67, 0x56, 0x45, 0x64, 0x76, 0x46, 0x40, 0x00},
    /* U+6DC6 */ {0x37, 0x80, 0xFE, 0x02, 0x07, 0xFF, 0x26, 0x00, 0xFE, 0x3C, 0x63, 0x7E, 0x67, 0xE4, 0x46, 0x44, 0xC0, 0x00},
    /* U+6DC7 */ {0x64, 0x41, 0xFE, 0x04, 0x4C, 0x7C, 0x24, 0x40, 0x7C, 0x24, 0x43, 0xFF, 0x66, 0xC4, 0xC6, 0x58, 0x30, 0x00},
    /* U+6DCB */ {0x64, 0xC2, 0x4C, 0x1F, 0xFC, 0xCC, 0x6E, 0xC0, 0xFE, 0x3D, 0xE7, 0x7E, 0x76, 0xD4, 0x4C, 0x44, 0xC0, 0x00},
    /* U+6DCC */ {0x3D, 0x60, 0x54, 0x01, 0x06, 0xFE, 0x28, 0x20, 0xBA, 0x3A, 0xA2, 0xAA, 0x6B, 0xA4, 0xA2, 0x48, 0xE0, 0x00},
    /* U+6DD1 */ {0x6D, 0xE0, 0xFA, 0x0C, 0xAF, 0xFA, 0x24, 0xE1, 0xEC, 0x37, 0xC7, 0x5C, 0x54, 0xC4, 0x5A, 0x4F, 0x30, 0x00},
    /* U+6DD6 */ {0x31, 0xE0, 0x10, 0x0F, 0xEE, 0x82, 0x2F, 0xE0, 0x82, 0x3F, 0xE2, 0x10, 0x7F, 0xF4, 0x10, 0x41, 0x00, 0x00},
    /* U+6DD8 */ {0x3C, 0x00, 0xFE, 0x1C, 0x2F, 0xFA, 0x0A, 0x21, 0xFE, 0x22, 0x22, 0xAA, 0x6F, 0xA4, 0x02, 0x41, 0xE0, 0x00},
    /* U+6DD9 */ {0x71, 0x00, 0xFF, 0x08, 0x3E, 0x7E, 0x20, 0x00, 0xFF, 0x21, 0x02, 0x54, 0x6D, 0x65, 0x92, 0x43, 0x00, 0x00},
    /* U+6DDD */ {0x77, 0xE1, 0x7E, 0x5F, 0xE7, 0x7E, 0x37, 0xE1, 0x7E, 0x3F, 0x23, 0x70, 0x77, 0x15, 0x73, 0x7D, 0xE0, 0x00},
    /* U+6DDE */ {0x69, 0xE0, 0x96, 0x1F, 0x2C, 0xF3, 0x7E, 0x81, 0xE8, 0x39, 0x86, 0x9E, 0x49, 0x24, 0xBE, 0x49, 0x20, 0x00},
    /* U+6DE0 */ {0x39, 0x20, 0x92, 0x0F, 0xE6, 0x92, 0x2F, 0xE0, 0x00, 0x1F, 0xF2, 0x6C, 0x24, 0xC4, 0xCC, 0x58, 0xC0, 0x00},
    /* U+6DE1 */ {0x61, 0x03, 0x56, 0x09, 0x44, 0x3C, 0x6E, 0x60, 0x92, 0x0D, 0x62, 0xB4, 0x6B, 0xC4, 0x6C, 0x5C, 0x70, 0x00},
    /* U+6DE4 */ {0x24, 0xC1, 0xEE, 0x09, 0xAE, 0x93, 0x2E, 0x80, 0xA4, 0x2A, 0x66, 0xA0, 0x7A, 0x85, 0x26, 0x5E, 0x20, 0x00},
    /* U+6DE6 */ {0x33, 0x80, 0x6C, 0x1C, 0x66, 0x7C, 0x21, 0x00, 0xFE, 0x31, 0x03, 0x56, 0x25, 0x46, 0x54, 0x5F, 0xE0, 0x00},
    /* U+6DEB */ {0x3F, 0xC0, 0x96, 0x4D, 0x46, 0x4E, 0x0F, 0xC0, 0x10, 0x31, 0x03, 0xFF, 0x61, 0x04, 0x10, 0x4F, 0xE0, 0x00},
    /* U+6DEC */ {0x3F, 0xE0, 0x04, 0x04, 0x46, 0x6C, 0x2F, 0xE0, 0x92, 0x21, 0x03, 0xFF, 0x61, 0x04, 0x10, 0x41, 0x00, 0x00},
    /* U+6DEE */ {0x34, 0x80, 0x7E, 0x0C, 0x8F, 0xC8, 0x3F, 0xE0, 0x48, 0x27, 0xE2, 0x48, 0x64, 0x84, 0x7F, 0x44, 0x00, 0x00},
    /* U+6DF1 */ {0x7F, 0xE0, 0x82, 0x06, 0xCC, 0xC6, 0x29, 0x20, 0xFE, 0x23, 0x82, 0x7C, 0x6D, 0x65, 0x92, 0x41, 0x00, 0x00},
    /* U+6DF3 */ {0x3F, 0xF0, 0x00, 0x07, 0xE6, 0x46, 0x27, 0xE0, 0xFC, 0x31, 0xC3, 0xFF, 0x61, 0x04, 0x10, 0x47, 0x00, 0x00},
    /* U+6DF7 */ {0x38, 0x60, 0xFE, 0x48, 0x66, 0xFE, 0x20, 0x00, 0x98, 0x3F, 0xE2, 0x9C, 0x69, 0x84, 0xFB, 0x4C, 0xE0, 0x00},
    /* U+6DF9 */ {0x62, 0x03, 0xFF, 0x04, 0xCC, 0xD6, 0x7F, 0xF1, 0x96, 0x2F, 0xE2, 0x96, 0x6F, 0xE4, 0x13, 0x41, 0xE0, 0x00},
    /* U+6DFB */ {0x7F, 0xE0, 0x30, 0x1F, 0xFE, 0x6C, 0x2E, 0x61, 0xA3, 0x2F, 0xE2, 0xAA, 0x7A, 0xB4, 0x20, 0x46, 0x00, 0x00},
    /* U+6DFC */ {0x7E, 0xC1, 0xF8, 0x17, 0x86, 0x6E, 0x5C, 0x21, 0x0A, 0x7F, 0xE7, 0xBC, 0x5E, 0xCD, 0x6A, 0x35, 0x80, 0x00},
    /* U+6E05 */ {0x3F, 0xE0, 0xFE, 0x01, 0x0D, 0xFF, 0x60, 0x00, 0xFE, 0x2F, 0xE2, 0x86, 0x6F, 0xE4, 0x86, 0x48, 0xC0, 0x00},
    /* U+6E0A */ {0x3D, 0x60, 0xDE, 0x0B, 0xA6, 0x9A, 0x2F, 0xE0, 0xBA, 0x3B, 0xA3, 0xF6, 0x7D, 0x65, 0x12, 0x51, 0x20, 0x00},
    /* U+6E0C */ {0x30, 0x40, 0xFC, 0x00, 0x47, 0xFF, 0x21, 0x00, 0xD6, 0x15, 0xC3, 0x78, 0x2D, 0x67, 0x93, 0x43, 0x00, 0x00},
    /* U+6E0D */ {0x3F, 0xE0, 0xFE, 0x01, 0x0F, 0xFF, 0x20, 0x00, 0xFE, 0x2D, 0x62, 0xD6, 0x6D, 0x64, 0x7C, 0x4C, 0x60, 0x00},
    /* U+6E0E */ {0x6F, 0xE0, 0x10, 0x0F, 0xE6, 0x02, 0x27, 0xA0, 0xF8, 0x25, 0x02, 0xFE, 0x63, 0x84, 0x66, 0x4C, 0x20, 0x00},
    /* U+6E10 */ {0x6C, 0xE3, 0xF8, 0x09, 0x8E, 0xDF, 0x3D, 0xE1, 0xFE, 0x25, 0xE2, 0xFE, 0x7D, 0x64, 0x56, 0x45, 0x60, 0x00},
    /* U+6E11 */ {0x6F, 0xC0, 0xFC, 0x43, 0x06, 0xFE, 0x3B, 0x21, 0xFE, 0x3B, 0x23, 0xFE, 0x6B, 0x14, 0x13, 0x41, 0xE0, 0x00},
    /* U+6E14 */ {0x37, 0x80, 0xC8, 0x5F, 0xE7, 0x92, 0x29, 0x20, 0xFE, 0x29, 0x22, 0xFE, 0x60, 0x05, 0xFF, 0x40, 0x00, 0x00},
    /* U+6E16 */ {0x7F, 0xE3, 0x82, 0x19, 0x2C, 0xFE, 0x69, 0x20, 0xFE, 0x29, 0x22, 0xFE, 0x69, 0x24, 0x10, 0x41, 0x00, 0x00},
    /* U+6E17 */ {0x36, 0x40, 0xFE, 0x02, 0x0F, 0xFF, 0x24, 0x41, 0xB7, 0x3E, 0x82, 0x3A, 0x6E, 0xE4, 0x78, 0x4E, 0x00, 0x00},
    /* U+6E1A */ {0x3F, 0xE0, 0x34, 0x03, 0xCE, 0xFF, 0x23, 0x00, 0xFE, 0x3C, 0x62, 0x7E, 0x64, 0x64, 0x7E, 0x04, 0x20, 0x00},
    /* U+6E1D */ {0x63, 0x80, 0xCE, 0x1F, 0xFE, 0x00, 0x2F, 0xA0, 0xBA, 0x2F, 0xA2, 0xFA, 0x6B, 0xA4, 0xB2, 0x4A, 0x60, 0x00},
    /* U+6E20 */ {0x1C, 0x0E, 0xFE, 0x2C, 0x63, 0xFE, 0x6F, 0xE4, 0x60, 0xFF, 0xF0, 0xF0, 0x1F, 0x87, 0x6E, 0x46, 0x20, 0x00},
    /* U+6E21 */ {0x3F, 0xF0, 0xA4, 0x4F, 0xE6, 0xA4, 0x2A, 0x40, 0xBC, 0x3F, 0xE3, 0xA6, 0x79, 0xC5, 0x3C, 0x56, 0x70, 0x00},
    /* U+6E23 */ {0x71, 0x01, 0xFF, 0x07, 0xC6, 0xD6, 0x2F, 0xC0, 0x44, 0x37, 0xC2, 0x44, 0x67, 0xC6, 0x00, 0x5F, 0xF0, 0x00},
    /* U+6E24 */ {0x7F, 0xC0, 0x4C, 0x1F, 0xF5, 0x3F, 0x7E, 0xF0, 0x6F, 0x26, 0xA7, 0xEA, 0x45, 0xA4, 0x52, 0x5D, 0x60, 0x00},
    /* U+6E25 */ {0x38, 0x20, 0xFE, 0x08, 0x0E, 0xFE, 0x2B, 0x40, 0xBE, 0x2F, 0xA3, 0x98, 0x7F, 0xE5, 0x98, 0x5F, 0xF0, 0x00},
    /* U+6E29 */ {0x7F, 0xE1, 0xC6, 0x0F, 0xEC, 0xC6, 0x6F, 0xC0, 0x00, 0x0F, 0xE3, 0xAA, 0x2A, 0xA6, 0xAA, 0x5F, 0xF0, 0x00},
    /* U+6E2B */ {0x6B, 0x43, 0xFF, 0x0B, 0x46, 0xBC, 0x2F, 0xE0, 0x10, 0x3F, 0xF2, 0x38, 0x67, 0xC5, 0xD6, 0x51, 0x20, 0x00},
    /* U+6E2D */ {0x39, 0x20, 0xFE, 0x09, 0x26, 0xFE, 0x20, 0x00, 0xFE, 0x1F, 0xE3, 0xC6, 0x6F, 0xE6, 0xC6, 0x4C, 0xC0, 0x00},
    /* U+6E2F */ {0x64, 0xC1, 0xFE, 0x04, 0xCF, 0xFF, 0x24, 0x40, 0xFE, 0x3C, 0xF2, 0x7C, 0x64, 0x24, 0x42, 0x47, 0xE0, 0x00},
    /* U+6E32 */ {0x7F, 0xE3, 0x82, 0x0F, 0xE6, 0x00, 0x2F, 0xE0, 0xC6, 0x3F, 0xE2, 0xC6, 0x67, 0xC6, 0x00, 0x5F, 0xF0, 0x00},
    /* U+6E34 */ {0x3C, 0x60, 0xFE, 0x0C, 0x6C, 0xFE, 0x24, 0x00, 0xFE, 0x39, 0x22, 0xFA, 0x6E, 0x24, 0xFE, 0x40, 0xE0, 0x00},
    /* U+6E38 */ {0x24, 0x81, 0xFF, 0x09, 0x0E, 0x9E, 0x2E, 0x60, 0xA4, 0x2B, 0xF7, 0xA4, 0x7A, 0x45, 0x24, 0x7F, 0xC0, 0x00},
    /* U+6E3A */ {0x7E, 0xC1, 0x7E, 0x5F, 0xE7, 0x7E, 0x17, 0xE1, 0xEE, 0x36, 0xE3, 0x64, 0x7E, 0xC5, 0x18, 0x43, 0x00, 0x00},
    /* U+6E43 */ {0x7F, 0xF2, 0x44, 0x05, 0xE5, 0xE4, 0x64, 0x40, 0x5E, 0x3E, 0x46, 0xDF, 0x48, 0x45, 0x84, 0x50, 0x40, 0x00},
    /* U+6E44 */ {0x6F, 0xE0, 0x92, 0x0F, 0xEE, 0x80, 0x2F, 0xE0, 0xE2, 0x2F, 0xE2, 0xE2, 0x7F, 0xE5, 0xFE, 0x56, 0x20, 0x00},
    /* U+6E4D */ {0x39, 0x20, 0x92, 0x0F, 0xEC, 0x00, 0x6F, 0xF0, 0x30, 0x2F, 0xE2, 0xAA, 0x6A, 0xA4, 0xAA, 0x4A, 0xE0, 0x00},
    /* U+6E4E */ {0x7F, 0xF0, 0x30, 0x0F, 0xE6, 0xAA, 0x2B, 0xA0, 0xAA, 0x3A, 0xA2, 0xBA, 0x6A, 0xA4, 0xFE, 0x48, 0x20, 0x00},
    /* U+6E53 */ {0x36, 0xC0, 0xC6, 0x0F, 0xE6, 0x24, 0x26, 0x40, 0xDC, 0x3F, 0xE2, 0xAA, 0x6A, 0xA4, 0xAA, 0x5F, 0xF0, 0x00},
    /* U+6E54 */ {0x26, 0xC1, 0xFF, 0x00, 0x0C, 0xEA, 0x2A, 0xA0, 0xEA, 0x2A, 0xA2, 0xEA, 0x6A, 0xA4, 0xA2, 0x4E, 0x60, 0x00},
    /* U+6E56 */ {0x24, 0xA0, 0x4A, 0x1F, 0xAE, 0x4E, 0x24, 0xA1, 0xFA, 0x3B, 0xE3, 0xBA, 0x7F, 0x25, 0x92, 0x43, 0x60, 0x00},
    /* U+6E58 */ {0x25, 0x20, 0x52, 0x1F, 0x26, 0xDE, 0x2D, 0x20, 0xF2, 0x3F, 0xE7, 0x52, 0x75, 0x24, 0x5E, 0x45, 0x20, 0x00},
    /* U+6E5B */ {0x3F, 0xF0, 0x44, 0x07, 0xCE, 0x44, 0x27, 0xC0, 0x44, 0x1F, 0xF2, 0xBC, 0x6A, 0x44, 0xFE, 0x00, 0x00, 0x00},
    /* U+6E5F */ {0x3F, 0xE0, 0xC2, 0x0F, 0xEE, 0xC2, 0x2F, 0xE0, 0x00, 0x0F, 0xE3, 0x10, 0x2F, 0xE6, 0x10, 0x5F, 0xF0, 0x00},
    /* U+6E6B */ {0x7C, 0x40, 0x44, 0x05, 0xFD, 0xFE, 0x6D, 0xE0, 0xFE, 0x2E, 0xC3, 0xCC, 0x75, 0xE4, 0x52, 0x45, 0x30, 0x00},
    /* U+6E6E */ {0x7F, 0xF0, 0x28, 0x0F, 0xE6, 0xAA, 0x0F, 0xE0, 0x00, 0x31, 0x02, 0xFE, 0x61, 0x04, 0x10, 0x5F, 0xF0, 0x00},
    /* U+6E7E */ {0x6F, 0xF2, 0xEC, 0x0A, 0xAD, 0x2A, 0x4F, 0xE0, 0x06, 0x2F, 0xE6, 0x80, 0x6F, 0xE4, 0x02, 0x40, 0xE0, 0x00},
    /* U+6E7F */ {0x38, 0x20, 0x82, 0x0F, 0xEE, 0x82, 0x2F, 0xE0, 0x28, 0x2A, 0xA2, 0xAA, 0x6E, 0xE4, 0x28, 0x5F, 0xF0, 0x00},
    /* U+6E83 */ {0x3F, 0xE1, 0xD2, 0x0F, 0xE5, 0xFF, 0x60, 0x00, 0xFE, 0x0D, 0x63, 0xD6, 0x2D, 0x66, 0x6C, 0x4C, 0x60, 0x00},
    /* U+6E85 */ {0x32, 0xE1, 0xEE, 0x1F, 0xE5, 0xE8, 0x3E, 0xE1, 0xFE, 0x3A, 0xE6, 0x8E, 0x4C, 0xD5, 0x7F, 0x71, 0x20, 0x00},
    /* U+6E86 */ {0x6D, 0xE3, 0xAA, 0x13, 0xAF, 0xEA, 0x64, 0xA1, 0xFE, 0x26, 0xC7, 0xE4, 0x55, 0xC5, 0x5A, 0x4D, 0x30, 0x00},
    /* U+6E89 */ {0x7F, 0xE1, 0xA4, 0x1F, 0xC7, 0xB4, 0x3F, 0xE1, 0x8C, 0x3C, 0xC3, 0xEC, 0x7B, 0xD5, 0x35, 0x42, 0x60, 0x00},
    /* U+6E8F */ {0x3F, 0xE0, 0x80, 0x0F, 0xE6, 0x9A, 0x2F, 0xF0, 0x9A, 0x2F, 0xE3, 0xFE, 0x7C, 0x25, 0x42, 0x57, 0xE0, 0x00},
    /* U+6E90 */ {0x6F, 0xF0, 0x98, 0x0F, 0xEE, 0xE2, 0x2F, 0xE0, 0xE2, 0x2F, 0xE3, 0xAA, 0x7E, 0xA5, 0x4B, 0x53, 0x80, 0x00},
    /* U+6E98 */ {0x3F, 0xE0, 0x10, 0x1F, 0xF6, 0x6C, 0x24, 0x40, 0xFE, 0x3F, 0xE2, 0xAA, 0x6A, 0xA4, 0xAA, 0x5F, 0xF0, 0x00},
    /* U+6E9C */ {0x69, 0xE3, 0xAA, 0x0A, 0xA4, 0xFA, 0x08, 0x60, 0xFE, 0x29, 0x22, 0xFE, 0x69, 0x24, 0x92, 0x4F, 0xE0, 0x00},
    /* U+6E9F */ {0x7F, 0xE0, 0x82, 0x0F, 0xE6, 0xFE, 0x2C, 0x60, 0x7E, 0x21, 0x02, 0xFF, 0x66, 0xC4, 0xC6, 0x58, 0x20, 0x00},
    /* U+6EA2 */ {0x64, 0xC2, 0x48, 0x1F, 0xEC, 0x48, 0x6C, 0xE1, 0x82, 0x2F, 0xE2, 0xAE, 0x6A, 0xE4, 0xAE, 0x5F, 0xF0, 0x00},
    /* U+6EA5 */ {0x3F, 0xF0, 0x10, 0x0F, 0xE6, 0xFE, 0x09, 0x20, 0xFE, 0x29, 0xE3, 0xFF, 0x64, 0xC4, 0x6C, 0x41, 0xC0, 0x00},
    /* U+6EA7 */ {0x7F, 0xF2, 0x28, 0x0F, 0xE6, 0xAA, 0x2F, 0xE0, 0x10, 0x3F, 0xF2, 0x38, 0x65, 0xC5, 0x97, 0x51, 0x00, 0x00},
    /* U+6EAA */ {0x3F, 0xC0, 0xD4, 0x07, 0x46, 0x78, 0x2F, 0x40, 0xFE, 0x2F, 0x23, 0xFF, 0x63, 0x84, 0xEE, 0x18, 0x30, 0x00},
    /* U+6EAF */ {0x2A, 0xA1, 0xFA, 0x04, 0xE7, 0x7A, 0x17, 0xA1, 0x7A, 0x1F, 0xE6, 0xCA, 0x49, 0xA5, 0x92, 0x51, 0x60, 0x00},
    /* U+6EB1 */ {0x3F, 0xE0, 0x30, 0x0F, 0xEC, 0x20, 0x3F, 0xF0, 0xFE, 0x39, 0x32, 0xFE, 0x63, 0x84, 0xD6, 0x49, 0x20, 0x00},
    /* U+6EB2 */ {0x3D, 0xE0, 0x92, 0x0F, 0xEE, 0x92, 0x2F, 0xE0, 0x10, 0x3F, 0xE2, 0x46, 0x27, 0xC6, 0x7C, 0x5E, 0x70, 0x00},
    /* U+6EB4 */ {0x3F, 0xE0, 0x86, 0x0F, 0xE6, 0xFE, 0x28, 0x60, 0xFE, 0x31, 0x43, 0xFE, 0x63, 0x84, 0xEC, 0x58, 0x70, 0x00},
    /* U+6EB6 */ {0x6F, 0xE3, 0x82, 0x0E, 0xEC, 0xD6, 0x6B, 0xA0, 0x6C, 0x3C, 0x63, 0xFE, 0x64, 0x46, 0x44, 0x47, 0xC0, 0x00},
    /* U+6EB7 */ {0x38, 0x20, 0xFE, 0x0B, 0x27, 0xFE, 0x2B, 0xA0, 0xFA, 0x3B, 0xE3, 0xFA, 0x6B, 0x24, 0x82, 0x4F, 0xE0, 0x00},
    /* U+6EBA */ {0x7F, 0xE0, 0x22, 0x0F, 0xEE, 0x98, 0x3F, 0xE0, 0x22, 0x2A, 0xA2, 0xEE, 0x7F, 0xE5, 0x32, 0x4E, 0xE0, 0x00},
    /* U+6EBB */ {0x3C, 0x60, 0xFE, 0x0C, 0x66, 0xFE, 0x2F, 0xE0, 0xBA, 0x3F, 0xA2, 0x76, 0x6F, 0xE4, 0xB2, 0x46, 0x60, 0x00},
    /* U+6EBD */ {0x38, 0x00, 0xBE, 0x0F, 0xF6, 0xAA, 0x2A, 0xC0, 0xB6, 0x28, 0x42, 0xFF, 0x7A, 0x45, 0x34, 0x50, 0xC0, 0x00},
    /* U+6EC1 */ {0x35, 0xC1, 0x76, 0x1E, 0x35, 0xFE, 0x34, 0x81, 0x7E, 0x34, 0x87, 0xFA, 0x52, 0xA5, 0x6B, 0x51, 0x80, 0x00},
    /* U+6EC2 */ {0x3F, 0xE0, 0x44, 0x06, 0xC6, 0xFE, 0x29, 0x20, 0xFE, 0x32, 0x02, 0x3E, 0x66, 0x64, 0xC4, 0x49, 0xC0, 0x00},
    /* U+6EC7 */ {0x3F, 0xE0, 0x10, 0x07, 0xE6, 0x7E, 0x24, 0x60, 0x7E, 0x27, 0xE2, 0x46, 0x6F, 0xF4, 0x6C, 0x4C, 0x20, 0x00},
    /* U+6ECB */ {0x36, 0xC1, 0xFF, 0x0C, 0x86, 0x88, 0x2B, 0xA1, 0xFE, 0x24, 0x42, 0xEE, 0x6A, 0xA5, 0xFE, 0x42, 0x10, 0x00},
    /* U+6ECF */ {0x6C, 0x61, 0xEE, 0x03, 0x8C, 0x7C, 0x7C, 0x70, 0xFC, 0x21, 0x03, 0xFE, 0x6D, 0x44, 0x54, 0x5F, 0xF0, 0x00},
    /* U+6ED1 */ {0x34, 0x40, 0x74, 0x05, 0x47, 0xFF, 0x38, 0x30, 0xFC, 0x3F, 0xC2, 0xC4, 0x6F, 0xC4, 0xC4, 0x4C, 0xC0, 0x00},
    /* U+6ED3 */ {0x3F, 0xF0, 0x93, 0x09, 0x0E, 0xFE, 0x26, 0xC0, 0xFF, 0x21, 0x02, 0x10, 0x6F, 0xE4, 0x10, 0x41, 0x00, 0x00},
    /* U+6ED4 */ {0x7F, 0xC0, 0x92, 0x0D, 0x66, 0x44, 0x2E, 0xE0, 0xC2, 0x38, 0x22, 0xFE, 0x68, 0x24, 0xFE, 0x08, 0x20, 0x00},
    /* U+6ED5 */ {0x53, 0xC5, 0x7E, 0x71, 0x05, 0xFF, 0x56, 0x45, 0xDB, 0x7D, 0xC5, 0x3C, 0xD7, 0xCD, 0xDE, 0xB3, 0x00, 0x00},
    /* U+6ED7 */ {0x6F, 0xF1, 0xD4, 0x15, 0x46, 0xFC, 0x23, 0xE1, 0xFE, 0x22, 0x03, 0xFE, 0x7A, 0x04, 0x32, 0x43, 0xE0, 0x00},
    /* U+6EDA */ {0x7F, 0xE2, 0x4C, 0x0E, 0x6D, 0xEA, 0x6F, 0xC0, 0xFC, 0x27, 0xA2, 0xCE, 0x7C, 0xC4, 0x76, 0x4E, 0x20, 0x00},
    /* U+6EDE */ {0x6D, 0x41, 0xFF, 0x0D, 0x4C, 0x00, 0x3F, 0xE1, 0x92, 0x2F, 0xE2, 0x96, 0x69, 0x64, 0x9E, 0x41, 0x00, 0x00},
    /* U+6EDF */ {0x69, 0xE1, 0xF6, 0x0B, 0x4C, 0x9E, 0x7F, 0xE0, 0x9E, 0x29, 0xE7, 0xF0, 0x49, 0x04, 0x93, 0x49, 0xE0, 0x00},
    /* U+6EE0 */ {0x2C, 0x42, 0xFC, 0x0C, 0x4C, 0xFC, 0x7F, 0xE0, 0x04, 0x3F, 0xE7, 0xEE, 0x6C, 0xC4, 0xFE, 0x53, 0x30, 0x00},
    /* U+6EE1 */ {0x3F, 0xF0, 0x68, 0x1F, 0xF6, 0x28, 0x2F, 0xE0, 0xAA, 0x3E, 0xA2, 0xFE, 0x6D, 0x64, 0x92, 0x48, 0x60, 0x00},
    /* U+6EE2 */ {0x3F, 0xF0, 0x6C, 0x1F, 0xE7, 0x83, 0x18, 0x30, 0xFC, 0x21, 0x02, 0xFE, 0x61, 0x44, 0x14, 0x5F, 0xF0, 0x00},
    /* U+6EE4 */ {0x61, 0xE0, 0xFF, 0x0A, 0x24, 0xFE, 0x2B, 0x20, 0xBE, 0x39, 0x03, 0xEA, 0x7E, 0xA5, 0xE7, 0x11, 0xC0, 0x00},
    /* U+6EE5 */ {0x6E, 0x82, 0xFF, 0x0F, 0x0C, 0xFC, 0x6E, 0x60, 0x00, 0x3F, 0xE2, 0xAE, 0x6A, 0xE4, 0xAE, 0x5F, 0xF0, 0x00},
    /* U+6EE6 */ {0x7F, 0xE2, 0x68, 0x0E, 0xE4, 0xAA, 0x62, 0xA0, 0x10, 0x3F, 0xF2, 0x38, 0x65, 0xC5, 0xD7, 0x41, 0x00, 0x00},
    /* U+6EE8 */ {0x6F, 0xE2, 0x82, 0x0B, 0xEC, 0x70, 0x27, 0xE0, 0x48, 0x24, 0x83, 0xFF, 0x62, 0x44, 0xC6, 0x58, 0x30, 0x00},
    /* U+6EE9 */ {0x61, 0x41, 0xD4, 0x07, 0xEF, 0x74, 0x3D, 0xE0, 0xD4, 0x2D, 0x46, 0xDE, 0x77, 0x45, 0x1F, 0x41, 0x00, 0x00},
    /* U+6EF4 */ {0x3F, 0xE0, 0x48, 0x4F, 0xE6, 0x92, 0x2F, 0xE0, 0x92, 0x3F, 0xA2, 0xCA, 0x6F, 0xA4, 0xC2, 0x48, 0xE0, 0x00},
    /* U+6EF9 */ {0x63, 0xE0, 0xFE, 0x0F, 0xE6, 0xBA, 0x29, 0xE1, 0xFC, 0x3F, 0xC3, 0xBC, 0x7F, 0xE5, 0x18, 0x53, 0x00, 0x00},
    /* U+6F02 */ {0x32, 0x80, 0xFE, 0x0A, 0xAC, 0xAA, 0x6F, 0xE0, 0xFE, 0x20, 0x03, 0xFF, 0x65, 0x44, 0x96, 0x53, 0x20, 0x00},
    /* U+6F06 */ {0x3F, 0xE0, 0x7C, 0x4D, 0x67, 0xB2, 0x07, 0x80, 0xD6, 0x3D, 0x62, 0x5C, 0x67, 0x84, 0xD6, 0x43, 0x20, 0x00},
    /* U+6F09 */ {0x6F, 0xF3, 0xA8, 0x0F, 0xEC, 0xAA, 0x7A, 0xA1, 0xFE, 0x3C, 0xA3, 0xFE, 0x74, 0x85, 0x79, 0x76, 0xE0, 0x00},
    /* U+6F0F */ {0x38, 0x20, 0xFE, 0x08, 0x06, 0xFE, 0x29, 0x81, 0xFE, 0x3F, 0xE7, 0xFE, 0x7F, 0xE5, 0x7E, 0x55, 0xE0, 0x00},
    /* U+6F13 */ {0x7F, 0xF0, 0xAA, 0x0F, 0xA6, 0xFE, 0x2F, 0xE0, 0x10, 0x2F, 0xE2, 0xAA, 0x6F, 0xE4, 0x86, 0x48, 0x60, 0x00},
    /* U+6F14 */ {0x3F, 0xE1, 0x82, 0x0F, 0xE6, 0x10, 0x0F, 0xE0, 0x92, 0x2F, 0xE2, 0x92, 0x6F, 0xE4, 0xEC, 0x58, 0x20, 0x00},
    /* U+6F15 */ {0x7F, 0xF0, 0x28, 0x0F, 0xE6, 0xFE, 0x2A, 0xA0, 0xFE, 0x2F, 0xE2, 0xC6, 0x6F, 0xE4, 0xC6, 0x4F, 0xE0, 0x00},
    /* U+6F20 */ {0x7F, 0xF2, 0x6C, 0x0F, 0xEC, 0x82, 0x6F, 0xE0, 0xFE, 0x21, 0x03, 0xFF, 0x63, 0x84, 0xEE, 0x58, 0x30, 0x00},
    /* U+6F24 */ {0x64, 0xC3, 0xFE, 0x0E, 0xCD, 0xFE, 0x77, 0xE0, 0x60, 0x3F, 0xF2, 0xC8, 0x6F, 0x84, 0x7C, 0x5C, 0x60, 0x00},
    /* U+6F29 */ {0x2D, 0x81, 0xFF, 0x0B, 0x06, 0x9F, 0x0E, 0x60, 0xF6, 0x3F, 0x67, 0xF4, 0x77, 0xC5, 0x7C, 0x7E, 0x70, 0x00},
    /* U+6F2A */ {0x7F, 0xF0, 0x8C, 0x19, 0x6F, 0xE2, 0x6F, 0xF0, 0xC2, 0x3F, 0xA6, 0xEA, 0x4F, 0xA4, 0xE2, 0x58, 0xE0, 0x00},
    /* U+6F2B */ {0x3C, 0x60, 0xFE, 0x07, 0xE6, 0xFE, 0x2A, 0xA0, 0xFE, 0x00, 0x03, 0xFE, 0x66, 0xC4, 0x7C, 0x5C, 0xE0, 0x00},
    /* U+6F2D */ {0x3F, 0xF0, 0x6C, 0x03, 0xCF, 0xFF, 0x26, 0xC1, 0xC7, 0x36, 0xC3, 0xFF, 0x66, 0xC4, 0x4C, 0x48, 0xC0, 0x00},
    /* U+6F2F */ {0x39, 0x20, 0xFE, 0x09, 0x26, 0xFE, 0x26, 0xC0, 0xF8, 0x27, 0x62, 0xFE, 0x65, 0x44, 0xD2, 0x4B, 0x20, 0x00},
    /* U+6F31 */ {0x3F, 0x80, 0x4E, 0x1F, 0xAD, 0x7E, 0x36, 0xE1, 0xEC, 0x2C, 0xC6, 0xEC, 0x7D, 0xE5, 0x52, 0x47, 0x30, 0x00},
    /* U+6F33 */ {0x3F, 0xE0, 0x6C, 0x0F, 0xF6, 0x7E, 0x2C, 0x20, 0xFE, 0x3F, 0xE2, 0x10, 0x6F, 0xF6, 0x10, 0x41, 0x00, 0x00},
    /* U+6F36 */ {0x3F, 0xE0, 0x92, 0x0F, 0xE6, 0xFE, 0x29, 0x20, 0xFE, 0x21, 0x02, 0x30, 0x6E, 0xE5, 0xE7, 0x53, 0xC0, 0x00},
    /* U+6F3E */ {0x6F, 0xE2, 0x10, 0x0F, 0xE7, 0xFF, 0x27, 0x80, 0x18, 0x2F, 0x23, 0xDE, 0x65, 0xC5, 0x96, 0x53, 0x20, 0x00},
    /* U+6F46 */ {0x7F, 0xE2, 0x68, 0x0F, 0xED, 0xB2, 0x66, 0x80, 0xF4, 0x2F, 0xE6, 0x12, 0x4D, 0x44, 0x96, 0x4B, 0x20, 0x00},
    /* U+6F47 */ {0x7F, 0xE0, 0x50, 0x0F, 0xEF, 0xFE, 0x21, 0x60, 0xFC, 0x2B, 0x22, 0xFA, 0x7D, 0xE5, 0xDE, 0x51, 0x20, 0x00},
    /* U+6F4B */ {0x6C, 0x82, 0xAF, 0x11, 0xA5, 0xFA, 0x61, 0xE1, 0x6C, 0x36, 0xC3, 0xEC, 0x67, 0xE5, 0xDA, 0x43, 0x30, 0x00},
    /* U+6F4D */ {0x69, 0x42, 0x94, 0x17, 0xFD, 0xF4, 0x6B, 0xE1, 0xB4, 0x3F, 0x47, 0x3E, 0x5F, 0x45, 0xBF, 0x01, 0x00, 0x00},
    /* U+6F58 */ {0x3F, 0xC0, 0x54, 0x5F, 0xF6, 0x78, 0x2F, 0xE1, 0xD7, 0x0F, 0xE2, 0x96, 0x6F, 0xE6, 0x96, 0x4F, 0xE0, 0x00},
    /* U+6F5C */ {0x3F, 0xE0, 0x44, 0x1F, 0xF6, 0xEE, 0x2F, 0xA1, 0x90, 0x3F, 0xE2, 0xC6, 0x6F, 0xE4, 0xFE, 0x48, 0x60, 0x00},
    /* U+6F5E */ {0x7F, 0xE1, 0x7A, 0x17, 0xED, 0xEC, 0x2C, 0xC1, 0xFE, 0x3D, 0xE7, 0xD2, 0x5D, 0x25, 0xFE, 0x51, 0x20, 0x00},
    /* U+6F62 */ {0x3F, 0xE0, 0x6C, 0x5F, 0xF6, 0x10, 0x0F, 0xE0, 0x92, 0x2F, 0xE2, 0x92, 0x6F, 0xE4, 0x6C, 0x58, 0x20, 0x00},
    /* U+6F66 */ {0x7F, 0xF2, 0xAA, 0x0C, 0xE4, 0xFE, 0x7C, 0x70, 0x7C, 0x24, 0x42, 0x7C, 0x65, 0x44, 0x96, 0x53, 0x20, 0x00},
    /* U+6F6D */ {0x32, 0x80, 0xFE, 0x0A, 0xA6, 0xFE, 0x2F, 0xE0, 0x82, 0x2F, 0xE2, 0xFE, 0x61, 0x05, 0xFF, 0x41, 0x00, 0x00},
    /* U+6F6E */ {0x7F, 0xA2, 0x4A, 0x1E, 0xED, 0xAA, 0x7E, 0xA1, 0xBA, 0x3F, 0xE2, 0x4A, 0x7F, 0xA4, 0x52, 0x45, 0x60, 0x00},
    /* U+6F72 */ {0x7F, 0xE0, 0xDE, 0x0C, 0xCD, 0xFE, 0x2D, 0x20, 0xFE, 0x3F, 0x27, 0xDE, 0x4D, 0x24, 0xD2, 0x4D, 0x60, 0x00},
    /* U+6F74 */ {0x7D, 0xA2, 0xBE, 0x19, 0xCF, 0xFF, 0x2D, 0x80, 0xFE, 0x3F, 0x27, 0x5E, 0x45, 0x24, 0xD2, 0x59, 0xE0, 0x00},
    /* U+6F78 */ {0x7F, 0xE2, 0xCC, 0x0E, 0xED, 0x57, 0x64, 0x40, 0xFE, 0x28, 0x62, 0xFE, 0x6F, 0xE4, 0x86, 0x48, 0xE0, 0x00},
    /* U+6F7A */ {0x38, 0x20, 0xFE, 0x0B, 0xCE, 0x8C, 0x3F, 0xE1, 0x98, 0x3F, 0xE3, 0xB6, 0x7F, 0xF5, 0x24, 0x56, 0xC0, 0x00},
    /* U+6F7C */ {0x3F, 0xE0, 0x6C, 0x1F, 0xF6, 0xFE, 0x29, 0x60, 0xFE, 0x29, 0x62, 0xFE, 0x6F, 0xE4, 0x10, 0x5F, 0xF0, 0x00},
    /* U+6F84 */ {0x32, 0xC0, 0xEF, 0x4F, 0xE7, 0xC6, 0x2F, 0xF0, 0xC4, 0x3C, 0x42, 0xFC, 0x24, 0xC6, 0x68, 0x5F, 0xF0, 0x00},
    /* U+6F88 */ {0x7F, 0x82, 0xAF, 0x1E, 0xAD, 0xFA, 0x6F, 0xE1, 0xAE, 0x3E, 0x43, 0xA4, 0x7E, 0xE5, 0xAA, 0x5F, 0x30, 0x00},
    /* U+6F89 */ {0x7E, 0x82, 0x68, 0x1F, 0xFD, 0xBA, 0x3F, 0xA1, 0xBE, 0x3E, 0xC3, 0xA4, 0x7F, 0xC5, 0xAE, 0x43, 0x30, 0x00},
    /* U+6F8C */ {0x6A, 0xC1, 0xF8, 0x0A, 0x8C, 0xEF, 0x2A, 0xA0, 0xEA, 0x2A, 0xA7, 0xFA, 0x4F, 0xA5, 0x32, 0x51, 0x20, 0x00},
    /* U+6F8D */ {0x7F, 0x20, 0x42, 0x1F, 0xFC, 0x02, 0x7F, 0xA1, 0x2A, 0x3E, 0xE7, 0xA2, 0x4A, 0x25, 0xF2, 0x58, 0xE0, 0x00},
    /* U+6F8E */ {0x3F, 0x60, 0x4C, 0x1F, 0x8E, 0x02, 0x3F, 0x61, 0x9C, 0x2F, 0x82, 0xB2, 0x6A, 0x65, 0xFC, 0x59, 0x80, 0x00},
    /* U+6F9C */ {0x6B, 0xE2, 0x52, 0x1F, 0xE5, 0x12, 0x77, 0xE1, 0x7E, 0x37, 0xE3, 0x3A, 0x7D, 0xE5, 0x92, 0x50, 0x60, 0x00},
    /* U+6FA1 */ {0x34, 0x40, 0x7C, 0x00, 0x0E, 0xEE, 0x2A, 0xA0, 0xEE, 0x21, 0x03, 0xFF, 0x67, 0xC4, 0xD6, 0x59, 0x20, 0x00},
    /* U+6FA7 */ {0x7F, 0xE1, 0xFE, 0x0A, 0xA4, 0xFE, 0x7F, 0xF0, 0x00, 0x2F, 0xE2, 0xC6, 0x67, 0xE4, 0x6C, 0x5F, 0xF0, 0x00},
    /* U+6FB3 */ {0x3F, 0xE0, 0xDA, 0x0B, 0xAE, 0xFE, 0x2B, 0xA0, 0xDA, 0x29, 0x23, 0xFF, 0x63, 0x84, 0x6C, 0x5C, 0x70, 0x00},
    /* U+6FB6 */ {0x3F, 0xE0, 0xFE, 0x0B, 0xA6, 0xFA, 0x08, 0x20, 0xFE, 0x2F, 0xE2, 0xFE, 0x6C, 0x64, 0x7C, 0x5F, 0xF0, 0x00},
    /* U+6FB9 */ {0x67, 0x80, 0xFF, 0x19, 0x46, 0xEA, 0x2F, 0xE0, 0x80, 0x2B, 0xE2, 0xBE, 0x7F, 0xE5, 0xE2, 0x57, 0xE0, 0x00},
    /* U+6FC0 */ {0x7E, 0x83, 0x28, 0x1F, 0xFD, 0x3A, 0x7F, 0xA1, 0xFE, 0x28, 0xC6, 0xE4, 0x5A, 0xC5, 0x2A, 0x77, 0x30, 0x00},
    /* U+6FC2 */ {0x7F, 0xE3, 0xA4, 0x1F, 0xED, 0xA8, 0x7F, 0xE1, 0xFF, 0x32, 0xA3, 0x7E, 0x76, 0xC5, 0xEB, 0x72, 0x80, 0x00},
    /* U+6FC9 */ {0x35, 0x41, 0x5E, 0x1F, 0x4D, 0x74, 0x35, 0xE1, 0xD4, 0x35, 0xE7, 0x5E, 0x5D, 0x45, 0x1F, 0x41, 0x00, 0x00},
    /* U+6FD1 */ {0x7E, 0xE2, 0x5A, 0x1F, 0xE5, 0x7E, 0x37, 0xE1, 0xFE, 0x2D, 0xE2, 0xFE, 0x7E, 0xC5, 0x4A, 0x45, 0x30, 0x00},
    /* U+6FD2 */ {0x75, 0xF3, 0x6C, 0x15, 0xED, 0xF6, 0x65, 0x61, 0xF6, 0x37, 0xE7, 0x7E, 0x44, 0xC4, 0x9A, 0x13, 0x30, 0x00},
    /* U+6FDE */ {0x3F, 0xE0, 0xFE, 0x0F, 0xE6, 0xFE, 0x2F, 0xE0, 0xFE, 0x2F, 0xE2, 0x00, 0x7F, 0xF4, 0x4C, 0x5C, 0xC0, 0x00},
    /* U+6FE0 */ {0x3F, 0xE0, 0x7C, 0x44, 0x66, 0xFE, 0x18, 0x30, 0xFE, 0x37, 0x62, 0xFC, 0x6F, 0xE4, 0xEA, 0x49, 0x80, 0x00},
    /* U+6FE1 */ {0x61, 0x01, 0xFE, 0x1F, 0xEC, 0x10, 0x2F, 0xE1, 0xFF, 0x23, 0x02, 0xFE, 0x6A, 0xA4, 0xAA, 0x4A, 0xE0, 0x00},
    /* U+6FEE */ {0x2B, 0xE0, 0xFF, 0x18, 0x4D, 0xB4, 0x7F, 0xE0, 0xBE, 0x28, 0x82, 0xFF, 0x69, 0xC4, 0xB6, 0x4E, 0x30, 0x00},
    /* U+6FEF */ {0x3A, 0xA0, 0xEE, 0x0E, 0xEE, 0xBA, 0x25, 0x80, 0xFE, 0x3F, 0xE2, 0xD8, 0x6F, 0xE4, 0xD8, 0x4F, 0xF0, 0x00},
    /* U+7011 */ {0x38, 0x60, 0xFE, 0x0F, 0xE6, 0x68, 0x2F, 0xE1, 0xFF, 0x2D, 0x43, 0xDF, 0x67, 0x84, 0xFC, 0x4B, 0x20, 0x00},
    /* U+701A */ {0x7E, 0xC0, 0x9E, 0x1F, 0x3D, 0x7E, 0x7E, 0xA1, 0x7E, 0x3D, 0xA6, 0x9A, 0x7F, 0xE4, 0x8A, 0x49, 0xE0, 0x00},
    /* U+701B */ {0x28, 0x00, 0xFE, 0x0F, 0xCD, 0x86, 0x2F, 0xC1, 0xFE, 0x3F, 0xE7, 0xFE, 0x5F, 0xE7, 0xFB, 0x4C, 0x20, 0x00},
    /* U+7023 */ {0x67, 0xE0, 0xEE, 0x1A, 0xCE, 0xDE, 0x3B, 0x31, 0xFE, 0x23, 0x82, 0xFE, 0x7F, 0xE4, 0x38, 0x5F, 0xF0, 0x00},
    /* U+7035 */ {0x7F, 0xE2, 0x7C, 0x1F, 0xE6, 0xB6, 0x2F, 0xE0, 0xFE, 0x24, 0x87, 0xFE, 0x7F, 0xF4, 0xCC, 0x58, 0x60, 0x00},
    /* U+7039 */ {0x67, 0xC1, 0xFF, 0x00, 0x0C, 0xFE, 0x6F, 0xE0, 0xFE, 0x3F, 0xE3, 0xAA, 0x7F, 0xE5, 0xAA, 0x5A, 0xE0, 0x00},
    /* U+704C */ {0x7F, 0xF0, 0x08, 0x0F, 0xE6, 0xFE, 0x05, 0x00, 0xFE, 0x3C, 0x83, 0xFE, 0x6F, 0xE4, 0xC8, 0x4F, 0xF0, 0x00},
    /* U+704F */ {0x72, 0x41, 0xEC, 0x1F, 0xEC, 0x9E, 0x7F, 0xE1, 0xFE, 0x33, 0xE7, 0xFE, 0x5E, 0xC7, 0xEA, 0x4D, 0x30, 0x00},
    /* U+705E */ {0x7F, 0xE1, 0x13, 0x1F, 0xEC, 0xFC, 0x7F, 0xE0, 0xAA, 0x2E, 0xE7, 0xFA, 0x5F, 0xE5, 0xFA, 0x45, 0x60, 0x00},
    /* U+706B */ {0x06, 0x00, 0x60, 0x26, 0x22, 0x66, 0x66, 0x44, 0x6C, 0x0E, 0x00, 0xF0, 0x19, 0x83, 0x0E, 0x60, 0x60, 0x00},
    /* U+706C */ {0x00, 0x00, 0x00, 0x00, 0x00, 0x00, 0x00, 0x00, 0x00, 0x00, 0x02, 0xB4, 0x69, 0x64, 0x92, 0x49, 0x20, 0x00},
    /* U+706D */ {0x7F, 0xE0, 0x60, 0x06, 0x03, 0x64, 0x26, 0x46, 0x68, 0x07, 0x00, 0xD0, 0x19, 0x83, 0x0E, 0xE0, 0x70, 0x00},
    /* U+706F */ {0x37, 0xF3, 0x0C, 0x78, 0xC7, 0x8C, 0x70, 0xC3, 0x0C, 0x30, 0xC3, 0x8C, 0x68, 0xC6, 0x0C, 0xC3, 0x80, 0x00},
    /* U+7070 */ {0x18, 0x07, 0xFE, 0x11, 0x01, 0x10, 0x15, 0x43, 0xF4, 0x2B, 0x86, 0x38, 0x46, 0x84, 0xC6, 0x18, 0x20, 0x00},
    /* U+7075 */ {0x00, 0x43, 0xFC, 0x00, 0x47, 0xFC, 0x06, 0x02, 0x64, 0x26, 0x46, 0x6C, 0x0F, 0x03, 0x9E, 0xE0, 0x70, 0x00},
    /* U+7076 */ {0x21, 0x82, 0x98, 0x79, 0x87, 0xFE, 0xE1, 0x82, 0x18, 0x31, 0x83, 0x18, 0x79, 0x8C, 0xFF, 0x40, 0x00, 0x00},
    /* U+7078 */ {0x1F, 0x03, 0x30, 0x67, 0x01, 0xDC, 0x76, 0x61, 0x64, 0x36, 0xC6, 0x68, 0x0F, 0x03, 0x9C, 0xE0, 0x60, 0x00},
    /* U+707C */ {0x33, 0x07, 0xBE, 0x7E, 0x27, 0xC2, 0xE3, 0x22, 0x12, 0x31, 0xA3, 0x82, 0x68, 0x24, 0x86, 0x01, 0xC0, 0x00},
    /* U+707E */ {0x02, 0x07, 0xFE, 0x40, 0x20, 0x60, 0x36, 0x42, 0x6C, 0x66, 0x80, 0xF0, 0x19, 0x83, 0x0E, 0x60, 0x70, 0x00},
    /* U+707F */ {0x21, 0x82, 0x98, 0x7D, 0xA7, 0x5A, 0xE5, 0xA2, 0x5A, 0x25, 0xA3, 0x5A, 0x7D, 0xA4, 0x7E, 0xC0, 0x20, 0x00},
    /* U+7080 */ {0x27, 0xC2, 0x18, 0x7B, 0x07, 0x7F, 0xA2, 0xF2, 0x2A, 0x24, 0xA3, 0xD2, 0x7B, 0x24, 0x66, 0x44, 0xC0, 0x00},
    /* U+7085 */ {0x20, 0x43, 0xFC, 0x20, 0x43, 0xFC, 0x06, 0x03, 0x64, 0x26, 0xC6, 0xF8, 0x19, 0x83, 0x8E, 0x60, 0x60, 0x00},
    /* U+7089 */ {0x20, 0x86, 0xFE, 0x6E, 0x27, 0xE2, 0xF6, 0x22, 0x7E, 0x26, 0x23, 0x40, 0x7C, 0x04, 0xC0, 0xC8, 0x00, 0x00},
    /* U+708A */ {0x22, 0x02, 0xBE, 0x7E, 0x27, 0xDA, 0xE1, 0x82, 0x18, 0x31, 0x83, 0x3C, 0x6A, 0x44, 0x66, 0xCC, 0x30, 0x00},
    /* U+708E */ {0x14, 0xC2, 0x68, 0x0F, 0x83, 0x8E, 0x66, 0x03, 0x6C, 0x26, 0x80, 0xF0, 0x39, 0xC6, 0x06, 0x00, 0x00, 0x00},
    /* U+7092 */ {0x21, 0x82, 0x18, 0x6B, 0xE7, 0xFA, 0xF5, 0xB2, 0x58, 0x21, 0xE3, 0x04, 0x78, 0xC4, 0x38, 0xCE, 0x00, 0x00},
    /* U+7094 */ {0x21, 0x06, 0xFE, 0x79, 0x67, 0x96, 0xE1, 0x62, 0xFF, 0x23, 0x83, 0x38, 0x7A, 0xC4, 0xC6, 0xCC, 0x20, 0x00},
    /* U+7095 */ {0x21, 0x06, 0xFF, 0x78, 0x0F, 0x00, 0xF3, 0xC2, 0x24, 0x26, 0x43, 0x64, 0x7C, 0x54, 0xC5, 0xC8, 0x60, 0x00},
    /* U+7096 */ {0x21, 0x82, 0xFF, 0x69, 0x87, 0xDA, 0xE5, 0xA2, 0x5A, 0x37, 0xE3, 0x1A, 0x79, 0x84, 0x1B, 0xC0, 0xE0, 0x00},
    /* U+7099 */ {0x0F, 0xC3, 0xCC, 0x77, 0x81, 0xF0, 0x7E, 0x07, 0x64, 0x36, 0xC6, 0x78, 0x0D, 0x83, 0x8E, 0xE0, 0x60, 0x00},
    /* U+709C */ {0x21, 0x02, 0xFE, 0x79, 0x07, 0x7E, 0xE1, 0x02, 0xFF, 0x31, 0x33, 0x12, 0x79, 0xA4, 0x1E, 0xC1, 0x00, 0x00},
    /* U+709D */ {0x21, 0x82, 0x3C, 0x7E, 0x47, 0xC6, 0xFF, 0xE2, 0x64, 0x26, 0x43, 0x7C, 0x7E, 0x24, 0x62, 0xC3, 0xE0, 0x00},
    /* U+70AB */ {0x21, 0x82, 0xFF, 0x79, 0x07, 0x36, 0xA2, 0x42, 0x7C, 0x21, 0x83, 0x14, 0x7A, 0x64, 0x7E, 0xC6, 0x20, 0x00},
    /* U+70AC */ {0x27, 0xE2, 0xC0, 0x7C, 0x07, 0xFE, 0x74, 0x62, 0x46, 0x37, 0xE3, 0x40, 0x6C, 0x0C, 0x7F, 0x00, 0x00, 0x00},
    /* U+70AD */ {0x66, 0x67, 0xFE, 0x18, 0x07, 0xFE, 0x11, 0x03, 0x74, 0x2F, 0x46, 0xBC, 0xC7, 0x80, 0xCE, 0x18, 0x60, 0x00},
    /* U+70AE */ {0x22, 0x02, 0xFE, 0x7C, 0x27, 0xFA, 0xE6, 0xA2, 0x6A, 0x27, 0xA3, 0x62, 0x7E, 0xE4, 0xE3, 0xC3, 0xE0, 0x00},
    /* U+70AF */ {0x27, 0xE2, 0xC2, 0x7F, 0xE7, 0x66, 0xE6, 0x62, 0x66, 0x26, 0x63, 0x7E, 0x7E, 0x24, 0x42, 0xC4, 0x60, 0x00},
    /* U+70B1 */ {0x19, 0x83, 0xFC, 0x30, 0x63, 0xFC, 0x20, 0x43, 0xFC, 0x06, 0x02, 0x64, 0x2F, 0x83, 0x9C, 0xF0, 0xF0, 0x00},
    /* U+70B3 */ {0x2F, 0xF2, 0x98, 0x7F, 0xEF, 0x5A, 0xA5, 0xA2, 0x5A, 0x27, 0x63, 0x66, 0x7C, 0x24, 0x42, 0x44, 0x60, 0x00},
    /* U+70B7 */ {0x31, 0x87, 0xFE, 0x78, 0x8F, 0x88, 0xE0, 0x82, 0x7E, 0x30, 0x83, 0x08, 0x78, 0x86, 0x88, 0xC7, 0xF0, 0x00},
    /* U+70B8 */ {0x22, 0x02, 0xFF, 0x7D, 0x07, 0xD0, 0xF1, 0xE2, 0x10, 0x21, 0x03, 0x1F, 0x79, 0x04, 0x90, 0xC1, 0x00, 0x00},
    /* U+70B9 */ {0x07, 0xE0, 0x60, 0x06, 0x03, 0xFC, 0x20, 0x42, 0x04, 0x3F, 0xC0, 0x00, 0x2B, 0x66, 0x92, 0x49, 0x20, 0x00},
    /* U+70BB */ {0x2F, 0xF2, 0xB0, 0x7B, 0x07, 0x20, 0xA7, 0xE2, 0x62, 0x2E, 0x23, 0x22, 0x7A, 0x24, 0x3E, 0xC2, 0x20, 0x00},
    /* U+70BC */ {0x2F, 0xE3, 0x20, 0x72, 0x07, 0xF8, 0xA5, 0x82, 0x7E, 0x21, 0x87, 0x7E, 0x75, 0xA4, 0x9B, 0xC3, 0x80, 0x00},
    /* U+70BD */ {0x27, 0xE2, 0xE2, 0x7E, 0x27, 0xE2, 0xF6, 0x22, 0x7E, 0x20, 0x03, 0x24, 0x7E, 0x64, 0x42, 0xC4, 0x20, 0x00},
    /* U+70C0 */ {0x2F, 0xC2, 0xDA, 0x75, 0xE7, 0x7C, 0xE3, 0xC2, 0xFF, 0x21, 0x87, 0x18, 0x79, 0x84, 0x18, 0xC3, 0x00, 0x00},
    /* U+70C1 */ {0x27, 0xC2, 0xC8, 0x7D, 0x87, 0x58, 0xE7, 0xF2, 0x18, 0x23, 0xC3, 0x7A, 0x75, 0xA4, 0xDB, 0xC3, 0x80, 0x00},
    /* U+70C2 */ {0x22, 0x42, 0xBC, 0x7F, 0xE7, 0x00, 0xE0, 0x02, 0x00, 0x27, 0xE3, 0x00, 0x78, 0x04, 0xFF, 0x00, 0x00, 0x00},
    /* U+70C3 */ {0x27, 0xE2, 0x04, 0x78, 0x87, 0xBC, 0xFE, 0x72, 0x00, 0x27, 0xE3, 0x18, 0x79, 0x84, 0x98, 0xCF, 0xF0, 0x00},
    /* U+70C8 */ {0x7E, 0x23, 0x1A, 0x3F, 0xA6, 0x5A, 0x7D, 0xA1, 0x9A, 0x38, 0x26, 0x0E, 0x29, 0x46, 0x96, 0x49, 0x30, 0x00},
    /* U+70CA */ {0x22, 0x62, 0x34, 0x7F, 0xE7, 0x88, 0xE7, 0xE2, 0x08, 0x30, 0x83, 0x7F, 0x78, 0x84, 0x08, 0xC0, 0x80, 0x00},
    /* U+70D8 */ {0x22, 0x42, 0xA4, 0x7F, 0xE7, 0x24, 0xE2, 0x42, 0x24, 0x2F, 0xF3, 0x00, 0x7A, 0x44, 0x66, 0xCC, 0x20, 0x00},
    /* U+70D9 */ {0x23, 0xE2, 0xE6, 0x7F, 0xC7, 0x18, 0xE3, 0xC2, 0xE7, 0x27, 0xE3, 0x46, 0x7C, 0x64, 0x7E, 0x44, 0x60, 0x00},
    /* U+70DB */ {0x21, 0x82, 0x18, 0x7F, 0xE7, 0x5A, 0xA5, 0xA2, 0x7E, 0x21, 0x87, 0x1E, 0x79, 0xA4, 0xFF, 0xCE, 0x30, 0x00},
    /* U+70DF */ {0x27, 0xE2, 0xDA, 0x7D, 0xA7, 0xFE, 0xA5, 0xA2, 0x5A, 0x35, 0xE3, 0x76, 0x7E, 0x64, 0x7E, 0xC4, 0x20, 0x00},
    /* U+70E4 */ {0x27, 0xE6, 0x96, 0x79, 0xC7, 0xFF, 0xE3, 0x02, 0x7E, 0x2E, 0x03, 0x3E, 0x78, 0x24, 0x06, 0xC1, 0xC0, 0x00},
    /* U+70E6 */ {0x27, 0xE2, 0x98, 0x7F, 0xE7, 0xCA, 0xE5, 0xA2, 0x5A, 0x25, 0xA3, 0x5A, 0x79, 0xC4, 0x76, 0xCC, 0x20, 0x00},
    /* U+70E7 */ {0x23, 0xE2, 0xFE, 0x79, 0xE7, 0x3A, 0x26, 0xE2, 0x00, 0x2F, 0xE3, 0x28, 0x7A, 0x84, 0x6B, 0x8C, 0xE0, 0x00},
    /* U+70E8 */ {0x26, 0xA2, 0x6E, 0x7E, 0xC7, 0xF8, 0xE6, 0xB2, 0x6E, 0x21, 0x83, 0xFF, 0x79, 0x84, 0x18, 0xC1, 0x80, 0x00},
    /* U+70E9 */ {0x23, 0x82, 0xAC, 0x7E, 0x67, 0xFE, 0xE0, 0x02, 0x00, 0x27, 0xE3, 0x30, 0x72, 0x44, 0x7E, 0xC7, 0x20, 0x00},
    /* U+70EB */ {0x31, 0x84, 0x70, 0x6F, 0xE1, 0x6A, 0x2D, 0x24, 0xBE, 0x16, 0x43, 0x6C, 0x2F, 0x83, 0x98, 0x70, 0xF0, 0x00},
    /* U+70EC */ {0x24, 0x26, 0xC2, 0x7F, 0xE7, 0x4C, 0xA4, 0x42, 0x7C, 0x34, 0xE7, 0xC3, 0x6B, 0x04, 0x1C, 0xC0, 0x40, 0x00},
    /* U+70ED */ {0x31, 0x07, 0xFC, 0x33, 0x43, 0xF4, 0x77, 0x43, 0x3C, 0x36, 0x76, 0xC2, 0x29, 0x46, 0x92, 0x49, 0x20, 0x00},
    /* U+70EF */ {0x23, 0xC2, 0xFE, 0x7F, 0x2F, 0xFF, 0xA2, 0x02, 0x78, 0x2F, 0xE3, 0xDA, 0x75, 0xA4, 0x5E, 0xC1, 0x80, 0x00},
    /* U+70F7 */ {0x21, 0x82, 0xFF, 0x7C, 0x37, 0x7E, 0xA0, 0x02, 0x7F, 0x22, 0xC3, 0x2C, 0x7A, 0xD4, 0xCF, 0xC8, 0x60, 0x00},
    /* U+70F9 */ {0x7F, 0xE3, 0xFC, 0x30, 0xC3, 0xFC, 0x7F, 0xC0, 0x1C, 0x06, 0x01, 0xE0, 0x00, 0x06, 0x96, 0x49, 0x20, 0x00},
    /* U+70FD */ {0x23, 0xE2, 0xE4, 0x7D, 0x87, 0x3C, 0xAF, 0xF2, 0x7E, 0x21, 0x83, 0x7E, 0x79, 0x84, 0xFE, 0xC1, 0x80, 0x00},
    /* U+7109 */ {0x7F, 0xE3, 0x7C, 0x36, 0x07, 0xFE, 0x30, 0x03, 0xFE, 0x30, 0x03, 0xFE, 0x05, 0x25, 0xAA, 0x48, 0xE0, 0x00},
    /* U+710A */ {0x24, 0x22, 0xFE, 0x7C, 0x27, 0x7E, 0xE0, 0x02, 0x7E, 0x21, 0x83, 0xFF, 0x79, 0x84, 0x18, 0xC1, 0x80, 0x00},
    /* U+7110 */ {0x23, 0x02, 0xB0, 0x7F, 0xE7, 0x26, 0xAF, 0xF2, 0x00, 0x27, 0xE3, 0x42, 0x7C, 0x2C, 0x7E, 0x44, 0x20, 0x00},
    /* U+7113 */ {0x21, 0x82, 0x34, 0x7F, 0xB7, 0x08, 0xE7, 0xE2, 0x0C, 0x20, 0x83, 0x7E, 0x7C, 0x64, 0x7E, 0x04, 0x60, 0x00},
    /* U+7115 */ {0x23, 0xC2, 0xEC, 0x7F, 0xE7, 0x5E, 0xE5, 0xE2, 0x5E, 0x2F, 0xE3, 0x18, 0x7A, 0xC4, 0x66, 0xCC, 0x30, 0x00},
    /* U+7116 */ {0x24, 0x23, 0x82, 0x79, 0x27, 0x8A, 0xEB, 0x26, 0xF6, 0x6F, 0x67, 0xFE, 0x59, 0xA4, 0x82, 0x88, 0xE0, 0x00},
    /* U+7118 */ {0x7F, 0xE3, 0xFC, 0x0C, 0x07, 0xFE, 0x18, 0x83, 0xFE, 0x64, 0x80, 0x18, 0x20, 0x46, 0x96, 0x49, 0x20, 0x00},
    /* U+7119 */ {0x2F, 0xE3, 0xE4, 0x72, 0x4F, 0x24, 0xAF, 0xF2, 0x00, 0x27, 0xE7, 0x42, 0x54, 0x2C, 0x7E, 0x04, 0x20, 0x00},
    /* U+711A */ {0x10, 0x8F, 0xFF, 0x39, 0xC7, 0xFE, 0xD6, 0xA1, 0x68, 0x26, 0x42, 0x6C, 0x6F, 0x83, 0x9C, 0xE0, 0xE0, 0x00},
    /* U+7126 */ {0x33, 0x03, 0xFE, 0x62, 0x0F, 0xFC, 0x22, 0x03, 0xFE, 0x22, 0x03, 0xFE, 0x29, 0x46, 0x96, 0x49, 0x20, 0x00},
    /* U+712F */ {0x21, 0xF2, 0x90, 0x7F, 0xE7, 0x42, 0xE7, 0xE2, 0x42, 0x27, 0xE3, 0x18, 0x7F, 0xF4, 0x18, 0xC1, 0x80, 0x00},
    /* U+7130 */ {0x23, 0xE6, 0xE4, 0x7C, 0xCF, 0xD8, 0xA7, 0xE2, 0x42, 0x24, 0x23, 0x7E, 0x7C, 0x24, 0x7E, 0x84, 0x20, 0x00},
    /* U+7131 */ {0x06, 0x03, 0x64, 0x26, 0xC0, 0xD8, 0x70, 0xE5, 0x08, 0x5E, 0xA5, 0xFE, 0x39, 0xC6, 0xF6, 0xC6, 0x30, 0x00},
    /* U+7136 */ {0x3C, 0xE2, 0x4A, 0x7F, 0xFC, 0x88, 0x39, 0xC1, 0x14, 0x66, 0x64, 0x42, 0x29, 0x46, 0x92, 0x49, 0x30, 0x00},
    /* U+7145 */ {0x2D, 0xE3, 0xDE, 0x7F, 0xE7, 0xD3, 0xAD, 0x02, 0xFE, 0x2D, 0xA6, 0xEE, 0x7E, 0xC5, 0xDE, 0xCB, 0x30, 0x00},
    /* U+714A */ {0x27, 0xE7, 0xC2, 0x77, 0xEF, 0x00, 0xA7, 0xE2, 0x62, 0x27, 0xE7, 0x62, 0x7F, 0xE4, 0x00, 0xCF, 0xF0, 0x00},
    /* U+714C */ {0x27, 0xE2, 0xC2, 0x7F, 0xE7, 0x42, 0xE7, 0xE2, 0x00, 0x2F, 0xE3, 0x10, 0x7F, 0xE4, 0x10, 0xCF, 0xF0, 0x00},
    /* U+714E */ {0xFF, 0xF0, 0x00, 0x7D, 0x66, 0x56, 0x7D, 0x67, 0xD6, 0x65, 0x66, 0xCC, 0x29, 0x46, 0x96, 0x49, 0x20, 0x00},
    /* U+715C */ {0x24, 0x22, 0xFE, 0x7C, 0x27, 0x7E, 0xF1, 0x02, 0x18, 0x3F, 0xE3, 0x24, 0x7A, 0x44, 0x2C, 0xCF, 0xF0, 0x00},
    /* U+715E */ {0x7D, 0x04, 0xBF, 0x7F, 0x60, 0x5C, 0x7C, 0xC0, 0x4C, 0x05, 0xE7, 0xF3, 0x29, 0x46, 0x92, 0x49, 0x30, 0x00},
    /* U+7164 */ {0x27, 0xE6, 0xA6, 0x7B, 0xE7, 0x26, 0xA3, 0xE2, 0x18, 0x27, 0xE7, 0x1C, 0x73, 0xC4, 0xFB, 0xC1, 0x80, 0x00},
    /* U+7166 */ {0x7B, 0xE5, 0xC2, 0x5F, 0xA7, 0xEA, 0x5E, 0xA5, 0xFA, 0x78, 0x64, 0x0C, 0x29, 0x46, 0x92, 0x49, 0x20, 0x00},
    /* U+7167 */ {0x7F, 0xE4, 0xB2, 0x4E, 0xE7, 0xC0, 0x4F, 0xE4, 0xE2, 0x7E, 0x24, 0x7E, 0x29, 0x46, 0x92, 0x49, 0x20, 0x00},
    /* U+7168 */ {0x25, 0xA6, 0xFE, 0x7D, 0xAF, 0x7E, 0xA0, 0x02, 0xFF, 0x25, 0xA3, 0x4E, 0x7C, 0xC4, 0x76, 0xC6, 0x30, 0x00},
    /* U+716E */ {0x3F, 0xC0, 0x58, 0x7F, 0xF1, 0xC0, 0xFF, 0xC7, 0xFC, 0x10, 0x41, 0xFC, 0x00, 0x06, 0xB6, 0x49, 0x20, 0x00},
    /* U+7172 */ {0x2C, 0x66, 0xFE, 0xE1, 0x03, 0xFE, 0x27, 0xC3, 0x92, 0x16, 0x43, 0x6C, 0x2F, 0x83, 0x9C, 0xE0, 0x60, 0x00},
    /* U+7173 */ {0x24, 0xB7, 0x4B, 0x7F, 0xB7, 0x4F, 0xA4, 0xB2, 0xFB, 0x2B, 0xF6, 0xBB, 0x7B, 0xB5, 0xF3, 0xC9, 0x60, 0x00},
    /* U+7178 */ {0x27, 0xE7, 0x42, 0x74, 0x2F, 0x7E, 0xA7, 0xE2, 0x76, 0x27, 0x67, 0xFE, 0x5F, 0x6C, 0xF6, 0x0A, 0x60, 0x00},
    /* U+717A */ {0x2D, 0x22, 0x52, 0x7D, 0xE7, 0xD2, 0xF5, 0xE2, 0x5A, 0x25, 0x63, 0x5E, 0x77, 0xA5, 0xE0, 0xC9, 0xF0, 0x00},
    /* U+717D */ {0x2F, 0xE3, 0xC2, 0x7F, 0xE7, 0xC0, 0xAF, 0xE2, 0xD2, 0x2B, 0x67, 0xB2, 0x7F, 0xE5, 0x92, 0xD3, 0x60, 0x00},
    /* U+7184 */ {0x27, 0xE2, 0xC2, 0x7F, 0xE7, 0x42, 0xE7, 0xE2, 0x7E, 0x31, 0x03, 0xBA, 0x6E, 0x24, 0xA7, 0xC3, 0xC0, 0x00},
    /* U+718A */ {0x6F, 0xC7, 0xF2, 0x7D, 0xE4, 0xD0, 0x7F, 0xE7, 0xFC, 0x4F, 0x35, 0xDE, 0x00, 0x06, 0xB6, 0x49, 0x20, 0x00},
    /* U+718F */ {0x26, 0x07, 0xFE, 0x3F, 0xC7, 0x7E, 0x6F, 0x63, 0xFC, 0x3F, 0xC0, 0x60, 0x7F, 0xE2, 0x94, 0x49, 0x20, 0x00},
    /* U+7194 */ {0x27, 0xE2, 0xC2, 0x7E, 0x67, 0x7E, 0xE5, 0xA2, 0x3C, 0x2E, 0x73, 0xFE, 0x7E, 0x64, 0x66, 0xC7, 0xE0, 0x00},
    /* U+7198 */ {0x2C, 0xF2, 0xEF, 0x7F, 0xA7, 0xFA, 0xAD, 0x62, 0x7E, 0x25, 0x26, 0x7E, 0x75, 0x25, 0x52, 0xC7, 0xE0, 0x00},
    /* U+7199 */ {0x7F, 0xE7, 0xF2, 0x67, 0x26, 0x7E, 0x7F, 0x05, 0xB3, 0x7F, 0xE0, 0x00, 0x2B, 0x66, 0x92, 0xC9, 0x30, 0x00},
    /* U+719F */ {0x7D, 0x87, 0xFE, 0x7D, 0xE0, 0x36, 0x7D, 0xE1, 0xDE, 0x73, 0x73, 0x63, 0x00, 0x06, 0x96, 0x49, 0x20, 0x00},
    /* U+71A0 */ {0x2B, 0xA7, 0xFE, 0x77, 0x6F, 0xFE, 0xA1, 0x02, 0x7E, 0x24, 0x27, 0x7E, 0x54, 0x24, 0x7E, 0x84, 0x20, 0x00},
    /* U+71A8 */ {0x44, 0x47, 0xFF, 0x7D, 0x47, 0xFC, 0x6C, 0x4F, 0xEC, 0x06, 0x42, 0x6C, 0x6F, 0x83, 0x9C, 0xE0, 0x60, 0x00},
    /* U+71AC */ {0x7D, 0x07, 0xFF, 0x13, 0x6F, 0xF4, 0x30, 0xC3, 0xCC, 0x6F, 0xE5, 0xA2, 0x00, 0x46, 0xB6, 0x49, 0x20, 0x00},
    /* U+71B3 */ {0x24, 0x62, 0x7E, 0x77, 0xEF, 0x7E, 0xAE, 0xA2, 0xFE, 0x20, 0x02, 0x7E, 0x72, 0xC5, 0x3C, 0xCE, 0x60, 0x00},
    /* U+71B5 */ {0x2F, 0xF2, 0x64, 0x72, 0xCF, 0xFE, 0xAA, 0xA2, 0xE6, 0x2F, 0xA7, 0xAA, 0x5B, 0xA4, 0xA2, 0x88, 0x60, 0x00},
    /* U+71B9 */ {0x06, 0x03, 0xFC, 0x3F, 0xC2, 0x04, 0x3F, 0xC7, 0xFF, 0x3F, 0xC2, 0x04, 0x3F, 0xC2, 0x94, 0x49, 0x20, 0x00},
    /* U+71C3 */ {0x27, 0x63, 0xD4, 0x7F, 0xF7, 0xAC, 0xAE, 0xE2, 0x6A, 0x2D, 0xB7, 0x91, 0x7E, 0xA4, 0xAA, 0xDA, 0x90, 0x00},
    /* U+71CE */ {0x2F, 0xE2, 0xFA, 0x76, 0x67, 0x7E, 0xAC, 0x62, 0x7C, 0x24, 0x47, 0x7C, 0x75, 0x44, 0xD2, 0xCB, 0x20, 0x00},
    /* U+71D4 */ {0x27, 0xC2, 0xBC, 0x7F, 0xF7, 0x3C, 0xE7, 0xE2, 0xD3, 0x27, 0xE3, 0x5A, 0x7F, 0xE4, 0xDA, 0xC7, 0xE0, 0x00},
    /* U+71D5 */ {0xFF, 0xF0, 0x90, 0x3F, 0x07, 0xFE, 0x39, 0xE3, 0x9C, 0x7F, 0xF1, 0x06, 0x69, 0x46, 0x92, 0x49, 0x30, 0x00},
    /* U+71E0 */ {0x2F, 0xE2, 0xD2, 0x7B, 0xE7, 0xFE, 0xAB, 0xA2, 0xF6, 0x29, 0x26, 0xFF, 0x73, 0x85, 0x6C, 0xDC, 0x70, 0x00},
    /* U+71E5 */ {0x26, 0x43, 0x7C, 0x70, 0x07, 0xFE, 0xAB, 0xA2, 0xFE, 0x21, 0x07, 0xFF, 0x73, 0xC4, 0xD6, 0xC9, 0x30, 0x00},
    /* U+71E7 */ {0x29, 0x62, 0xFF, 0x71, 0x87, 0xFA, 0xE6, 0xC2, 0x7C, 0x26, 0xE7, 0x77, 0x76, 0x44, 0xFC, 0xCB, 0xF0, 0x00},
    /* U+71EE */ {0x3F, 0x47, 0xFE, 0xF0, 0xE2, 0xE4, 0x7F, 0xED, 0xFB, 0x00, 0x07, 0xFC, 0x19, 0x80, 0xF8, 0x79, 0xE0, 0x00},
    /* U+71F9 */ {0x61, 0xA7, 0xBE, 0x7B, 0xC7, 0xFE, 0x7B, 0x43, 0x78, 0x36, 0x42, 0x6C, 0x4F, 0x83, 0x9C, 0xE0, 0xF0, 0x00},
    /* U+7206 */ {0x2C, 0x22, 0xFE, 0x7F, 0xE7, 0x2C, 0xFF, 0xE2, 0xFF, 0x25, 0x47, 0xF7, 0x53, 0xC4, 0xFE, 0x8B, 0x20, 0x00},
    /* U+721D */ {0x2F, 0xE3, 0x54, 0x7F, 0xEB, 0xFE, 0xA0, 0x02, 0xF2, 0x2F, 0xF6, 0xFA, 0x7A, 0xE5, 0xE2, 0xCD, 0x60, 0x00},
    /* U+7228 */ {0x3F, 0xC2, 0xF4, 0x3F, 0xCF, 0xFE, 0xFF, 0xE7, 0xFC, 0x7F, 0xE3, 0x8C, 0xF6, 0xF1, 0xF8, 0x78, 0xE0, 0x00},
    /* U+722A */ {0x03, 0xC3, 0xFC, 0x26, 0x42, 0x64, 0x26, 0x42, 0x64, 0x26, 0x46, 0x66, 0x66, 0x24, 0x63, 0x00, 0x00, 0x00},
    /* U+722C */ {0x7F, 0xE5, 0x7A, 0x57, 0xA5, 0x7A, 0x57, 0xE5, 0x70, 0x57, 0x35, 0x7E, 0x52, 0x0D, 0x38, 0x90, 0xF0, 0x00},
    /* U+7230 */ {0x7F, 0xC3, 0x6C, 0x12, 0x87, 0xFE, 0x08, 0x07, 0xFE, 0x1F, 0xC1, 0xC8, 0x27, 0x86, 0xFC, 0x58, 0xE0, 0x00},
    /* U+7231 */ {0x7F, 0xC1, 0x68, 0x7F, 0xE4, 0x82, 0x3F, 0xC1, 0x80, 0x1F, 0xC1, 0xCC, 0x37, 0x86, 0xFE, 0x58, 0x60, 0x00},
    /* U+7235 */ {0x7F, 0xC3, 0x4C, 0x7F, 0xE7, 0xFE, 0x00, 0x07, 0xC4, 0x7F, 0xF7, 0xF4, 0x69, 0x47, 0xC4, 0x75, 0xC0, 0x00},
    /* U+7236 */ {0x19, 0x81, 0x0C, 0x20, 0x67, 0x0A, 0x19, 0x80, 0x90, 0x0F, 0x00, 0x60, 0x0F, 0x07, 0x9E, 0xE0, 0x60, 0x00},
    /* U+7237 */ {0x30, 0xE6, 0x9A, 0x0F, 0x03, 0xFC, 0xF0, 0xE3, 0xFC, 0x0C, 0x40, 0xC4, 0x0D, 0xC0, 0xC0, 0x04, 0x00, 0x00},
    /* U+7238 */ {0x30, 0xC7, 0x9E, 0x0F, 0x01, 0xF8, 0xF0, 0xE3, 0xFC, 0x26, 0x43, 0xFC, 0x20, 0x03, 0x02, 0x3F, 0xE0, 0x00},
    /* U+7239 */ {0x79, 0xE4, 0xF2, 0x7F, 0xE6, 0xF2, 0x3B, 0x06, 0xF8, 0x3F, 0xE2, 0xE4, 0x1F, 0xC0, 0xF0, 0x7C, 0x00, 0x00},
    /* U+723B */ {0x3D, 0x80, 0xF0, 0x79, 0xC7, 0x0C, 0x10, 0x81, 0x98, 0x0F, 0x00, 0xF0, 0x39, 0xCE, 0x07, 0x00, 0x00, 0x00},
    /* U+723D */ {0x06, 0x07, 0xFF, 0x77, 0xC7, 0x6C, 0x47, 0x27, 0x6E, 0x36, 0xC7, 0xFA, 0x19, 0x83, 0x0E, 0xE0, 0x60, 0x00},
    /* U+723F */ {0x10, 0x81, 0x08, 0x1F, 0x80, 0x08, 0x00, 0x87, 0xF8, 0x18, 0x81, 0x88, 0x10, 0x83, 0x08, 0x60, 0x80, 0x00},
    /* U+7247 */ {0x23, 0x02, 0x30, 0x3F, 0xE2, 0x00, 0x20, 0x03, 0xF8, 0x20, 0x86, 0x08, 0x60, 0x84, 0x08, 0x40, 0x80, 0x00},
    /* U+7248 */ {0x53, 0xC5, 0x20, 0x52, 0x07, 0xFE, 0x43, 0x27, 0xF6, 0x5F, 0xC5, 0xEC, 0x5E, 0xCD, 0xDE, 0x9F, 0x30, 0x00},
    /* U+724C */ {0x57, 0xE5, 0x4A, 0x57, 0xE7, 0xDA, 0x47, 0xE7, 0xB4, 0x5E, 0x45, 0xFF, 0x58, 0x4D, 0x84, 0xD8, 0x40, 0x00},
    /* U+724D */ {0x57, 0xE5, 0x18, 0x57, 0xE7, 0xA2, 0x43, 0xA7, 0x68, 0x52, 0x85, 0xFF, 0x51, 0x4D, 0x36, 0xDE, 0x20, 0x00},
    /* U+7252 */ {0x5F, 0xF5, 0x56, 0x7D, 0x64, 0x5C, 0x47, 0xE7, 0x10, 0x5F, 0xF5, 0x38, 0x57, 0xCD, 0xD3, 0x99, 0x00, 0x00},
    /* U+7256 */ {0x57, 0xE5, 0x42, 0x57, 0xE7, 0xCE, 0x47, 0xF7, 0x7E, 0x56, 0xA5, 0x7E, 0x5F, 0xED, 0xEA, 0xDA, 0xE0, 0x00},
    /* U+7259 */ {0x7F, 0xE2, 0x18, 0x21, 0x82, 0x18, 0x7F, 0xE0, 0x38, 0x07, 0x81, 0xD8, 0x31, 0x86, 0x18, 0x03, 0x00, 0x00},
    /* U+725B */ {0x36, 0x03, 0xFE, 0x66, 0x04, 0x60, 0x06, 0x0F, 0xFF, 0x06, 0x00, 0x60, 0x06, 0x00, 0x60, 0x06, 0x00, 0x00},
    /* U+725D */ {0x52, 0x05, 0x20, 0x7E, 0x6D, 0x2C, 0x93, 0x83, 0xE0, 0xF2, 0x01, 0x20, 0x12, 0x01, 0x23, 0x13, 0xE0, 0x00},
    /* U+725F */ {0x19, 0x83, 0xFC, 0x38, 0x63, 0x60, 0x3F, 0xE6, 0x60, 0x46, 0x0F, 0xFF, 0x06, 0x00, 0x60, 0x06, 0x00, 0x00},
    /* U+7261 */ {0x51, 0x87, 0x98, 0x51, 0x8D, 0x7E, 0x11, 0x83, 0x98, 0xF9, 0x87, 0x18, 0x11, 0x81, 0x18, 0x1F, 0xF0, 0x00},
    /* U+7262 */ {0x7F, 0xE4, 0x02, 0x56, 0x23, 0x60, 0x3F, 0xC6, 0x60, 0x06, 0x0F, 0xFE, 0x06, 0x00, 0x60, 0x06, 0x00, 0x00},
    /* U+7266 */ {0x73, 0xC7, 0x70, 0x79, 0x2F, 0x7E, 0xB7, 0x03, 0x97, 0xF7, 0xE3, 0xD0, 0x31, 0x13, 0x13, 0x31, 0xE0, 0x00},
    /* U+7267 */ {0x72, 0x07, 0x20, 0x7F, 0xFF, 0x66, 0xBE, 0x43, 0xB4, 0xF1, 0xC3, 0x18, 0x31, 0xC3, 0x76, 0x3C, 0x30, 0x00},
    /* U+7269 */ {0x72, 0x07, 0x7F, 0x7D, 0x7F, 0xD7, 0x33, 0xE3, 0xAA, 0xF6, 0xA3, 0xDA, 0x33, 0x23, 0x26, 0x36, 0xC0, 0x00},
    /* U+726E */ {0x32, 0x47, 0xFE, 0xE3, 0x02, 0x1A, 0x20, 0xE3, 0x60, 0x3F, 0xC6, 0x60, 0xFF, 0xF0, 0x60, 0x06, 0x00, 0x00},
    /* U+726F */ {0x51, 0x85, 0x18, 0x7F, 0xFD, 0x18, 0x11, 0x87, 0xFE, 0xF6, 0x21, 0x62, 0x16, 0x21, 0x7E, 0x16, 0x20, 0x00},
    /* U+7272 */ {0x73, 0x85, 0x78, 0x7F, 0xED, 0x58, 0x95, 0x83, 0x98, 0xF7, 0xE1, 0x18, 0x11, 0x81, 0x18, 0x1F, 0xF0, 0x00},
    /* U+7275 */ {0x7F, 0xE0, 0xF0, 0x79, 0xC7, 0xFE, 0x42, 0x27, 0x62, 0x7F, 0xC4, 0x60, 0xFF, 0xE0, 0x60, 0x06, 0x00, 0x00},
    /* U+7279 */ {0x77, 0xE7, 0x18, 0x79, 0x8F, 0xFF, 0x30, 0x43, 0xFF, 0xF0, 0x43, 0x24, 0x33, 0x43, 0x04, 0x31, 0xC0, 0x00},
    /* U+727A */ {0x6F, 0xF6, 0x38, 0x7F, 0xEE, 0x7A, 0xA7, 0xA3, 0xEA, 0xFE, 0xE2, 0x42, 0x24, 0x22, 0x7E, 0x24, 0x20, 0x00},
    /* U+727E */ {0x63, 0x06, 0x30, 0x7F, 0xEE, 0x26, 0x3F, 0xF3, 0x80, 0xF7, 0xE2, 0x42, 0x24, 0x22, 0x7E, 0x24, 0x20, 0x00},
    /* U+727F */ {0x76, 0x87, 0x7E, 0x7C, 0x8F, 0x48, 0xB7, 0xF3, 0x80, 0xFF, 0xE3, 0x62, 0x36, 0x23, 0x7E, 0x36, 0x20, 0x00},
    /* U+7280 */ {0x7F, 0xE6, 0x02, 0x7F, 0xE6, 0xB4, 0x6F, 0xC7, 0xB6, 0x7F, 0xE7, 0x30, 0x7F, 0xEC, 0x30, 0x83, 0x00, 0x00},
    /* U+7281 */ {0x59, 0x27, 0xF2, 0x39, 0x27, 0xD2, 0x50, 0xE3, 0x60, 0x3F, 0xC6, 0x60, 0xFF, 0xF0, 0x60, 0x06, 0x00, 0x00},
    /* U+7284 */ {0x67, 0xE6, 0x18, 0x7B, 0xCE, 0x66, 0xAF, 0xF3, 0x86, 0xF7, 0xE2, 0x4E, 0x27, 0xE2, 0x46, 0x20, 0xE0, 0x00},
    /* U+728A */ {0x67, 0xE6, 0x18, 0x7F, 0xEE, 0x02, 0xA3, 0xA3, 0xD8, 0xF3, 0x82, 0xFE, 0x21, 0x82, 0x36, 0x2C, 0x20, 0x00},
    /* U+728B */ {0x77, 0xE7, 0xFE, 0x74, 0x6F, 0x7E, 0xB4, 0x63, 0xFE, 0xF4, 0x63, 0xFF, 0x32, 0xC3, 0x66, 0x38, 0x20, 0x00},
    /* U+728D */ {0x6F, 0xE6, 0x4A, 0x77, 0xFE, 0xDE, 0x2E, 0x83, 0xFE, 0xEE, 0x82, 0xFF, 0x24, 0x82, 0xF0, 0x39, 0xF0, 0x00},
    /* U+728F */ {0x67, 0xE6, 0x42, 0xF4, 0x2E, 0x7E, 0x27, 0xE3, 0xF6, 0xFF, 0x62, 0xFE, 0x2F, 0x62, 0xF6, 0x2A, 0x60, 0x00},
    /* U+7292 */ {0x7F, 0xF7, 0x00, 0x7F, 0xEF, 0x46, 0xB7, 0xE3, 0xFE, 0xFC, 0x27, 0xFE, 0x3E, 0x63, 0xFE, 0x3C, 0x60, 0x00},
    /* U+729F */ {0x0E, 0x67, 0xBC, 0x47, 0xE7, 0xFE, 0x19, 0xE7, 0x7E, 0x32, 0x03, 0xFE, 0x7F, 0xE0, 0x20, 0x02, 0x00, 0x00},
    /* U+72AC */ {0x06, 0xC0, 0x66, 0x06, 0x0F, 0xFF, 0x06, 0x00, 0x70, 0x0F, 0x01, 0x98, 0x18, 0xC7, 0x06, 0x40, 0x30, 0x00},
    /* U+72AD */ {0x3C, 0x01, 0x80, 0x38, 0x06, 0xC0, 0x0C, 0x01, 0xC0, 0x3C, 0x06, 0xC0, 0x4C, 0x00, 0xC0, 0x38, 0x00, 0x00},
    /* U+72AF */ {0x77, 0xE3, 0x62, 0x76, 0x25, 0x62, 0x16, 0x23, 0x6E, 0x7E, 0x0D, 0x60, 0x16, 0x31, 0x63, 0x73, 0xE0, 0x00},
    /* U+72B0 */ {0x72, 0x02, 0x20, 0x7F, 0xC7, 0x24, 0x32, 0x43, 0x24, 0x76, 0x4D, 0x64, 0x14, 0x53, 0xC7, 0x78, 0x60, 0x00},
    /* U+72B4 */ {0x77, 0xE3, 0x18, 0x71, 0x85, 0x18, 0x3F, 0xF3, 0x18, 0x51, 0x8D, 0x18, 0x11, 0x81, 0x18, 0x71, 0x80, 0x00},
    /* U+72B6 */ {0x11, 0x65, 0x12, 0x71, 0x03, 0xFF, 0x11, 0x03, 0x38, 0x73, 0x8D, 0x2C, 0x16, 0x41, 0xC6, 0x18, 0x30, 0x00},
    /* U+72B7 */ {0x70, 0x82, 0x7F, 0x74, 0x0F, 0x40, 0x34, 0x03, 0x40, 0x74, 0x0D, 0x40, 0x1C, 0x03, 0x80, 0x78, 0x00, 0x00},
    /* U+72B8 */ {0x77, 0xC3, 0x04, 0x64, 0x4F, 0x44, 0x34, 0x43, 0x7E, 0x70, 0x25, 0xFE, 0x10, 0x23, 0x06, 0x60, 0xC0, 0x00},
    /* U+72B9 */ {0x73, 0x43, 0x32, 0x7F, 0xF5, 0x30, 0x33, 0x83, 0x28, 0x72, 0x85, 0x68, 0x14, 0xB1, 0xCB, 0x78, 0xE0, 0x00},
    /* U+72C1 */ {0x73, 0x02, 0x2C, 0x76, 0x61, 0xFE, 0x3F, 0xE3, 0x28, 0x72, 0x8D, 0x68, 0x16, 0xB3, 0xCB, 0x78, 0xE0, 0x00},
    /* U+72C2 */ {0x7F, 0xE3, 0x18, 0x71, 0x85, 0x18, 0x11, 0x83, 0x7E, 0x79, 0x85, 0x18, 0x11, 0x81, 0xFF, 0x70, 0x00, 0x00},
    /* U+72C3 */ {0x7F, 0xE7, 0x12, 0x63, 0x67, 0x36, 0x37, 0xE3, 0x36, 0x72, 0x6D, 0x26, 0x12, 0x43, 0x24, 0x6F, 0xF0, 0x00},
    /* U+72C4 */ {0x71, 0x02, 0x52, 0x75, 0x21, 0x5E, 0x3D, 0xE3, 0x1C, 0x53, 0x8D, 0x2C, 0x16, 0x43, 0xC2, 0x68, 0x20, 0x00},
    /* U+72C8 */ {0x77, 0xE7, 0x42, 0x65, 0xAF, 0x5A, 0x35, 0xA3, 0x5A, 0x75, 0x2D, 0x52, 0x13, 0xC3, 0x66, 0x6C, 0x20, 0x00},
    /* U+72CD */ {0x77, 0xE2, 0x42, 0x7C, 0x27, 0xFA, 0x34, 0xA3, 0x4A, 0x77, 0xAD, 0x4E, 0x14, 0x03, 0x63, 0x63, 0xE0, 0x00},
    /* U+72CE */ {0x77, 0xE3, 0x5A, 0x75, 0xAD, 0x7E, 0x35, 0xA3, 0x5A, 0x77, 0xE5, 0x5A, 0x11, 0x81, 0x18, 0x71, 0x80, 0x00},
    /* U+72D0 */ {0x77, 0xC3, 0x54, 0x75, 0x4F, 0x54, 0x35, 0x63, 0x56, 0x75, 0x6D, 0xDA, 0x1F, 0xE3, 0xBF, 0x7B, 0x50, 0x00},
    /* U+72D2 */ {0x72, 0x86, 0xFE, 0xE2, 0xA3, 0xFE, 0x3A, 0x87, 0xA8, 0x7F, 0xF3, 0x2A, 0x36, 0xE2, 0xC8, 0x68, 0x80, 0x00},
    /* U+72D7 */ {0x76, 0x06, 0x7E, 0x7C, 0x21, 0xFA, 0x34, 0xA3, 0x4A, 0x74, 0xA5, 0x7A, 0x14, 0x23, 0x06, 0x60, 0xC0, 0x00},
    /* U+72D9 */ {0x77, 0xE3, 0x46, 0x74, 0x65, 0x7E, 0x34, 0x63, 0x46, 0x57, 0xE5, 0x46, 0x14, 0x61, 0x46, 0x7F, 0xF0, 0x00},
    /* U+72DE */ {0x71, 0x82, 0xFE, 0x7C, 0x25, 0x00, 0x3F, 0xF3, 0x18, 0x51, 0x8D, 0x18, 0x11, 0x83, 0x18, 0x63, 0x00, 0x00},
    /* U+72E0 */ {0x7F, 0xE3, 0x46, 0x77, 0xE5, 0x46, 0x37, 0xE7, 0x50, 0x55, 0x65, 0x5C, 0x14, 0xC3, 0x76, 0x6E, 0x20, 0x00},
    /* U+72E1 */ {0x71, 0x82, 0xFF, 0x72, 0x45, 0x66, 0x3C, 0x63, 0x2C, 0x73, 0xC5, 0x18, 0x11, 0x83, 0x7C, 0x6C, 0x60, 0x00},
    /* U+72E8 */ {0x70, 0xA6, 0xFF, 0xF0, 0x81, 0x6A, 0x36, 0xA3, 0xFE, 0x76, 0xCD, 0x4C, 0x14, 0xD3, 0xDD, 0x63, 0x60, 0x00},
    /* U+72E9 */ {0x7F, 0xF6, 0xC3, 0x7C, 0xF3, 0x0C, 0x3F, 0xF3, 0x0C, 0x76, 0xCD, 0x3C, 0x10, 0xC3, 0x0C, 0x61, 0x80, 0x00},
    /* U+72EC */ {0x71, 0x07, 0x10, 0x6F, 0xE7, 0xD2, 0x3D, 0x23, 0xFE, 0xD1, 0x01, 0x16, 0x11, 0x63, 0xFE, 0x6E, 0x30, 0x00},
    /* U+72ED */ {0x71, 0x02, 0xFE, 0x75, 0x21, 0x56, 0x37, 0x43, 0xFF, 0x51, 0x81, 0x38, 0x12, 0xC3, 0xE6, 0x78, 0x30, 0x00},
    /* U+72EE */ {0x77, 0xF6, 0xEC, 0xEF, 0xE2, 0xFE, 0x3F, 0xE7, 0xFE, 0x7D, 0xEB, 0x5E, 0x2D, 0xE2, 0x8C, 0x78, 0xC0, 0x00},
    /* U+72EF */ {0x73, 0x87, 0x2C, 0xF6, 0x61, 0xFE, 0x30, 0x03, 0x00, 0x7F, 0xED, 0x30, 0x16, 0x43, 0x7E, 0x6F, 0xA0, 0x00},
    /* U+72F0 */ {0x77, 0xC6, 0x48, 0xFF, 0xE1, 0x92, 0x31, 0x23, 0xFF, 0x71, 0x2D, 0x7E, 0x11, 0x23, 0x10, 0x67, 0x00, 0x00},
    /* U+72F1 */ {0x7C, 0xE6, 0x4E, 0x60, 0xCF, 0xDF, 0x34, 0xC3, 0x4C, 0x74, 0xCF, 0x4C, 0x37, 0xE2, 0x52, 0x61, 0x30, 0x00},
    /* U+72F2 */ {0x7E, 0xC6, 0x6C, 0xE5, 0xE2, 0x5E, 0x27, 0xE7, 0xFF, 0x7F, 0xFA, 0x6D, 0x24, 0xC2, 0x4C, 0x6D, 0xC0, 0x00},
    /* U+72F3 */ {0x73, 0x86, 0x6C, 0xFC, 0x63, 0xFE, 0x31, 0x07, 0xFE, 0xD1, 0x01, 0x54, 0x1D, 0x23, 0x92, 0x63, 0x00, 0x00},
    /* U+72F4 */ {0x74, 0xA2, 0x7E, 0x74, 0x87, 0x5B, 0x3F, 0xE3, 0x10, 0x71, 0x0D, 0xFE, 0x11, 0x03, 0x10, 0x7F, 0xF0, 0x00},
    /* U+72F7 */ {0x74, 0x26, 0x42, 0x77, 0xE1, 0x00, 0x37, 0xE3, 0x42, 0x57, 0xED, 0x42, 0x17, 0xE3, 0x42, 0x64, 0x60, 0x00},
    /* U+72F8 */ {0x77, 0xE2, 0x52, 0x77, 0xEF, 0x52, 0x35, 0x23, 0x7E, 0x71, 0x8D, 0xFE, 0x11, 0x83, 0x18, 0x6F, 0xF0, 0x00},
    /* U+72FA */ {0x71, 0x03, 0xFE, 0xF0, 0x01, 0x7E, 0x30, 0x03, 0x7E, 0x70, 0x05, 0x7E, 0x14, 0x23, 0x42, 0x67, 0xE0, 0x00},
    /* U+72FB */ {0x72, 0xC2, 0x7E, 0x67, 0xEF, 0x6C, 0x3C, 0x63, 0xB2, 0x77, 0xED, 0xEC, 0x13, 0x83, 0x7C, 0x7C, 0x70, 0x00},
    /* U+72FC */ {0x77, 0xE2, 0x42, 0x74, 0x2F, 0x7E, 0x34, 0x23, 0x7E, 0x75, 0xAD, 0x4E, 0x14, 0xC3, 0x76, 0x6E, 0x20, 0x00},
    /* U+7301 */ {0x7E, 0xA6, 0x6A, 0x66, 0xAF, 0xFA, 0x36, 0xA3, 0x7A, 0x7F, 0xAD, 0xEA, 0x16, 0x23, 0x62, 0x66, 0x60, 0x00},
    /* U+7303 */ {0x73, 0x86, 0x2C, 0xFC, 0x6B, 0xFF, 0x30, 0x07, 0x52, 0xD5, 0x61, 0x54, 0x10, 0xC3, 0xFE, 0x60, 0x00, 0x00},
    /* U+730A */ {0x76, 0xE6, 0x42, 0xF7, 0xE1, 0x42, 0x34, 0x23, 0x7E, 0x72, 0x85, 0x28, 0x16, 0x83, 0xCB, 0x78, 0xE0, 0x00},
    /* U+730E */ {0x72, 0x46, 0x7E, 0x72, 0x45, 0xFF, 0x30, 0x03, 0x7E, 0x54, 0x25, 0x7E, 0x14, 0x23, 0x7E, 0x64, 0x20, 0x00},
    /* U+7313 */ {0x7D, 0x23, 0x52, 0x77, 0xEF, 0x52, 0x37, 0xE3, 0x10, 0x7F, 0xFD, 0x3C, 0x17, 0xC3, 0xD2, 0x69, 0x00, 0x00},
    /* U+7315 */ {0x6F, 0x86, 0x7E, 0x6F, 0x2A, 0x8C, 0x39, 0xE7, 0xDE, 0x67, 0xE2, 0x7E, 0x26, 0xE2, 0x4C, 0x7D, 0x80, 0x00},
    /* U+7316 */ {0x74, 0x62, 0x7E, 0x74, 0x67, 0x7E, 0x30, 0x03, 0x7E, 0x74, 0x25, 0x7E, 0x14, 0x23, 0x7E, 0x64, 0x20, 0x00},
    /* U+7317 */ {0x7F, 0xE6, 0x18, 0xF3, 0xC3, 0xE6, 0x3F, 0xF3, 0x06, 0x57, 0xE1, 0x5E, 0x17, 0xE3, 0x46, 0x60, 0xE0, 0x00},
    /* U+731B */ {0x70, 0xC6, 0x18, 0xEF, 0xF3, 0x10, 0x31, 0x07, 0x30, 0xFF, 0xE3, 0xAA, 0x3A, 0xA3, 0xAA, 0x7F, 0xF0, 0x00},
    /* U+731C */ {0x77, 0xE6, 0x7E, 0xF1, 0x01, 0xFF, 0x37, 0xE3, 0x46, 0x57, 0xED, 0x46, 0x17, 0xE3, 0x46, 0x64, 0xE0, 0x00},
    /* U+731D */ {0x71, 0x86, 0xFE, 0x62, 0x4F, 0x6C, 0x36, 0xE3, 0x9A, 0x71, 0x0D, 0xFF, 0x11, 0x03, 0x10, 0x61, 0x00, 0x00},
    /* U+731E */ {0x73, 0x86, 0x6E, 0x7F, 0xF3, 0x10, 0x3F, 0xE3, 0x10, 0x71, 0x0D, 0x7E, 0x14, 0x23, 0x42, 0x67, 0xE0, 0x00},
    /* U+7321 */ {0x7D, 0xE3, 0x5E, 0x65, 0xEF, 0x7E, 0x32, 0x03, 0x7E, 0x76, 0x6D, 0xBC, 0x11, 0x83, 0x70, 0x6C, 0x00, 0x00},
    /* U+7322 */ {0x74, 0xA6, 0x4A, 0x6F, 0xEA, 0x4A, 0x34, 0xA7, 0xFA, 0x7B, 0xE3, 0xBA, 0x3F, 0xA2, 0x9A, 0x69, 0x60, 0x00},
    /* U+7325 */ {0x75, 0x26, 0x7E, 0x75, 0x21, 0x7E, 0x30, 0x03, 0xFF, 0x55, 0x85, 0x4E, 0x14, 0xC3, 0x76, 0x66, 0x30, 0x00},
    /* U+7329 */ {0x74, 0x26, 0x7E, 0xF4, 0x23, 0x7E, 0x35, 0x07, 0xFE, 0xD9, 0x81, 0x7E, 0x11, 0x83, 0x18, 0x6F, 0xF0, 0x00},
    /* U+732A */ {0x77, 0xE6, 0x14, 0xF1, 0xC1, 0xFF, 0x33, 0x03, 0x7E, 0x5E, 0x21, 0x3E, 0x12, 0x23, 0x22, 0x63, 0xE0, 0x00},
    /* U+732B */ {0x72, 0x42, 0xFF, 0x72, 0x41, 0x24, 0x3F, 0xE3, 0xD2, 0x7D, 0x2D, 0xFE, 0x1D, 0x23, 0xFE, 0x6C, 0x20, 0x00},
    /* U+732C */ {0x7D, 0x22, 0xFE, 0x7D, 0x25, 0xFE, 0x30, 0x03, 0x7E, 0x77, 0xE5, 0x46, 0x17, 0xE3, 0x46, 0x64, 0xE0, 0x00},
    /* U+732E */ {0xFE, 0xE1, 0x0A, 0x7E, 0x86, 0x7F, 0x6E, 0xC7, 0xEC, 0x56, 0xC7, 0xFC, 0x57, 0xE5, 0x72, 0x4F, 0x20, 0x00},
    /* U+7331 */ {0x70, 0xC2, 0x38, 0x7F, 0xEF, 0x3A, 0x36, 0xE3, 0xF8, 0x71, 0x0D, 0xFE, 0x13, 0xC3, 0xD6, 0x69, 0x00, 0x00},
    /* U+7334 */ {0x75, 0xE6, 0x46, 0xEF, 0xF3, 0xD0, 0x3F, 0xE7, 0xE8, 0x7E, 0x8F, 0xFF, 0x3C, 0xC2, 0xDE, 0x6F, 0x30, 0x00},
    /* U+7337 */ {0x28, 0xEF, 0xEA, 0x28, 0x87, 0xFF, 0x6E, 0xC6, 0xEC, 0x66, 0xC7, 0xFC, 0x47, 0x67, 0xF2, 0x42, 0x30, 0x00},
    /* U+7338 */ {0x75, 0xA2, 0x5A, 0x77, 0xEF, 0x40, 0x37, 0xE3, 0xE2, 0x7F, 0xE1, 0xFE, 0x3A, 0x23, 0xA2, 0x7B, 0xE0, 0x00},
    /* U+7339 */ {0x51, 0x07, 0xFE, 0x63, 0xC3, 0xD7, 0x37, 0xE3, 0x46, 0x77, 0xED, 0x46, 0x17, 0xC3, 0x00, 0x6F, 0xF0, 0x00},
    /* U+733E */ {0x74, 0x62, 0x7E, 0x65, 0xE7, 0xFF, 0x38, 0x33, 0x7E, 0x77, 0xEF, 0x46, 0x37, 0xE3, 0x46, 0x64, 0xC0, 0x00},
    /* U+733F */ {0x77, 0xE6, 0x10, 0x7F, 0xF3, 0x7E, 0x34, 0x27, 0x7E, 0xD3, 0xA1, 0xEE, 0x1E, 0xC3, 0x76, 0x67, 0x30, 0x00},
    /* U+734D */ {0x77, 0xE2, 0x2C, 0x7F, 0xED, 0x00, 0x37, 0xE3, 0x7E, 0x74, 0x65, 0x7E, 0x12, 0x83, 0x6B, 0x7C, 0xE0, 0x00},
    /* U+7350 */ {0x7F, 0xE6, 0x2C, 0x7F, 0xFB, 0x7C, 0x34, 0x67, 0x7E, 0xD7, 0xE1, 0x10, 0x1F, 0xF3, 0x10, 0x61, 0x00, 0x00},
    /* U+7352 */ {0x7D, 0xF7, 0xF6, 0xFF, 0x42, 0x1C, 0x3D, 0xE5, 0xF2, 0x06, 0xCF, 0xFE, 0x0E, 0x01, 0x98, 0xF0, 0xF0, 0x00},
    /* U+7357 */ {0x6F, 0xE6, 0xD4, 0xEB, 0x42, 0xFF, 0x2F, 0xF6, 0xFE, 0xEF, 0xC2, 0xF6, 0x3A, 0x63, 0x6A, 0x74, 0x90, 0x00},
    /* U+7360 */ {0x7F, 0xF6, 0xAA, 0xEE, 0x63, 0xFE, 0x3C, 0x77, 0x7E, 0xF7, 0xE3, 0x14, 0x35, 0x63, 0xD2, 0x63, 0x00, 0x00},
    /* U+736C */ {0x6E, 0xE6, 0xEA, 0xFF, 0xE2, 0xF0, 0x2F, 0xC6, 0xFE, 0xFF, 0x43, 0xFF, 0x3F, 0x43, 0x74, 0x73, 0x40, 0x00},
    /* U+736D */ {0x7E, 0xE6, 0x5A, 0xEF, 0xE3, 0xFA, 0x3F, 0xE7, 0xFE, 0xEF, 0xE2, 0xFE, 0x3C, 0xC3, 0x4E, 0x65, 0x20, 0x00},
    /* U+736F */ {0x71, 0x06, 0xFF, 0x67, 0xE3, 0xF6, 0x3F, 0xE7, 0x10, 0xDF, 0xE1, 0x10, 0x3F, 0xF3, 0xAA, 0x7A, 0xB0, 0x00},
    /* U+737E */ {0x7F, 0xF6, 0x24, 0x7F, 0xEF, 0xFE, 0x34, 0x83, 0x7E, 0x7C, 0x8D, 0xFE, 0x17, 0xE3, 0x48, 0x67, 0xF0, 0x00},
    /* U+7384 */ {0x06, 0x0F, 0xFF, 0x0C, 0x01, 0x88, 0x31, 0x83, 0xF0, 0x06, 0x80, 0xCC, 0x39, 0xE7, 0xFE, 0x00, 0x20, 0x00},
    /* U+7387 */ {0x7F, 0xE0, 0x40, 0x6D, 0x63, 0xEC, 0x17, 0x87, 0xFE, 0x06, 0x0F, 0xFF, 0x06, 0x00, 0x60, 0x06, 0x00, 0x00},
    /* U+7389 */ {0x7F, 0xE0, 0x60, 0x06, 0x00, 0x60, 0x3F, 0xE0, 0x60, 0x06, 0x80, 0x6C, 0x06, 0x4F, 0xFF, 0x00, 0x00, 0x00},
    /* U+738B */ {0x7F, 0xE0, 0x60, 0x06, 0x00, 0x60, 0x3F, 0xE0, 0x60, 0x06, 0x00, 0x60, 0x06, 0x0F, 0xFF, 0x00, 0x00, 0x00},
    /* U+738E */ {0xFF, 0xF2, 0x0C, 0x20, 0xC2, 0x0C, 0x78, 0xC2, 0x0C, 0x20, 0xC3, 0x8C, 0x78, 0xC4, 0x0C, 0x03, 0x80, 0x00},
    /* U+7391 */ {0xFB, 0xC3, 0x24, 0x32, 0x43, 0x24, 0x7A, 0x43, 0x24, 0x36, 0x43, 0xE4, 0x7C, 0x5C, 0xC5, 0x08, 0x60, 0x00},
    /* U+7396 */ {0xFA, 0x02, 0x3C, 0x26, 0xC2, 0x4C, 0x7C, 0x82, 0x1C, 0x21, 0xC3, 0xB4, 0xFA, 0x60, 0xE2, 0x08, 0x30, 0x00},
    /* U+739B */ {0xF7, 0xC2, 0x04, 0x26, 0x4F, 0x64, 0x24, 0x42, 0x7E, 0x20, 0x23, 0xFE, 0xF0, 0x20, 0x06, 0x00, 0xC0, 0x00},
    /* U+739F */ {0xF9, 0x82, 0x18, 0x2F, 0xF2, 0x64, 0xFA, 0x42, 0x2C, 0x23, 0xC2, 0x18, 0x7B, 0x8C, 0x6E, 0x0C, 0x30, 0x00},
    /* U+73A2 */ {0xFA, 0x42, 0x24, 0x26, 0x62, 0xC3, 0x7F, 0xE2, 0x36, 0x23, 0x63, 0xA6, 0xF2, 0x40, 0x44, 0x0D, 0xC0, 0x00},
    /* U+73A9 */ {0xFF, 0xE2, 0x00, 0x20, 0x02, 0x00, 0x7F, 0xF2, 0x2C, 0x22, 0xC3, 0xAC, 0xFE, 0xD0, 0xCF, 0x18, 0x70, 0x00},
    /* U+73AB */ {0xFA, 0x02, 0x3F, 0x26, 0x62, 0x64, 0xFE, 0x42, 0x3C, 0x21, 0x83, 0x98, 0xFB, 0xC0, 0xE6, 0x0C, 0x30, 0x00},
    /* U+73AE */ {0xF9, 0x82, 0x7E, 0x21, 0x87, 0xFE, 0x21, 0x82, 0x7F, 0x21, 0xB3, 0x9B, 0x71, 0xA4, 0x1E, 0x01, 0x80, 0x00},
    /* U+73AF */ {0xFF, 0xF2, 0x18, 0x21, 0x02, 0x38, 0xF3, 0xC2, 0x76, 0x2D, 0x23, 0x10, 0x71, 0x04, 0x10, 0x01, 0x00, 0x00},
    /* U+73B0 */ {0xFF, 0xE2, 0x46, 0x25, 0x62, 0x56, 0x7D, 0x62, 0x56, 0x25, 0xE2, 0x98, 0x7B, 0xB4, 0x6B, 0x0C, 0xE0, 0x00},
    /* U+73B2 */ {0xF3, 0x82, 0x2C, 0x27, 0x6F, 0x9B, 0x20, 0x02, 0x7E, 0x20, 0x43, 0x0C, 0xF3, 0x80, 0x18, 0x00, 0x80, 0x00},
    /* U+73B3 */ {0xF6, 0xA2, 0x4A, 0x2C, 0xAF, 0xFE, 0x2C, 0x82, 0x48, 0x24, 0xC7, 0x4C, 0xE4, 0x50, 0x47, 0x04, 0x60, 0x00},
    /* U+73B7 */ {0xF9, 0x02, 0x1E, 0x21, 0xEF, 0x90, 0x21, 0x02, 0x7E, 0x24, 0x23, 0xC2, 0xF4, 0x20, 0x7E, 0x04, 0x20, 0x00},
    /* U+73BA */ {0x3F, 0xE6, 0x66, 0x57, 0xC3, 0x6C, 0x0E, 0x40, 0x00, 0x7F, 0xE0, 0x60, 0x3F, 0xC0, 0x6C, 0xFF, 0xF0, 0x00},
    /* U+73BB */ {0x21, 0x82, 0xFE, 0x2D, 0xA2, 0xDA, 0xFF, 0xE2, 0xE6, 0x2F, 0x43, 0xDC, 0x79, 0x80, 0xBE, 0x1E, 0x30, 0x00},
    /* U+73C0 */ {0xF1, 0x02, 0x7E, 0x24, 0x2F, 0x42, 0x24, 0x22, 0x7E, 0x24, 0x23, 0xC2, 0xF4, 0x20, 0x7E, 0x04, 0x20, 0x00},
    /* U+73C2 */ {0xFF, 0xF2, 0x06, 0x27, 0xE2, 0x5E, 0x7D, 0xE2, 0x5E, 0x27, 0xE3, 0xC6, 0x78, 0x6C, 0x06, 0x01, 0xE0, 0x00},
    /* U+73C8 */ {0xF4, 0xE2, 0x4A, 0x2F, 0xA2, 0x7A, 0xF7, 0xA2, 0x7A, 0x2F, 0xA2, 0xFA, 0x7B, 0xAC, 0xAE, 0x16, 0xA0, 0x00},
    /* U+73C9 */ {0xFF, 0xE2, 0x42, 0x27, 0xE7, 0x58, 0x74, 0x82, 0x7F, 0x24, 0x83, 0x48, 0xF4, 0xDC, 0x7F, 0x0E, 0x60, 0x00},
    /* U+73CA */ {0xFE, 0xA6, 0xEA, 0x6E, 0xA6, 0xEA, 0xFF, 0xF6, 0xEA, 0x6E, 0xA6, 0xBA, 0xFB, 0xAC, 0xBA, 0x0F, 0x60, 0x00},
    /* U+73CD */ {0xF9, 0x82, 0x2C, 0x26, 0x62, 0xDB, 0xF3, 0x02, 0x4C, 0x21, 0xA2, 0x76, 0x78, 0xC4, 0x38, 0x06, 0x00, 0x00},
    /* U+73CF */ {0xFF, 0xE2, 0x18, 0x21, 0x82, 0x18, 0x79, 0x82, 0x7E, 0x21, 0xC2, 0x1E, 0x39, 0xAF, 0x98, 0x0F, 0xF0, 0x00},
    /* U+73D0 */ {0xF9, 0x82, 0x18, 0x27, 0xE2, 0x18, 0x71, 0x82, 0xFF, 0x23, 0x02, 0x24, 0x7E, 0x6C, 0x7E, 0x06, 0x30, 0x00},
    /* U+73D1 */ {0xFA, 0xC2, 0x20, 0x2F, 0xF2, 0x28, 0xF2, 0xA2, 0x2E, 0x26, 0xC3, 0x6C, 0x75, 0x8C, 0xFB, 0x1A, 0xE0, 0x00},
    /* U+73D9 */ {0xF2, 0x42, 0x24, 0x2F, 0xF2, 0x24, 0xF2, 0x42, 0x24, 0x2F, 0xF3, 0x00, 0xF6, 0x4C, 0x46, 0x0C, 0x20, 0x00},
    /* U+73DE */ {0xFB, 0xE2, 0x64, 0x2F, 0xC2, 0x18, 0xF3, 0xC2, 0xE7, 0x2F, 0xE3, 0xC6, 0x7C, 0x6C, 0x46, 0x07, 0xE0, 0x00},
    /* U+73E0 */ {0xFF, 0x82, 0x78, 0x27, 0xE2, 0x58, 0xF9, 0x82, 0xFF, 0x23, 0xC2, 0x3C, 0x7F, 0xE4, 0xDB, 0x01, 0x80, 0x00},
    /* U+73E5 */ {0xFF, 0xF2, 0x66, 0x27, 0xE2, 0x66, 0x76, 0x62, 0x7E, 0x26, 0x63, 0xFF, 0xFF, 0xE0, 0x06, 0x00, 0x60, 0x00},
    /* U+73E7 */ {0xF2, 0x82, 0xEA, 0x26, 0xE2, 0x6C, 0xF2, 0x82, 0x2C, 0x2E, 0xE2, 0xAB, 0x76, 0x84, 0xCB, 0x08, 0xE0, 0x00},
    /* U+73E9 */ {0xF5, 0xE2, 0xC0, 0x2A, 0x02, 0x7F, 0xFC, 0x42, 0xC4, 0x24, 0x42, 0x44, 0x74, 0x4C, 0x44, 0x04, 0xC0, 0x00},
    /* U+73ED */ {0xF3, 0xE2, 0x24, 0x2A, 0x42, 0xA4, 0xFA, 0x42, 0xBE, 0x2A, 0x42, 0x24, 0x36, 0x4F, 0x44, 0x0F, 0xF0, 0x00},
    /* U+73F2 */ {0xFF, 0xE2, 0xF2, 0x27, 0xE6, 0x20, 0x77, 0x82, 0x7E, 0x21, 0x83, 0x18, 0x7F, 0xF4, 0x18, 0x01, 0x80, 0x00},
    /* U+7403 */ {0xF1, 0xE2, 0x18, 0x2F, 0xF2, 0x5A, 0xF5, 0xA2, 0x7C, 0x23, 0xC2, 0x7C, 0x7D, 0xEC, 0x9B, 0x03, 0x00, 0x00},
    /* U+7405 */ {0xFF, 0xE2, 0x42, 0x24, 0x27, 0x7E, 0x24, 0x22, 0x7E, 0x25, 0xA3, 0xCE, 0xF4, 0xC0, 0x76, 0x06, 0x20, 0x00},
    /* U+7406 */ {0xFF, 0xE2, 0x5A, 0x27, 0xE2, 0x5A, 0xF5, 0xA2, 0x7E, 0x21, 0x83, 0xFE, 0x71, 0x8C, 0x18, 0x0F, 0xF0, 0x00},
    /* U+7409 */ {0xF1, 0x82, 0xFE, 0x22, 0x42, 0x6E, 0xFF, 0xE2, 0x54, 0x25, 0x42, 0x54, 0x75, 0x44, 0xD5, 0x19, 0x60, 0x00},
    /* U+740A */ {0xFF, 0xB6, 0xAA, 0x6A, 0xA6, 0xAE, 0xFF, 0xA6, 0x6A, 0x66, 0xB6, 0xEB, 0xFA, 0xE9, 0x28, 0x06, 0x80, 0x00},
    /* U+740F */ {0xF9, 0x86, 0xFF, 0x65, 0x86, 0xFE, 0xF4, 0xC6, 0x4C, 0x67, 0xF6, 0x4C, 0x74, 0xCC, 0xE8, 0x1B, 0xF0, 0x00},
    /* U+7410 */ {0xF5, 0xA2, 0x3C, 0x27, 0xE2, 0x42, 0xF5, 0xA2, 0x5A, 0x25, 0xA3, 0xD2, 0xF7, 0xA0, 0x6E, 0x0C, 0x30, 0x00},
    /* U+741A */ {0xFF, 0xE2, 0x42, 0x27, 0xE2, 0x48, 0xFF, 0xF2, 0xC8, 0x2C, 0x83, 0xFE, 0x7E, 0x2C, 0xA2, 0x1B, 0xE0, 0x00},
    /* U+741B */ {0xFF, 0xE2, 0x82, 0x22, 0xCF, 0x46, 0x21, 0x22, 0xFE, 0x23, 0x83, 0x7C, 0xFD, 0x60, 0x93, 0x01, 0x00, 0x00},
    /* U+7422 */ {0xFF, 0xF2, 0x30, 0x27, 0x22, 0xD6, 0xFF, 0xC2, 0x6C, 0x2F, 0xE2, 0x3A, 0x7C, 0xB4, 0x98, 0x03, 0x00, 0x00},
    /* U+7425 */ {0xF1, 0xE2, 0x10, 0x2F, 0xF2, 0xD6, 0x7F, 0xC2, 0xDE, 0x2C, 0x02, 0xFC, 0x7B, 0x44, 0xA7, 0x1E, 0x60, 0x00},
    /* U+7426 */ {0xFF, 0xE2, 0x18, 0x23, 0xC2, 0x66, 0xEF, 0xF2, 0x06, 0x27, 0xE3, 0x5E, 0xF7, 0xE0, 0x46, 0x00, 0xE0, 0x00},
    /* U+7428 */ {0xFC, 0x22, 0x7E, 0x24, 0x22, 0x7E, 0xF0, 0x02, 0x48, 0x27, 0xE3, 0xC8, 0x7C, 0x8C, 0x7B, 0x0E, 0xE0, 0x00},
    /* U+742A */ {0xF2, 0x42, 0xFF, 0x22, 0x42, 0x3C, 0xF2, 0x42, 0x3C, 0x22, 0x43, 0xFF, 0x72, 0x4C, 0x66, 0x0C, 0x30, 0x00},
    /* U+742C */ {0xFF, 0xE2, 0x82, 0x24, 0x22, 0x7E, 0xFF, 0xA2, 0xBA, 0x2E, 0xA3, 0x2E, 0xF6, 0x80, 0xCB, 0x08, 0xE0, 0x00},
    /* U+742E */ {0xF9, 0x82, 0xFF, 0x2C, 0x32, 0x7E, 0xF0, 0x02, 0xFF, 0x21, 0x83, 0x5E, 0x7D, 0xA4, 0x9B, 0x03, 0x00, 0x00},
    /* U+7430 */ {0xF5, 0x22, 0x54, 0x23, 0xC2, 0x6E, 0xFC, 0x22, 0x50, 0x25, 0x63, 0xDC, 0xF3, 0x80, 0x6C, 0x0C, 0x30, 0x00},
    /* U+7433 */ {0xF4, 0x42, 0x44, 0x3F, 0xF2, 0x4C, 0xF6, 0xC2, 0xFE, 0x2D, 0xE7, 0xDE, 0xF7, 0x50, 0x44, 0x04, 0x40, 0x00},
    /* U+7434 */ {0x10, 0x87, 0xBE, 0x10, 0x87, 0xFE, 0x0E, 0x01, 0xFC, 0x76, 0xE3, 0xFC, 0x00, 0x80, 0x10, 0x03, 0x00, 0x00},
    /* U+7435 */ {0x7F, 0xE1, 0x08, 0x7F, 0xE1, 0x08, 0xFF, 0xF0, 0x20, 0x7F, 0xE6, 0x38, 0x62, 0x37, 0xF3, 0x7B, 0xE0, 0x00},
    /* U+7436 */ {0x7F, 0xE7, 0xFE, 0x10, 0x87, 0xFF, 0x60, 0x03, 0xFE, 0x26, 0x63, 0xFE, 0x20, 0x22, 0x02, 0x3F, 0xE0, 0x00},
    /* U+743C */ {0xFF, 0xF2, 0x00, 0x27, 0xE2, 0x42, 0x74, 0x22, 0x7E, 0x21, 0x83, 0x7E, 0xFD, 0xA4, 0xDA, 0x03, 0x00, 0x00},
    /* U+7441 */ {0xFC, 0x22, 0x7E, 0x24, 0x22, 0x7E, 0xF0, 0x02, 0x7E, 0x27, 0xE3, 0x42, 0xF7, 0xEC, 0x42, 0x07, 0xE0, 0x00},
    /* U+7455 */ {0xFF, 0xE2, 0xB2, 0x2B, 0x22, 0xFE, 0xF8, 0x02, 0xFE, 0x28, 0xA3, 0xEE, 0xE8, 0xC0, 0x8E, 0x09, 0x30, 0x00},
    /* U+7457 */ {0xFF, 0xE2, 0x54, 0x2F, 0xE2, 0x20, 0xFF, 0xF2, 0x60, 0x27, 0xE3, 0x74, 0xFD, 0xC0, 0xBE, 0x16, 0x70, 0x00},
    /* U+7459 */ {0xFD, 0x62, 0xF4, 0x25, 0x62, 0x6A, 0xF1, 0x82, 0xFE, 0x2E, 0xE3, 0xDA, 0xFF, 0xAC, 0xE2, 0x0F, 0xE0, 0x00},
    /* U+745A */ {0xF4, 0xA2, 0x4A, 0x3F, 0xAF, 0x4E, 0x24, 0xA2, 0xEA, 0x2B, 0xE2, 0xBA, 0x7B, 0xAC, 0xF2, 0x09, 0x60, 0x00},
    /* U+745B */ {0xFF, 0xF2, 0x24, 0x21, 0x02, 0x7E, 0xF5, 0x22, 0x52, 0x2F, 0xF3, 0x98, 0xF3, 0xC0, 0x66, 0x0C, 0x30, 0x00},
    /* U+745C */ {0xF3, 0x82, 0xE6, 0x2F, 0xF2, 0x00, 0xFF, 0xA2, 0x9A, 0x2F, 0xA2, 0xFA, 0x79, 0xAC, 0x92, 0x0B, 0x60, 0x00},
    /* U+745E */ {0xF5, 0x22, 0x52, 0x27, 0xE2, 0x00, 0xFF, 0xF2, 0x10, 0x2F, 0xE2, 0xFA, 0x7F, 0xA4, 0xFA, 0x0F, 0xE0, 0x00},
    /* U+745F */ {0x7F, 0xE1, 0x08, 0x7F, 0xE1, 0x08, 0x7F, 0xF0, 0xCC, 0x2B, 0x87, 0xB6, 0x5E, 0x27, 0x8B, 0x6F, 0x80, 0x00},
    /* U+746D */ {0xFF, 0xF2, 0xC8, 0x2F, 0xE2, 0xDA, 0xFF, 0xF2, 0xFE, 0x29, 0x83, 0xFE, 0x7E, 0x2C, 0xE2, 0x17, 0xE0, 0x00},
    /* U+7470 */ {0xFF, 0xE2, 0x5A, 0x27, 0xE2, 0x52, 0xFD, 0x22, 0x7E, 0x23, 0x43, 0x3E, 0x77, 0xEC, 0xDB, 0x08, 0xE0, 0x00},
    /* U+7476 */ {0xFF, 0xE2, 0x56, 0x25, 0x42, 0x7E, 0xFD, 0x02, 0x10, 0x2F, 0xF3, 0x52, 0xED, 0x20, 0xFE, 0x00, 0x20, 0x00},
    /* U+7477 */ {0xFF, 0xE2, 0x56, 0x2F, 0xE2, 0xA3, 0xFF, 0xE2, 0x20, 0x27, 0xE3, 0xE4, 0xF5, 0xC0, 0xFC, 0x1E, 0x70, 0x00},
    /* U+747E */ {0xFF, 0xF2, 0x3C, 0x21, 0x8F, 0x7E, 0x25, 0xA2, 0x7E, 0x27, 0xE3, 0x18, 0xF7, 0xE8, 0x18, 0x0F, 0xF0, 0x00},
    /* U+7480 */ {0xF5, 0xA2, 0x7E, 0x24, 0x82, 0x48, 0xFF, 0xE2, 0xC8, 0x2F, 0xE2, 0x48, 0x77, 0xE0, 0x7F, 0x04, 0x00, 0x00},
    /* U+7481 */ {0xFF, 0xE2, 0x52, 0x27, 0xEF, 0x5A, 0x26, 0x62, 0x7E, 0x21, 0x07, 0xEE, 0xEE, 0xA0, 0xA7, 0x03, 0xC0, 0x00},
    /* U+7483 */ {0xFF, 0xE2, 0x00, 0x25, 0xA2, 0x7E, 0xF7, 0xE2, 0x10, 0x2F, 0xE3, 0xFA, 0xFF, 0xE0, 0xF6, 0x0C, 0x60, 0x00},
    /* U+7487 */ {0x65, 0x87, 0xFF, 0x69, 0x06, 0x9F, 0xFE, 0x66, 0xB6, 0x6B, 0x76, 0xB4, 0xFB, 0xCD, 0x7C, 0x16, 0x70, 0x00},
    /* U+748B */ {0xFF, 0xE2, 0x2C, 0x2F, 0xF2, 0x7E, 0xF4, 0x22, 0x7E, 0x24, 0x22, 0x7E, 0x7F, 0xF0, 0x18, 0x01, 0x80, 0x00},
    /* U+748E */ {0xFB, 0xA2, 0xFE, 0x2F, 0xE2, 0xFE, 0xF6, 0xC2, 0xBA, 0x2F, 0xF2, 0x64, 0xF7, 0xCC, 0x3C, 0x0E, 0x60, 0x00},
    /* U+7490 */ {0xFE, 0xE6, 0xAA, 0x6B, 0xE6, 0xFC, 0xF4, 0xC6, 0xEA, 0x6D, 0xF6, 0xDA, 0x7D, 0xAD, 0xFA, 0x19, 0xE0, 0x00},
    /* U+749C */ {0xFF, 0xE2, 0x24, 0x2F, 0xE2, 0x10, 0xF7, 0xE2, 0x52, 0x27, 0xE2, 0x52, 0x77, 0xEC, 0x64, 0x0C, 0x20, 0x00},
    /* U+749E */ {0xF7, 0xE2, 0x7C, 0x2F, 0xF2, 0x24, 0xFF, 0xE2, 0x10, 0x27, 0xE3, 0xFF, 0xF3, 0x80, 0x66, 0x0C, 0x30, 0x00},
    /* U+74A7 */ {0x7F, 0xE7, 0xD6, 0x43, 0xF7, 0xC8, 0xEF, 0xE3, 0xC8, 0x7F, 0xE0, 0x60, 0x3F, 0xC0, 0x6C, 0xFF, 0xF0, 0x00},
    /* U+74A8 */ {0xF7, 0xE6, 0xFA, 0x6B, 0xC6, 0xEE, 0xFD, 0xA6, 0xD4, 0x65, 0x46, 0xFE, 0x77, 0xCC, 0xD6, 0x01, 0x00, 0x00},
    /* U+74A9 */ {0x21, 0xE2, 0xFE, 0x29, 0xE2, 0xFA, 0xF9, 0xE2, 0xFE, 0x2B, 0x23, 0xFE, 0x7F, 0xED, 0xBB, 0x15, 0x80, 0x00},
    /* U+74BA */ {0x6F, 0x67, 0x9E, 0x7F, 0xE6, 0xF4, 0x7F, 0xE4, 0x02, 0x7F, 0xE0, 0x60, 0x3F, 0xC0, 0x68, 0xFF, 0xF0, 0x00},
    /* U+74D2 */ {0xFF, 0xE2, 0xFF, 0x2E, 0xEF, 0xAF, 0x21, 0x32, 0xFE, 0x2D, 0x23, 0xD2, 0x75, 0x20, 0x7C, 0x0C, 0x20, 0x00},
    /* U+74DC */ {0x07, 0xC3, 0xEC, 0x24, 0xC2, 0x4C, 0x24, 0x42, 0x44, 0x24, 0x46, 0x56, 0x6D, 0x64, 0xFA, 0xC0, 0xB0, 0x00},
    /* U+74DE */ {0x7D, 0xC5, 0x7E, 0x56, 0xC5, 0x4C, 0x57, 0xF5, 0x4C, 0x55, 0xE5, 0xF2, 0x7F, 0x0F, 0xDC, 0x84, 0x70, 0x00},
    /* U+74E0 */ {0xFF, 0xE3, 0xAE, 0x6A, 0xEF, 0xEE, 0x02, 0xAF, 0xEA, 0x62, 0xA7, 0xBE, 0x0F, 0x60, 0xDF, 0x3D, 0x10, 0x00},
    /* U+74E2 */ {0xFF, 0xE7, 0xFE, 0x7F, 0xE7, 0xEA, 0x02, 0xA7, 0xEA, 0x7E, 0xA5, 0xAE, 0x5B, 0xED, 0x7F, 0x33, 0x70, 0x00},
    /* U+74E3 */ {0x2F, 0x4F, 0xFF, 0x5F, 0xA7, 0xFA, 0xFD, 0xF2, 0xD4, 0xFD, 0x42, 0xFF, 0x6F, 0x45, 0xF4, 0x55, 0xC0, 0x00},
    /* U+74E4 */ {0xFF, 0xE6, 0xFA, 0x7F, 0xA6, 0xFA, 0x7F, 0xA7, 0xEA, 0x2A, 0xAF, 0xEE, 0x7F, 0xE7, 0xFF, 0x62, 0x70, 0x00},
    /* U+74E6 */ {0x7F, 0xE1, 0x80, 0x18, 0x01, 0xF8, 0x10, 0x81, 0xC8, 0x36, 0x83, 0x28, 0x30, 0xB3, 0xEB, 0x7C, 0xE0, 0x00},
    /* U+74EE */ {0x30, 0xC6, 0xD6, 0x59, 0xA3, 0xFC, 0x10, 0x47, 0xFE, 0x30, 0x03, 0xF8, 0x2C, 0x87, 0xEB, 0x30, 0xE0, 0x00},
    /* U+74EF */ {0x7F, 0xE4, 0x50, 0x69, 0xC5, 0xB4, 0x5B, 0x45, 0xBC, 0x5F, 0xC6, 0x7C, 0x62, 0x57, 0xFD, 0x02, 0x70, 0x00},
    /* U+74F4 */ {0x37, 0xF2, 0xB0, 0x77, 0xC5, 0x34, 0x03, 0x47, 0xFC, 0x0A, 0xC1, 0xAC, 0x32, 0x51, 0x3F, 0x17, 0x60, 0x00},
    /* U+74F6 */ {0x6F, 0xE3, 0xB0, 0x7F, 0xC2, 0xB4, 0x2B, 0x4F, 0xFC, 0x6A, 0xC6, 0xAC, 0x4A, 0x74, 0xBF, 0x4F, 0x60, 0x00},
    /* U+74F7 */ {0x77, 0xE1, 0xD6, 0x1B, 0x87, 0x6E, 0x0C, 0x27, 0xFE, 0x1F, 0x81, 0xC8, 0x36, 0x83, 0x2B, 0x7C, 0xE0, 0x00},
    /* U+74FF */ {0x7F, 0xF4, 0xD0, 0x69, 0xC2, 0x94, 0xFF, 0x40, 0x3C, 0x7F, 0xC4, 0xFC, 0x4F, 0x77, 0xFF, 0x47, 0x20, 0x00},
    /* U+7504 */ {0xFF, 0xF3, 0x90, 0x7D, 0xE7, 0x56, 0x77, 0x67, 0xFE, 0x13, 0xE7, 0xFE, 0x12, 0x77, 0xFF, 0x43, 0x30, 0x00},
    /* U+750D */ {0x7F, 0xE3, 0xFC, 0x29, 0x43, 0xFC, 0x7F, 0xE4, 0x02, 0x7F, 0xE1, 0xF8, 0x16, 0x83, 0x2A, 0x3E, 0xE0, 0x00},
    /* U+750F */ {0x11, 0x87, 0xC6, 0x7F, 0xC7, 0xF2, 0x2C, 0xCF, 0x10, 0x7F, 0xE1, 0xF8, 0x3C, 0x83, 0x6B, 0x7E, 0xE0, 0x00},
    /* U+7511 */ {0x2B, 0xF7, 0xD0, 0x7D, 0xC7, 0x56, 0x7D, 0x60, 0x3E, 0x7F, 0xE7, 0xFE, 0x4E, 0x77, 0xFF, 0x47, 0x20, 0x00},
    /* U+7513 */ {0x4F, 0xE7, 0xFF, 0x7C, 0x86, 0xFE, 0xFC, 0x80, 0x00, 0x7F, 0xE1, 0xF8, 0x34, 0x83, 0x2B, 0x7E, 0xE0, 0x00},
    /* U+7518 */ {0x10, 0x8F, 0xFF, 0x10, 0x81, 0x08, 0x10, 0x81, 0xF8, 0x10, 0x81, 0x08, 0x10, 0x81, 0xF8, 0x10, 0x80, 0x00},
    /* U+7519 */ {0x01, 0xEF, 0xFF, 0x01, 0x86, 0x78, 0xFF, 0x86, 0x68, 0x7E, 0x86, 0x68, 0x66, 0xF7, 0xE7, 0x66, 0x60, 0x00},
    /* U+751A */ {0x7F, 0xE1, 0x08, 0x1F, 0x81, 0x08, 0x1F, 0x81, 0x08, 0xFF, 0xF2, 0x58, 0x2C, 0xC2, 0x84, 0x3F, 0xE0, 0x00},
    /* U+751C */ {0x72, 0x63, 0x7F, 0x32, 0x6F, 0xE6, 0x32, 0x63, 0x3E, 0x7A, 0x64, 0xA6, 0x4A, 0x67, 0xBE, 0x4A, 0x20, 0x00},
    /* U+751F */ {0x36, 0x02, 0x60, 0x3F, 0xE6, 0x60, 0x46, 0x03, 0xFE, 0x06, 0x00, 0x60, 0x06, 0x00, 0x60, 0xFF, 0xF0, 0x00},
    /* U+7525 */ {0x75, 0xA7, 0x5A, 0x7F, 0xEF, 0x5A, 0x37, 0xE7, 0x98, 0x37, 0xE3, 0x92, 0x7B, 0x24, 0x62, 0x0C, 0xE0, 0x00},
    /* U+7528 */ {0x3F, 0xE2, 0x62, 0x26, 0x23, 0xFE, 0x26, 0x22, 0x62, 0x7F, 0xE6, 0x62, 0x66, 0x24, 0x66, 0xC7, 0xE0, 0x00},
    /* U+7529 */ {0x7F, 0xE6, 0x66, 0x7F, 0xE6, 0x66, 0x66, 0x67, 0xFE, 0x66, 0x66, 0x6E, 0x46, 0x14, 0x63, 0xC3, 0xE0, 0x00},
    /* U+752B */ {0x06, 0xC7, 0xFE, 0x06, 0x07, 0xFE, 0x66, 0x67, 0xFE, 0x66, 0x67, 0xFE, 0x66, 0x66, 0x66, 0x66, 0xC0, 0x00},
    /* U+752C */ {0x3F, 0xC1, 0xB8, 0x0F, 0x07, 0xFE, 0x66, 0x67, 0xFE, 0x66, 0x67, 0xFE, 0x66, 0x66, 0x66, 0x66, 0xE0, 0x00},
    /* U+752D */ {0x0F, 0x01, 0xFC, 0x76, 0x64, 0x02, 0x7F, 0xE6, 0x66, 0x7F, 0xE6, 0x66, 0x7F, 0xE4, 0x66, 0x40, 0xE0, 0x00},
    /* U+752F */ {0x7F, 0xE4, 0xE2, 0x3A, 0xC4, 0xFA, 0x00, 0x03, 0xFC, 0x3F, 0xC2, 0x64, 0x3F, 0xC2, 0x64, 0x26, 0xC0, 0x00},
    /* U+7530 */ {0x7F, 0xE4, 0x62, 0x46, 0x24, 0x62, 0x7F, 0xE4, 0x62, 0x46, 0x24, 0x62, 0x46, 0x27, 0xFE, 0x40, 0x20, 0x00},
    /* U+7531 */ {0x06, 0x00, 0x60, 0x7F, 0xE6, 0x66, 0x66, 0x67, 0xFE, 0x66, 0x66, 0x66, 0x66, 0x67, 0xFE, 0x40, 0x60, 0x00},
    /* U+7532 */ {0x7F, 0xE6, 0x66, 0x66, 0x67, 0xFE, 0x66, 0x66, 0x66, 0x7F, 0xE6, 0x62, 0x06, 0x00, 0x60, 0x06, 0x00, 0x00},
    /* U+7533 */ {0x06, 0x07, 0xFE, 0x46, 0x24, 0x62, 0x7F, 0xE4, 0x62, 0x7F, 0xE4, 0x62, 0x06, 0x00, 0x60, 0x06, 0x00, 0x00},
    /* U+7535 */ {0x06, 0x07, 0xFE, 0x66, 0x66, 0x66, 0x7F, 0xE6, 0x66, 0x7F, 0xE6, 0x60, 0x06, 0x30, 0x63, 0x03, 0xE0, 0x00},
    /* U+7537 */ {0x3F, 0xC2, 0x64, 0x3F, 0xC2, 0x64, 0x3F, 0xC0, 0x40, 0x7F, 0xE0, 0xC6, 0x18, 0x63, 0x04, 0x61, 0xC0, 0x00},
    /* U+7538 */ {0x10, 0x03, 0xFE, 0x60, 0x27, 0xF2, 0xE5, 0x23, 0xF2, 0x25, 0x22, 0x52, 0x3F, 0x62, 0x06, 0x01, 0xC0, 0x00},
    /* U+753A */ {0x7F, 0xF5, 0xC4, 0x5C, 0x45, 0xC4, 0x7C, 0x45, 0xC4, 0x5C, 0x45, 0xC4, 0x7C, 0x44, 0x04, 0x01, 0xC0, 0x00},
    /* U+753B */ {0x7F, 0xE0, 0x00, 0x1F, 0x85, 0x6A, 0x56, 0xA5, 0xFA, 0x56, 0xA5, 0xFA, 0x40, 0x27, 0xFE, 0x00, 0x20, 0x00},
    /* U+753E */ {0x26, 0xC6, 0xC8, 0x36, 0xC1, 0x26, 0x7F, 0xE6, 0x66, 0x66, 0x67, 0xFE, 0x66, 0x67, 0xFE, 0x60, 0x60, 0x00},
    /* U+7540 */ {0x26, 0x42, 0x64, 0x3F, 0xC2, 0x64, 0x3F, 0xC0, 0x00, 0xFF, 0xF1, 0x18, 0x11, 0x83, 0x18, 0x61, 0x80, 0x00},
    /* U+7545 */ {0x27, 0xEF, 0x8C, 0xEB, 0x0F, 0xFF, 0xE9, 0x7E, 0xAE, 0xFE, 0xA2, 0x5A, 0x21, 0x22, 0x36, 0x26, 0xC0, 0x00},
    /* U+7548 */ {0x7B, 0xC6, 0xA0, 0x6A, 0x06, 0xBE, 0x7B, 0x26, 0xF6, 0x6F, 0xC7, 0xEC, 0x46, 0xC0, 0x7E, 0x07, 0x20, 0x00},
    /* U+754B */ {0x7B, 0x07, 0xB0, 0x7B, 0xF7, 0xE6, 0x7F, 0x47, 0xD4, 0x79, 0xC7, 0x98, 0x43, 0xC4, 0x66, 0x04, 0x30, 0x00},
    /* U+754C */ {0x26, 0x42, 0x64, 0x3F, 0xC2, 0x64, 0x3F, 0xC1, 0x98, 0x78, 0xE5, 0x9A, 0x19, 0x83, 0x18, 0x61, 0x80, 0x00},
    /* U+754E */ {0x79, 0xE6, 0x9A, 0x69, 0x86, 0xFF, 0x79, 0x86, 0x98, 0x69, 0x86, 0xBC, 0x7A, 0x44, 0x66, 0x0C, 0x30, 0x00},
    /* U+754F */ {0x3F, 0xC3, 0xFC, 0x26, 0x43, 0xFC, 0x00, 0x07, 0xFE, 0x32, 0x63, 0x3C, 0x31, 0x83, 0xCE, 0x38, 0x60, 0x00},
    /* U+7554 */ {0x7D, 0xA6, 0xBE, 0x6B, 0xC6, 0xFE, 0x79, 0x86, 0x98, 0x6F, 0xF6, 0x98, 0x79, 0x84, 0x18, 0x01, 0x80, 0x00},
    /* U+7559 */ {0x7B, 0xE4, 0x92, 0x49, 0x27, 0xF2, 0x66, 0xE3, 0xFC, 0x26, 0x43, 0xFC, 0x26, 0x42, 0x64, 0x3F, 0xC0, 0x00},
    /* U+755A */ {0x19, 0x83, 0xFC, 0x0C, 0x0F, 0xFE, 0x19, 0x87, 0xFE, 0xE6, 0x63, 0xFC, 0x26, 0x43, 0xFC, 0x20, 0x40, 0x00},
    /* U+755B */ {0x79, 0x86, 0xB4, 0x6E, 0x66, 0xDB, 0x7B, 0x06, 0xAC, 0x69, 0x86, 0xF6, 0x78, 0xC4, 0x38, 0x06, 0x00, 0x00},
    /* U+755C */ {0xFF, 0xE1, 0x90, 0x3F, 0x00, 0xEC, 0x79, 0xE7, 0x82, 0x3F, 0xC2, 0x64, 0x3F, 0xC2, 0x64, 0x3F, 0xC0, 0x00},
    /* U+7565 */ {0x7B, 0xE6, 0xE6, 0x6F, 0x47, 0x98, 0x6B, 0xC6, 0xE7, 0x6F, 0xE7, 0xA2, 0x42, 0x24, 0x22, 0x03, 0xE0, 0x00},
    /* U+7566 */ {0x78, 0x86, 0xBE, 0x68, 0x86, 0x88, 0x7F, 0xE6, 0x88, 0x6F, 0xE6, 0x88, 0x78, 0x84, 0x08, 0x07, 0xF0, 0x00},
    /* U+756A */ {0x7F, 0xC3, 0x6C, 0x16, 0x87, 0xFE, 0x1F, 0x87, 0x6E, 0xFF, 0xE2, 0x64, 0x3F, 0xC2, 0x64, 0x3F, 0xC0, 0x00},
    /* U+7572 */ {0x1F, 0xC7, 0xFF, 0x00, 0x07, 0xFE, 0x36, 0xC6, 0xE4, 0x3F, 0xC2, 0x64, 0x3F, 0xC2, 0x64, 0x3F, 0xC0, 0x00},
    /* U+7574 */ {0x7F, 0xE6, 0x90, 0x6F, 0xE6, 0xB0, 0x7F, 0xF6, 0xA4, 0x6F, 0xF6, 0xF4, 0x7D, 0x44, 0x84, 0x00, 0xC0, 0x00},
    /* U+7578 */ {0x7F, 0xE6, 0x98, 0x6B, 0xE6, 0xE2, 0x7F, 0xF6, 0xBA, 0x6E, 0xA6, 0xEA, 0x7F, 0xA4, 0x02, 0x00, 0xE0, 0x00},
    /* U+7579 */ {0x7F, 0xE6, 0xC2, 0x6E, 0x06, 0xFE, 0x7D, 0xA6, 0xDA, 0x6F, 0xA6, 0xAE, 0x7A, 0x84, 0x49, 0x0C, 0xE0, 0x00},
    /* U+757F */ {0x2E, 0xA7, 0xFC, 0x3F, 0xA7, 0xFE, 0x02, 0xCF, 0xFF, 0x7F, 0x45, 0x7C, 0x7D, 0x87, 0xFB, 0x46, 0xE0, 0x00},
    /* U+7583 */ {0x7F, 0xE6, 0xA4, 0x6F, 0xF6, 0x80, 0x7F, 0xE6, 0xFE, 0x6D, 0xA6, 0xFE, 0x7F, 0xE4, 0x18, 0x0F, 0xF0, 0x00},
    /* U+7586 */ {0x18, 0x01, 0xFE, 0x77, 0xE4, 0x7E, 0x7F, 0xE1, 0xFE, 0x7F, 0xE7, 0xFE, 0xF7, 0xE1, 0x00, 0x3F, 0xF0, 0x00},
    /* U+758B */ {0x7F, 0xE0, 0x66, 0x06, 0x40, 0x64, 0x36, 0x03, 0x7E, 0x36, 0x03, 0x60, 0x7E, 0x06, 0xE0, 0xC7, 0xF0, 0x00},
    /* U+758F */ {0x7F, 0xF1, 0x14, 0x33, 0x67, 0x7E, 0x7B, 0xA7, 0x3C, 0x73, 0xC7, 0xBC, 0x7F, 0xDC, 0x5F, 0x0C, 0x60, 0x00},
    /* U+7591 */ {0x70, 0x64, 0x5C, 0x7C, 0xC6, 0x3F, 0x78, 0xAD, 0x2A, 0xD2, 0x8F, 0xEE, 0x32, 0x86, 0xF8, 0x44, 0xF0, 0x00},
    /* U+7592 */ {0x3F, 0xF7, 0x00, 0x70, 0x07, 0x00, 0x30, 0x07, 0x00, 0x30, 0x02, 0x00, 0x20, 0x06, 0x00, 0x40, 0x00, 0x00},
    /* U+7594 */ {0x03, 0x03, 0xFF, 0x70, 0x07, 0xFE, 0x31, 0x82, 0x18, 0xE1, 0x82, 0x18, 0x21, 0x86, 0x18, 0x47, 0x00, 0x00},
    /* U+7596 */ {0x03, 0x03, 0xFF, 0x70, 0x07, 0xFE, 0x32, 0x63, 0x26, 0xE2, 0x62, 0x26, 0x22, 0xE6, 0x20, 0x42, 0x00, 0x00},
    /* U+7597 */ {0x03, 0x03, 0xFF, 0xE0, 0x06, 0xFE, 0x20, 0xC6, 0x18, 0xE1, 0x02, 0x10, 0x21, 0x06, 0x10, 0x47, 0x00, 0x00},
    /* U+7599 */ {0x3F, 0xF2, 0x40, 0x64, 0x06, 0xFE, 0x38, 0x03, 0xFC, 0xE1, 0x82, 0x60, 0x6C, 0x36, 0x83, 0x4F, 0xE0, 0x00},
    /* U+759A */ {0x3F, 0xF7, 0x20, 0x76, 0x07, 0x7C, 0x34, 0x83, 0xC8, 0xE9, 0x82, 0x3C, 0x26, 0x46, 0xC6, 0x58, 0x30, 0x00},
    /* U+759D */ {0x3F, 0xFE, 0x00, 0x61, 0x06, 0x10, 0x29, 0x22, 0x92, 0xE9, 0x22, 0x92, 0x29, 0x26, 0x9E, 0x4F, 0xE0, 0x00},
    /* U+759F */ {0x3F, 0xFE, 0x00, 0x60, 0x06, 0x7E, 0x24, 0x06, 0x40, 0xFF, 0xF2, 0x40, 0x64, 0x04, 0x7E, 0x40, 0x00, 0x00},
    /* U+75A0 */ {0x3F, 0xFE, 0x00, 0x60, 0x07, 0xFE, 0x22, 0x06, 0x3E, 0xE6, 0x62, 0x46, 0x64, 0x66, 0xC4, 0x59, 0xC0, 0x00},
    /* U+75A1 */ {0x3F, 0xFE, 0x00, 0x6F, 0xC6, 0x18, 0x26, 0x02, 0xFE, 0xE6, 0xA2, 0x5A, 0x29, 0x26, 0x36, 0x46, 0xE0, 0x00},
    /* U+75A3 */ {0x3F, 0xF6, 0x00, 0x63, 0xC6, 0x36, 0x3F, 0xF2, 0x30, 0xE3, 0x02, 0x30, 0x27, 0x06, 0xD3, 0x59, 0xE0, 0x00},
    /* U+75A4 */ {0x3F, 0xFE, 0x00, 0x6F, 0xE6, 0x96, 0x29, 0x62, 0x96, 0xEF, 0xE2, 0x80, 0x68, 0x26, 0x83, 0x4F, 0xE0, 0x00},
    /* U+75A5 */ {0x3F, 0xFF, 0x10, 0x73, 0x87, 0x6C, 0x3C, 0x67, 0xCE, 0xE4, 0xC2, 0x4C, 0x64, 0xC6, 0xCC, 0x48, 0xC0, 0x00},
    /* U+75AB */ {0x3F, 0xF6, 0x00, 0x67, 0x86, 0x4C, 0x3C, 0xE7, 0x80, 0xEF, 0xC2, 0x4C, 0x27, 0x86, 0x7C, 0x5C, 0xE0, 0x00},
    /* U+75AC */ {0x3F, 0xF2, 0x00, 0x6F, 0xF6, 0x80, 0x29, 0x02, 0xFE, 0xE9, 0x22, 0xB2, 0x7B, 0x27, 0x66, 0x55, 0xC0, 0x00},
    /* U+75AE */ {0x3F, 0xF6, 0x10, 0x63, 0x86, 0x6C, 0x3C, 0x67, 0xFE, 0xE4, 0xC2, 0x58, 0x64, 0x26, 0x42, 0x47, 0xE0, 0x00},
    /* U+75AF */ {0x3F, 0xF2, 0x00, 0x6F, 0xC6, 0x84, 0x2D, 0xC2, 0xB4, 0xEB, 0x42, 0xB4, 0x3E, 0xE7, 0xCF, 0x50, 0x20, 0x00},
    /* U+75B0 */ {0x3F, 0xFE, 0x00, 0x63, 0x07, 0xFE, 0x21, 0x02, 0x10, 0xEF, 0xE2, 0x10, 0x21, 0x06, 0x10, 0x5F, 0xF0, 0x00},
    /* U+75B1 */ {0x3F, 0xF6, 0x40, 0x6F, 0xE6, 0x82, 0x3F, 0xA3, 0xDA, 0xED, 0xA2, 0xFE, 0x2C, 0xF6, 0xC3, 0x47, 0xE0, 0x00},
    /* U+75B2 */ {0x3F, 0xF2, 0x10, 0x6F, 0xE6, 0x92, 0x29, 0x22, 0xFC, 0xEE, 0x42, 0xAC, 0x79, 0x85, 0x3C, 0x5E, 0x60, 0x00},
    /* U+75B3 */ {0x3F, 0xFF, 0x00, 0x74, 0x47, 0xFF, 0x24, 0x46, 0x44, 0xE7, 0xC2, 0x44, 0x64, 0x44, 0x7C, 0x44, 0x40, 0x00},
    /* U+75B4 */ {0x3F, 0xF2, 0x00, 0x60, 0x07, 0xFF, 0x60, 0x42, 0xF4, 0x6D, 0x4A, 0xD4, 0x2F, 0x46, 0x04, 0x41, 0xC0, 0x00},
    /* U+75B5 */ {0x3F, 0xF6, 0x08, 0x66, 0x87, 0x68, 0x3E, 0xA2, 0xFC, 0xEE, 0x82, 0xE8, 0x2E, 0x86, 0xFB, 0x5E, 0xE0, 0x00},
    /* U+75B8 */ {0x3F, 0xF7, 0x00, 0x7F, 0xC7, 0xC4, 0x3C, 0x46, 0xFC, 0xEC, 0x42, 0xFC, 0x60, 0x06, 0x00, 0x5F, 0xF0, 0x00},
    /* U+75B9 */ {0x3F, 0xF2, 0x10, 0x63, 0x86, 0xCC, 0x3B, 0x72, 0x68, 0xED, 0x82, 0x76, 0x6C, 0xC4, 0x78, 0x4C, 0x00, 0x00},
    /* U+75BC */ {0x3F, 0xFE, 0x20, 0x67, 0xC7, 0xEC, 0x3B, 0x86, 0x38, 0xFE, 0xE3, 0xBA, 0x20, 0x86, 0x78, 0x41, 0xC0, 0x00},
    /* U+75BD */ {0x03, 0x03, 0xFF, 0xE0, 0x06, 0xFC, 0x2C, 0x46, 0xFC, 0xEC, 0x42, 0xFC, 0x6C, 0x46, 0xC4, 0x5F, 0xF0, 0x00},
    /* U+75BE */ {0x3F, 0xF7, 0x40, 0x74, 0x07, 0xFE, 0x39, 0x02, 0x90, 0xEF, 0xE2, 0x38, 0x22, 0x86, 0xE6, 0x58, 0x30, 0x00},
    /* U+75C2 */ {0x3F, 0xFE, 0x80, 0x68, 0xE7, 0xEA, 0x2A, 0xA6, 0xAA, 0xEA, 0xA2, 0xAA, 0x6A, 0xA5, 0xAE, 0x56, 0xA0, 0x00},
    /* U+75C3 */ {0x3F, 0xF2, 0x10, 0x61, 0x07, 0xFE, 0x26, 0x02, 0x4C, 0xEF, 0x82, 0x34, 0x66, 0x66, 0xFE, 0x4C, 0x20, 0x00},
    /* U+75C4 */ {0x3F, 0xF7, 0x40, 0x74, 0x07, 0xFF, 0x3B, 0x03, 0xBE, 0xE3, 0x02, 0x3E, 0x63, 0x06, 0x30, 0x43, 0x00, 0x00},
    /* U+75C5 */ {0x3F, 0xF7, 0x00, 0x7F, 0xF7, 0x10, 0x31, 0x02, 0xFE, 0x69, 0x2A, 0xBA, 0x2E, 0xE6, 0x82, 0x48, 0x60, 0x00},
    /* U+75C7 */ {0x3F, 0xF3, 0x00, 0x70, 0x07, 0xFE, 0x71, 0x02, 0x90, 0x6D, 0xEA, 0xD0, 0x2D, 0x06, 0xD0, 0x5F, 0xF0, 0x00},
    /* U+75C8 */ {0x3F, 0xF6, 0x00, 0x6F, 0xE6, 0x92, 0x29, 0x22, 0xFE, 0xE9, 0x22, 0xFE, 0x29, 0x27, 0x92, 0x51, 0x60, 0x00},
    /* U+75C9 */ {0x3F, 0xE2, 0x00, 0x6F, 0xC6, 0x0C, 0x23, 0x83, 0xFE, 0xE0, 0x22, 0xFE, 0x61, 0x06, 0x10, 0x5F, 0xE0, 0x00},
    /* U+75CA */ {0x3F, 0xF2, 0x10, 0x63, 0x86, 0x6C, 0x3C, 0x63, 0xFE, 0xE1, 0x02, 0xFE, 0x61, 0x06, 0x10, 0x5F, 0xE0, 0x00},
    /* U+75CD */ {0x3F, 0xF2, 0x10, 0x7F, 0xF6, 0x10, 0x2F, 0xE2, 0xFE, 0xEB, 0x02, 0xFE, 0x63, 0xE4, 0xCC, 0x58, 0x70, 0x00},
    /* U+75D2 */ {0x3F, 0xFE, 0x44, 0x64, 0x46, 0x6C, 0x3F, 0xE2, 0x10, 0xEF, 0xE2, 0x10, 0x7F, 0xE6, 0x10, 0x41, 0x00, 0x00},
    /* U+75D4 */ {0x3F, 0xF6, 0x10, 0x6F, 0xE6, 0x10, 0x3F, 0xF6, 0x0C, 0xE0, 0xC2, 0xFE, 0x24, 0xC6, 0x6C, 0x41, 0xC0, 0x00},
    /* U+75D5 */ {0x3F, 0xF2, 0x00, 0xEF, 0xC6, 0x84, 0x2F, 0xC2, 0x84, 0xEF, 0xE2, 0x96, 0x69, 0xC4, 0xFC, 0x4C, 0x70, 0x00},
    /* U+75D6 */ {0x3F, 0xFF, 0x00, 0x7F, 0xE7, 0x28, 0x3A, 0xA6, 0xAA, 0xEE, 0xE2, 0xEC, 0x22, 0x87, 0xFF, 0x40, 0x00, 0x00},
    /* U+75D8 */ {0x3F, 0xF6, 0x00, 0x7F, 0xE6, 0x00, 0x2F, 0xE2, 0xC6, 0x6C, 0x6A, 0xFE, 0x24, 0xC6, 0x48, 0x5F, 0xF0, 0x00},
    /* U+75DB */ {0x3F, 0xF2, 0x00, 0xEF, 0xE6, 0x78, 0x2F, 0xE2, 0x92, 0xEF, 0xE2, 0x92, 0x6F, 0xE4, 0x92, 0x49, 0x60, 0x00},
    /* U+75DE */ {0x3F, 0xF2, 0x00, 0x7F, 0xE6, 0x30, 0x27, 0xC3, 0xD2, 0xE1, 0x02, 0xFE, 0x2C, 0x66, 0xC6, 0x4F, 0xE0, 0x00},
    /* U+75E2 */ {0x3F, 0xF6, 0x22, 0x7E, 0xA6, 0x4A, 0x3F, 0xA6, 0x6A, 0xEE, 0xA2, 0xDA, 0x74, 0xA5, 0x42, 0x44, 0x60, 0x00},
    /* U+75E3 */ {0x3F, 0xF2, 0x10, 0x61, 0x07, 0xFE, 0x21, 0x02, 0xFE, 0xE1, 0x02, 0xD6, 0x3C, 0xA7, 0x47, 0x47, 0xC0, 0x00},
    /* U+75E4 */ {0x3F, 0xF6, 0x10, 0x65, 0x46, 0xD4, 0x2F, 0xE7, 0xBB, 0xE1, 0x02, 0xFE, 0x61, 0x06, 0x10, 0x5F, 0xF0, 0x00},
    /* U+75E6 */ {0x3F, 0xF2, 0x00, 0x7F, 0xE6, 0x20, 0x2F, 0xC7, 0xFF, 0xE0, 0x02, 0xFE, 0x68, 0x24, 0x82, 0x4F, 0xE0, 0x00},
    /* U+75E7 */ {0x3F, 0xFA, 0x08, 0x6C, 0x86, 0x3E, 0x3A, 0xA6, 0xAB, 0xE2, 0xE2, 0xC4, 0x68, 0xC7, 0x98, 0x57, 0x00, 0x00},
    /* U+75E8 */ {0x3F, 0xF2, 0x48, 0x7F, 0xE6, 0x4C, 0x3F, 0xE3, 0x82, 0xF3, 0x22, 0xFE, 0x62, 0x64, 0xC4, 0x59, 0xC0, 0x00},
    /* U+75EA */ {0x3F, 0xF2, 0x20, 0x67, 0xC6, 0xC8, 0x3F, 0xE6, 0x92, 0xE9, 0x23, 0xFF, 0x63, 0x84, 0xEE, 0x58, 0x30, 0x00},
    /* U+75EB */ {0x3F, 0xF2, 0x00, 0x6F, 0xE6, 0x12, 0x39, 0x27, 0xFE, 0xFB, 0xA3, 0xFA, 0x7D, 0x65, 0x92, 0x59, 0xE0, 0x00},
    /* U+75F0 */ {0x3F, 0xF2, 0x10, 0x6F, 0x66, 0xB4, 0x27, 0xC3, 0xD6, 0xEB, 0x22, 0xB6, 0x73, 0xC6, 0xEC, 0x58, 0x70, 0x00},
    /* U+75F1 */ {0x3F, 0xF6, 0x28, 0x62, 0x87, 0xEE, 0x22, 0x82, 0xEE, 0xE2, 0x82, 0x28, 0x7E, 0xF6, 0x28, 0x42, 0x80, 0x00},
    /* U+75F4 */ {0x3F, 0xF2, 0x80, 0x68, 0x06, 0xFE, 0x3C, 0xA3, 0x4A, 0xFF, 0xA2, 0x4A, 0x6E, 0xA4, 0xBE, 0x50, 0xA0, 0x00},
    /* U+75F9 */ {0x3F, 0xF2, 0x00, 0x6F, 0xE6, 0x92, 0x2F, 0xE2, 0xFE, 0xE0, 0x03, 0xFF, 0x24, 0xC6, 0xCC, 0x58, 0xC0, 0x00},
    /* U+75FC */ {0x3F, 0xF2, 0x00, 0x6F, 0xE6, 0x92, 0x2F, 0xE2, 0x92, 0xEF, 0xA2, 0xEA, 0x6B, 0xA4, 0xFE, 0x48, 0x20, 0x00},
    /* U+75FF */ {0x3F, 0xFA, 0x1C, 0x6F, 0x86, 0xFE, 0x27, 0xC7, 0xD6, 0xE2, 0x03, 0xFF, 0x6C, 0xC4, 0x7C, 0x5E, 0xE0, 0x00},
    /* U+7600 */ {0x3F, 0xFE, 0x04, 0x64, 0xC7, 0xEE, 0x29, 0xA2, 0xFB, 0xEA, 0x42, 0xA0, 0x7A, 0x85, 0x2C, 0x56, 0x60, 0x00},
    /* U+7601 */ {0x3F, 0xF2, 0x30, 0x7F, 0xE6, 0x44, 0x24, 0xC6, 0xFE, 0xE9, 0x23, 0xFF, 0x61, 0x04, 0x10, 0x41, 0x00, 0x00},
    /* U+7603 */ {0x3F, 0xFA, 0x00, 0xFF, 0xE6, 0x62, 0x3A, 0x66, 0xFC, 0xED, 0xC2, 0x7C, 0x6F, 0xA5, 0x9B, 0x43, 0x00, 0x00},
    /* U+7605 */ {0x3F, 0xF7, 0x4C, 0x76, 0x87, 0xFE, 0x39, 0x22, 0xFE, 0xEF, 0xE2, 0x10, 0x7F, 0xF6, 0x10, 0x41, 0x00, 0x00},
    /* U+760A */ {0x3F, 0xF2, 0x00, 0x6D, 0xE6, 0x86, 0x3B, 0xF7, 0xBE, 0xEA, 0x82, 0xFF, 0x69, 0xC4, 0xB6, 0x4E, 0x30, 0x00},
    /* U+760C */ {0x3F, 0xFA, 0x42, 0xFF, 0xA6, 0x4A, 0x3F, 0xA7, 0x5A, 0xFF, 0xA6, 0xEA, 0x7F, 0x25, 0x52, 0x44, 0x60, 0x00},
    /* U+7610 */ {0x3F, 0xF6, 0x10, 0x6F, 0xE6, 0x92, 0x2F, 0xE2, 0x92, 0xE9, 0x22, 0xFE, 0x63, 0x84, 0x6C, 0x58, 0x70, 0x00},
    /* U+7615 */ {0x3F, 0xF2, 0x00, 0x7F, 0xE7, 0xA2, 0x3F, 0xE3, 0x80, 0xFF, 0xE3, 0x8A, 0x7E, 0xC5, 0x8E, 0x59, 0x30, 0x00},
    /* U+7617 */ {0x3F, 0xF2, 0x10, 0x6F, 0xE6, 0x54, 0x3F, 0xE2, 0x78, 0xFD, 0xEF, 0x92, 0x6F, 0xE4, 0x10, 0x5F, 0xF0, 0x00},
    /* U+7618 */ {0x3F, 0xF2, 0x14, 0x6D, 0x47, 0xFE, 0x27, 0xC3, 0x96, 0xE2, 0x03, 0xFF, 0x6C, 0x84, 0x7C, 0x5E, 0x60, 0x00},
    /* U+7619 */ {0x3F, 0xF2, 0x00, 0xEF, 0xE6, 0x7C, 0x23, 0x83, 0xFE, 0xEF, 0xE2, 0x96, 0x6F, 0xE4, 0x14, 0x5F, 0xE0, 0x00},
    /* U+761B */ {0x3F, 0xFA, 0x40, 0x7F, 0xE6, 0x4A, 0x3E, 0xA7, 0xFA, 0xE5, 0x66, 0x74, 0x7D, 0x65, 0x4E, 0x47, 0x80, 0x00},
    /* U+761F */ {0x3F, 0xF2, 0x00, 0x6F, 0xC6, 0xFC, 0x28, 0x42, 0xFC, 0xE0, 0x02, 0xFE, 0x2A, 0xA6, 0xAA, 0x5F, 0xF0, 0x00},
    /* U+7620 */ {0x3F, 0xF2, 0x96, 0x6F, 0xC6, 0xFE, 0x24, 0x87, 0xFE, 0xF8, 0x62, 0xFC, 0x6F, 0xC4, 0x84, 0x49, 0xC0, 0x00},
    /* U+7622 */ {0x3F, 0xF2, 0x40, 0xEE, 0xE7, 0xAA, 0x3F, 0xB3, 0xA0, 0xFF, 0xE3, 0xEA, 0x76, 0xC5, 0x2E, 0x57, 0xB0, 0x00},
    /* U+7624 */ {0x3F, 0xF2, 0x60, 0x6D, 0xE6, 0xAA, 0x2F, 0xA6, 0x96, 0xEF, 0xE2, 0x92, 0x6F, 0xE4, 0x92, 0x4F, 0xE0, 0x00},
    /* U+7625 */ {0x3F, 0xF2, 0x44, 0x6F, 0xE6, 0x30, 0x2F, 0xE6, 0x20, 0xFF, 0xE2, 0x7E, 0x6D, 0x85, 0x98, 0x4F, 0xF0, 0x00},
    /* U+7626 */ {0x3F, 0xFE, 0x50, 0x7F, 0xE7, 0xFE, 0x29, 0x22, 0xFE, 0xE1, 0x03, 0xFE, 0x2C, 0xC6, 0x78, 0x5E, 0xE0, 0x00},
    /* U+7629 */ {0x3F, 0xF2, 0x44, 0x7F, 0xE6, 0x74, 0x27, 0x87, 0xCE, 0xF7, 0xE2, 0xFC, 0x68, 0x44, 0x84, 0x4F, 0xC0, 0x00},
    /* U+762A */ {0x3F, 0xFE, 0xFE, 0x68, 0x66, 0xFE, 0x2F, 0xE6, 0xFE, 0xE3, 0x03, 0xCE, 0x7F, 0xA4, 0xC6, 0x47, 0xC0, 0x00},
    /* U+762B */ {0x3F, 0xEE, 0x14, 0x7D, 0x46, 0x7E, 0x37, 0x47, 0xFE, 0xED, 0x42, 0xDE, 0x7F, 0x47, 0x1F, 0x41, 0x00, 0x00},
    /* U+762D */ {0x3F, 0xF2, 0x00, 0x6F, 0xE6, 0xFE, 0x2A, 0xA2, 0xFE, 0xEF, 0xE2, 0x00, 0x7F, 0xF4, 0xD6, 0x53, 0x20, 0x00},
    /* U+7630 */ {0x3F, 0xFA, 0x00, 0x6F, 0xE6, 0xFE, 0x2F, 0xE6, 0x68, 0xEF, 0x43, 0xFE, 0x6F, 0x24, 0xD6, 0x57, 0x20, 0x00},
    /* U+7633 */ {0x3F, 0xF2, 0x00, 0x7F, 0xE6, 0xAA, 0x2E, 0xE2, 0x38, 0xFF, 0xE3, 0xEA, 0x67, 0x44, 0xFC, 0x5E, 0x00, 0x00},
    /* U+7634 */ {0x3F, 0xFA, 0x10, 0x6F, 0xE7, 0xFF, 0x20, 0x06, 0xFE, 0xEF, 0xE2, 0xFE, 0x61, 0x05, 0xFF, 0x41, 0x00, 0x00},
    /* U+7635 */ {0x3F, 0xF6, 0x00, 0x6F, 0xE7, 0xAA, 0x3E, 0xC2, 0xFC, 0xF8, 0x33, 0xFE, 0x65, 0x44, 0x96, 0x57, 0x20, 0x00},
    /* U+7638 */ {0x3F, 0xFA, 0x40, 0x7F, 0xE6, 0xBA, 0x3E, 0xE3, 0x10, 0xFF, 0xE7, 0xBA, 0x7F, 0x65, 0xFA, 0x5C, 0x60, 0x00},
    /* U+763C */ {0x3F, 0xF2, 0x48, 0x7F, 0xE6, 0xFE, 0x28, 0x66, 0xFE, 0xEF, 0xE2, 0x30, 0x7F, 0xF4, 0x7C, 0x5C, 0x70, 0x00},
    /* U+763E */ {0x3F, 0xF2, 0x10, 0xFD, 0xE7, 0x64, 0x3F, 0xE7, 0xDE, 0xF4, 0x27, 0x7E, 0x7F, 0xE5, 0x77, 0x51, 0xC0, 0x00},
    /* U+763F */ {0x3F, 0xF2, 0x00, 0x6F, 0xE6, 0xFE, 0x2F, 0xE6, 0xEC, 0xFB, 0xA3, 0xFE, 0x64, 0xC4, 0x78, 0x5E, 0xE0, 0x00},
    /* U+7640 */ {0x3F, 0xF2, 0x48, 0x6F, 0xE6, 0x4C, 0x3F, 0xE2, 0xFE, 0xE9, 0x62, 0xFE, 0x6F, 0xE4, 0x6C, 0x58, 0x60, 0x00},
    /* U+7643 */ {0x3F, 0xFA, 0x08, 0xFD, 0xE7, 0x7C, 0x3D, 0xE7, 0x7F, 0xF7, 0x87, 0x7E, 0x7F, 0xE5, 0x08, 0xD3, 0xE0, 0x00},
    /* U+764C */ {0x3F, 0xF2, 0x00, 0x67, 0xC6, 0x7C, 0x20, 0x03, 0xFE, 0xFF, 0xE2, 0x00, 0x79, 0x25, 0x92, 0x4F, 0xE0, 0x00},
    /* U+764D */ {0x3F, 0xFA, 0x00, 0x7D, 0xE6, 0xBE, 0x29, 0xE3, 0xF6, 0xEB, 0xE2, 0x96, 0x7F, 0x65, 0x6F, 0x40, 0x00, 0x00},
    /* U+7654 */ {0x3F, 0xF2, 0x30, 0xEF, 0xE7, 0xFE, 0x2F, 0xC6, 0x84, 0xEF, 0xC6, 0xFC, 0x57, 0x45, 0x4E, 0xF7, 0xA0, 0x00},
    /* U+7656 */ {0x3F, 0xF2, 0x00, 0x6E, 0x46, 0xBF, 0x2E, 0xA7, 0x9F, 0xFE, 0x47, 0xA4, 0x7B, 0xF5, 0xE4, 0x48, 0x40, 0x00},
    /* U+765C */ {0x3F, 0xF2, 0x00, 0x7F, 0xE7, 0xFA, 0x3E, 0xB3, 0xF0, 0xF7, 0xE3, 0x6A, 0x7F, 0xC7, 0xEE, 0x49, 0xB0, 0x00},
    /* U+765E */ {0x3F, 0xF2, 0x48, 0x7E, 0xE6, 0x5E, 0x3F, 0xE7, 0x7E, 0xFF, 0xE6, 0xEE, 0x7F, 0xE5, 0x4E, 0x45, 0x30, 0x00},
    /* U+7663 */ {0x3F, 0xF2, 0x82, 0xEE, 0xA7, 0x5F, 0x3E, 0x47, 0x7E, 0xFE, 0x47, 0xE4, 0x61, 0xF5, 0xE4, 0xC0, 0x40, 0x00},
    /* U+766B */ {0x3F, 0xE2, 0x40, 0x7F, 0xF7, 0xFE, 0x33, 0x23, 0xF6, 0xFF, 0x63, 0xFE, 0x7F, 0xE5, 0xEE, 0x53, 0xB0, 0x00},
    /* U+766F */ {0x3F, 0xF2, 0x00, 0x7F, 0xE7, 0xFE, 0x3F, 0xE6, 0xFE, 0xFF, 0xE7, 0xFE, 0x6F, 0xC4, 0x90, 0x4F, 0xE0, 0x00},
    /* U+7678 */ {0x7F, 0xC6, 0x9A, 0x30, 0xE7, 0xFC, 0xE6, 0x70, 0x60, 0x7F, 0xE0, 0x70, 0x0D, 0x83, 0x8E, 0x60, 0x20, 0x00},
    /* U+767B */ {0x09, 0xA7, 0x9E, 0x3F, 0xC6, 0x06, 0xFF, 0xF3, 0x0C, 0x30, 0xC3, 0xFC, 0x19, 0x80, 0x90, 0x7F, 0xE0, 0x00},
    /* U+767D */ {0x04, 0x07, 0xFE, 0x60, 0x66, 0x06, 0x60, 0x67, 0xFE, 0x60, 0x66, 0x06, 0x60, 0x67, 0xFE, 0x60, 0x60, 0x00},
    /* U+767E */ {0x7F, 0xE0, 0x60, 0x04, 0x03, 0xFC, 0x20, 0x42, 0x04, 0x3F, 0xC2, 0x04, 0x20, 0x43, 0xFC, 0x20, 0x40, 0x00},
    /* U+7682 */ {0x3F, 0xC2, 0x04, 0x3F, 0xC2, 0x04, 0x3F, 0xC1, 0x80, 0x1F, 0xE7, 0xF8, 0x18, 0x21, 0x86, 0x0F, 0xC0, 0x00},
    /* U+7684 */ {0x33, 0x07, 0xBE, 0x4E, 0x24, 0xE2, 0x4D, 0x27, 0x92, 0x48, 0xA4, 0x8A, 0x48, 0x27, 0x86, 0x41, 0xC0, 0x00},
    /* U+7686 */ {0x3F, 0xE2, 0x38, 0x2F, 0x37, 0xFE, 0x04, 0x03, 0xFC, 0x20, 0x43, 0xFC, 0x20, 0x42, 0x04, 0x3F, 0xC0, 0x00},
    /* U+7687 */ {0x3F, 0xC2, 0x04, 0x3F, 0xC2, 0x04, 0x3F, 0xC0, 0x00, 0x7F, 0xE0, 0x60, 0x3F, 0xC0, 0x60, 0x7F, 0xE0, 0x00},
    /* U+7688 */ {0x27, 0xC7, 0xE0, 0x5E, 0x05, 0xFE, 0x7F, 0x25, 0xF6, 0x5D, 0x45, 0xDC, 0x7C, 0xC4, 0xDE, 0x0F, 0x30, 0x00},
    /* U+768B */ {0x3F, 0xC2, 0x04, 0x3F, 0xC3, 0xFC, 0x0C, 0x0F, 0xFF, 0x10, 0x86, 0x66, 0xFF, 0xF0, 0x60, 0x06, 0x00, 0x00},
    /* U+768E */ {0x21, 0x87, 0xFE, 0x52, 0x45, 0x66, 0x7E, 0x65, 0x2C, 0x53, 0xC5, 0x18, 0x71, 0x84, 0x6E, 0x0C, 0x20, 0x00},
    /* U+7691 */ {0x2D, 0xA7, 0xDA, 0x5F, 0xE5, 0x00, 0x7F, 0xE5, 0x02, 0x57, 0xE5, 0xC0, 0x7C, 0x04, 0x43, 0x07, 0xE0, 0x00},
    /* U+7693 */ {0x27, 0x87, 0x7E, 0x5D, 0x85, 0xD8, 0x7F, 0xF5, 0x00, 0x57, 0xE5, 0x42, 0x74, 0x24, 0x7E, 0x04, 0x20, 0x00},
    /* U+7696 */ {0x21, 0x87, 0xFF, 0x5C, 0x35, 0xBE, 0x78, 0x05, 0xFF, 0x5B, 0xC5, 0xBC, 0x7A, 0xD4, 0x6D, 0x0C, 0x70, 0x00},
    /* U+7699 */ {0xFE, 0x03, 0x20, 0x7B, 0xF7, 0xEC, 0xF4, 0xC1, 0x64, 0x3F, 0xC2, 0x04, 0x3F, 0xC2, 0x04, 0x3F, 0xC0, 0x00},
    /* U+76A4 */ {0x25, 0xE7, 0x7C, 0x5F, 0xE5, 0xBC, 0x77, 0xE5, 0xD3, 0x5F, 0xE5, 0x52, 0x77, 0xE4, 0x52, 0x07, 0xE0, 0x00},
    /* U+76AE */ {0x02, 0x03, 0xFE, 0x22, 0x62, 0x24, 0x7F, 0xC6, 0x84, 0x6C, 0xC6, 0x78, 0x47, 0x0D, 0xFC, 0xF8, 0x60, 0x00},
    /* U+76B1 */ {0x3C, 0x86, 0xBF, 0x4A, 0xAD, 0xA8, 0x7F, 0xE0, 0xF2, 0x7E, 0xE0, 0xEC, 0x0E, 0xC7, 0xFE, 0x0F, 0x30, 0x00},
    /* U+76B2 */ {0xFC, 0xC7, 0x7F, 0x7E, 0xA2, 0x28, 0x73, 0xE5, 0x32, 0x7F, 0x21, 0x2E, 0x7E, 0xC1, 0x7E, 0x15, 0x30, 0x00},
    /* U+76B4 */ {0x28, 0x87, 0xFF, 0x6E, 0xA6, 0xA8, 0x67, 0xE3, 0xB2, 0x4A, 0xE3, 0xAC, 0x3E, 0xC6, 0xDE, 0x47, 0x30, 0x00},
    /* U+76BF */ {0x7F, 0xE6, 0x96, 0x69, 0x66, 0x96, 0x69, 0x66, 0x96, 0x69, 0x66, 0x96, 0x69, 0x6F, 0xFF, 0x00, 0x00, 0x00},
    /* U+76C2 */ {0x3F, 0xC0, 0x60, 0x7F, 0xE0, 0x60, 0x06, 0x00, 0xC0, 0x00, 0x03, 0xFC, 0x29, 0x42, 0x94, 0xFF, 0xF0, 0x00},
    /* U+76C5 */ {0x7F, 0xE6, 0x66, 0x66, 0x67, 0xFE, 0x06, 0x00, 0x60, 0x3F, 0xC2, 0x94, 0x29, 0x42, 0x94, 0xFF, 0xF0, 0x00},
    /* U+76C6 */ {0x10, 0x83, 0x04, 0x7F, 0xF0, 0xC8, 0x18, 0x87, 0x38, 0x00, 0x03, 0xFC, 0x29, 0x42, 0x94, 0xFF, 0xF0, 0x00},
    /* U+76C8 */ {0x7F, 0x81, 0x08, 0x3F, 0xE3, 0xE2, 0x6E, 0x65, 0xBE, 0x40, 0x03, 0xFC, 0x29, 0x42, 0x94, 0xFF, 0xF0, 0x00},
    /* U+76CA */ {0x10, 0x81, 0x98, 0x7F, 0xE0, 0x90, 0x31, 0xC6, 0x06, 0x3F, 0xC2, 0x94, 0x29, 0x42, 0x94, 0xFF, 0xF0, 0x00},
    /* U+76CD */ {0x3F, 0xC0, 0x60, 0x7F, 0xE0, 0x88, 0x10, 0xC3, 0xFE, 0x3F, 0xC2, 0x94, 0x29, 0x42, 0x94, 0xFF, 0xF0, 0x00},
    /* U+76CE */ {0x3F, 0xC2, 0x64, 0x26, 0x47, 0xFE, 0x0F, 0x03, 0x9C, 0xFF, 0xF2, 0xB4, 0x2B, 0x42, 0xB4, 0xFF, 0xF0, 0x00},
    /* U+76CF */ {0x3F, 0xE7, 0xC0, 0x7F, 0xE6, 0x2C, 0x0F, 0xA7, 0x8E, 0x00, 0x03, 0xFC, 0x29, 0x42, 0x94, 0xFF, 0xF0, 0x00},
    /* U+76D0 */ {0x11, 0x07, 0xDC, 0x11, 0xE1, 0x12, 0x7D, 0x04, 0x10, 0x7F, 0xE6, 0x96, 0x69, 0x66, 0x96, 0xFF, 0xE0, 0x00},
    /* U+76D1 */ {0x69, 0x06, 0xBF, 0x6A, 0x06, 0xEC, 0x68, 0x60, 0x00, 0x3F, 0xC2, 0x94, 0x29, 0x42, 0x94, 0xFF, 0xF0, 0x00},
    /* U+76D2 */ {0x0F, 0x03, 0x9C, 0xFF, 0xF3, 0xFC, 0x30, 0xC3, 0xFC, 0x00, 0x03, 0xFC, 0x29, 0x42, 0x94, 0xFF, 0xF0, 0x00},
    /* U+76D4 */ {0x7F, 0xE3, 0x30, 0x2A, 0x46, 0xBC, 0xC7, 0x81, 0xCE, 0x30, 0x63, 0xFC, 0x29, 0x42, 0x94, 0xFF, 0xF0, 0x00},
    /* U+76D6 */ {0x19, 0x87, 0xFE, 0x06, 0x03, 0xFC, 0x7F, 0xE0, 0x00, 0x3F, 0xC2, 0x94, 0x29, 0x42, 0x94, 0xFF, 0xF0, 0x00},
    /* U+76D7 */ {0x77, 0xE0, 0x92, 0x0B, 0x63, 0x38, 0x66, 0xC5, 0xC6, 0x3F, 0xC2, 0x94, 0x29, 0x42, 0x94, 0xFF, 0xF0, 0x00},
    /* U+76D8 */ {0x3F, 0xC3, 0x44, 0x32, 0x4F, 0xFF, 0x26, 0x46, 0x3C, 0x3F, 0xC2, 0x94, 0x29, 0x42, 0x94, 0xFF, 0xF0, 0x00},
    /* U+76DB */ {0x7F, 0xE6, 0x34, 0x7F, 0xC6, 0xD8, 0x4F, 0xB5, 0xEE, 0xC0, 0x03, 0xFC, 0x29, 0x42, 0x94, 0xFF, 0xF0, 0x00},
    /* U+76DF */ {0x7A, 0x24, 0xBE, 0x7A, 0x24, 0xBE, 0x7E, 0x24, 0x4E, 0x3F, 0xC2, 0x94, 0x29, 0x42, 0x94, 0xFF, 0xF0, 0x00},
    /* U+76E5 */ {0x66, 0xE4, 0xF2, 0x7F, 0xE5, 0xF2, 0x76, 0xE4, 0x42, 0x3F, 0xC2, 0x94, 0x29, 0x42, 0x94, 0xFF, 0xF0, 0x00},
    /* U+76EE */ {0x3F, 0xC2, 0x04, 0x20, 0x43, 0xFC, 0x20, 0x42, 0x04, 0x3F, 0xC2, 0x04, 0x20, 0x43, 0xFC, 0x20, 0x40, 0x00},
    /* U+76EF */ {0x7F, 0xF5, 0x8C, 0x78, 0xC5, 0x8C, 0x58, 0xC7, 0x8C, 0x58, 0xC5, 0x8C, 0x78, 0xC4, 0x0C, 0x03, 0x80, 0x00},
    /* U+76F1 */ {0x7F, 0xE5, 0x98, 0x79, 0x85, 0x98, 0x5F, 0xF7, 0x98, 0x59, 0x85, 0x98, 0x79, 0x84, 0x18, 0x03, 0x80, 0x00},
    /* U+76F2 */ {0x7F, 0xE2, 0x00, 0x20, 0x03, 0xFE, 0x3F, 0xC2, 0x04, 0x3F, 0xC2, 0x04, 0x3F, 0xC2, 0x04, 0x3F, 0xC0, 0x00},
    /* U+76F4 */ {0x7F, 0xE0, 0x40, 0x3F, 0xC2, 0x04, 0x3F, 0xC2, 0x04, 0x3F, 0xC2, 0x04, 0x3F, 0xC2, 0x04, 0xFF, 0xF0, 0x00},
    /* U+76F8 */ {0x37, 0xE3, 0x62, 0xFE, 0x23, 0x7E, 0x36, 0x27, 0xE2, 0x7F, 0xEF, 0x62, 0x36, 0x23, 0x7E, 0x36, 0x20, 0x00},
    /* U+76F9 */ {0x5F, 0xF5, 0x10, 0x75, 0x25, 0xD2, 0x5D, 0x27, 0xD2, 0x5F, 0xE5, 0x7E, 0x71, 0x24, 0x1B, 0x01, 0xE0, 0x00},
    /* U+76FC */ {0x7A, 0x45, 0xA4, 0x7E, 0x65, 0xC3, 0x5F, 0xE7, 0xB6, 0x5B, 0x65, 0xA6, 0x7E, 0x64, 0x44, 0x09, 0xC0, 0x00},
    /* U+76FE */ {0x7F, 0x86, 0x30, 0x7F, 0xF6, 0x20, 0x7F, 0xE7, 0x86, 0x7F, 0xE7, 0x86, 0x7F, 0xE5, 0x86, 0xDF, 0xE0, 0x00},
    /* U+7701 */ {0x36, 0xC2, 0x6E, 0x67, 0xA0, 0xE0, 0x7F, 0xC3, 0x04, 0x3F, 0xC3, 0x04, 0x3F, 0xC3, 0xFC, 0x10, 0x40, 0x00},
    /* U+7704 */ {0x7F, 0xF5, 0x98, 0x7D, 0x85, 0xDE, 0x5D, 0xA7, 0xDA, 0x5F, 0xE5, 0x82, 0x70, 0x24, 0x06, 0x01, 0xE0, 0x00},
    /* U+7707 */ {0x79, 0x85, 0xBC, 0x7F, 0xA5, 0xFA, 0x5D, 0xB7, 0x9E, 0x59, 0xE5, 0x8C, 0x79, 0x84, 0x70, 0x0C, 0x00, 0x00},
    /* U+7708 */ {0x71, 0x85, 0x18, 0x7F, 0xF5, 0xDB, 0x51, 0x87, 0x18, 0x51, 0x85, 0x38, 0x72, 0x94, 0x4B, 0x08, 0xE0, 0x00},
    /* U+7709 */ {0x3F, 0xE2, 0x66, 0x3F, 0xE6, 0x00, 0x7F, 0xE7, 0x86, 0x7F, 0xE7, 0x86, 0x5F, 0xED, 0xFE, 0x18, 0x60, 0x00},
    /* U+770B */ {0x7F, 0x87, 0xFE, 0x08, 0x07, 0xFE, 0x18, 0x03, 0xFC, 0x7F, 0xCD, 0x04, 0x1F, 0xC1, 0x04, 0x1F, 0xC0, 0x00},
    /* U+770D */ {0x77, 0xE5, 0x40, 0x77, 0x65, 0x54, 0x54, 0xC7, 0x4C, 0x55, 0xC5, 0x76, 0x76, 0x24, 0x40, 0x07, 0xF0, 0x00},
    /* U+7719 */ {0x73, 0x05, 0x24, 0x76, 0x65, 0xFE, 0x5F, 0xF7, 0x00, 0x57, 0xE5, 0x46, 0x74, 0x64, 0x46, 0x47, 0xE0, 0x00},
    /* U+771A */ {0x3F, 0xE6, 0x20, 0x7F, 0xC7, 0xFE, 0x00, 0x03, 0xFC, 0x20, 0x43, 0xFC, 0x3F, 0xC2, 0x04, 0x3F, 0xC0, 0x00},
    /* U+771F */ {0x7F, 0xE0, 0x40, 0x3F, 0xC3, 0xFC, 0x30, 0xC3, 0xFC, 0x3F, 0xC2, 0x0C, 0xFF, 0xF1, 0x9C, 0x60, 0x60, 0x00},
    /* U+7720 */ {0x77, 0xE5, 0x42, 0x77, 0xE5, 0x48, 0x54, 0x87, 0x7F, 0x54, 0x85, 0x48, 0x74, 0xD4, 0x7F, 0x0E, 0x60, 0x00},
    /* U+7722 */ {0x3F, 0xE6, 0x76, 0xFF, 0xE1, 0xB3, 0x71, 0xE7, 0xFC, 0x20, 0x43, 0xFC, 0x3F, 0xC2, 0x04, 0x3F, 0xC0, 0x00},
    /* U+7726 */ {0x72, 0xC5, 0x2C, 0x7E, 0xF5, 0xFE, 0x5E, 0xC7, 0xEC, 0x5E, 0xC5, 0xEC, 0x7F, 0xD4, 0xFF, 0x0E, 0x60, 0x00},
    /* U+7728 */ {0x7F, 0xE5, 0x90, 0x79, 0x05, 0xFE, 0x58, 0x67, 0x8C, 0x58, 0x85, 0x90, 0x7E, 0x04, 0xF0, 0x09, 0xF0, 0x00},
    /* U+7729 */ {0x50, 0x85, 0xFF, 0x51, 0x07, 0x30, 0x56, 0x47, 0x7C, 0x51, 0x85, 0x34, 0x76, 0x64, 0x7E, 0x04, 0x20, 0x00},
    /* U+772D */ {0x71, 0x85, 0x7E, 0x71, 0x85, 0xFF, 0x50, 0x07, 0x18, 0x57, 0xE5, 0x7E, 0x71, 0x84, 0x18, 0x0F, 0xF0, 0x00},
    /* U+772F */ {0x75, 0xA5, 0x7E, 0x73, 0xC5, 0x18, 0x5F, 0xF7, 0x38, 0x53, 0xC5, 0x7C, 0x7D, 0xA4, 0x9B, 0x01, 0x80, 0x00},
    /* U+7735 */ {0x73, 0xE5, 0xE4, 0x73, 0xC5, 0x38, 0x5F, 0x87, 0x3F, 0x56, 0x25, 0xD6, 0x71, 0xC4, 0x38, 0x0E, 0x00, 0x00},
    /* U+7736 */ {0x7F, 0xE5, 0xC0, 0x7F, 0xE5, 0xC8, 0x5F, 0xE7, 0xC8, 0x5C, 0x85, 0xFE, 0x74, 0x04, 0x7F, 0x00, 0x00, 0x00},
    /* U+7737 */ {0x16, 0x87, 0xFE, 0x0C, 0x07, 0xFE, 0x30, 0xC7, 0xFE, 0x3F, 0xC3, 0x0C, 0x3F, 0xC3, 0x0C, 0x3F, 0xC0, 0x00},
    /* U+7738 */ {0x7B, 0x45, 0xFE, 0x7F, 0xA5, 0xA8, 0x5E, 0x87, 0xFE, 0x5C, 0x85, 0xFF, 0x70, 0x84, 0x08, 0x00, 0x80, 0x00},
    /* U+773A */ {0x72, 0x85, 0xEA, 0x76, 0xE5, 0x6C, 0x52, 0x87, 0x6E, 0x5E, 0xA5, 0xA8, 0x76, 0x94, 0xCB, 0x08, 0xE0, 0x00},
    /* U+773C */ {0x77, 0xE5, 0x42, 0x77, 0xE5, 0x42, 0x57, 0xE7, 0x5A, 0x54, 0xE5, 0x4C, 0x74, 0xC4, 0x76, 0x06, 0x20, 0x00},
    /* U+7740 */ {0x7F, 0xE0, 0x40, 0x3F, 0xC0, 0x80, 0x7F, 0xE1, 0xFC, 0x30, 0x47, 0xFC, 0xDF, 0xC1, 0x04, 0x1F, 0xC0, 0x00},
    /* U+7741 */ {0x77, 0xC5, 0x48, 0x7F, 0xE5, 0x12, 0x51, 0x27, 0xFF, 0x51, 0x25, 0x7E, 0x71, 0x24, 0x10, 0x07, 0x00, 0x00},
    /* U+7743 */ {0x73, 0x45, 0x7E, 0x72, 0x45, 0x66, 0x57, 0x37, 0x30, 0x57, 0xE5, 0xF4, 0x71, 0x84, 0x3C, 0x0E, 0x70, 0x00},
    /* U+7747 */ {0x72, 0x45, 0xFE, 0x71, 0xA5, 0x7E, 0x55, 0x87, 0xD8, 0x5F, 0xF5, 0x3B, 0x77, 0xA4, 0xDE, 0x01, 0x80, 0x00},
    /* U+7750 */ {0x7F, 0xE5, 0x50, 0x75, 0x45, 0x74, 0x51, 0x07, 0xFE, 0x53, 0x85, 0x7C, 0x7D, 0x64, 0x93, 0x01, 0x00, 0x00},
    /* U+7751 */ {0x73, 0x85, 0x2C, 0x7C, 0x65, 0xFF, 0x50, 0x07, 0x52, 0x55, 0x65, 0x54, 0x70, 0x44, 0x08, 0x0F, 0xE0, 0x00},
    /* U+775A */ {0x7C, 0x05, 0xC8, 0x7F, 0xE5, 0xC8, 0x5F, 0xF7, 0xC0, 0x5C, 0x85, 0xFE, 0x7C, 0x84, 0x88, 0x0F, 0xF0, 0x00},
    /* U+775B */ {0x77, 0xE5, 0x7E, 0x71, 0x05, 0xFF, 0x50, 0x07, 0x7E, 0x54, 0x65, 0x7E, 0x77, 0xE4, 0x46, 0x04, 0xE0, 0x00},
    /* U+7761 */ {0x77, 0xC5, 0x18, 0x7F, 0xE5, 0x5C, 0x55, 0xC7, 0xFF, 0x55, 0xC5, 0xFE, 0x71, 0x84, 0x18, 0x07, 0xE0, 0x00},
    /* U+7762 */ {0x7A, 0xC5, 0xE0, 0x7F, 0xE5, 0xE8, 0x5F, 0xE7, 0xE8, 0x5E, 0x85, 0xFE, 0x7E, 0x84, 0x7F, 0x06, 0x00, 0x00},
    /* U+7763 */ {0x1F, 0xE7, 0xF4, 0x59, 0xC5, 0x5C, 0x53, 0x63, 0xFC, 0x20, 0x43, 0xFC, 0x3F, 0xC2, 0x04, 0x3F, 0xC0, 0x00},
    /* U+7765 */ {0x77, 0xE5, 0x5A, 0x77, 0xE5, 0x5A, 0x57, 0xE7, 0x34, 0x56, 0xC5, 0xFF, 0x70, 0xC4, 0x0C, 0x00, 0xC0, 0x00},
    /* U+7766 */ {0x77, 0xE5, 0x10, 0x71, 0x05, 0xFF, 0x56, 0x67, 0xC2, 0x51, 0x05, 0x7E, 0x71, 0x04, 0x10, 0x0F, 0xF0, 0x00},
    /* U+7768 */ {0x76, 0xE5, 0x42, 0x77, 0xE5, 0x42, 0x54, 0x27, 0x7E, 0x53, 0x85, 0x28, 0x72, 0x84, 0x6B, 0x0C, 0xE0, 0x00},
    /* U+776B */ {0x7F, 0xE5, 0x10, 0x77, 0xE5, 0xFF, 0x51, 0x27, 0x7E, 0x55, 0x05, 0x5E, 0x77, 0x04, 0xF8, 0x09, 0xF0, 0x00},
    /* U+776C */ {0x77, 0xE5, 0x52, 0x75, 0xE5, 0x54, 0x51, 0x87, 0xFF, 0x53, 0x85, 0x3C, 0x75, 0xE4, 0xDB, 0x01, 0x80, 0x00},
    /* U+7779 */ {0x71, 0x25, 0x7E, 0x71, 0x45, 0xFF, 0x53, 0x07, 0xFE, 0x5E, 0x25, 0x3E, 0x72, 0x24, 0x22, 0x03, 0xE0, 0x00},
    /* U+777D */ {0x73, 0xC5, 0xEE, 0x76, 0x65, 0x46, 0x5F, 0xF7, 0x10, 0x5F, 0xE5, 0x18, 0x73, 0xC4, 0x66, 0x0C, 0x20, 0x00},
    /* U+777E */ {0x7F, 0xE6, 0x96, 0x7F, 0xE3, 0xFC, 0x06, 0x0F, 0xFF, 0x19, 0x87, 0xFE, 0x7F, 0xE0, 0x60, 0x06, 0x00, 0x00},
    /* U+777F */ {0x06, 0x07, 0xFE, 0x7F, 0xE3, 0x6C, 0x6F, 0x67, 0xFE, 0xF0, 0xF3, 0xFC, 0x3F, 0xC3, 0x0C, 0x3F, 0xC0, 0x00},
    /* U+7780 */ {0x3F, 0xF7, 0xF6, 0x3D, 0xC7, 0x9C, 0x33, 0x63, 0xFC, 0x20, 0x43, 0xFC, 0x3F, 0xC3, 0xFC, 0x20, 0x40, 0x00},
    /* U+7784 */ {0x72, 0x45, 0xFF, 0x72, 0x45, 0x24, 0x57, 0xE7, 0x52, 0x55, 0x25, 0x7E, 0x75, 0x24, 0x7E, 0x04, 0x20, 0x00},
    /* U+7785 */ {0x7E, 0x45, 0x44, 0x75, 0xF5, 0xFE, 0x57, 0xE7, 0x7E, 0x5E, 0xC5, 0xCE, 0x7C, 0xA4, 0x5A, 0x05, 0x10, 0x00},
    /* U+778C */ {0x77, 0xE5, 0x10, 0x7F, 0xE5, 0x64, 0x5C, 0x67, 0xFE, 0x5F, 0xE5, 0xAA, 0x7A, 0xA4, 0xAA, 0x1F, 0xF0, 0x00},
    /* U+778D */ {0x77, 0xE5, 0xD2, 0x7F, 0xE5, 0xD2, 0x5F, 0xE7, 0x10, 0x5F, 0xE5, 0x66, 0x73, 0xC4, 0x7C, 0x0E, 0x60, 0x00},
    /* U+778E */ {0x7F, 0xE5, 0xD3, 0x7F, 0xE5, 0x18, 0x57, 0xE7, 0xFE, 0x51, 0x85, 0x7E, 0x74, 0x24, 0x42, 0x07, 0xE0, 0x00},
    /* U+7791 */ {0x7F, 0xF5, 0xC3, 0x77, 0xE5, 0x7E, 0x54, 0x27, 0x7E, 0x51, 0x05, 0xFF, 0x72, 0x44, 0x66, 0x08, 0x30, 0x00},
    /* U+7792 */ {0x7F, 0xF5, 0x24, 0x7F, 0xE5, 0x28, 0x5F, 0xE7, 0xEA, 0x5E, 0xA5, 0xFE, 0x7F, 0xE4, 0xC2, 0x0C, 0x60, 0x00},
    /* U+779F */ {0x72, 0x85, 0x7E, 0x7E, 0xA5, 0xEA, 0x5F, 0xE7, 0x7E, 0x50, 0x05, 0xFF, 0x75, 0xC4, 0xDA, 0x0B, 0x00, 0x00},
    /* U+77A0 */ {0x77, 0xE5, 0x1C, 0x7F, 0xE5, 0xFE, 0x54, 0x47, 0x7C, 0x51, 0x85, 0x7E, 0x71, 0x84, 0x18, 0x0F, 0xF0, 0x00},
    /* U+77A2 */ {0x7F, 0xE3, 0xFC, 0x69, 0x63, 0xFC, 0x7F, 0xE7, 0xFE, 0x30, 0xC3, 0xFC, 0x3F, 0xC3, 0x0C, 0x3F, 0xC0, 0x00},
    /* U+77A5 */ {0x5D, 0xE7, 0xF6, 0x7F, 0xC7, 0xDC, 0x5F, 0x63, 0xFC, 0x20, 0x43, 0xFC, 0x3F, 0xC2, 0x04, 0x3F, 0xC0, 0x00},
    /* U+77A7 */ {0x76, 0x85, 0x7F, 0x5C, 0x87, 0xFE, 0x54, 0x87, 0x7E, 0x54, 0x85, 0x7F, 0x74, 0xA4, 0x7A, 0x09, 0x70, 0x00},
    /* U+77A9 */ {0x7F, 0xE5, 0xC2, 0x7F, 0xE5, 0xFC, 0x5F, 0xE7, 0xFE, 0x5C, 0x85, 0xFF, 0x7E, 0xF5, 0xFF, 0x16, 0x60, 0x00},
    /* U+77AA */ {0x72, 0xC5, 0xEE, 0x76, 0x65, 0x7E, 0x5F, 0xF7, 0x46, 0x57, 0xE5, 0x04, 0x76, 0xC4, 0x28, 0x0F, 0xF0, 0x00},
    /* U+77AC */ {0x7F, 0xE5, 0x56, 0x7F, 0xE5, 0x83, 0x5C, 0x67, 0x7E, 0x5B, 0xC5, 0xFC, 0x77, 0xE4, 0xC4, 0x08, 0x40, 0x00},
    /* U+77B0 */ {0x7F, 0xC5, 0x2C, 0x7F, 0xF5, 0xBA, 0x5F, 0xA7, 0xBE, 0x5F, 0x65, 0xB6, 0x7F, 0x64, 0xFE, 0x03, 0x90, 0x00},
    /* U+77B3 */ {0x7F, 0xE5, 0x64, 0x7F, 0xF5, 0x7C, 0x57, 0xE7, 0x7E, 0x57, 0xE5, 0x18, 0x7F, 0xE4, 0x10, 0x0F, 0xF0, 0x00},
    /* U+77B5 */ {0x77, 0x45, 0xFE, 0x73, 0xC5, 0xF6, 0x51, 0x27, 0x4E, 0x5F, 0xC5, 0xFC, 0x77, 0xF4, 0x44, 0x08, 0x40, 0x00},
    /* U+77BB */ {0x57, 0xC5, 0xFF, 0x5D, 0x47, 0xE2, 0x5F, 0xE7, 0xFC, 0x5F, 0xE5, 0xFE, 0x7B, 0xE4, 0xA2, 0x0B, 0xE0, 0x00},
    /* U+77BD */ {0x13, 0xE7, 0xFE, 0x7D, 0x67, 0xDC, 0x7F, 0xE7, 0xFC, 0x20, 0x43, 0xFC, 0x3F, 0xC2, 0x04, 0x3F, 0xC0, 0x00},
    /* U+77BF */ {0x6F, 0x67, 0xFE, 0x7F, 0xE7, 0xFE, 0x12, 0x03, 0xFE, 0x7F, 0xE2, 0x20, 0x3F, 0xE2, 0x20, 0x3F, 0xE0, 0x00},
    /* U+77CD */ {0x7F, 0xE7, 0xFE, 0x3F, 0xE3, 0xFE, 0xFF, 0xC3, 0xFC, 0x3F, 0xC3, 0xFE, 0x7F, 0xC0, 0xF8, 0x7F, 0xE0, 0x00},
    /* U+77D7 */ {0x3F, 0xC3, 0xFC, 0x3F, 0xC3, 0xFC, 0x7F, 0xE7, 0xFE, 0x79, 0xE7, 0xFE, 0x7F, 0xE7, 0xFE, 0xFF, 0xF0, 0x00},
    /* U+77DB */ {0x3F, 0xC0, 0x18, 0x1F, 0x00, 0x70, 0xFF, 0xE0, 0xE6, 0x1E, 0xC3, 0x28, 0x62, 0x00, 0x20, 0x0E, 0x00, 0x00},
    /* U+77DC */ {0x79, 0x81, 0x9C, 0x33, 0x6F, 0xCA, 0x38, 0x83, 0xBE, 0x70, 0x67, 0x04, 0xF0, 0xC3, 0x08, 0x70, 0x80, 0x00},
    /* U+77E2 */ {0x30, 0x03, 0xFE, 0x66, 0x04, 0x60, 0x06, 0x0F, 0xFF, 0x06, 0x00, 0xF0, 0x19, 0x83, 0x0C, 0xE0, 0x70, 0x00},
    /* U+77E3 */ {0x19, 0x83, 0xFC, 0x3F, 0x63, 0x00, 0x3F, 0xE6, 0x60, 0x46, 0x0F, 0xFF, 0x0F, 0x03, 0x9C, 0x60, 0xE0, 0x00},
    /* U+77E5 */ {0x63, 0xE7, 0xF2, 0xD3, 0x21, 0x32, 0xFF, 0x21, 0x32, 0x33, 0x23, 0xB2, 0x2F, 0x26, 0x7E, 0xC3, 0x20, 0x00},
    /* U+77E7 */ {0x60, 0xA7, 0x8A, 0xF7, 0xA3, 0x42, 0xFC, 0x22, 0x42, 0x37, 0xA3, 0x0A, 0x69, 0xA4, 0x9A, 0x03, 0x20, 0x00},
    /* U+77E9 */ {0x63, 0xE7, 0xE0, 0xD3, 0xE1, 0x22, 0x7E, 0x23, 0x22, 0x33, 0xE3, 0xA0, 0x6E, 0x0C, 0x3F, 0x00, 0x00, 0x00},
    /* U+77EB */ {0x7F, 0xC7, 0x10, 0xF7, 0xF3, 0x34, 0xFA, 0x62, 0x67, 0x33, 0x43, 0x34, 0x6A, 0x4C, 0x64, 0x04, 0x40, 0x00},
    /* U+77EC */ {0x63, 0xE7, 0xFE, 0xF7, 0xC3, 0x7E, 0x7F, 0xF2, 0x99, 0x31, 0x83, 0x7E, 0x79, 0x84, 0x18, 0x8F, 0xF0, 0x00},
    /* U+77ED */ {0x47, 0xF7, 0x80, 0x77, 0xE3, 0x62, 0xFE, 0x23, 0x7E, 0x32, 0x03, 0xA6, 0x6B, 0x44, 0x14, 0x47, 0xF0, 0x00},
    /* U+77EE */ {0x67, 0xE7, 0x98, 0x77, 0xFB, 0x3E, 0xFD, 0xB2, 0x10, 0x37, 0xF3, 0x24, 0x6B, 0xCC, 0x3E, 0x06, 0x20, 0x00},
    /* U+77F3 */ {0x7F, 0xE0, 0x80, 0x18, 0x01, 0x00, 0x3F, 0xE7, 0x06, 0x50, 0x6D, 0x06, 0x10, 0x61, 0xFE, 0x10, 0x60, 0x00},
    /* U+77F6 */ {0xFB, 0xC2, 0x24, 0x62, 0x46, 0x24, 0x7A, 0x4C, 0xA4, 0x4A, 0x44, 0xE4, 0x7E, 0x54, 0x47, 0x4C, 0x60, 0x00},
    /* U+77F8 */ {0xFF, 0xE2, 0x08, 0x60, 0x86, 0x08, 0x7F, 0xFC, 0x88, 0x48, 0x84, 0x88, 0x78, 0x84, 0x08, 0x00, 0x80, 0x00},
    /* U+77FD */ {0x21, 0x02, 0x3E, 0x63, 0x26, 0x22, 0x7F, 0x6C, 0xDC, 0x48, 0xC4, 0x88, 0x79, 0x04, 0x70, 0x04, 0x00, 0x00},
    /* U+77FE */ {0xFE, 0x42, 0x24, 0x62, 0x46, 0x34, 0x7B, 0x4C, 0xEC, 0xCE, 0xC4, 0xE4, 0x7C, 0x54, 0xC7, 0x48, 0x70, 0x00},
    /* U+77FF */ {0x20, 0x82, 0x7F, 0x66, 0x06, 0x60, 0x7E, 0x0C, 0xE0, 0x4E, 0x04, 0xE0, 0x7C, 0x04, 0xC0, 0x0C, 0x00, 0x00},
    /* U+7800 */ {0xFF, 0xE2, 0x0C, 0x63, 0x07, 0xFE, 0x7B, 0xEF, 0xAA, 0xFF, 0xA7, 0xD2, 0x7B, 0x26, 0x66, 0x04, 0xC0, 0x00},
    /* U+7801 */ {0xFF, 0xC2, 0x04, 0x62, 0x47, 0xE4, 0x5E, 0x4D, 0xFE, 0xD8, 0x25, 0xFE, 0x78, 0x27, 0x06, 0x00, 0xC0, 0x00},
    /* U+7802 */ {0xF9, 0x82, 0x3C, 0x23, 0xE6, 0x7A, 0x7D, 0xBE, 0xDA, 0x69, 0xE6, 0x8C, 0x79, 0x86, 0x70, 0x04, 0x00, 0x00},
    /* U+7809 */ {0x7F, 0xE0, 0x60, 0x3F, 0xC7, 0xFE, 0x06, 0x07, 0xFE, 0x18, 0x03, 0xFC, 0x70, 0x6D, 0x06, 0x1F, 0xE0, 0x00},
    /* U+780C */ {0xF5, 0xE6, 0x4A, 0x67, 0xA4, 0xCA, 0x74, 0xAD, 0x4A, 0xD7, 0xA5, 0x7A, 0x71, 0x24, 0x32, 0x42, 0xE0, 0x00},
    /* U+780D */ {0x22, 0x02, 0x3F, 0x66, 0x26, 0x52, 0x7D, 0xAE, 0x98, 0x69, 0x86, 0x9C, 0x7B, 0x46, 0x66, 0x04, 0x30, 0x00},
    /* U+7811 */ {0xFF, 0xE2, 0x24, 0x66, 0x46, 0x64, 0x7F, 0xFD, 0x8C, 0x59, 0xC5, 0xB4, 0x7E, 0x44, 0x44, 0x01, 0xC0, 0x00},
    /* U+7812 */ {0xFC, 0x82, 0x48, 0x64, 0xA6, 0x7E, 0x7C, 0x8D, 0xC8, 0x5C, 0x85, 0xC8, 0x7F, 0xB4, 0x6B, 0x04, 0xE0, 0x00},
    /* U+7814 */ {0xFF, 0xE2, 0x34, 0x63, 0x46, 0x34, 0x7F, 0xFC, 0xB4, 0x4A, 0x44, 0xA4, 0x7A, 0x44, 0x64, 0x04, 0x40, 0x00},
    /* U+7816 */ {0xFF, 0xE2, 0x10, 0x63, 0x06, 0xFF, 0x5A, 0x0D, 0xFE, 0x58, 0x45, 0xAC, 0x7B, 0x84, 0x1C, 0x00, 0xC0, 0x00},
    /* U+7817 */ {0xF9, 0x02, 0x7F, 0x62, 0x86, 0x28, 0x77, 0xED, 0x08, 0x50, 0x85, 0x08, 0x7F, 0xF4, 0x08, 0x00, 0x80, 0x00},
    /* U+7818 */ {0x21, 0x82, 0x7F, 0x61, 0x86, 0x5A, 0x7D, 0xAD, 0xDA, 0x5F, 0xE5, 0x9A, 0x79, 0x94, 0x1B, 0x00, 0xE0, 0x00},
    /* U+781A */ {0xFF, 0xE2, 0x62, 0x67, 0xA6, 0x7A, 0x7F, 0xAD, 0xFA, 0x59, 0x85, 0x98, 0x7B, 0xB4, 0x6B, 0x4C, 0xE0, 0x00},
    /* U+781C */ {0xFF, 0xE2, 0x46, 0x66, 0xE6, 0x7E, 0x75, 0xED, 0x5E, 0x55, 0xE5, 0xFE, 0x7E, 0xF4, 0xE3, 0x08, 0x20, 0x00},
    /* U+781D */ {0x21, 0x82, 0x7E, 0x61, 0x86, 0x18, 0x79, 0x8D, 0xFF, 0xD9, 0x05, 0xB4, 0x7A, 0x64, 0x7E, 0x06, 0x30, 0x00},
    /* U+781F */ {0x22, 0x02, 0x7F, 0x6D, 0x06, 0x10, 0x79, 0xEE, 0x90, 0x69, 0x06, 0x9F, 0x69, 0x07, 0x90, 0x41, 0x00, 0x00},
    /* U+7823 */ {0x21, 0x82, 0x7F, 0x64, 0x36, 0x60, 0x7A, 0x6D, 0xBC, 0x5B, 0x05, 0xA0, 0x7A, 0x34, 0x23, 0x43, 0xE0, 0x00},
    /* U+7825 */ {0xFB, 0xE2, 0x68, 0x64, 0x86, 0x48, 0x7F, 0xFD, 0xC8, 0x5C, 0xC5, 0xCC, 0x7D, 0xD4, 0x7F, 0x06, 0xA0, 0x00},
    /* U+7826 */ {0x5F, 0xC5, 0x30, 0x53, 0x2F, 0xFE, 0x00, 0x0F, 0xFE, 0x18, 0x03, 0xFE, 0x70, 0x65, 0x06, 0x1F, 0xE0, 0x00},
    /* U+7827 */ {0xF9, 0x82, 0x18, 0x61, 0xF6, 0x18, 0x79, 0x8E, 0xFE, 0x6E, 0x26, 0xE2, 0x7E, 0x26, 0x7E, 0x06, 0x20, 0x00},
    /* U+7829 */ {0xFB, 0xC6, 0x7E, 0x63, 0xE4, 0x7E, 0x7F, 0xC5, 0xFC, 0xDF, 0xF5, 0x2F, 0x72, 0xF4, 0x4E, 0x0C, 0xC0, 0x00},
    /* U+782C */ {0x21, 0x82, 0x7E, 0x60, 0x06, 0x26, 0x7A, 0x4D, 0xA4, 0x5A, 0x45, 0xB4, 0x7A, 0xC4, 0xFF, 0x00, 0x00, 0x00},
    /* U+782D */ {0xFF, 0xE2, 0x10, 0x61, 0x86, 0x7E, 0x78, 0x6D, 0x8C, 0x58, 0x85, 0x90, 0x7E, 0x04, 0xF0, 0x09, 0xF0, 0x00},
    /* U+7830 */ {0xFF, 0xE2, 0x5A, 0x67, 0xE7, 0xBE, 0xD9, 0x8D, 0xFF, 0x59, 0x85, 0x98, 0x79, 0x84, 0x18, 0x01, 0x80, 0x00},
    /* U+7834 */ {0x21, 0x82, 0x7E, 0x65, 0xA6, 0x5A, 0x7F, 0xED, 0xE6, 0x5F, 0x45, 0xDC, 0x7D, 0xC4, 0xF6, 0x0E, 0x20, 0x00},
    /* U+7837 */ {0x20, 0x82, 0x7E, 0x64, 0xA6, 0x4A, 0x7F, 0xED, 0xCA, 0x5F, 0xE5, 0xCA, 0x78, 0x84, 0x08, 0x00, 0x80, 0x00},
    /* U+7838 */ {0xFF, 0xF2, 0x48, 0x64, 0x86, 0x7E, 0x7E, 0xAD, 0xEA, 0xDE, 0xA5, 0xEE, 0x7C, 0x84, 0x40, 0x47, 0xF0, 0x00},
    /* U+7839 */ {0xFA, 0x42, 0xFF, 0x62, 0x46, 0x24, 0x7E, 0x4D, 0xA4, 0x5B, 0x85, 0x98, 0x7B, 0xC4, 0xE6, 0x08, 0x20, 0x00},
    /* U+783A */ {0xFF, 0xF2, 0x60, 0x67, 0xF7, 0x78, 0x7F, 0x87, 0xDE, 0xFD, 0xA7, 0xD2, 0x7D, 0x26, 0xF2, 0x0A, 0xE0, 0x00},
    /* U+783B */ {0x7F, 0xE1, 0xA4, 0x13, 0xC3, 0x72, 0x6F, 0xEF, 0xFF, 0x18, 0x03, 0xFE, 0x70, 0x65, 0x06, 0x1F, 0xE0, 0x00},
    /* U+783C */ {0xF9, 0x82, 0x3C, 0x66, 0x66, 0xC3, 0x7F, 0xED, 0x98, 0x59, 0x85, 0x98, 0x79, 0x84, 0xFF, 0x00, 0x00, 0x00},
    /* U+783E */ {0xFF, 0xC2, 0x48, 0x64, 0x86, 0x48, 0x7F, 0xFD, 0x88, 0x5A, 0xE5, 0xEA, 0x7C, 0xA4, 0x4B, 0x43, 0x80, 0x00},
    /* U+7840 */ {0xFD, 0xA2, 0x5A, 0x65, 0xA6, 0x5A, 0x7F, 0xED, 0xDA, 0xDD, 0xA5, 0xDA, 0x7D, 0xA4, 0x7E, 0x00, 0x20, 0x00},
    /* U+7845 */ {0xF8, 0x82, 0x7E, 0x60, 0x86, 0x08, 0x7F, 0xFC, 0x88, 0x4F, 0xE4, 0x98, 0x79, 0x84, 0x18, 0x4F, 0xF0, 0x00},
    /* U+7847 */ {0x21, 0x02, 0x7E, 0x64, 0x66, 0x4E, 0x7F, 0xA5, 0xDA, 0xDD, 0xE5, 0xD6, 0x7E, 0x24, 0x62, 0x47, 0xE0, 0x00},
    /* U+784C */ {0xFB, 0xE2, 0x24, 0x27, 0xC6, 0x58, 0x79, 0xC6, 0xE7, 0xEF, 0xE6, 0xA2, 0x7A, 0x26, 0x3E, 0x02, 0x20, 0x00},
    /* U+784E */ {0xFF, 0x22, 0x5E, 0x65, 0xE4, 0x5E, 0x7F, 0xED, 0x5E, 0x55, 0xE5, 0x56, 0x7D, 0x24, 0xD2, 0x09, 0x60, 0x00},
    /* U+7850 */ {0xFF, 0xE2, 0x42, 0x67, 0xE6, 0x42, 0x7F, 0xED, 0xF6, 0xDF, 0x65, 0xFE, 0x7C, 0x27, 0x42, 0x04, 0x60, 0x00},
    /* U+7852 */ {0xFF, 0xF2, 0x38, 0x67, 0xE6, 0x5A, 0x77, 0xAD, 0x6A, 0xD6, 0xE5, 0x42, 0x74, 0x24, 0x7E, 0x04, 0x20, 0x00},
    /* U+7855 */ {0xFF, 0xE2, 0x18, 0x67, 0xE6, 0x62, 0x7E, 0xAC, 0xEA, 0x4F, 0xA4, 0xFA, 0x79, 0xC4, 0x76, 0x04, 0x20, 0x00},
    /* U+7856 */ {0x21, 0x82, 0x7E, 0x65, 0xA7, 0x3C, 0x51, 0xCD, 0xFF, 0x51, 0x85, 0x3C, 0x72, 0x44, 0x66, 0x0C, 0x30, 0x00},
    /* U+7857 */ {0xFB, 0x62, 0x7E, 0x61, 0x46, 0x3A, 0x7E, 0xED, 0x80, 0x5F, 0xE5, 0xBC, 0x7A, 0xC4, 0x6F, 0x0C, 0x60, 0x00},
    /* U+785D */ {0xFF, 0xA2, 0x3E, 0x63, 0xC6, 0x7E, 0x7E, 0x2D, 0xFE, 0x5E, 0x25, 0xFE, 0x7E, 0x24, 0x62, 0x06, 0xE0, 0x00},
    /* U+786A */ {0xFF, 0xE2, 0x2A, 0x62, 0x86, 0xFF, 0x72, 0xED, 0x3E, 0x5F, 0x65, 0xA4, 0x72, 0xD4, 0x3F, 0x47, 0x20, 0x00},
    /* U+786B */ {0xFF, 0xE2, 0x30, 0x62, 0x46, 0x66, 0x7F, 0xED, 0xF4, 0x5F, 0xC5, 0xFC, 0x7D, 0xD4, 0xDF, 0x08, 0x60, 0x00},
    /* U+786C */ {0xFF, 0xF2, 0x18, 0x67, 0xE6, 0x5A, 0x7F, 0xEC, 0xDA, 0x4F, 0xE4, 0xD8, 0x7B, 0x04, 0x38, 0x0C, 0xF0, 0x00},
    /* U+786D */ {0xFA, 0x42, 0x7F, 0x62, 0x46, 0x18, 0x78, 0x8D, 0xFF, 0xDA, 0x05, 0xA0, 0x7A, 0x04, 0x3E, 0x00, 0x00, 0x00},
    /* U+786E */ {0xFB, 0xC2, 0x6C, 0x6F, 0xE6, 0xDA, 0x7D, 0xAD, 0xFE, 0xDD, 0xA5, 0xFE, 0x7D, 0xA7, 0xDA, 0x08, 0xE0, 0x00},
    /* U+7877 */ {0xF9, 0x82, 0x2C, 0x66, 0x66, 0xFF, 0x78, 0x0D, 0xD2, 0xDD, 0xE5, 0xEC, 0x78, 0x44, 0xFF, 0x00, 0x00, 0x00},
    /* U+787C */ {0xFF, 0xA6, 0xFA, 0x6F, 0xE4, 0xFA, 0x7F, 0xAD, 0xFA, 0xDF, 0xE5, 0xBA, 0x7B, 0xA4, 0xBA, 0x1F, 0x60, 0x00},
    /* U+7887 */ {0xF9, 0x82, 0x7E, 0x60, 0x06, 0x7E, 0x79, 0x8D, 0xD8, 0x5D, 0xE5, 0xF8, 0x7F, 0x84, 0xF8, 0x49, 0xF0, 0x00},
    /* U+7889 */ {0xFF, 0xE2, 0x4A, 0x67, 0xE6, 0x4A, 0x7F, 0xED, 0xC2, 0x5F, 0xE5, 0xF6, 0x7F, 0xE4, 0xA2, 0x08, 0x60, 0x00},
    /* U+788C */ {0x20, 0x66, 0x7E, 0x60, 0x67, 0xFF, 0x59, 0x8D, 0xFA, 0xDB, 0xC5, 0xBC, 0x7F, 0xE4, 0x5B, 0x03, 0x80, 0x00},
    /* U+788D */ {0xFE, 0x22, 0x7E, 0x66, 0x26, 0x3E, 0x7F, 0xFE, 0x84, 0x6F, 0xF6, 0xA4, 0x7B, 0x46, 0x14, 0x40, 0xC0, 0x00},
    /* U+788E */ {0xFF, 0xE2, 0x24, 0x62, 0x46, 0x2C, 0x7F, 0xED, 0xCA, 0x5F, 0xF5, 0x98, 0x79, 0x84, 0x18, 0x01, 0x80, 0x00},
    /* U+7891 */ {0xFF, 0xE2, 0x4A, 0x67, 0xE6, 0x5A, 0x7F, 0xE5, 0x94, 0xDA, 0xC5, 0xFF, 0x78, 0xC4, 0x0C, 0x00, 0x40, 0x00},
    /* U+7893 */ {0x22, 0xC2, 0x7E, 0x66, 0x86, 0xE8, 0x7F, 0xED, 0xE8, 0x5F, 0xE5, 0xE8, 0x7E, 0x84, 0x7F, 0x06, 0x00, 0x00},
    /* U+7897 */ {0xFF, 0xE2, 0xC3, 0x64, 0x06, 0x7E, 0x75, 0xAD, 0xFA, 0x5F, 0xA5, 0x2E, 0x76, 0x87, 0xCB, 0x08, 0xE0, 0x00},
    /* U+7898 */ {0xFB, 0x82, 0x7E, 0x65, 0xA4, 0x5A, 0x77, 0xED, 0x5A, 0xD5, 0xA5, 0xFF, 0x52, 0x47, 0x66, 0x44, 0x20, 0x00},
    /* U+789A */ {0xFF, 0xE2, 0x00, 0x62, 0x66, 0x24, 0x7F, 0xFD, 0x80, 0x5F, 0xE5, 0xE2, 0x7E, 0x24, 0x7E, 0x06, 0x20, 0x00},
    /* U+789B */ {0xFF, 0xE2, 0x18, 0x67, 0xE6, 0xFF, 0x70, 0x0D, 0x7E, 0x55, 0xA5, 0x5A, 0x75, 0xA4, 0x76, 0x0C, 0x30, 0x00},
    /* U+789C */ {0xFB, 0xC2, 0x7E, 0x61, 0x24, 0xFE, 0x76, 0x6D, 0xDB, 0x56, 0xC5, 0x3A, 0x76, 0xC4, 0x38, 0x06, 0x00, 0x00},
    /* U+789F */ {0xF5, 0x42, 0xFE, 0x65, 0x46, 0x5C, 0x77, 0xED, 0x10, 0x5F, 0xF5, 0x38, 0x77, 0xC4, 0xD6, 0x09, 0x00, 0x00},
    /* U+78A1 */ {0xFF, 0xE2, 0x7E, 0x61, 0x86, 0x7F, 0x7F, 0xED, 0xFA, 0x5F, 0xF5, 0xDA, 0x7F, 0xE4, 0x06, 0x00, 0xC0, 0x00},
    /* U+78A3 */ {0xFC, 0x22, 0x7E, 0x64, 0x26, 0x7E, 0x7A, 0x0D, 0xFF, 0xDD, 0xA5, 0xDA, 0x7E, 0x64, 0x7E, 0x00, 0x60, 0x00},
    /* U+78A5 */ {0xFF, 0xE2, 0x42, 0x64, 0x24, 0x7E, 0x77, 0xED, 0x76, 0x57, 0x65, 0xFE, 0x7F, 0x64, 0xF6, 0x0A, 0x60, 0x00},
    /* U+78A7 */ {0x7F, 0xE1, 0x22, 0x7B, 0xE3, 0xA2, 0x7B, 0xEF, 0xFF, 0x18, 0x03, 0xFC, 0x70, 0x4D, 0x04, 0x1F, 0xC0, 0x00},
    /* U+78B0 */ {0xFA, 0xC2, 0x2C, 0x6F, 0xE6, 0x28, 0x7E, 0xAD, 0x6A, 0xD6, 0xE5, 0x6C, 0x72, 0x84, 0x28, 0x0F, 0xF0, 0x00},
    /* U+78B1 */ {0xF0, 0xE6, 0x7F, 0x6C, 0xC4, 0xFE, 0x7C, 0xED, 0xFE, 0x5F, 0xE5, 0xFC, 0x7A, 0xD4, 0x9D, 0x09, 0x30, 0x00},
    /* U+78B2 */ {0xFF, 0xE2, 0x24, 0x62, 0x47, 0xFF, 0x5D, 0xBD, 0x7E, 0x55, 0xA5, 0x5A, 0x75, 0xA4, 0x5E, 0x01, 0x80, 0x00},
    /* U+78B3 */ {0xFD, 0xA2, 0x7E, 0x62, 0x06, 0xFF, 0x72, 0x8D, 0x7A, 0xD7, 0xA5, 0x7E, 0x7D, 0xC4, 0xF6, 0x02, 0x30, 0x00},
    /* U+78B4 */ {0xF9, 0x82, 0x7E, 0x63, 0xC4, 0x7E, 0x7D, 0xBD, 0x7E, 0x57, 0xE5, 0x46, 0x77, 0xE4, 0x00, 0x0F, 0xF0, 0x00},
    /* U+78B9 */ {0xFF, 0xE2, 0x43, 0x67, 0xE6, 0x00, 0x7F, 0xED, 0xE2, 0x5F, 0xE5, 0xE2, 0x7B, 0xE4, 0x00, 0x0F, 0xF0, 0x00},
    /* U+78BE */ {0xFC, 0x22, 0x42, 0x67, 0xE6, 0x54, 0x7F, 0xED, 0xD4, 0x5F, 0xF5, 0xFE, 0x7F, 0x64, 0xBE, 0x0B, 0x20, 0x00},
    /* U+78C1 */ {0x62, 0xC6, 0xFF, 0x44, 0x44, 0x4C, 0x75, 0xAD, 0xFE, 0xD6, 0x45, 0x66, 0x7F, 0xA4, 0xFF, 0x01, 0x10, 0x00},
    /* U+78C5 */ {0xFF, 0xE2, 0x24, 0x62, 0x46, 0xFF, 0x7D, 0xAD, 0xFE, 0x5B, 0x05, 0xBE, 0x7A, 0x67, 0x66, 0x4C, 0xC0, 0x00},
    /* U+78C9 */ {0xFA, 0xC2, 0x3C, 0x66, 0x46, 0xFE, 0x7E, 0xED, 0xEE, 0xD9, 0x85, 0xFF, 0x73, 0xC4, 0xD6, 0x09, 0x00, 0x00},
    /* U+78CA */ {0x18, 0x03, 0xFC, 0x70, 0x41, 0xFC, 0x00, 0x0F, 0xFF, 0x21, 0x07, 0xFE, 0xEF, 0x23, 0xF2, 0x29, 0xE0, 0x00},
    /* U+78CB */ {0x23, 0x46, 0x7E, 0x67, 0xE7, 0x10, 0xDF, 0xFD, 0x30, 0x53, 0xE5, 0x68, 0x7C, 0x84, 0xC8, 0x47, 0xF0, 0x00},
    /* U+78D0 */ {0x7D, 0x47, 0xE7, 0xFC, 0x06, 0xFE, 0x5D, 0xCC, 0xFE, 0x7F, 0xE1, 0x00, 0x3F, 0xED, 0x06, 0x1F, 0xE0, 0x00},
    /* U+78D4 */ {0xF7, 0x62, 0xDF, 0x6F, 0xE7, 0x2F, 0x56, 0x6D, 0xDC, 0x5F, 0xE5, 0x3C, 0x77, 0xE4, 0xDB, 0x01, 0x80, 0x00},
    /* U+78D5 */ {0xFF, 0xE2, 0x18, 0x6F, 0xF6, 0x34, 0x76, 0x6D, 0xFE, 0x57, 0xE5, 0x5A, 0x75, 0xA4, 0x5A, 0x4F, 0xF0, 0x00},
    /* U+78D9 */ {0xFF, 0xF2, 0x24, 0x67, 0x66, 0x52, 0x7A, 0x4D, 0xFE, 0x5B, 0xA5, 0xEE, 0x7A, 0x64, 0x3B, 0x03, 0x10, 0x00},
    /* U+78E8 */ {0x7F, 0xF4, 0x84, 0x7F, 0xE5, 0xCE, 0x7F, 0xF4, 0x84, 0x7F, 0xF4, 0xFE, 0x78, 0x2E, 0x82, 0xCF, 0xE0, 0x00},
    /* U+78EC */ {0x11, 0x47, 0xE6, 0x7F, 0xE5, 0x54, 0x7D, 0xCC, 0x37, 0x7F, 0xE1, 0x80, 0x3F, 0xE7, 0x06, 0x1F, 0xE0, 0x00},
    /* U+78F2 */ {0xFB, 0x02, 0x9E, 0x65, 0x26, 0x7E, 0x7D, 0x0D, 0x9F, 0x5F, 0xF5, 0x3C, 0x73, 0xC4, 0xDB, 0x01, 0x80, 0x00},
    /* U+78F4 */ {0xFB, 0xE2, 0x6E, 0x66, 0x66, 0x7E, 0x7F, 0xFD, 0xE6, 0x5F, 0xE5, 0xA4, 0x7A, 0x44, 0x3C, 0x4F, 0xF0, 0x00},
    /* U+78F7 */ {0x23, 0xC6, 0xFE, 0x63, 0xC7, 0x7E, 0xDD, 0x6D, 0x4E, 0x5F, 0xC5, 0xFC, 0x77, 0xF4, 0x64, 0x0C, 0x40, 0x00},
    /* U+78FA */ {0xFF, 0xE6, 0x24, 0x6F, 0xE4, 0x10, 0x77, 0xED, 0x52, 0xD7, 0xE5, 0x52, 0x77, 0xE4, 0x64, 0x0C, 0x20, 0x00},
    /* U+7901 */ {0x26, 0x82, 0x7F, 0x6C, 0x86, 0xFE, 0x74, 0x8D, 0x7E, 0x57, 0xF5, 0x40, 0x7F, 0xA4, 0xDF, 0x09, 0x50, 0x00},
    /* U+7905 */ {0xFF, 0xC6, 0x08, 0x6F, 0xF4, 0xBA, 0x7F, 0xED, 0xFE, 0xD6, 0x65, 0x74, 0x7E, 0xE4, 0x4E, 0x0D, 0xB0, 0x00},
    /* U+7913 */ {0xF8, 0x02, 0x7E, 0x67, 0xE6, 0x7E, 0x7F, 0xED, 0xFE, 0x5F, 0xE5, 0xFE, 0x7F, 0xE4, 0x00, 0x0F, 0xF0, 0x00},
    /* U+791E */ {0xFF, 0xE2, 0x24, 0x67, 0xE4, 0x7E, 0x70, 0x0D, 0x7E, 0xD7, 0x65, 0x7C, 0x73, 0xE4, 0xEB, 0x43, 0x80, 0x00},
    /* U+7924 */ {0xFF, 0xF2, 0x6C, 0x67, 0xE7, 0xFE, 0xDE, 0x4D, 0x7E, 0x5F, 0xF5, 0x18, 0x77, 0xE4, 0x5A, 0x03, 0x80, 0x00},
    /* U+7934 */ {0xFF, 0xF2, 0x0E, 0x67, 0xF6, 0x1E, 0x7B, 0xED, 0x7E, 0xD3, 0xE5, 0x46, 0x77, 0xF4, 0xDE, 0x48, 0xC0, 0x00},
    /* U+793A */ {0x3F, 0xC0, 0x00, 0x00, 0x07, 0xFE, 0x06, 0x01, 0x68, 0x36, 0xC6, 0x66, 0x46, 0x6C, 0x62, 0x1C, 0x00, 0x00},
    /* U+793B */ {0x18, 0x07, 0xC0, 0x0C, 0x00, 0x80, 0x18, 0x03, 0xC0, 0x7E, 0x01, 0x80, 0x18, 0x01, 0x80, 0x18, 0x00, 0x00},
    /* U+793C */ {0x13, 0x07, 0xB0, 0x0B, 0x01, 0x30, 0x33, 0x07, 0xB0, 0xFF, 0x01, 0x30, 0x13, 0x31, 0x33, 0x11, 0xE0, 0x00},
    /* U+793E */ {0x30, 0x8F, 0x88, 0x18, 0x81, 0x7E, 0x30, 0x87, 0x88, 0xF8, 0x83, 0x08, 0x30, 0x83, 0xFF, 0x20, 0x00, 0x00},
    /* U+7940 */ {0x37, 0xE1, 0x62, 0xFE, 0x21, 0x62, 0x37, 0xE7, 0xE2, 0xFE, 0x03, 0x60, 0x36, 0x33, 0x63, 0x33, 0xE0, 0x00},
    /* U+7941 */ {0x13, 0x27, 0xF6, 0x0B, 0x41, 0xB4, 0x3B, 0x47, 0xB2, 0xD7, 0x21, 0x32, 0x13, 0xE1, 0x30, 0x13, 0x00, 0x00},
    /* U+7946 */ {0x37, 0xE0, 0x18, 0xF9, 0x81, 0x18, 0x37, 0xF7, 0x98, 0xF9, 0x83, 0x3C, 0x32, 0x43, 0x66, 0x3C, 0x30, 0x00},
    /* U+7948 */ {0x33, 0xC7, 0xE0, 0x1E, 0x01, 0x7F, 0x36, 0x47, 0xE4, 0xFE, 0x43, 0x64, 0x34, 0x43, 0x44, 0x34, 0x40, 0x00},
    /* U+7949 */ {0x30, 0x8F, 0x88, 0x1E, 0x81, 0x68, 0x36, 0xE7, 0xE8, 0xFE, 0x8B, 0x68, 0x36, 0x83, 0x68, 0x3F, 0xF0, 0x00},
    /* U+7953 */ {0x22, 0x4F, 0xA2, 0x1F, 0xF3, 0x20, 0x33, 0xE7, 0x76, 0xEF, 0x42, 0x5C, 0x24, 0xC2, 0xDE, 0x2A, 0x30, 0x00},
    /* U+7956 */ {0x16, 0x6F, 0xE6, 0x1E, 0x61, 0x7E, 0x36, 0x67, 0xE6, 0xFF, 0xE3, 0x66, 0x36, 0x63, 0x66, 0x3F, 0xF0, 0x00},
    /* U+7957 */ {0x27, 0xCF, 0xC8, 0x14, 0x83, 0x48, 0x37, 0xF7, 0x48, 0xFC, 0x82, 0x4C, 0x25, 0xD2, 0x5F, 0x2E, 0xE0, 0x00},
    /* U+795A */ {0x22, 0x0F, 0xFF, 0x1D, 0x03, 0xD0, 0x31, 0xE7, 0x10, 0xF9, 0x02, 0x1F, 0x21, 0x02, 0x10, 0x21, 0x00, 0x00},
    /* U+795B */ {0x31, 0x8F, 0xFE, 0x19, 0x81, 0x18, 0x31, 0x87, 0x7F, 0xF9, 0x02, 0x34, 0x22, 0x62, 0x7E, 0x27, 0xB0, 0x00},
    /* U+795C */ {0x21, 0x8F, 0x98, 0x1F, 0xF3, 0x18, 0x31, 0x87, 0xFE, 0xEC, 0x22, 0x42, 0x24, 0x22, 0x7E, 0x24, 0x20, 0x00},
    /* U+795D */ {0x37, 0xE0, 0x42, 0xFC, 0x21, 0x42, 0x37, 0xE7, 0xAC, 0xFA, 0xC2, 0x2C, 0x26, 0xD2, 0xCF, 0x28, 0x60, 0x00},
    /* U+795E */ {0x31, 0x8F, 0xFE, 0x15, 0xA3, 0x5A, 0x37, 0xE7, 0xDA, 0xEF, 0xE2, 0x5A, 0x21, 0x82, 0x18, 0x21, 0x80, 0x00},
    /* U+795F */ {0x3F, 0xC4, 0x62, 0x66, 0x67, 0xFE, 0x3F, 0xC0, 0x00, 0xFF, 0xF1, 0x60, 0x36, 0xC6, 0x66, 0x4E, 0x20, 0x00},
    /* U+7960 */ {0x2F, 0xE7, 0x82, 0x17, 0xE3, 0x02, 0x37, 0xA7, 0x4A, 0xFC, 0xA2, 0x7A, 0x24, 0x22, 0x02, 0x20, 0xE0, 0x00},
    /* U+7962 */ {0x32, 0x0F, 0xFF, 0x1F, 0xA1, 0x58, 0x33, 0xC7, 0xFE, 0xEF, 0xA2, 0x5A, 0x25, 0xA2, 0x18, 0x23, 0x80, 0x00},
    /* U+7965 */ {0x22, 0x6F, 0xB4, 0x17, 0xE3, 0x08, 0x37, 0xE7, 0x88, 0xF8, 0x82, 0x7F, 0x20, 0x82, 0x08, 0x20, 0x80, 0x00},
    /* U+7967 */ {0x22, 0x8F, 0xEA, 0x16, 0xE3, 0x6C, 0x22, 0x87, 0x6E, 0xFE, 0xA2, 0xA8, 0x26, 0x92, 0xCB, 0x28, 0xE0, 0x00},
    /* U+7968 */ {0x09, 0x07, 0xFE, 0x69, 0x67, 0xFE, 0x00, 0x03, 0xFC, 0x00, 0x0F, 0xFF, 0x16, 0x86, 0x66, 0x4E, 0x20, 0x00},
    /* U+796D */ {0x3F, 0xE7, 0xF4, 0x59, 0xC7, 0x88, 0x3F, 0xEE, 0x07, 0x7F, 0xE1, 0x60, 0x36, 0xC6, 0x66, 0x4E, 0x20, 0x00},
    /* U+796F */ {0x31, 0xEF, 0x98, 0x19, 0x81, 0x7E, 0x34, 0x27, 0xDA, 0xFD, 0xA2, 0x5A, 0x21, 0x02, 0x6C, 0x2C, 0x20, 0x00},
    /* U+7977 */ {0x27, 0xEF, 0x90, 0x17, 0xE3, 0x30, 0x3F, 0xF7, 0x26, 0xFB, 0xE2, 0x76, 0x2D, 0xE2, 0x8E, 0x20, 0xC0, 0x00},
    /* U+7978 */ {0x24, 0x2F, 0x42, 0x17, 0xE3, 0x18, 0x37, 0xE7, 0xDA, 0xED, 0xA2, 0x7E, 0x26, 0x62, 0x42, 0x24, 0x60, 0x00},
    /* U+797A */ {0x22, 0x4F, 0xFE, 0x12, 0x43, 0x3C, 0x32, 0x47, 0xBC, 0xEA, 0x42, 0xFF, 0x22, 0x42, 0x66, 0x2C, 0x30, 0x00},
    /* U+7980 */ {0x7F, 0xE3, 0xFC, 0x2F, 0x42, 0xF4, 0x20, 0x43, 0xFC, 0x3F, 0xC7, 0xFE, 0x16, 0x86, 0x6E, 0x4E, 0x20, 0x00},
    /* U+7981 */ {0x7F, 0xE3, 0x9C, 0x7F, 0xED, 0x6A, 0x00, 0x03, 0xFC, 0x00, 0x07, 0xFE, 0x36, 0x86, 0x66, 0x4E, 0x20, 0x00},
    /* U+7984 */ {0x30, 0x6F, 0xFE, 0x10, 0x63, 0x7F, 0x31, 0x87, 0xFA, 0xAB, 0xC2, 0x3C, 0x27, 0xE2, 0xDB, 0x23, 0x80, 0x00},
    /* U+7985 */ {0x22, 0x4F, 0xAC, 0x17, 0xE3, 0x5A, 0x37, 0xE7, 0x5A, 0xEF, 0xE2, 0x18, 0x2F, 0xF2, 0x18, 0x21, 0x80, 0x00},
    /* U+798A */ {0x2F, 0xF7, 0x6F, 0x17, 0xF3, 0xFA, 0x37, 0xA7, 0x26, 0xF9, 0x82, 0xFF, 0x23, 0x82, 0x66, 0x2C, 0x30, 0x00},
    /* U+798F */ {0x20, 0x0F, 0xFE, 0x1E, 0x21, 0x7E, 0x30, 0x07, 0xFE, 0xED, 0xA2, 0x7E, 0x25, 0xA2, 0x7E, 0x24, 0x20, 0x00},
    /* U+799A */ {0x22, 0x4F, 0xFE, 0x11, 0x83, 0x18, 0x37, 0xE7, 0x98, 0xEF, 0xF2, 0x00, 0x26, 0xA2, 0xFA, 0x2B, 0xB0, 0x00},
    /* U+79A7 */ {0x2F, 0xEF, 0x7E, 0x10, 0x03, 0x7E, 0x37, 0xE7, 0x24, 0xEF, 0xF2, 0x00, 0x27, 0xE2, 0x42, 0x27, 0xE0, 0x00},
    /* U+79B3 */ {0x2F, 0xEF, 0x7E, 0x17, 0xE3, 0x24, 0x27, 0xE7, 0x7E, 0xF2, 0x42, 0xFF, 0x26, 0xE2, 0xFE, 0x27, 0x30, 0x00},
    /* U+79B9 */ {0x7F, 0x80, 0x60, 0x3F, 0xC2, 0x64, 0x3F, 0xC0, 0x60, 0x7F, 0xE4, 0x7A, 0x7F, 0xA4, 0x0E, 0x40, 0xE0, 0x00},
    /* U+79BA */ {0x3F, 0xC2, 0x64, 0x3F, 0xC2, 0x64, 0x3F, 0xC0, 0x60, 0x7F, 0xE4, 0x72, 0x5F, 0xA4, 0x0A, 0x40, 0xE0, 0x00},
    /* U+79BB */ {0x7F, 0xE2, 0x94, 0x26, 0x42, 0xD4, 0x3F, 0xC0, 0x60, 0x7F, 0xE4, 0xD2, 0x5F, 0xA5, 0xEA, 0x40, 0xE0, 0x00},
    /* U+79BD */ {0x1F, 0x87, 0x6E, 0x5F, 0xA2, 0xF4, 0x2F, 0xC3, 0xFC, 0x04, 0x07, 0xFE, 0x69, 0x67, 0xFE, 0x60, 0xE0, 0x00},
    /* U+79BE */ {0x1F, 0xC7, 0xE0, 0x06, 0x00, 0x60, 0xFF, 0xF0, 0xF0, 0x1F, 0x83, 0x6C, 0x66, 0x6C, 0x63, 0x06, 0x00, 0x00},
    /* U+79C0 */ {0x7F, 0x00, 0x60, 0x7F, 0xE1, 0xF8, 0x76, 0xEF, 0xF2, 0x09, 0x01, 0x9E, 0x10, 0x43, 0x04, 0x61, 0xC0, 0x00},
    /* U+79C1 */ {0x79, 0x81, 0x10, 0x11, 0x0F, 0xD0, 0x33, 0x03, 0xB4, 0x7E, 0x4D, 0x26, 0x96, 0xE1, 0x7F, 0x10, 0x20, 0x00},
    /* U+79C3 */ {0x3F, 0x80, 0x60, 0xFF, 0xF1, 0xF8, 0x36, 0xCE, 0x67, 0x1F, 0x01, 0x90, 0x19, 0x03, 0x1B, 0x61, 0xE0, 0x00},
    /* U+79C6 */ {0x77, 0xE3, 0x08, 0xF8, 0x83, 0x08, 0x37, 0xF7, 0x88, 0x78, 0x8F, 0x08, 0x30, 0x83, 0x08, 0x30, 0x80, 0x00},
    /* U+79C9 */ {0x3F, 0x87, 0xFE, 0x06, 0x03, 0xFC, 0x06, 0x4F, 0xFF, 0x3F, 0xC0, 0xF0, 0x3F, 0xC6, 0x66, 0x06, 0x00, 0x00},
    /* U+79CB */ {0x70, 0x83, 0x08, 0x32, 0xAF, 0xFA, 0x37, 0xE3, 0xDC, 0x79, 0x8F, 0x1C, 0xB3, 0x43, 0x66, 0x34, 0x30, 0x00},
    /* U+79CD */ {0x70, 0x83, 0x08, 0x37, 0xEF, 0xCA, 0x34, 0xA7, 0xCA, 0x7F, 0xEF, 0x4A, 0xB0, 0x83, 0x08, 0x30, 0x80, 0x00},
    /* U+79D1 */ {0x7A, 0x43, 0x14, 0x30, 0x4F, 0x84, 0x33, 0x47, 0x94, 0x78, 0x6F, 0x7E, 0x36, 0x43, 0x04, 0x30, 0x40, 0x00},
    /* U+79D2 */ {0x79, 0x83, 0x3C, 0x37, 0xEF, 0xFA, 0x35, 0xB7, 0xDA, 0x79, 0xEF, 0x04, 0x30, 0xC3, 0x30, 0x3E, 0x00, 0x00},
    /* U+79D5 */ {0x74, 0x82, 0x48, 0x24, 0xAF, 0xFE, 0x34, 0xC7, 0x48, 0x7C, 0x8E, 0x48, 0xA4, 0xB2, 0x7B, 0x24, 0xE0, 0x00},
    /* U+79D8 */ {0x71, 0xA2, 0x0E, 0x23, 0x4F, 0xF4, 0x37, 0xE7, 0xFA, 0x7F, 0xBE, 0xB3, 0x23, 0x22, 0xF6, 0x29, 0xC0, 0x00},
    /* U+79DF */ {0x7F, 0xE3, 0x66, 0x36, 0x6F, 0xFE, 0x36, 0x67, 0xE6, 0x7F, 0xEF, 0x66, 0x36, 0x63, 0x66, 0x3F, 0xF0, 0x00},
    /* U+79E3 */ {0xF1, 0x83, 0x7F, 0x71, 0x87, 0x98, 0x37, 0xE7, 0x98, 0x7B, 0xCF, 0x7E, 0x3D, 0xB3, 0x98, 0x31, 0x80, 0x00},
    /* U+79E4 */ {0xF7, 0xE3, 0x1A, 0x37, 0xAF, 0xBE, 0x33, 0xC7, 0xFF, 0x79, 0x8F, 0x18, 0x31, 0x83, 0x18, 0x31, 0x80, 0x00},
    /* U+79E6 */ {0x7F, 0xE0, 0x40, 0x3F, 0xC0, 0x80, 0xFF, 0xF3, 0xFC, 0xE6, 0x73, 0xFC, 0x0F, 0x03, 0xEC, 0x66, 0x40, 0x00},
    /* U+79E7 */ {0x70, 0x82, 0x7E, 0x26, 0xAF, 0xEA, 0x37, 0xA7, 0xFF, 0x71, 0x8E, 0x1C, 0x23, 0x42, 0x66, 0x2C, 0x30, 0x00},
    /* U+79E9 */ {0x77, 0x83, 0x7E, 0x35, 0x8F, 0xD8, 0x31, 0x87, 0xFF, 0x79, 0x8F, 0x18, 0x33, 0x43, 0x66, 0x3C, 0x30, 0x00},
    /* U+79EB */ {0x71, 0xE3, 0x1A, 0x37, 0xEF, 0x98, 0x33, 0xC7, 0xBC, 0x7B, 0xEF, 0x5A, 0xBD, 0xB3, 0x18, 0x31, 0x80, 0x00},
    /* U+79ED */ {0x70, 0xA3, 0x7E, 0x37, 0x8F, 0xC8, 0x34, 0x87, 0xFF, 0x79, 0xBF, 0x3B, 0xB2, 0xA3, 0x4E, 0x38, 0x80, 0x00},
    /* U+79EF */ {0xF3, 0xE3, 0x22, 0x32, 0x2F, 0xE2, 0x32, 0x23, 0xBE, 0x78, 0x0F, 0x34, 0xB2, 0x63, 0x62, 0x34, 0x30, 0x00},
    /* U+79F0 */ {0x72, 0x03, 0x3F, 0x36, 0xAF, 0xCA, 0x32, 0xE7, 0xAE, 0x7E, 0xAF, 0x4A, 0x34, 0xA3, 0x08, 0x33, 0x80, 0x00},
    /* U+79F8 */ {0x71, 0x82, 0xFF, 0x71, 0x87, 0x98, 0x37, 0xE7, 0x00, 0x7F, 0xEE, 0x42, 0x24, 0x22, 0x7E, 0x24, 0x20, 0x00},
    /* U+79FB */ {0x73, 0xE2, 0x64, 0x27, 0xCF, 0xB8, 0x37, 0x87, 0x9F, 0x7E, 0x2E, 0x56, 0x21, 0xC2, 0x38, 0x2E, 0x00, 0x00},
    /* U+79FD */ {0x74, 0xA3, 0x4A, 0xFF, 0xE3, 0x30, 0x3B, 0xE7, 0xE2, 0x7D, 0x6F, 0x1C, 0x31, 0x83, 0x70, 0x3E, 0x00, 0x00},
    /* U+7A00 */ {0x73, 0xC2, 0x7E, 0x27, 0x2F, 0xFF, 0x62, 0x87, 0x78, 0x7F, 0xEE, 0xDA, 0x25, 0xA2, 0x5E, 0x21, 0x80, 0x00},
    /* U+7A02 */ {0x67, 0xE2, 0x42, 0x24, 0x2F, 0xFE, 0x34, 0x27, 0xFE, 0x75, 0xAE, 0x4E, 0x24, 0xC2, 0x76, 0x26, 0x20, 0x00},
    /* U+7A03 */ {0xF7, 0xE3, 0x52, 0x33, 0xEF, 0xFE, 0x30, 0x47, 0x8C, 0x79, 0x8F, 0x7F, 0xB1, 0x83, 0x18, 0x33, 0x80, 0x00},
    /* U+7A06 */ {0x76, 0x23, 0x62, 0x36, 0x2F, 0xFE, 0x30, 0x07, 0xFE, 0x7C, 0x2F, 0x42, 0x34, 0x23, 0x7E, 0x34, 0x20, 0x00},
    /* U+7A0B */ {0xF6, 0x23, 0x62, 0x36, 0x2F, 0xFE, 0x30, 0x07, 0xFE, 0x79, 0x8F, 0x7E, 0x31, 0x83, 0x18, 0x3F, 0xF0, 0x00},
    /* U+7A0D */ {0x76, 0xA2, 0x2E, 0x20, 0x8F, 0xFE, 0x34, 0x27, 0xFE, 0x64, 0x2E, 0x7E, 0x24, 0x22, 0x42, 0x24, 0xE0, 0x00},
    /* U+7A0E */ {0x72, 0x43, 0x34, 0x37, 0xEF, 0xC2, 0x34, 0x27, 0xFE, 0x7B, 0xCF, 0x3C, 0xB2, 0xC3, 0x6F, 0x3C, 0x60, 0x00},
    /* U+7A14 */ {0xF1, 0x82, 0x2C, 0x27, 0x6F, 0x98, 0x37, 0xE7, 0x04, 0x61, 0x8E, 0x6A, 0x2A, 0x22, 0xA7, 0x23, 0xC0, 0x00},
    /* U+7A17 */ {0xF7, 0xE3, 0x5A, 0x37, 0xEF, 0xDA, 0x37, 0xE7, 0x94, 0x7E, 0xCF, 0x4C, 0x3F, 0xF3, 0x0C, 0x30, 0xC0, 0x00},
    /* U+7A1A */ {0x72, 0xC3, 0x7E, 0x36, 0x8F, 0xE8, 0x37, 0xE7, 0xE8, 0x7F, 0xEF, 0x68, 0x36, 0x83, 0x7F, 0x36, 0x00, 0x00},
    /* U+7A1E */ {0x77, 0xE2, 0x5A, 0x27, 0xEF, 0xDA, 0x37, 0xE7, 0x98, 0x6F, 0xFE, 0x3C, 0xA7, 0xE2, 0xDB, 0x21, 0x80, 0x00},
    /* U+7A20 */ {0x77, 0xE2, 0x5A, 0xFF, 0xE2, 0x5A, 0x77, 0xE7, 0x42, 0x6F, 0xEE, 0x66, 0xAF, 0xE2, 0xA2, 0x28, 0x60, 0x00},
    /* U+7A23 */ {0x3B, 0xC4, 0xA8, 0xF8, 0x85, 0xFF, 0x5D, 0xC7, 0xDC, 0x5F, 0xE7, 0xEA, 0x06, 0xBF, 0xC8, 0x00, 0x80, 0x00},
    /* U+7A33 */ {0x77, 0xC2, 0xCC, 0x2F, 0xEF, 0x82, 0x37, 0xE7, 0x02, 0x7F, 0xEE, 0x10, 0x2E, 0xA3, 0xA7, 0x23, 0xC0, 0x00},
    /* U+7A37 */ {0x75, 0xA2, 0x7E, 0x25, 0xAF, 0xFE, 0x32, 0x47, 0xF2, 0x73, 0xEE, 0xE4, 0xA1, 0x82, 0x7C, 0x2C, 0x70, 0x00},
    /* U+7A39 */ {0x7F, 0xE2, 0x10, 0x27, 0xEF, 0xFE, 0x34, 0x67, 0x7E, 0x6F, 0xEE, 0x46, 0xAF, 0xF2, 0x66, 0x2C, 0x20, 0x00},
    /* U+7A3B */ {0x7F, 0xE2, 0x52, 0xFD, 0xE2, 0x00, 0x36, 0xE7, 0xC2, 0x74, 0x2E, 0x7E, 0x24, 0x22, 0x7E, 0x24, 0x20, 0x00},
    /* U+7A3C */ {0x6F, 0xE2, 0xC3, 0x27, 0xEF, 0x30, 0x27, 0x67, 0xBC, 0x76, 0xCE, 0xDA, 0x26, 0xA2, 0xC9, 0x23, 0x80, 0x00},
    /* U+7A3D */ {0xE7, 0xE2, 0x38, 0xFE, 0xE2, 0x7E, 0x77, 0x87, 0xFE, 0x78, 0x0E, 0x7E, 0x27, 0xE2, 0x42, 0x27, 0xE0, 0x00},
    /* U+7A3F */ {0x7F, 0xF2, 0x00, 0x27, 0xEF, 0xC6, 0x37, 0xE7, 0xFE, 0x7C, 0x2E, 0xFE, 0xAE, 0x62, 0xFE, 0x2C, 0x60, 0x00},
    /* U+7A46 */ {0x77, 0xE2, 0x7E, 0x24, 0x2F, 0xFE, 0x33, 0xE7, 0x5F, 0x7F, 0x8E, 0x6C, 0x27, 0xA2, 0x1C, 0x27, 0x00, 0x00},
    /* U+7A51 */ {0x77, 0xE2, 0x7A, 0x23, 0xCF, 0xFF, 0x20, 0x07, 0x7E, 0x6C, 0x2E, 0x7E, 0xA7, 0xE2, 0x42, 0x27, 0xE0, 0x00},
    /* U+7A57 */ {0x7F, 0xE2, 0x7E, 0x25, 0xAF, 0xFE, 0x37, 0xE7, 0x1E, 0x6F, 0xFE, 0x3A, 0x2E, 0xA2, 0xA7, 0x2B, 0xC0, 0x00},
    /* U+7A70 */ {0x6F, 0xE2, 0x7E, 0xFF, 0xE2, 0x24, 0x77, 0xE7, 0x7E, 0x62, 0x4E, 0xFF, 0x26, 0xE2, 0xFE, 0x27, 0x30, 0x00},
    /* U+7A74 */ {0x06, 0x07, 0xFE, 0x40, 0x24, 0x02, 0x19, 0x81, 0x88, 0x10, 0x83, 0x0C, 0x20, 0x46, 0x06, 0x40, 0x20, 0x00},
    /* U+7A76 */ {0x7F, 0xE4, 0x92, 0x59, 0xE7, 0x06, 0x0C, 0x07, 0xF8, 0x0C, 0x80, 0xC8, 0x18, 0xB3, 0x0B, 0x60, 0xE0, 0x00},
    /* U+7A77 */ {0x7F, 0xE4, 0x92, 0x59, 0xA7, 0x44, 0x44, 0x07, 0xFC, 0x0C, 0x40, 0x84, 0x18, 0x43, 0x0C, 0x63, 0x80, 0x00},
    /* U+7A78 */ {0x7F, 0xE4, 0x92, 0x59, 0xE6, 0xC6, 0x1F, 0xC3, 0x0C, 0x69, 0x80, 0x70, 0x06, 0x03, 0xC0, 0x70, 0x00, 0x00},
    /* U+7A79 */ {0x7F, 0xE4, 0x92, 0x79, 0xE4, 0x06, 0x3F, 0xC0, 0x04, 0x3F, 0xC2, 0x00, 0x3F, 0xE0, 0x04, 0x03, 0xC0, 0x00},
    /* U+7A7A */ {0x06, 0x07, 0xFE, 0x49, 0x25, 0x9C, 0x60, 0x63, 0xFC, 0x06, 0x00, 0x60, 0x06, 0x00, 0x60, 0x7F, 0xE0, 0x00},
    /* U+7A7F */ {0x7F, 0xE4, 0x92, 0x59, 0xE6, 0x06, 0x7F, 0xE2, 0x18, 0x3F, 0xE0, 0x78, 0x1D, 0x87, 0x18, 0x43, 0x00, 0x00},
    /* U+7A80 */ {0x7F, 0xE4, 0x92, 0x78, 0xC6, 0x66, 0x7F, 0xE2, 0x64, 0x26, 0x43, 0xFC, 0x06, 0x00, 0x63, 0x03, 0xE0, 0x00},
    /* U+7A81 */ {0x7F, 0xE4, 0x82, 0x59, 0xA3, 0x0C, 0x67, 0xC0, 0x68, 0xFF, 0xF0, 0xE0, 0x09, 0x03, 0x9C, 0x60, 0x60, 0x00},
    /* U+7A83 */ {0x7F, 0xE4, 0x02, 0x59, 0xC7, 0x06, 0x20, 0x02, 0x7E, 0xF9, 0x22, 0x12, 0x2B, 0x27, 0xE6, 0x04, 0xC0, 0x00},
    /* U+7A84 */ {0x7F, 0xE4, 0x92, 0x38, 0xC6, 0x86, 0x1F, 0xE3, 0x40, 0x67, 0xE4, 0x40, 0x07, 0xE0, 0x40, 0x04, 0x00, 0x00},
    /* U+7A86 */ {0x7F, 0xE4, 0x92, 0x31, 0xC6, 0x7E, 0x3E, 0x00, 0x60, 0x7F, 0xC0, 0x38, 0x3C, 0x05, 0x82, 0x4F, 0xE0, 0x00},
    /* U+7A88 */ {0x7F, 0xE4, 0x92, 0x39, 0xE7, 0x16, 0x21, 0x86, 0xFE, 0x79, 0x23, 0x92, 0x2F, 0x27, 0xE6, 0x06, 0xC0, 0x00},
    /* U+7A8D */ {0x7F, 0xE4, 0x92, 0x39, 0xC6, 0x06, 0x7F, 0xE3, 0x30, 0x32, 0x03, 0x3E, 0x38, 0x2F, 0x06, 0x01, 0xC0, 0x00},
    /* U+7A91 */ {0x7F, 0xE4, 0x92, 0x79, 0xC7, 0x06, 0x3F, 0xC6, 0x60, 0x7F, 0xE0, 0x64, 0x26, 0x43, 0xFC, 0x00, 0x40, 0x00},
    /* U+7A92 */ {0x7F, 0xE5, 0x9A, 0x70, 0xE3, 0xFC, 0x18, 0x83, 0xFC, 0x26, 0x43, 0xFC, 0x06, 0x00, 0x60, 0x7F, 0xF0, 0x00},
    /* U+7A95 */ {0x7F, 0xE4, 0x92, 0x70, 0xC6, 0x96, 0x6B, 0x63, 0xBC, 0x0B, 0x07, 0xBE, 0x5B, 0x23, 0x33, 0x61, 0xE0, 0x00},
    /* U+7A96 */ {0x7F, 0xE5, 0x9A, 0x30, 0xC7, 0x66, 0x3F, 0xC2, 0x60, 0x7F, 0xE3, 0xFC, 0x20, 0x42, 0x04, 0x3F, 0xC0, 0x00},
    /* U+7A97 */ {0x7F, 0xE4, 0x92, 0x74, 0xE6, 0xC6, 0x3F, 0xC2, 0xF4, 0x39, 0x42, 0x74, 0x2F, 0x43, 0x84, 0x3F, 0xC0, 0x00},
    /* U+7A98 */ {0x7F, 0xE5, 0x9A, 0x70, 0x63, 0xFC, 0x7F, 0xF0, 0x84, 0x3F, 0xC3, 0x00, 0x7F, 0xE5, 0x06, 0x1F, 0xE0, 0x00},
    /* U+7A9C */ {0x7F, 0xE5, 0x9A, 0x76, 0x63, 0xFC, 0x26, 0x43, 0xFC, 0x06, 0x07, 0xFE, 0x66, 0x67, 0xFE, 0x06, 0x00, 0x00},
    /* U+7A9D */ {0x7F, 0xE5, 0x9A, 0x70, 0xE7, 0xFE, 0x30, 0xC1, 0xFC, 0x7F, 0xE4, 0x62, 0x4F, 0xA7, 0x0A, 0x40, 0xE0, 0x00},
    /* U+7A9F */ {0x7F, 0xE5, 0x9A, 0x70, 0xE3, 0xFE, 0x20, 0x43, 0xFC, 0x70, 0x47, 0xFC, 0x72, 0x05, 0x22, 0xDF, 0xE0, 0x00},
    /* U+7AA0 */ {0x7F, 0xE5, 0x9A, 0x70, 0xE7, 0xFE, 0x3F, 0xC2, 0x64, 0x3F, 0xC7, 0xFE, 0x1F, 0x87, 0x6E, 0x46, 0x20, 0x00},
    /* U+7AA5 */ {0x7F, 0xE5, 0x9A, 0x70, 0xE3, 0x3E, 0x7E, 0x63, 0x3E, 0xFF, 0xE3, 0x3E, 0x39, 0x86, 0xBB, 0x46, 0xE0, 0x00},
    /* U+7AA6 */ {0x7F, 0xE7, 0xDE, 0x3F, 0xE0, 0x60, 0x7F, 0xE1, 0xA6, 0x3A, 0x07, 0xFE, 0x07, 0x03, 0xDE, 0x70, 0x60, 0x00},
    /* U+7AA8 */ {0x7F, 0xE5, 0x9A, 0x76, 0xE7, 0xFE, 0x19, 0x8F, 0xFE, 0x00, 0x03, 0xFC, 0x3F, 0xC2, 0x04, 0x3F, 0xC0, 0x00},
    /* U+7AAC */ {0x7F, 0xE5, 0x92, 0x76, 0xC5, 0xF8, 0x7F, 0xE4, 0x02, 0x7D, 0x67, 0xD6, 0x7D, 0x66, 0x46, 0x6C, 0xC0, 0x00},
    /* U+7AAD */ {0x7F, 0xE7, 0x9E, 0x76, 0xE1, 0x68, 0x7F, 0xE7, 0xFE, 0x4C, 0x27, 0xFE, 0x11, 0x83, 0xF8, 0x7D, 0xE0, 0x00},
    /* U+7AB3 */ {0x7F, 0xE5, 0x9A, 0x30, 0x43, 0xFE, 0x7B, 0xC5, 0xAE, 0x56, 0xA5, 0xFE, 0x7B, 0x67, 0xFE, 0x84, 0x30, 0x00},
    /* U+7ABF */ {0x7F, 0xE7, 0x9E, 0x72, 0x67, 0x7C, 0x5F, 0x87, 0xFE, 0x57, 0xC5, 0x7E, 0x5D, 0x87, 0x3C, 0x4F, 0xE0, 0x00},
    /* U+7ACB */ {0x06, 0x07, 0xFE, 0x00, 0x01, 0x08, 0x10, 0x81, 0x98, 0x19, 0x80, 0x90, 0x0B, 0x0F, 0xFF, 0x00, 0x00, 0x00},
    /* U+7AD6 */ {0x5F, 0xE5, 0xA4, 0x5B, 0xC5, 0x98, 0x5B, 0xC5, 0xE6, 0x06, 0x07, 0xFE, 0x10, 0x81, 0x98, 0xFF, 0xF0, 0x00},
    /* U+7AD9 */ {0x31, 0x8F, 0xD8, 0x09, 0xF4, 0x98, 0x59, 0x87, 0xFE, 0x76, 0x23, 0xE2, 0x7E, 0x24, 0x7E, 0x06, 0x20, 0x00},
    /* U+7ADE */ {0x7F, 0xE1, 0x08, 0xFF, 0xF0, 0x00, 0x3F, 0xC2, 0x04, 0x3F, 0xC0, 0x90, 0x19, 0x23, 0x13, 0x61, 0xE0, 0x00},
    /* U+7ADF */ {0x7F, 0xE1, 0x08, 0xFF, 0xE0, 0x00, 0x3F, 0xC2, 0x04, 0x3F, 0xC3, 0xFC, 0x09, 0x01, 0x93, 0x71, 0xE0, 0x00},
    /* U+7AE0 */ {0x7F, 0xE1, 0x98, 0xFF, 0xF0, 0x00, 0x3F, 0xC3, 0xFC, 0x20, 0x43, 0xFC, 0xFF, 0xF0, 0x60, 0x06, 0x00, 0x00},
    /* U+7AE3 */ {0x22, 0x4F, 0xFE, 0x02, 0x45, 0x26, 0x57, 0x35, 0x70, 0x53, 0xE7, 0x74, 0x79, 0x86, 0x3C, 0x0E, 0x70, 0x00},
    /* U+7AE5 */ {0x7F, 0xE1, 0x98, 0xFF, 0xF0, 0x00, 0x3F, 0xC3, 0xFC, 0x26, 0x43, 0xFC, 0x7F, 0xE0, 0x60, 0xFF, 0xF0, 0x00},
    /* U+7AE6 */ {0x27, 0xFF, 0x98, 0x07, 0xE5, 0x5A, 0x55, 0xA5, 0x7E, 0x71, 0xC7, 0xBC, 0x7F, 0xE4, 0xDB, 0x01, 0x80, 0x00},
    /* U+7AED */ {0x24, 0x2F, 0xFE, 0x04, 0x25, 0x7E, 0x52, 0x05, 0x7F, 0x7D, 0xA7, 0x5A, 0x7E, 0x6E, 0x7E, 0x00, 0x60, 0x00},
    /* U+7AEF */ {0x25, 0xAF, 0xDA, 0x07, 0xE5, 0x00, 0x5F, 0xF5, 0x10, 0x57, 0xE5, 0xDE, 0x7D, 0xE4, 0x5E, 0x05, 0xE0, 0x00},
    /* U+7AF9 */ {0x23, 0x02, 0x30, 0x7F, 0xF5, 0x64, 0xD4, 0x41, 0x04, 0x10, 0x41, 0x04, 0x10, 0x41, 0x0C, 0x11, 0xC0, 0x00},
    /* U+7AFA */ {0x7F, 0xE7, 0x28, 0xDE, 0x40, 0x00, 0x3F, 0xC0, 0x00, 0x00, 0x00, 0x00, 0x00, 0x07, 0xFE, 0x00, 0x00, 0x00},
    /* U+7AFD */ {0x7F, 0xF5, 0x68, 0xD4, 0x87, 0xFE, 0x06, 0x00, 0x60, 0xFF, 0xF0, 0x60, 0x06, 0x00, 0x60, 0x1E, 0x00, 0x00},
    /* U+7AFF */ {0x7F, 0xF5, 0x68, 0xD4, 0xC7, 0xFE, 0x06, 0x00, 0x60, 0xFF, 0xF0, 0x60, 0x06, 0x00, 0x60, 0x06, 0x00, 0x00},
    /* U+7B03 */ {0x7F, 0xE5, 0x68, 0xD4, 0x83, 0xFC, 0x10, 0x81, 0x08, 0x3F, 0xE0, 0x02, 0x7F, 0xA0, 0x06, 0x00, 0xC0, 0x00},
    /* U+7B04 */ {0x3F, 0xF5, 0xAC, 0xCA, 0x47, 0xFE, 0x19, 0x81, 0x98, 0x7F, 0xE1, 0x98, 0x11, 0x83, 0x18, 0x61, 0x80, 0x00},
    /* U+7B06 */ {0x7F, 0xE5, 0x68, 0xDC, 0xC3, 0xFC, 0x26, 0x62, 0x66, 0x3F, 0xE2, 0x04, 0x20, 0x22, 0x02, 0x3F, 0xE0, 0x00},
    /* U+7B08 */ {0x7F, 0xE5, 0x68, 0xD4, 0x87, 0xF8, 0x19, 0x01, 0xBC, 0x1C, 0x41, 0x6C, 0x33, 0x86, 0xFE, 0xDC, 0x70, 0x00},
    /* U+7B0A */ {0x7F, 0xF5, 0x28, 0xDC, 0xC0, 0x7E, 0x3F, 0xC2, 0x64, 0x26, 0x42, 0x64, 0x66, 0x64, 0x62, 0xC6, 0x30, 0x00},
    /* U+7B0B */ {0x7F, 0xE5, 0x68, 0xD4, 0xC3, 0xFC, 0x04, 0x4F, 0xFF, 0x04, 0x43, 0xFC, 0x0C, 0x43, 0x80, 0x60, 0x00, 0x00},
    /* U+7B0F */ {0x3F, 0xE7, 0xAC, 0xDE, 0x43, 0x00, 0x3F, 0xE6, 0xD2, 0xC9, 0x21, 0xB6, 0x32, 0x66, 0x66, 0x0D, 0xC0, 0x00},
    /* U+7B11 */ {0x7F, 0xE5, 0x68, 0xD4, 0xC0, 0xFC, 0x7F, 0x00, 0x60, 0xFF, 0xF0, 0xF0, 0x09, 0x83, 0x8C, 0x60, 0x60, 0x00},
    /* U+7B14 */ {0x7F, 0xE5, 0x68, 0x57, 0xC7, 0xF8, 0x05, 0xC7, 0xFC, 0x04, 0x07, 0xFE, 0x7C, 0x20, 0x42, 0x07, 0xE0, 0x00},
    /* U+7B15 */ {0x7F, 0xE5, 0x68, 0xD0, 0x43, 0xFC, 0x24, 0x42, 0x64, 0x26, 0x42, 0x64, 0x0F, 0x03, 0xB3, 0x61, 0xE0, 0x00},
    /* U+7B19 */ {0x7F, 0xE5, 0x68, 0xD4, 0xC3, 0x60, 0x3F, 0xE6, 0x60, 0x46, 0x03, 0xFC, 0x06, 0x00, 0x60, 0x7F, 0xE0, 0x00},
    /* U+7B1B */ {0x7F, 0xF5, 0x68, 0xDC, 0xC0, 0x60, 0x3F, 0xE6, 0x66, 0x66, 0x67, 0xFE, 0x66, 0x67, 0xFE, 0x20, 0x60, 0x00},
    /* U+7B1E */ {0x7F, 0xED, 0x6C, 0x0D, 0x01, 0x98, 0x30, 0xC2, 0x02, 0x3F, 0xC2, 0x04, 0x20, 0x43, 0xFC, 0x20, 0x40, 0x00},
    /* U+7B20 */ {0x7F, 0xF5, 0x68, 0xDC, 0xC0, 0x60, 0x7F, 0xE1, 0x08, 0x10, 0x81, 0x88, 0x19, 0x80, 0x90, 0xFF, 0xF0, 0x00},
    /* U+7B24 */ {0x7F, 0xF5, 0x68, 0xD4, 0xC7, 0xFE, 0x0C, 0x43, 0x9C, 0x60, 0x03, 0xFC, 0x20, 0x42, 0x04, 0x3F, 0xC0, 0x00},
    /* U+7B25 */ {0x3F, 0xE5, 0xAC, 0x4A, 0x47, 0xFC, 0x7F, 0xC0, 0x04, 0x3F, 0x42, 0x34, 0x23, 0x43, 0xF4, 0x21, 0xC0, 0x00},
    /* U+7B26 */ {0x7F, 0xE5, 0x68, 0xDC, 0x83, 0x04, 0x3F, 0xE6, 0x04, 0xE4, 0x42, 0x64, 0x22, 0x42, 0x04, 0x21, 0xC0, 0x00},
    /* U+7B28 */ {0x7F, 0xE5, 0x68, 0xD6, 0x80, 0x60, 0x7F, 0xE0, 0xF0, 0x1E, 0x83, 0x6C, 0x7F, 0xF4, 0x60, 0x06, 0x00, 0x00},
    /* U+7B2A */ {0x7F, 0xE5, 0x68, 0xD4, 0x83, 0xFC, 0x20, 0x43, 0xFC, 0x20, 0x42, 0x04, 0x3F, 0xC0, 0x00, 0x7F, 0xE0, 0x00},
    /* U+7B2B */ {0x7F, 0xF5, 0x68, 0xC6, 0xC3, 0xFC, 0x26, 0x06, 0x60, 0x7F, 0xE0, 0xE6, 0x1E, 0x66, 0x6C, 0x46, 0x00, 0x00},
    /* U+7B2C */ {0x3F, 0xE7, 0xAC, 0x4A, 0x47, 0xFE, 0x06, 0x63, 0xFE, 0x26, 0x07, 0xFE, 0x1E, 0x67, 0x6C, 0x46, 0x00, 0x00},
    /* U+7B2E */ {0x7F, 0xF5, 0x68, 0x5C, 0x81, 0xFE, 0x34, 0x06, 0x7E, 0x44, 0x00, 0x7E, 0x04, 0x00, 0x40, 0x04, 0x00, 0x00},
    /* U+7B31 */ {0x7F, 0xE5, 0x68, 0xD4, 0x03, 0xFE, 0x20, 0x26, 0x06, 0xFF, 0x63, 0x36, 0x3F, 0x63, 0x04, 0x01, 0xC0, 0x00},
    /* U+7B33 */ {0x7F, 0xE5, 0x68, 0x04, 0x03, 0x1E, 0x7D, 0x23, 0x52, 0x25, 0x22, 0x52, 0x25, 0x26, 0xDE, 0x59, 0x20, 0x00},
    /* U+7B38 */ {0x7F, 0xE5, 0x68, 0xD4, 0xC7, 0xFE, 0x60, 0x06, 0xFC, 0x68, 0xC6, 0xFC, 0x60, 0x06, 0x00, 0x7F, 0xE0, 0x00},
    /* U+7B3A */ {0x7F, 0xE5, 0x68, 0x5F, 0x81, 0xFE, 0x7C, 0x00, 0xFE, 0x7F, 0x40, 0x6C, 0x07, 0x87, 0xFB, 0x60, 0xE0, 0x00},
    /* U+7B3C */ {0x3F, 0xE5, 0xAC, 0x4B, 0x40, 0x8C, 0xFF, 0xF0, 0xA4, 0x1A, 0xC1, 0x38, 0x33, 0x06, 0xE3, 0xCB, 0xE0, 0x00},
    /* U+7B3E */ {0x7F, 0xE5, 0x68, 0x43, 0x02, 0xFE, 0x02, 0x2E, 0x22, 0x26, 0x22, 0x46, 0x2D, 0xC7, 0x80, 0xCF, 0xE0, 0x00},
    /* U+7B45 */ {0x7F, 0xE5, 0xAC, 0x76, 0x03, 0xFE, 0x66, 0x04, 0x60, 0x7F, 0xE1, 0x90, 0x19, 0x03, 0x13, 0x61, 0xE0, 0x00},
    /* U+7B47 */ {0x7F, 0xE5, 0x68, 0xD4, 0x87, 0xFE, 0x33, 0x63, 0x34, 0x33, 0x43, 0xF2, 0x7F, 0x24, 0x3E, 0x03, 0x00, 0x00},
    /* U+7B49 */ {0x7F, 0xF5, 0x68, 0x16, 0x83, 0xFC, 0x06, 0x0F, 0xFF, 0x00, 0x87, 0xFE, 0x10, 0x80, 0x88, 0x03, 0x80, 0x00},
    /* U+7B4B */ {0x7F, 0xE5, 0x68, 0xD5, 0x87, 0xD8, 0x6F, 0xE7, 0xDA, 0x6D, 0x27, 0xD2, 0x4F, 0x24, 0xE2, 0xDE, 0xE0, 0x00},
    /* U+7B4C */ {0x3F, 0xE5, 0xAC, 0x46, 0x40, 0xF8, 0x70, 0xE7, 0xFE, 0x06, 0x03, 0xFC, 0x06, 0x00, 0x60, 0x7F, 0xE0, 0x00},
    /* U+7B4F */ {0x7F, 0xE5, 0x68, 0x52, 0x83, 0x2C, 0x33, 0xE7, 0xFE, 0xE3, 0x62, 0x1C, 0x21, 0x82, 0xFF, 0x28, 0x60, 0x00},
    /* U+7B50 */ {0x7F, 0xED, 0x6C, 0x7F, 0xE6, 0x00, 0x7F, 0xC6, 0x20, 0x6F, 0xC6, 0x20, 0x7F, 0xC6, 0x00, 0x7F, 0xE0, 0x00},
    /* U+7B51 */ {0x3F, 0xE5, 0x2C, 0xDE, 0x47, 0xFC, 0x36, 0x43, 0x74, 0x37, 0x43, 0xFC, 0xFC, 0x40, 0xC5, 0x18, 0x70, 0x00},
    /* U+7B52 */ {0x7F, 0xE5, 0x68, 0xFF, 0xE6, 0x06, 0x7F, 0xE6, 0x06, 0x6F, 0xE6, 0x9E, 0x6F, 0xE6, 0x86, 0x60, 0xE0, 0x00},
    /* U+7B54 */ {0x7F, 0xE5, 0x2C, 0x56, 0x40, 0xF0, 0x19, 0xC7, 0xFF, 0x40, 0x03, 0xFC, 0x30, 0xC3, 0x0C, 0x3F, 0xC0, 0x00},
    /* U+7B56 */ {0x7F, 0xE5, 0x68, 0x16, 0x87, 0xFE, 0x06, 0x07, 0xFE, 0x66, 0x66, 0xFE, 0x1F, 0x87, 0x6E, 0x46, 0x20, 0x00},
    /* U+7B58 */ {0x7F, 0xF5, 0x68, 0xD4, 0xC1, 0x3E, 0x7E, 0x21, 0x22, 0x3A, 0x27, 0x22, 0x13, 0xE1, 0x22, 0x72, 0x00, 0x00},
    /* U+7B5A */ {0x7F, 0xED, 0xEC, 0x62, 0x47, 0xFC, 0x63, 0x26, 0xE2, 0x7F, 0xE0, 0x60, 0xFF, 0xF0, 0x60, 0x06, 0x00, 0x00},
    /* U+7B5B */ {0x7F, 0xE5, 0xAC, 0x17, 0xE5, 0x18, 0x57, 0xE5, 0x5A, 0x55, 0xA1, 0x5A, 0x35, 0xA2, 0x5E, 0x61, 0x80, 0x00},
    /* U+7B5D */ {0x7F, 0xE5, 0xAC, 0x5F, 0x03, 0x30, 0x7F, 0xC0, 0x64, 0xFF, 0xF0, 0x64, 0x3F, 0xC0, 0x60, 0x1C, 0x00, 0x00},
    /* U+7B60 */ {0x3F, 0xE5, 0x2C, 0x62, 0x02, 0x7E, 0x24, 0x2F, 0xF2, 0x21, 0x22, 0x0E, 0x3F, 0xAE, 0x66, 0x01, 0xC0, 0x00},
    /* U+7B62 */ {0x7F, 0xE5, 0x28, 0xD6, 0xC3, 0x7E, 0x7C, 0xA3, 0x4A, 0x3F, 0xE7, 0x42, 0x34, 0x03, 0x63, 0x73, 0xE0, 0x00},
    /* U+7B6E */ {0x3F, 0xE5, 0xAC, 0xDA, 0x47, 0xFE, 0x16, 0x01, 0x68, 0x36, 0x83, 0xFC, 0x6F, 0x60, 0x60, 0xFF, 0xF0, 0x00},
    /* U+7B71 */ {0x7F, 0xE5, 0x68, 0x57, 0xC3, 0x20, 0x2B, 0xF6, 0xE4, 0xEF, 0x42, 0x9C, 0x29, 0x82, 0xFE, 0x2C, 0x30, 0x00},
    /* U+7B72 */ {0x7F, 0xE5, 0xAC, 0x36, 0xC1, 0xF8, 0x3F, 0xC2, 0x04, 0x3F, 0xC2, 0x04, 0x3F, 0xC2, 0x04, 0x21, 0xC0, 0x00},
    /* U+7B75 */ {0x7F, 0xE5, 0x6C, 0xDC, 0xE7, 0x7E, 0x21, 0x87, 0x5E, 0x15, 0x85, 0x58, 0x77, 0xE7, 0x80, 0xCF, 0xF0, 0x00},
    /* U+7B77 */ {0x7F, 0xE5, 0x68, 0x31, 0x83, 0x7E, 0x79, 0x66, 0x16, 0x2F, 0xF2, 0x38, 0x22, 0x82, 0x66, 0x2C, 0x30, 0x00},
    /* U+7B79 */ {0x3F, 0xE5, 0x6C, 0x7F, 0xE0, 0xC0, 0x3F, 0xCF, 0xFE, 0x18, 0x83, 0xFE, 0x6C, 0x84, 0x48, 0x01, 0x80, 0x00},
    /* U+7B7B */ {0x7F, 0xE5, 0xEC, 0x7F, 0xE0, 0x60, 0x3F, 0xC3, 0xFC, 0x26, 0x43, 0xFC, 0x3C, 0x01, 0xE0, 0xF7, 0xF0, 0x00},
    /* U+7B7E */ {0x7F, 0xE5, 0x68, 0xD6, 0xC0, 0xF0, 0x30, 0xCF, 0xFF, 0x04, 0x43, 0x6C, 0x12, 0x80, 0x18, 0x7F, 0xE0, 0x00},
    /* U+7B80 */ {0x3F, 0xE5, 0xAC, 0x68, 0x43, 0xFE, 0x50, 0x24, 0xF2, 0x49, 0x24, 0xF2, 0x4F, 0x24, 0x02, 0x40, 0xE0, 0x00},
    /* U+7B85 */ {0x7F, 0xED, 0x68, 0x3F, 0xC2, 0x64, 0x3F, 0xC3, 0xFC, 0x00, 0x0F, 0xFF, 0x11, 0x83, 0x18, 0x61, 0x80, 0x00},
    /* U+7B8D */ {0x7F, 0xFD, 0x68, 0x27, 0xE2, 0x48, 0x7C, 0x82, 0x7E, 0x3E, 0xAE, 0x6A, 0x26, 0xE2, 0x48, 0x67, 0xF0, 0x00},
    /* U+7B90 */ {0x7F, 0xE5, 0xAC, 0x7F, 0xE3, 0xFC, 0x7F, 0xE7, 0xFE, 0x3F, 0xC3, 0xFC, 0x20, 0x43, 0xFC, 0x21, 0xC0, 0x00},
    /* U+7B94 */ {0x7F, 0xE5, 0x68, 0xD4, 0xC2, 0x10, 0x3F, 0xE6, 0xC2, 0x2F, 0xE1, 0xC2, 0x3C, 0x26, 0xFE, 0x44, 0x20, 0x00},
    /* U+7B95 */ {0x7F, 0xE5, 0x68, 0x14, 0x87, 0xFE, 0x1F, 0x81, 0x08, 0x1F, 0x81, 0x08, 0xFF, 0xE3, 0x9C, 0x60, 0x60, 0x00},
    /* U+7B97 */ {0x7F, 0xED, 0x6C, 0x3F, 0xC3, 0xFC, 0x20, 0x43, 0xFC, 0x3F, 0xC1, 0x98, 0xFF, 0xF3, 0x18, 0x61, 0x80, 0x00},
    /* U+7B9C */ {0x7F, 0xE5, 0x6C, 0x16, 0x07, 0xFE, 0x49, 0x23, 0x9C, 0x60, 0x63, 0xFC, 0x06, 0x00, 0x60, 0x7F, 0xE0, 0x00},
    /* U+7B9D */ {0x7F, 0xE5, 0xAC, 0x7A, 0x62, 0x26, 0xFF, 0xF2, 0x26, 0x7B, 0xEE, 0x26, 0x22, 0x62, 0x3E, 0x62, 0x60, 0x00},
    /* U+7BA1 */ {0x7F, 0xE5, 0xAC, 0x06, 0x07, 0xFE, 0x7F, 0xE3, 0x0C, 0x3F, 0xC3, 0x00, 0x3F, 0xC3, 0x04, 0x3F, 0xC0, 0x00},
    /* U+7BA2 */ {0x7F, 0xE5, 0xAC, 0x4E, 0x47, 0xFE, 0x50, 0x23, 0xFE, 0x6F, 0x67, 0xBC, 0x1B, 0x03, 0x33, 0x61, 0xE0, 0x00},
    /* U+7BA6 */ {0x7F, 0xED, 0xEC, 0x7F, 0xE3, 0xFC, 0x06, 0x07, 0xFE, 0x3F, 0xC2, 0x64, 0x26, 0x41, 0xFC, 0x70, 0x60, 0x00},
    /* U+7BA7 */ {0x7F, 0xED, 0xEC, 0x7F, 0xE6, 0x20, 0x7F, 0xC6, 0xAC, 0x7F, 0xE6, 0x78, 0x6C, 0xC7, 0x84, 0x7F, 0xE0, 0x00},
    /* U+7BA8 */ {0x7F, 0xED, 0xEC, 0x27, 0xEF, 0xA4, 0x21, 0xC2, 0x7F, 0x3D, 0x8F, 0x7E, 0x2F, 0xE2, 0x18, 0x61, 0x80, 0x00},
    /* U+7BA9 */ {0x7F, 0xED, 0x6C, 0x7F, 0xE4, 0x92, 0x7F, 0xE0, 0x80, 0x3F, 0xC7, 0x88, 0x0F, 0x81, 0xE0, 0x78, 0x00, 0x00},
    /* U+7BAA */ {0x7F, 0xE5, 0xAC, 0x19, 0x83, 0xFC, 0x26, 0x43, 0xFC, 0x26, 0x43, 0xFC, 0x7F, 0xE0, 0x60, 0x06, 0x00, 0x00},
    /* U+7BAB */ {0x7F, 0xE5, 0xAC, 0x7F, 0xC0, 0x64, 0x7F, 0xE3, 0xFC, 0x26, 0x42, 0xF6, 0x3F, 0xE7, 0x6E, 0x46, 0x40, 0x00},
    /* U+7BAC */ {0x7F, 0xE5, 0x6C, 0x19, 0x87, 0xFE, 0x0D, 0x8F, 0xFF, 0x18, 0x03, 0xFC, 0x70, 0x45, 0x04, 0x1F, 0xC0, 0x00},
    /* U+7BAD */ {0x7F, 0xE5, 0xAC, 0x10, 0x8F, 0xFF, 0x00, 0x07, 0xD6, 0x7D, 0x66, 0x56, 0x7D, 0x66, 0x46, 0x6C, 0xE0, 0x00},
    /* U+7BB1 */ {0x7F, 0xF5, 0x68, 0xD4, 0x81, 0x3E, 0x7E, 0x23, 0x3E, 0x3A, 0x27, 0xFE, 0xD2, 0x21, 0x3E, 0x12, 0x20, 0x00},
    /* U+7BB4 */ {0x7F, 0xE5, 0x68, 0x13, 0xC7, 0xFE, 0x61, 0x07, 0xF6, 0x7D, 0x45, 0x58, 0x5F, 0x95, 0x3F, 0xC6, 0x60, 0x00},
    /* U+7BB8 */ {0x7F, 0xF5, 0x68, 0x54, 0xE3, 0xFC, 0x05, 0x8F, 0xFF, 0x3F, 0xCF, 0x04, 0x1F, 0xC1, 0x04, 0x1F, 0xC0, 0x00},
    /* U+7BC1 */ {0x7F, 0xE5, 0xEC, 0x3F, 0xC2, 0x04, 0x3F, 0xC3, 0xFC, 0x00, 0x07, 0xFE, 0x3F, 0xC0, 0x60, 0x7F, 0xE0, 0x00},
    /* U+7BC6 */ {0x7F, 0xE5, 0xAC, 0x1F, 0x83, 0xF8, 0x01, 0x87, 0xFE, 0x7E, 0xC1, 0xF8, 0x7F, 0xC7, 0xB6, 0x46, 0x20, 0x00},
    /* U+7BC7 */ {0x7F, 0xE5, 0x6C, 0xC6, 0x03, 0xFE, 0x20, 0x63, 0xFE, 0x3F, 0xE7, 0x5A, 0x7F, 0xE5, 0x5A, 0xD4, 0xE0, 0x00},
    /* U+7BCC */ {0x7F, 0xE5, 0xAC, 0x37, 0xC2, 0x0C, 0x6F, 0xE6, 0xFE, 0x69, 0x03, 0xFF, 0x23, 0x82, 0x6E, 0x3C, 0x70, 0x00},
    /* U+7BD1 */ {0x7F, 0xE5, 0x2C, 0x3F, 0xC3, 0xFC, 0x06, 0x07, 0xFE, 0x3F, 0xC2, 0x04, 0x26, 0x41, 0xFC, 0x70, 0x60, 0x00},
    /* U+7BD3 */ {0x7F, 0xED, 0x6C, 0x16, 0x81, 0x68, 0x7F, 0xE7, 0xFE, 0x4C, 0x07, 0xFE, 0x11, 0x83, 0xF8, 0x7D, 0xE0, 0x00},
    /* U+7BD9 */ {0x7F, 0xE5, 0x6C, 0x7F, 0xE0, 0x00, 0x3F, 0xC3, 0xFC, 0x7F, 0xE7, 0xFE, 0x5F, 0xA5, 0xFA, 0x40, 0xE0, 0x00},
    /* U+7BDA */ {0x7F, 0xE5, 0x68, 0x7F, 0xE4, 0x50, 0x7D, 0xE4, 0x50, 0x5D, 0xE7, 0xDE, 0x45, 0x04, 0x50, 0x7F, 0xE0, 0x00},
    /* U+7BDD */ {0x7F, 0xFD, 0x48, 0x7F, 0xE3, 0xFC, 0x19, 0x87, 0xFE, 0x3F, 0xC3, 0xFC, 0x26, 0x47, 0xFE, 0x21, 0xC0, 0x00},
    /* U+7BE1 */ {0x7F, 0xE7, 0xFC, 0x20, 0x43, 0xFC, 0x3F, 0xC3, 0xFC, 0xFF, 0xF3, 0x4C, 0x6D, 0x61, 0xF8, 0x1C, 0xC0, 0x00},
    /* U+7BE5 */ {0x7F, 0xFD, 0x48, 0x7F, 0xE0, 0x90, 0x7F, 0xE6, 0x96, 0x7F, 0xEF, 0xFF, 0x1F, 0x07, 0x6E, 0x46, 0x20, 0x00},
    /* U+7BE6 */ {0x7F, 0xFD, 0x6C, 0x3F, 0xE6, 0x96, 0x6F, 0x67, 0x9E, 0x3F, 0xE3, 0xFE, 0x23, 0xC7, 0xE3, 0x7B, 0xE0, 0x00},
    /* U+7BEA */ {0x7F, 0xE5, 0xAC, 0x3F, 0x82, 0x3C, 0x3F, 0xE7, 0xBE, 0x7F, 0xE7, 0x1C, 0x77, 0x85, 0x4A, 0xDC, 0xE0, 0x00},
    /* U+7BEE */ {0x7F, 0xED, 0xEC, 0x09, 0x06, 0xBE, 0x6A, 0x86, 0xEC, 0x08, 0x43, 0xFC, 0x29, 0x42, 0x94, 0xFF, 0xF0, 0x00},
    /* U+7BF1 */ {0x7F, 0xED, 0x68, 0x7F, 0xE2, 0xF4, 0x3F, 0x43, 0xFC, 0x04, 0x07, 0xFE, 0x6B, 0x67, 0xFE, 0x60, 0xE0, 0x00},
    /* U+7BF7 */ {0x7F, 0xED, 0x6C, 0x47, 0xC6, 0xFC, 0x0F, 0xEE, 0xFE, 0x21, 0x02, 0x7C, 0x2F, 0xE7, 0x90, 0xCF, 0xF0, 0x00},
    /* U+7BFC */ {0x7F, 0xE5, 0xAC, 0x16, 0xE6, 0x9E, 0x4F, 0x67, 0x96, 0x6F, 0xE0, 0xB0, 0x0B, 0x13, 0xB3, 0x61, 0xE0, 0x00},
    /* U+7BFE */ {0x7F, 0xF5, 0x68, 0x7F, 0xE6, 0x92, 0x3F, 0xE0, 0x6C, 0x7F, 0xE7, 0x2C, 0x7B, 0x84, 0xFB, 0xCC, 0xE0, 0x00},
    /* U+7C07 */ {0x7F, 0xEF, 0xEC, 0x32, 0x0F, 0xFE, 0x27, 0x03, 0xFE, 0x6A, 0x86, 0xFE, 0x49, 0xC4, 0xB6, 0xFE, 0x30, 0x00},
    /* U+7C0B */ {0x7F, 0xE5, 0x68, 0x3F, 0xC3, 0xFC, 0x3F, 0xC2, 0x6C, 0x3F, 0xC3, 0xFE, 0x29, 0x42, 0x94, 0xFF, 0xE0, 0x00},
    /* U+7C0C */ {0x7F, 0xE5, 0xAC, 0x11, 0x07, 0xFE, 0x7E, 0xA5, 0x6A, 0x7C, 0x83, 0x9C, 0x7D, 0x4D, 0x36, 0x16, 0x30, 0x00},
    /* U+7C0F */ {0x7F, 0xE5, 0xE8, 0x7F, 0xE6, 0x90, 0x7F, 0xE6, 0x92, 0x7F, 0xE5, 0x12, 0x5F, 0xE5, 0x53, 0xDD, 0xE0, 0x00},
    /* U+7C16 */ {0x7F, 0xF5, 0x6C, 0x48, 0xE6, 0xDC, 0x5D, 0x07, 0xFF, 0x5D, 0x47, 0xD4, 0x69, 0x47, 0xF4, 0x02, 0x40, 0x00},
    /* U+7C1F */ {0x7F, 0xED, 0x68, 0x7F, 0xE7, 0xFE, 0x7F, 0xE3, 0xFC, 0x3F, 0xC3, 0xFC, 0x3F, 0xCF, 0xFF, 0x06, 0x00, 0x00},
    /* U+7C26 */ {0x7F, 0xE5, 0xEC, 0x7F, 0xC4, 0x9A, 0x3F, 0xE7, 0x0C, 0xFF, 0xF3, 0x0C, 0x3F, 0x81, 0x90, 0x7F, 0xE0, 0x00},
    /* U+7C27 */ {0x7F, 0xE5, 0xBC, 0x7F, 0xE1, 0x98, 0xFF, 0xF3, 0xFC, 0x26, 0x43, 0xFC, 0x3F, 0xC1, 0x9C, 0x60, 0x60, 0x00},
    /* U+7C2A */ {0x7F, 0xE5, 0x68, 0x7F, 0xE7, 0xFE, 0x38, 0xC7, 0xF7, 0x00, 0x03, 0xFC, 0x3F, 0xC2, 0x04, 0x3F, 0xC0, 0x00},
    /* U+7C38 */ {0x7F, 0xED, 0x68, 0x68, 0x87, 0xFE, 0x7A, 0xA6, 0xBE, 0x7B, 0x26, 0xAE, 0xFE, 0xC6, 0xFE, 0x47, 0x30, 0x00},
    /* U+7C3F */ {0x7F, 0xF5, 0x6C, 0x4F, 0xE3, 0x10, 0x0F, 0xE6, 0xFE, 0x2F, 0xE3, 0x16, 0x3F, 0xF6, 0x44, 0x43, 0xC0, 0x00},
    /* U+7C40 */ {0x7F, 0xFD, 0x6C, 0x2F, 0xE2, 0xCA, 0xFE, 0xA2, 0xFE, 0x30, 0x0E, 0xFE, 0x2F, 0xE2, 0xD2, 0x6F, 0xE0, 0x00},
    /* U+7C41 */ {0x7F, 0xFD, 0x7C, 0x11, 0xC7, 0xF4, 0x7F, 0xE5, 0xE2, 0x7E, 0xA3, 0xAA, 0x7E, 0xED, 0x1E, 0x17, 0x30, 0x00},
    /* U+7C4D */ {0x7F, 0xE5, 0xAC, 0x71, 0x47, 0xFE, 0x79, 0x43, 0x7E, 0x7B, 0xE3, 0xA2, 0x7B, 0xEF, 0x22, 0x33, 0xE0, 0x00},
    /* U+7C73 */ {0x66, 0x62, 0x64, 0x36, 0xC0, 0x60, 0xFF, 0xF0, 0xF0, 0x1F, 0x81, 0x68, 0x36, 0x6E, 0x63, 0x06, 0x00, 0x00},
    /* U+7C74 */ {0x06, 0x00, 0xD8, 0x30, 0xEE, 0x6F, 0x16, 0x81, 0x68, 0x7F, 0xE0, 0xF0, 0x36, 0xC6, 0x66, 0x06, 0x00, 0x00},
    /* U+7C7B */ {0x36, 0xC1, 0x68, 0x7F, 0xE0, 0xF8, 0x36, 0xC6, 0x62, 0x06, 0x07, 0xFE, 0x0F, 0x03, 0x9C, 0x70, 0x70, 0x00},
    /* U+7C7C */ {0xE9, 0x87, 0x98, 0x75, 0xAF, 0xDA, 0x35, 0xA7, 0x5A, 0x7D, 0xAE, 0x5A, 0xA5, 0xA2, 0x7E, 0x20, 0x20, 0x00},
    /* U+7C7D */ {0xFF, 0xE7, 0x86, 0x78, 0xCF, 0x88, 0x30, 0x83, 0x7F, 0x78, 0x87, 0x88, 0xF0, 0x83, 0x08, 0x33, 0x80, 0x00},
    /* U+7C89 */ {0xEB, 0x47, 0xA4, 0x76, 0x6F, 0xC3, 0x27, 0xE7, 0x16, 0x7B, 0x6E, 0xB6, 0xA2, 0x62, 0x64, 0x25, 0xC0, 0x00},
    /* U+7C91 */ {0x6F, 0xE7, 0xCA, 0x74, 0xAF, 0xCA, 0x24, 0xA7, 0x7E, 0x7C, 0x26, 0x40, 0xA4, 0x12, 0x63, 0x27, 0xE0, 0x00},
    /* U+7C92 */ {0x69, 0x87, 0xFE, 0x70, 0x0F, 0xA6, 0x22, 0x47, 0x24, 0x7A, 0x4E, 0x34, 0xA3, 0xC2, 0xFF, 0x20, 0x00, 0x00},
    /* U+7C95 */ {0x79, 0x07, 0xFE, 0x76, 0x2F, 0xE2, 0x36, 0x27, 0x7E, 0x7E, 0x2E, 0x62, 0xA6, 0x22, 0x7E, 0x24, 0x20, 0x00},
    /* U+7C97 */ {0x7E, 0x67, 0xA6, 0x7A, 0x6F, 0xFE, 0x32, 0x63, 0xA6, 0x7B, 0xE7, 0xA6, 0xF2, 0x63, 0x26, 0x3F, 0xF0, 0x00},
    /* U+7C98 */ {0x7D, 0x87, 0x9F, 0x31, 0x8F, 0xD8, 0x31, 0x83, 0x7E, 0x7E, 0x27, 0xE2, 0xB6, 0x23, 0x7E, 0x36, 0x20, 0x00},
    /* U+7C9C */ {0x26, 0x43, 0xFC, 0x46, 0x27, 0xFE, 0x36, 0xC1, 0x68, 0x7F, 0xF0, 0xF0, 0x3F, 0xC6, 0x66, 0x46, 0x20, 0x00},
    /* U+7C9D */ {0x2F, 0xF7, 0xE0, 0x77, 0xF2, 0x78, 0xFF, 0x83, 0x5E, 0x7D, 0xA6, 0xD2, 0xE5, 0x22, 0xF2, 0x2A, 0xE0, 0x00},
    /* U+7C9E */ {0xEF, 0xF7, 0xB8, 0x73, 0x8F, 0xFE, 0x25, 0xA7, 0x5A, 0x7F, 0xAE, 0x6E, 0xA4, 0x22, 0x7E, 0x24, 0x20, 0x00},
    /* U+7C9F */ {0x7F, 0xE7, 0xFE, 0x69, 0x66, 0x96, 0x7F, 0xE3, 0x6C, 0x16, 0x8F, 0xFF, 0x1F, 0x87, 0x6E, 0xC6, 0x20, 0x00},
    /* U+7CA2 */ {0x77, 0xE0, 0xD2, 0x1B, 0x87, 0x6C, 0x4C, 0x63, 0x6C, 0x16, 0x8F, 0xFF, 0x1F, 0x87, 0x6E, 0x46, 0x20, 0x00},
    /* U+7CA4 */ {0x3F, 0xC2, 0xF4, 0x3F, 0xC3, 0xFC, 0x3F, 0xC0, 0x00, 0x7F, 0xE1, 0x00, 0x3F, 0xC0, 0x0C, 0x03, 0x80, 0x00},
    /* U+7CA5 */ {0x3F, 0x23, 0xF2, 0x7E, 0xE4, 0xE8, 0xCF, 0x8F, 0x6E, 0x3F, 0x23, 0xF2, 0x3C, 0x23, 0x42, 0x64, 0xE0, 0x00},
    /* U+7CAA */ {0x16, 0x87, 0xFE, 0x0F, 0x07, 0x6E, 0x59, 0xA7, 0xFE, 0x19, 0x81, 0x98, 0xFF, 0xF1, 0x9C, 0x60, 0x60, 0x00},
    /* U+7CAE */ {0x7F, 0xE7, 0xE2, 0x7E, 0x2F, 0xFE, 0x36, 0x23, 0xFE, 0x7E, 0xA7, 0x6E, 0xF6, 0x43, 0x7E, 0x36, 0x20, 0x00},
    /* U+7CB1 */ {0x42, 0xC6, 0xAE, 0x1E, 0xE2, 0x4F, 0x4D, 0x85, 0x6C, 0x16, 0x8F, 0xFF, 0x1F, 0x87, 0x6E, 0x46, 0x20, 0x00},
    /* U+7CB2 */ {0x3F, 0xE7, 0xF6, 0x4D, 0xC3, 0x9C, 0x73, 0x27, 0x6C, 0x16, 0x87, 0xFE, 0x1F, 0x87, 0x6E, 0x46, 0x20, 0x00},
    /* U+7CB3 */ {0xEF, 0xF7, 0x98, 0x77, 0xEF, 0xDA, 0x37, 0xE7, 0x5A, 0x7F, 0xEE, 0x70, 0xA3, 0x02, 0x7C, 0x2C, 0xF0, 0x00},
    /* U+7CB9 */ {0x68, 0x87, 0xFE, 0x72, 0x4F, 0xFC, 0x35, 0xA7, 0x58, 0x7F, 0xF7, 0x98, 0xE1, 0x82, 0x18, 0x21, 0x80, 0x00},
    /* U+7CBC */ {0x3C, 0xA7, 0xEA, 0x3C, 0xE7, 0xFC, 0x59, 0x46, 0x34, 0x7F, 0xED, 0xAA, 0x3F, 0xA6, 0x2F, 0x42, 0x00, 0x00},
    /* U+7CBD */ {0x6F, 0xE7, 0xC2, 0x74, 0x2F, 0xBC, 0x20, 0x07, 0x7F, 0x71, 0x86, 0xFE, 0xE5, 0xA2, 0xDB, 0x23, 0x80, 0x00},
    /* U+7CBE */ {0x7F, 0xE7, 0x7E, 0x71, 0x8F, 0xFF, 0x20, 0x07, 0x7E, 0x7F, 0xEE, 0x62, 0xA7, 0xE2, 0x62, 0x26, 0xE0, 0x00},
    /* U+7CC1 */ {0xEA, 0xC7, 0xFE, 0x71, 0x0E, 0xFE, 0x26, 0xE7, 0xF3, 0x7E, 0xCE, 0x3A, 0xA6, 0xC2, 0x38, 0x26, 0x00, 0x00},
    /* U+7CC5 */ {0xFB, 0xC7, 0x7F, 0x23, 0xAF, 0xEA, 0x25, 0x87, 0x18, 0x7F, 0xFE, 0xBC, 0xA3, 0xE2, 0xDB, 0x21, 0x80, 0x00},
    /* U+7CC7 */ {0x35, 0xE7, 0x46, 0x7F, 0xFF, 0xD0, 0x25, 0xE7, 0x6C, 0x76, 0xCF, 0x7F, 0xA4, 0xC2, 0x5E, 0x27, 0x30, 0x00},
    /* U+7CC8 */ {0x79, 0xA7, 0x7E, 0x77, 0x8F, 0xDF, 0x20, 0x07, 0x7E, 0x77, 0xE7, 0x42, 0xA7, 0xE2, 0x42, 0x24, 0xE0, 0x00},
    /* U+7CCA */ {0xFE, 0xA7, 0x6A, 0x7F, 0xEF, 0x6A, 0x26, 0xA7, 0xFA, 0x79, 0xEE, 0x9A, 0xAF, 0xA2, 0x9A, 0x21, 0x60, 0x00},
    /* U+7CCC */ {0xEF, 0xC7, 0xD6, 0x7B, 0x6F, 0xF4, 0x2D, 0xF7, 0x80, 0x77, 0xEE, 0x42, 0xA7, 0xE2, 0x42, 0x27, 0xE0, 0x00},
    /* U+7CCD */ {0xFA, 0x47, 0xFF, 0x74, 0x4F, 0x4E, 0x67, 0xA7, 0xFE, 0x76, 0x4F, 0x66, 0xA7, 0xA2, 0xFF, 0x21, 0x10, 0x00},
    /* U+7CD5 */ {0xEA, 0x47, 0xFE, 0x71, 0x8F, 0x98, 0x37, 0xE7, 0x18, 0x7F, 0xFE, 0x00, 0xA7, 0xA2, 0xFF, 0x29, 0xF0, 0x00},
    /* U+7CD6 */ {0xFF, 0xF7, 0x48, 0x77, 0xEF, 0xCA, 0x27, 0xF7, 0xFE, 0x7C, 0x8E, 0xFE, 0xAA, 0x22, 0xA2, 0x3B, 0xE0, 0x00},
    /* U+7CD7 */ {0x7F, 0xE7, 0xE2, 0x7F, 0xEF, 0xFE, 0x36, 0x23, 0x7E, 0x79, 0xE7, 0x7E, 0xF1, 0x83, 0x6E, 0x3C, 0x30, 0x00},
    /* U+7CD9 */ {0xB9, 0xC7, 0x7E, 0x76, 0xCF, 0x3F, 0x6C, 0x07, 0x5E, 0x75, 0x2E, 0x52, 0xA5, 0xE2, 0xE0, 0x29, 0xF0, 0x00},
    /* U+7CDC */ {0x7F, 0xF4, 0x88, 0x7F, 0xE5, 0xDC, 0x7B, 0xA4, 0x84, 0x4A, 0xC7, 0xFE, 0x47, 0x8D, 0xAE, 0xB2, 0x20, 0x00},
    /* U+7CDF */ {0xFF, 0xF7, 0x1C, 0x77, 0xEF, 0xFE, 0x25, 0xE7, 0x7E, 0x77, 0xEE, 0x42, 0xA7, 0xE2, 0x42, 0x27, 0xE0, 0x00},
    /* U+7CE0 */ {0x7F, 0xE7, 0xD8, 0x7F, 0xEF, 0xFF, 0x6D, 0xA7, 0xFE, 0x7F, 0xAE, 0xBE, 0xAB, 0xC2, 0xFB, 0x2B, 0x80, 0x00},
    /* U+7CE8 */ {0x7B, 0x27, 0x32, 0x7F, 0xEF, 0xCC, 0x2D, 0xE7, 0xFE, 0x73, 0xEE, 0x3E, 0xA6, 0xE2, 0x6E, 0x2D, 0x90, 0x00},
    /* U+7CEF */ {0xF9, 0x87, 0xFF, 0x7F, 0xFF, 0x18, 0x27, 0xE7, 0xFF, 0x71, 0x06, 0xFE, 0xA7, 0xA2, 0x7A, 0x27, 0xE0, 0x00},
    /* U+7CF8 */ {0x08, 0x81, 0x18, 0x3F, 0x00, 0xCC, 0x18, 0xC7, 0xFE, 0x26, 0x21, 0x68, 0x36, 0xC6, 0x66, 0x4E, 0x20, 0x00},
    /* U+7CFB */ {0x7F, 0x80, 0xC8, 0x11, 0x83, 0xE0, 0x0C, 0xC3, 0xFC, 0x7E, 0x21, 0x68, 0x36, 0xC6, 0x66, 0x0E, 0x00, 0x00},
    /* U+7D0A */ {0x7F, 0xE1, 0x98, 0x0F, 0x07, 0xDE, 0x19, 0x03, 0xF0, 0x1C, 0xC7, 0xFE, 0x16, 0x87, 0x6C, 0x4E, 0x20, 0x00},
    /* U+7D20 */ {0x7F, 0xE3, 0xFC, 0x06, 0x0F, 0xFF, 0x1D, 0x83, 0xF0, 0x1C, 0xC7, 0xFE, 0x16, 0x87, 0x6E, 0x4E, 0x20, 0x00},
    /* U+7D22 */ {0x7F, 0xE0, 0x60, 0x7F, 0xE4, 0xC2, 0x19, 0x83, 0xE8, 0x1C, 0xC7, 0xFE, 0x16, 0x87, 0x66, 0x4E, 0x20, 0x00},
    /* U+7D27 */ {0x52, 0x45, 0x1C, 0x53, 0xC5, 0xEE, 0x19, 0x03, 0xF0, 0x1C, 0xC7, 0xFE, 0x36, 0x83, 0x6C, 0x6E, 0x60, 0x00},
    /* U+7D2B */ {0x5F, 0xE5, 0x38, 0x5F, 0x3F, 0xDE, 0x0D, 0x83, 0xF0, 0x1C, 0xC7, 0xFE, 0x16, 0xA7, 0x6E, 0x4E, 0x20, 0x00},
    /* U+7D2F */ {0x66, 0x67, 0xFE, 0x66, 0x67, 0xFE, 0x19, 0x03, 0xE8, 0x1C, 0xC7, 0xFE, 0x16, 0x87, 0x6C, 0x4E, 0x20, 0x00},
    /* U+7D6E */ {0x7F, 0xE6, 0xF2, 0x7B, 0x23, 0xFE, 0x6C, 0x83, 0xF8, 0x0C, 0xC7, 0xFE, 0x36, 0x83, 0x6C, 0x4E, 0x20, 0x00},
    /* U+7D77 */ {0x7F, 0xC3, 0x34, 0x7B, 0x43, 0x7F, 0x7D, 0x21, 0xB0, 0x3E, 0x83, 0xFC, 0x37, 0xA3, 0x6C, 0x6E, 0x60, 0x00},
    /* U+7DA6 */ {0x7F, 0xE1, 0xF8, 0x1F, 0x81, 0x08, 0xFF, 0xF3, 0xCC, 0xFF, 0x31, 0xCC, 0x7F, 0xE3, 0x6C, 0x6E, 0x60, 0x00},
    /* U+7DAE */ {0x7D, 0xF6, 0x74, 0x7F, 0xC4, 0xFE, 0xDB, 0x23, 0xF0, 0x1C, 0xC7, 0xFE, 0x16, 0x87, 0x6E, 0x4E, 0x20, 0x00},
    /* U+7E3B */ {0x7F, 0xF4, 0x88, 0x7F, 0xE5, 0xDE, 0x7B, 0xA6, 0xD8, 0x5F, 0x45, 0xFE, 0x5E, 0x2D, 0xA4, 0xB6, 0x20, 0x00},
    /* U+7E41 */ {0x41, 0xE7, 0xF4, 0xFE, 0xC5, 0x5C, 0x7F, 0x31, 0x90, 0x3E, 0x87, 0xFE, 0x76, 0x23, 0x6C, 0x6E, 0x20, 0x00},
    /* U+7E47 */ {0x77, 0xC5, 0x58, 0x5D, 0x46, 0xBC, 0x7D, 0xA5, 0x3E, 0xFC, 0x85, 0x3E, 0x56, 0xA7, 0xE8, 0x05, 0x80, 0x00},
    /* U+7E82 */ {0x7F, 0xE7, 0xFC, 0x3F, 0xC3, 0xFC, 0x3F, 0xC0, 0x80, 0x7F, 0xE7, 0xFE, 0x3F, 0xC1, 0x7C, 0x36, 0xC0, 0x00},
    /* U+7E9B */ {0x3F, 0xC7, 0xFE, 0x3F, 0xC7, 0xFE, 0x3F, 0xE7, 0xFE, 0x7D, 0xC7, 0xFA, 0x7F, 0xE7, 0xBE, 0x77, 0xA0, 0x00},
    /* U+7E9F */ {0x18, 0x01, 0x00, 0x24, 0x07, 0xC0, 0x78, 0x03, 0x00, 0x7C, 0x06, 0x00, 0x1C, 0x07, 0x80, 0x00, 0x00, 0x00},
    /* U+7EA0 */ {0x10, 0x63, 0x26, 0x22, 0x67, 0xA6, 0xF2, 0x62, 0x26, 0x7A, 0x67, 0x3E, 0x0E, 0x6F, 0x86, 0x00, 0x60, 0x00},
    /* U+7EA1 */ {0x27, 0xE2, 0x18, 0x59, 0x8F, 0x18, 0x77, 0xF6, 0x18, 0x79, 0x84, 0x18, 0x19, 0x8F, 0x18, 0x03, 0x80, 0x00},
    /* U+7EA2 */ {0x27, 0xE6, 0x18, 0x59, 0x8F, 0x18, 0x31, 0x86, 0x18, 0xF9, 0x80, 0x18, 0x39, 0x8F, 0xFF, 0x00, 0x00, 0x00},
    /* U+7EA3 */ {0x20, 0x46, 0x04, 0x5F, 0xFF, 0x04, 0x32, 0x46, 0xA4, 0xFB, 0x44, 0x14, 0x38, 0x4F, 0x04, 0x01, 0xC0, 0x00},
    /* U+7EA4 */ {0x37, 0xC2, 0x08, 0x48, 0x8F, 0x08, 0x37, 0xF6, 0x08, 0xF8, 0x80, 0x08, 0x18, 0x8F, 0x88, 0x00, 0x80, 0x00},
    /* U+7EA5 */ {0x32, 0x02, 0x3F, 0x6E, 0x0F, 0xC0, 0x73, 0xC2, 0x0C, 0x79, 0x86, 0x30, 0x0A, 0x1F, 0xE3, 0x03, 0xE0, 0x00},
    /* U+7EA6 */ {0x22, 0x06, 0xBE, 0x5E, 0x2F, 0x42, 0x33, 0x26, 0x12, 0xF9, 0xA0, 0x02, 0x18, 0x2F, 0x86, 0x01, 0xC0, 0x00},
    /* U+7EA7 */ {0x27, 0xC6, 0x24, 0x5A, 0xCF, 0x2E, 0x23, 0x27, 0xF6, 0xF7, 0x40, 0xCC, 0x7D, 0xCE, 0xF6, 0x0A, 0x30, 0x00},
    /* U+7EA8 */ {0x33, 0x02, 0x7C, 0x6B, 0x4F, 0x34, 0x33, 0x42, 0x74, 0x7B, 0x44, 0x2C, 0x1E, 0x47, 0xC7, 0x0C, 0x20, 0x00},
    /* U+7EA9 */ {0x20, 0x82, 0x7F, 0x5E, 0x0F, 0x60, 0x76, 0x06, 0x60, 0x7C, 0x04, 0x40, 0x3C, 0x0E, 0xC0, 0x08, 0x00, 0x00},
    /* U+7EAA */ {0x37, 0xE2, 0x02, 0x68, 0x2F, 0x82, 0x77, 0xE6, 0x62, 0x7E, 0x04, 0x60, 0x0E, 0x3F, 0xE3, 0x03, 0xE0, 0x00},
    /* U+7EAB */ {0x27, 0xE2, 0x1A, 0x5B, 0xAF, 0x7A, 0x35, 0xA6, 0x52, 0x7D, 0x24, 0x32, 0x3A, 0x2F, 0x66, 0x0D, 0xC0, 0x00},
    /* U+7EAC */ {0x21, 0x82, 0x7E, 0x59, 0x8F, 0x7E, 0x21, 0x87, 0xFF, 0xF1, 0xB0, 0x1A, 0x19, 0xAF, 0x1E, 0x01, 0x80, 0x00},
    /* U+7EAD */ {0x27, 0xE2, 0x00, 0x58, 0x0F, 0x00, 0x77, 0xF2, 0x10, 0x7B, 0x44, 0x26, 0x1E, 0x6F, 0x7E, 0x00, 0x30, 0x00},
    /* U+7EAF */ {0x21, 0x82, 0x7F, 0x59, 0x8F, 0x5A, 0x35, 0xA6, 0x5A, 0x7F, 0xE0, 0x1A, 0x39, 0x8F, 0x1B, 0x00, 0xE0, 0x00},
    /* U+7EB0 */ {0x24, 0x86, 0x48, 0x5C, 0xAF, 0x7E, 0x24, 0xC6, 0x48, 0x74, 0x84, 0x48, 0x3C, 0xBE, 0x7B, 0x04, 0xE0, 0x00},
    /* U+7EB1 */ {0x31, 0x82, 0x18, 0x67, 0xE5, 0xFA, 0xF5, 0xA2, 0x58, 0x79, 0xEF, 0x04, 0x18, 0xCF, 0x38, 0x0E, 0x00, 0x00},
    /* U+7EB2 */ {0x27, 0xE2, 0x46, 0x5E, 0xEF, 0x7A, 0x75, 0xA2, 0x5A, 0x7D, 0xA4, 0x7E, 0x1E, 0x6F, 0xC2, 0x04, 0x60, 0x00},
    /* U+7EB3 */ {0x21, 0x82, 0x18, 0x5F, 0xEF, 0x5A, 0x75, 0xA6, 0x5A, 0x7F, 0xE4, 0x66, 0x1C, 0x2F, 0x42, 0x04, 0xE0, 0x00},
    /* U+7EB5 */ {0x26, 0xC6, 0x6C, 0x56, 0xCF, 0x6C, 0x26, 0xC7, 0x6C, 0xE7, 0xC1, 0xDE, 0xF9, 0x20, 0xB3, 0x00, 0x00, 0x00},
    /* U+7EB6 */ {0x21, 0x82, 0x3C, 0x5E, 0x6F, 0xE2, 0x76, 0x06, 0x2C, 0x7B, 0x8E, 0x30, 0x1A, 0x2F, 0xA2, 0x03, 0xE0, 0x00},
    /* U+7EB7 */ {0x23, 0x46, 0x24, 0x5E, 0x6F, 0x43, 0x37, 0xE6, 0x16, 0xFB, 0x64, 0x36, 0x3A, 0x6F, 0x64, 0x0D, 0xC0, 0x00},
    /* U+7EB8 */ {0x27, 0xC2, 0x48, 0x5C, 0x8F, 0x48, 0x77, 0xE2, 0x48, 0x7C, 0xC4, 0x4C, 0x1C, 0x5F, 0x77, 0x06, 0x60, 0x00},
    /* U+7EB9 */ {0x21, 0x82, 0x08, 0x6F, 0xF7, 0x64, 0xF2, 0x42, 0x24, 0x7B, 0xCE, 0x18, 0x19, 0x8F, 0x6E, 0x0C, 0x30, 0x00},
    /* U+7EBA */ {0x21, 0x86, 0x7F, 0x5B, 0x0F, 0x30, 0x33, 0xE6, 0x22, 0xFA, 0x24, 0x26, 0x3E, 0x6F, 0xC6, 0x0D, 0xC0, 0x00},
    /* U+7EBD */ {0x37, 0xE2, 0x12, 0x79, 0x6F, 0x36, 0x37, 0xE6, 0x36, 0xFB, 0x64, 0x26, 0x1A, 0x4F, 0x24, 0x0F, 0xF0, 0x00},
    /* U+7EBE */ {0x37, 0xE2, 0x0C, 0x7B, 0x8F, 0x0C, 0xFF, 0xF2, 0x1A, 0x79, 0xE4, 0x18, 0x19, 0x8F, 0x18, 0x03, 0x00, 0x00},
    /* U+7EBF */ {0x31, 0x62, 0x1E, 0x7F, 0xCF, 0x10, 0x73, 0xE2, 0x7A, 0x79, 0xE4, 0x0C, 0x39, 0x87, 0x7F, 0x04, 0x60, 0x00},
    /* U+7EC0 */ {0x36, 0x62, 0x7F, 0x5E, 0x6F, 0x66, 0x36, 0x66, 0x7E, 0xFE, 0x60, 0x66, 0x1E, 0x6F, 0x7E, 0x06, 0x60, 0x00},
    /* U+7EC1 */ {0x25, 0x62, 0x56, 0x7D, 0x67, 0xFF, 0xF5, 0x62, 0x56, 0x7D, 0x66, 0x5E, 0x3C, 0x0F, 0x7E, 0x00, 0x00, 0x00},
    /* U+7EC2 */ {0x32, 0x42, 0x22, 0x6F, 0xF7, 0x20, 0x73, 0xE2, 0x36, 0x7F, 0x44, 0x7C, 0x1C, 0xC7, 0xDE, 0x0B, 0x30, 0x00},
    /* U+7EC3 */ {0x2F, 0xE6, 0x20, 0x52, 0x07, 0xF8, 0x65, 0x86, 0xFE, 0x71, 0x84, 0x5E, 0x3D, 0xAE, 0x9B, 0x03, 0x80, 0x00},
    /* U+7EC4 */ {0x33, 0xE2, 0x26, 0x6A, 0x6F, 0x3E, 0x32, 0x66, 0x26, 0x7B, 0xE0, 0x26, 0x3A, 0x6F, 0x26, 0x0F, 0xF0, 0x00},
    /* U+7EC5 */ {0x31, 0x82, 0x7E, 0x5D, 0xAF, 0x5A, 0x77, 0xE6, 0x5A, 0xFF, 0xE0, 0x5A, 0x39, 0x8F, 0x18, 0x01, 0x80, 0x00},
    /* U+7EC6 */ {0x37, 0xE2, 0x4A, 0x4C, 0xAF, 0x4A, 0x37, 0xE6, 0xCA, 0xFC, 0xA0, 0x4A, 0x1C, 0xAF, 0xFE, 0x04, 0x20, 0x00},
    /* U+7EC7 */ {0x27, 0xE2, 0x42, 0x5C, 0x2F, 0x42, 0xF4, 0x22, 0x7E, 0x78, 0x06, 0x24, 0x1E, 0x6F, 0xC2, 0x0C, 0x20, 0x00},
    /* U+7EC8 */ {0x23, 0xE6, 0x66, 0x5D, 0xCF, 0x18, 0x23, 0xC6, 0xE7, 0xF9, 0x80, 0x0C, 0x1F, 0x0F, 0x3C, 0x00, 0x60, 0x00},
    /* U+7EC9 */ {0x23, 0xE6, 0x26, 0x5E, 0x4F, 0xCC, 0x37, 0xE6, 0x02, 0x78, 0x2F, 0x7E, 0x38, 0x2E, 0x7E, 0x00, 0x20, 0x00},
    /* U+7ECA */ {0x25, 0xA6, 0x7E, 0x5B, 0xCF, 0x7E, 0x21, 0x87, 0x18, 0xFF, 0xF0, 0x18, 0x39, 0x8F, 0x18, 0x01, 0x80, 0x00},
    /* U+7ECB */ {0x22, 0x86, 0x7E, 0x5A, 0xAF, 0x7E, 0x2E, 0x86, 0xE8, 0x7F, 0xF4, 0x2B, 0x16, 0xAF, 0x4E, 0x0C, 0x80, 0x00},
    /* U+7ECC */ {0x35, 0xA2, 0x5A, 0x7D, 0xAF, 0x5A, 0xF7, 0xE2, 0x58, 0x7D, 0xA4, 0x5A, 0x3D, 0xAE, 0x7E, 0x00, 0x20, 0x00},
    /* U+7ECD */ {0x37, 0xE2, 0x12, 0x6B, 0x2F, 0x22, 0x76, 0xE2, 0x00, 0x7F, 0xE6, 0x62, 0x3E, 0x2E, 0x7E, 0x06, 0x20, 0x00},
    /* U+7ECE */ {0x27, 0xE2, 0x26, 0x5B, 0xCF, 0x3C, 0xFE, 0x72, 0x18, 0x7F, 0xE4, 0x18, 0x1F, 0xFF, 0x18, 0x01, 0x80, 0x00},
    /* U+7ECF */ {0x27, 0xE2, 0x04, 0x48, 0x8F, 0xBC, 0xFE, 0x72, 0x00, 0x7F, 0xEE, 0x18, 0x11, 0x8F, 0x18, 0x0F, 0xF0, 0x00},
    /* U+7ED0 */ {0x23, 0x02, 0x24, 0x5E, 0x6F, 0xFE, 0xFF, 0xF2, 0x00, 0x7F, 0xE4, 0x42, 0x3C, 0x2E, 0x7E, 0x04, 0x20, 0x00},
    /* U+7ED1 */ {0x26, 0xF6, 0xFA, 0x56, 0xAF, 0x6E, 0xEF, 0xE6, 0x6A, 0x7F, 0xB6, 0x4B, 0x34, 0xEE, 0xC8, 0x08, 0x80, 0x00},
    /* U+7ED2 */ {0x20, 0xA6, 0xFF, 0x58, 0x8F, 0x2A, 0x32, 0xA6, 0xFE, 0x7A, 0xE4, 0x6C, 0x3C, 0xDF, 0xDF, 0x01, 0x60, 0x00},
    /* U+7ED3 */ {0x21, 0x86, 0x7F, 0x59, 0x8F, 0x18, 0xF7, 0xE6, 0x00, 0xFF, 0xE0, 0x62, 0x3E, 0x2E, 0x7E, 0x06, 0x20, 0x00},
    /* U+7ED4 */ {0x21, 0x02, 0xFF, 0x52, 0x4F, 0x7F, 0x28, 0x06, 0xFF, 0xF2, 0x00, 0x7E, 0x78, 0x6E, 0x06, 0x01, 0xC0, 0x00},
    /* U+7ED5 */ {0x23, 0xE6, 0x7E, 0x51, 0xEF, 0x3A, 0x26, 0xE6, 0x00, 0x7F, 0xE4, 0x28, 0x32, 0x8E, 0x6B, 0x0C, 0xE0, 0x00},
    /* U+7ED7 */ {0x25, 0xE6, 0xC0, 0x5A, 0x0F, 0x7F, 0x6C, 0x46, 0xC4, 0x74, 0x44, 0x44, 0x34, 0x4E, 0x44, 0x04, 0xC0, 0x00},
    /* U+7ED8 */ {0x23, 0x86, 0x2C, 0x5E, 0x6F, 0xFE, 0x20, 0x06, 0x00, 0x7F, 0xEC, 0x30, 0x32, 0x4E, 0x7E, 0x0F, 0x20, 0x00},
    /* U+7ED9 */ {0x21, 0x86, 0x3C, 0x5E, 0x6F, 0xFE, 0x30, 0x02, 0x00, 0x7F, 0xE6, 0x46, 0x3C, 0x6E, 0x7E, 0x04, 0x40, 0x00},
    /* U+7EDA */ {0x22, 0x06, 0x7F, 0x5C, 0x3F, 0xFA, 0x36, 0xA6, 0x7A, 0xFE, 0xAC, 0x6A, 0x0F, 0xAF, 0x02, 0x00, 0xE0, 0x00},
    /* U+7EDB */ {0x23, 0xE2, 0x64, 0x59, 0x8F, 0x7E, 0x2C, 0xB7, 0x7E, 0xF5, 0x80, 0x58, 0x3F, 0xEE, 0x18, 0x01, 0x80, 0x00},
    /* U+7EDC */ {0x23, 0xE6, 0x66, 0x5F, 0xCF, 0x18, 0x73, 0xC6, 0xE7, 0x7F, 0xE4, 0x62, 0x3E, 0x2E, 0x7E, 0x06, 0x20, 0x00},
    /* U+7EDD */ {0x23, 0xC2, 0x6C, 0x5C, 0x8F, 0xFE, 0xF5, 0xA6, 0x5A, 0x7F, 0xE4, 0x40, 0x1C, 0x0F, 0x43, 0x07, 0xE0, 0x00},
    /* U+7EDE */ {0x21, 0x86, 0xFF, 0x5A, 0x4F, 0x66, 0x7C, 0x66, 0x24, 0x73, 0xC4, 0x18, 0x3B, 0x8F, 0x6E, 0x0C, 0x60, 0x00},
    /* U+7EDF */ {0x21, 0x86, 0x7F, 0x5B, 0x4F, 0x26, 0x77, 0xE6, 0x6A, 0x7A, 0x84, 0x28, 0x1E, 0x9F, 0x4F, 0x0C, 0xE0, 0x00},
    /* U+7EE0 */ {0x2F, 0xF2, 0x10, 0x5F, 0xEF, 0xD2, 0x7F, 0xE2, 0xD2, 0x7F, 0xE6, 0x50, 0x17, 0x0F, 0x78, 0x1C, 0xF0, 0x00},
    /* U+7EE1 */ {0x26, 0xA6, 0x2E, 0x58, 0x8F, 0x7E, 0x34, 0x26, 0x7E, 0xFC, 0x20, 0x7E, 0x3C, 0x2F, 0x42, 0x04, 0xE0, 0x00},
    /* U+7EE2 */ {0x26, 0x26, 0x62, 0x5B, 0xEF, 0x00, 0x27, 0xE6, 0x42, 0x7F, 0xE4, 0x42, 0x1F, 0xEF, 0x42, 0x04, 0x60, 0x00},
    /* U+7EE3 */ {0x27, 0xC6, 0x7F, 0x5B, 0xCF, 0x7E, 0x24, 0xB6, 0x7C, 0xFB, 0xC0, 0x2E, 0x3A, 0x2F, 0x62, 0x0C, 0xE0, 0x00},
    /* U+7EE5 */ {0x27, 0x86, 0x52, 0x5D, 0xEF, 0x54, 0x71, 0x02, 0xFF, 0x7A, 0x44, 0x6C, 0x3B, 0x8F, 0x3C, 0x0E, 0x60, 0x00},
    /* U+7EE6 */ {0x23, 0xE2, 0x64, 0x5D, 0xCF, 0x3C, 0x3E, 0x76, 0x18, 0x7F, 0xE4, 0x3C, 0x3F, 0xEF, 0xDA, 0x03, 0x00, 0x00},
    /* U+7EE7 */ {0x26, 0xA6, 0x7A, 0x5D, 0xCF, 0x7F, 0x34, 0xC6, 0x5E, 0x7F, 0xA0, 0x68, 0x3C, 0x8E, 0x7F, 0x00, 0x00, 0x00},
    /* U+7EE8 */ {0x22, 0xC6, 0xFE, 0x51, 0x2F, 0x7E, 0x2D, 0x06, 0xD0, 0x7F, 0xE4, 0x32, 0x37, 0x2E, 0xD6, 0x09, 0x00, 0x00},
    /* U+7EE9 */ {0x27, 0xE2, 0x18, 0x5F, 0xEF, 0xFF, 0x70, 0x02, 0x7E, 0x7C, 0x24, 0x5A, 0x1D, 0x2F, 0x3E, 0x0C, 0x30, 0x00},
    /* U+7EEA */ {0x21, 0x26, 0x7E, 0x59, 0x4F, 0xFF, 0x33, 0x06, 0x7E, 0x7E, 0x20, 0x3E, 0x7A, 0x2E, 0x3E, 0x02, 0x20, 0x00},
    /* U+7EEB */ {0x27, 0xE6, 0x18, 0x51, 0x8F, 0xFE, 0xF6, 0xE6, 0xF3, 0x73, 0xE4, 0xEC, 0x11, 0x8F, 0x7C, 0x0E, 0x70, 0x00},
    /* U+7EED */ {0x27, 0xE2, 0x18, 0x5F, 0xEF, 0x02, 0xE3, 0xA2, 0x58, 0x73, 0x8C, 0xFE, 0x31, 0x8E, 0x66, 0x0C, 0x20, 0x00},
    /* U+7EEE */ {0x27, 0xE6, 0x18, 0x5B, 0xCF, 0x66, 0x2F, 0xF6, 0x06, 0x77, 0xE0, 0x4E, 0x3F, 0xEF, 0x46, 0x00, 0xE0, 0x00},
    /* U+7EEF */ {0x23, 0xC6, 0xFF, 0x53, 0xCF, 0x3C, 0x6F, 0xE6, 0x3C, 0x73, 0xC6, 0xFF, 0x13, 0xCF, 0x3C, 0x03, 0xC0, 0x00},
    /* U+7EF0 */ {0x21, 0xF2, 0x18, 0x4F, 0xEF, 0x42, 0x37, 0xE2, 0x42, 0x7F, 0xE4, 0x18, 0x1F, 0xFF, 0x18, 0x01, 0x80, 0x00},
    /* U+7EF1 */ {0x25, 0xA6, 0x7E, 0x51, 0x8F, 0xFE, 0x2C, 0x27, 0xFE, 0x7E, 0xE4, 0xEE, 0x3F, 0xEE, 0xC2, 0x0C, 0x60, 0x00},
    /* U+7EF2 */ {0x24, 0x26, 0x7E, 0x5C, 0x2F, 0x7E, 0x24, 0x86, 0x4A, 0xF7, 0xE0, 0x48, 0x3C, 0x8E, 0x7B, 0x0E, 0xE0, 0x00},
    /* U+7EF3 */ {0x27, 0xE6, 0x42, 0x5F, 0xEF, 0x7E, 0x25, 0xA7, 0x7E, 0xF5, 0xA0, 0x7E, 0x3D, 0x8E, 0x1B, 0x00, 0xE0, 0x00},
    /* U+7EF4 */ {0x22, 0xC6, 0x7E, 0x5E, 0x8F, 0xE8, 0x67, 0xE6, 0x68, 0xF7, 0xE0, 0x68, 0x3E, 0x8F, 0x7F, 0x06, 0x00, 0x00},
    /* U+7EF5 */ {0x27, 0xE2, 0x42, 0x5F, 0xEF, 0x42, 0x67, 0xE2, 0x18, 0x7F, 0xE4, 0x5A, 0x3D, 0xAE, 0x5E, 0x01, 0x80, 0x00},
    /* U+7EF6 */ {0x27, 0xA2, 0x5A, 0x5E, 0xCF, 0xFF, 0x3C, 0x36, 0x7E, 0xF2, 0x60, 0x3C, 0x39, 0x8E, 0x7E, 0x0C, 0x70, 0x00},
    /* U+7EF7 */ {0x2A, 0xA7, 0xAA, 0x5E, 0xEF, 0xAA, 0x2A, 0xA6, 0xAA, 0x7F, 0xEC, 0xBA, 0x3B, 0xAF, 0xBA, 0x17, 0x60, 0x00},
    /* U+7EF8 */ {0x27, 0xE2, 0x5A, 0x5F, 0xEF, 0x5A, 0x37, 0xE2, 0x42, 0x7F, 0xE4, 0x66, 0x1F, 0xEF, 0xA2, 0x08, 0x60, 0x00},
    /* U+7EFA */ {0x27, 0x46, 0x56, 0x5F, 0x7F, 0x34, 0x67, 0xC6, 0xCF, 0x70, 0x0E, 0x7E, 0x34, 0x2C, 0x7E, 0x04, 0x20, 0x00},
    /* U+7EFB */ {0x27, 0x66, 0x34, 0x57, 0xEF, 0x30, 0x6F, 0xE6, 0x66, 0x7F, 0xF4, 0xA4, 0x32, 0xEF, 0x22, 0x03, 0xE0, 0x00},
    /* U+7EFC */ {0x21, 0x82, 0x7E, 0x5C, 0x27, 0x3C, 0x70, 0x02, 0x7E, 0x79, 0x84, 0x7E, 0x3D, 0xAF, 0xDB, 0x03, 0x80, 0x00},
    /* U+7EFD */ {0x21, 0x82, 0x7F, 0x58, 0x0F, 0x7E, 0x20, 0x86, 0x68, 0xFE, 0xE4, 0x68, 0x1F, 0x8F, 0xF8, 0x09, 0xF0, 0x00},
    /* U+7EFE */ {0x2F, 0xF6, 0xC3, 0x5C, 0x3F, 0x46, 0x74, 0x66, 0x7C, 0x7C, 0x04, 0x7E, 0x3C, 0x2E, 0x7E, 0x04, 0x20, 0x00},
    /* U+7EFF */ {0x20, 0x66, 0x7E, 0x50, 0x6F, 0x7F, 0x21, 0x86, 0x7A, 0xF3, 0xC0, 0x3C, 0x37, 0xEF, 0xDB, 0x03, 0x80, 0x00},
    /* U+7F00 */ {0x2F, 0xE6, 0xAA, 0x56, 0xEF, 0xFE, 0x28, 0x07, 0xFE, 0xF2, 0xA0, 0xEE, 0x76, 0xCE, 0xFE, 0x19, 0x30, 0x00},
    /* U+7F01 */ {0x25, 0xE2, 0x54, 0x5D, 0x6F, 0x6A, 0x72, 0xA2, 0x7E, 0x75, 0xA4, 0x7E, 0x1D, 0xA7, 0x5A, 0x47, 0xE0, 0x00},
    /* U+7F02 */ {0x2F, 0xF6, 0x24, 0x5B, 0xCF, 0x18, 0x27, 0xE6, 0x5A, 0x7F, 0xE4, 0x18, 0x1F, 0xFF, 0x18, 0x01, 0x80, 0x00},
    /* U+7F03 */ {0x27, 0xA6, 0x7A, 0x5F, 0xA7, 0x7E, 0x67, 0xA6, 0xFA, 0x7F, 0xE0, 0xFA, 0x37, 0xA6, 0x7E, 0x06, 0xA0, 0x00},
    /* U+7F04 */ {0x20, 0xE6, 0x7F, 0x5C, 0xCF, 0x7E, 0x64, 0x66, 0xFE, 0x7F, 0xE0, 0xFC, 0x3A, 0xDE, 0x9F, 0x09, 0x30, 0x00},
    /* U+7F05 */ {0x2F, 0xF6, 0x10, 0x5F, 0xEF, 0x7E, 0x67, 0xE6, 0x7E, 0x7F, 0xE4, 0x7E, 0x3F, 0xEE, 0x7E, 0x04, 0x20, 0x00},
    /* U+7F06 */ {0x26, 0xE6, 0x78, 0x5F, 0x6F, 0x22, 0x27, 0xE7, 0x46, 0xF5, 0x60, 0x56, 0x3D, 0x8E, 0x39, 0x0C, 0xE0, 0x00},
    /* U+7F07 */ {0x27, 0xE2, 0x7E, 0x5C, 0x2F, 0x7E, 0x70, 0x02, 0xFF, 0x7D, 0x84, 0x5E, 0x1F, 0x8F, 0xF8, 0x09, 0xF0, 0x00},
    /* U+7F08 */ {0x2E, 0x44, 0xBE, 0x5F, 0xEF, 0xBF, 0x2B, 0x56, 0xF4, 0x7A, 0x64, 0xA6, 0x1E, 0x4E, 0x88, 0x01, 0x00, 0x00},
    /* U+7F09 */ {0x26, 0x26, 0x7E, 0x50, 0x0F, 0xFF, 0x26, 0x26, 0x7E, 0xF6, 0x24, 0x7E, 0x3E, 0xFF, 0xFE, 0x00, 0x20, 0x00},
    /* U+7F0B */ {0x2F, 0xE6, 0xD2, 0x5F, 0xEF, 0xFF, 0x70, 0x06, 0x7E, 0x7D, 0x24, 0x52, 0x1D, 0x2F, 0x3C, 0x0C, 0x20, 0x00},
    /* U+7F0C */ {0x27, 0xE6, 0x5A, 0x5F, 0xEF, 0x5A, 0x27, 0xE7, 0x10, 0xFF, 0xA0, 0xEA, 0x3E, 0x3F, 0xA7, 0x03, 0xC0, 0x00},
    /* U+7F0D */ {0x27, 0xC6, 0x18, 0x5F, 0xEF, 0x7C, 0xF7, 0xC2, 0xFF, 0x77, 0xC4, 0xFE, 0x31, 0x8F, 0x18, 0x07, 0xE0, 0x00},
    /* U+7F0E */ {0x2C, 0xA6, 0xCA, 0x5F, 0xAF, 0xD3, 0x6D, 0x06, 0xFE, 0x7C, 0xA4, 0xEE, 0x3E, 0xCE, 0xDE, 0x0D, 0x30, 0x00},
    /* U+7F0F */ {0x67, 0xF6, 0xC8, 0x5F, 0xEF, 0xEA, 0x6F, 0xE6, 0xEA, 0x7F, 0xE4, 0xE8, 0x3D, 0x8E, 0xDC, 0x0F, 0x70, 0x00},
    /* U+7F11 */ {0x25, 0xE2, 0xC6, 0x5F, 0xFF, 0xD0, 0x67, 0xE6, 0x68, 0x76, 0x84, 0x7F, 0x3C, 0xCE, 0x56, 0x07, 0x30, 0x00},
    /* U+7F12 */ {0x2D, 0xE6, 0x52, 0x51, 0x2F, 0xDE, 0x25, 0x06, 0x5E, 0x75, 0x20, 0x52, 0x35, 0xEE, 0xE0, 0x09, 0xF0, 0x00},
    /* U+7F13 */ {0x2F, 0xE6, 0x56, 0x5F, 0xEF, 0x20, 0x2F, 0xF6, 0x20, 0xF7, 0xE0, 0x74, 0x3D, 0xCE, 0xFE, 0x1E, 0x70, 0x00},
    /* U+7F14 */ {0x27, 0xE6, 0x24, 0x5A, 0x4F, 0xFF, 0x2D, 0xB6, 0x7E, 0xF5, 0xA4, 0x5A, 0x3D, 0xAF, 0x5E, 0x01, 0x80, 0x00},
    /* U+7F15 */ {0x27, 0xE6, 0x7E, 0x53, 0xCF, 0x7E, 0x2D, 0xA6, 0x10, 0xFF, 0xE0, 0x24, 0x17, 0xCF, 0x1C, 0x06, 0x60, 0x00},
    /* U+7F16 */ {0x27, 0xE6, 0x42, 0x54, 0x27, 0x7E, 0x27, 0xE7, 0x76, 0xFF, 0x64, 0xFE, 0x7F, 0x6C, 0xF6, 0x0A, 0x60, 0x00},
    /* U+7F17 */ {0x24, 0x26, 0x7E, 0x5C, 0x8F, 0x7E, 0x67, 0xD6, 0xE6, 0xF7, 0xE0, 0x42, 0x17, 0xEF, 0x42, 0x07, 0xE0, 0x00},
    /* U+7F18 */ {0x27, 0xC2, 0x7C, 0x50, 0x4F, 0xFF, 0x63, 0x02, 0xF6, 0x73, 0xC4, 0xFE, 0x33, 0xAE, 0xEB, 0x03, 0x80, 0x00},
    /* U+7F19 */ {0x27, 0xE6, 0x7A, 0x7F, 0xEF, 0xFF, 0x20, 0x07, 0x7E, 0xF4, 0x20, 0x7E, 0x7C, 0x2E, 0x7E, 0x04, 0x20, 0x00},
    /* U+7F1A */ {0x27, 0xF6, 0x18, 0x5F, 0xEF, 0x7E, 0x75, 0xA6, 0x7E, 0xFC, 0x44, 0xFF, 0x12, 0x4F, 0x34, 0x00, 0xC0, 0x00},
    /* U+7F1B */ {0x2C, 0x06, 0xFE, 0x5F, 0xFF, 0xFA, 0x2F, 0x66, 0xFF, 0x7C, 0x44, 0xFF, 0x3B, 0x4F, 0x94, 0x18, 0xC0, 0x00},
    /* U+7F1C */ {0x37, 0xE2, 0x10, 0x6F, 0xEF, 0x7E, 0x74, 0x22, 0x7E, 0x7F, 0xEE, 0x42, 0x1F, 0xF7, 0x66, 0x0C, 0x20, 0x00},
    /* U+7F1D */ {0x29, 0xE6, 0xFC, 0x51, 0xCF, 0x3E, 0xFF, 0xE6, 0x48, 0x77, 0xE4, 0x7E, 0x34, 0x8E, 0xE8, 0x0B, 0xF0, 0x00},
    /* U+7F1F */ {0x2F, 0xF6, 0x00, 0x57, 0xEF, 0x46, 0x27, 0xE6, 0xFE, 0x7C, 0x24, 0xFE, 0x3E, 0x6E, 0xFE, 0x0C, 0x60, 0x00},
    /* U+7F20 */ {0x2F, 0xF6, 0xFE, 0x5E, 0xAF, 0xFE, 0x2E, 0xA7, 0xFE, 0x7C, 0x80, 0xFE, 0x38, 0x8E, 0x88, 0x0F, 0xF0, 0x00},
    /* U+7F21 */ {0x2F, 0xF6, 0x00, 0x55, 0xAF, 0x7E, 0x27, 0xE6, 0x10, 0xFF, 0xE0, 0xFA, 0x1F, 0xEF, 0xF6, 0x0C, 0x60, 0x00},
    /* U+7F22 */ {0x22, 0x42, 0x2C, 0x5F, 0xFF, 0x2C, 0x66, 0x66, 0xC2, 0x77, 0xE4, 0x7A, 0x17, 0xA7, 0x7A, 0x0F, 0xF0, 0x00},
    /* U+7F23 */ {0x22, 0xC6, 0xFE, 0x52, 0x8F, 0xFE, 0x2F, 0xF7, 0x2A, 0xFF, 0xE0, 0x6C, 0x76, 0xCC, 0xAA, 0x0A, 0x80, 0x00},
    /* U+7F24 */ {0x27, 0xE6, 0xC2, 0x5D, 0xEF, 0x78, 0x27, 0xE7, 0x6C, 0xF6, 0xC0, 0xFF, 0x32, 0x4E, 0x66, 0x0C, 0x30, 0x00},
    /* U+7F25 */ {0x21, 0x86, 0x7E, 0x5D, 0xAF, 0x7E, 0xF0, 0x02, 0x7E, 0x70, 0x0E, 0x7F, 0x17, 0xCF, 0xDA, 0x0B, 0x80, 0x00},
    /* U+7F26 */ {0x26, 0x66, 0x7E, 0x5F, 0xEF, 0x7E, 0x25, 0xA6, 0x7E, 0x78, 0x0E, 0x7E, 0x13, 0xCF, 0x3C, 0x0E, 0x70, 0x00},
    /* U+7F27 */ {0x25, 0xA6, 0x7E, 0x5D, 0xAF, 0x7E, 0x22, 0xC6, 0x78, 0x73, 0x64, 0xFE, 0x17, 0xCF, 0x5A, 0x0F, 0xA0, 0x00},
    /* U+7F28 */ {0x2B, 0xE6, 0xFE, 0x5F, 0xEF, 0xFE, 0x2F, 0xE6, 0xB2, 0x7F, 0xFE, 0x64, 0x37, 0xCE, 0x3C, 0x0E, 0x60, 0x00},
    /* U+7F29 */ {0x2F, 0xF6, 0xC3, 0x57, 0xEF, 0x48, 0x64, 0x82, 0xFE, 0x7F, 0x20, 0x7E, 0x77, 0x2C, 0x7E, 0x05, 0x20, 0x00},
    /* U+7F2A */ {0x27, 0xA6, 0x76, 0x5F, 0xEF, 0xBA, 0x21, 0x86, 0x6E, 0xFF, 0x20, 0x78, 0x37, 0x6F, 0x3C, 0x06, 0x00, 0x00},
    /* U+7F2B */ {0x25, 0x46, 0x7E, 0x5F, 0xEF, 0x5A, 0x77, 0xE6, 0x7E, 0xF1, 0x84, 0xFE, 0x3B, 0xCE, 0x7E, 0x09, 0xB0, 0x00},
    /* U+7F2C */ {0x25, 0xE7, 0xEC, 0x55, 0xEF, 0x52, 0xEF, 0x66, 0xFE, 0xEB, 0xE0, 0xBE, 0x3A, 0xCE, 0xEE, 0x09, 0x30, 0x00},
    /* U+7F2D */ {0x2F, 0xE6, 0x7A, 0x56, 0x6F, 0x7E, 0x2E, 0x66, 0x7C, 0x76, 0x4E, 0x7C, 0x15, 0x4F, 0xD2, 0x0B, 0x20, 0x00},
    /* U+7F2E */ {0x27, 0xE6, 0x18, 0x57, 0xEF, 0x18, 0xFF, 0xE2, 0x7E, 0x7F, 0xF0, 0x7E, 0x14, 0x2F, 0x42, 0x07, 0xE0, 0x00},
    /* U+7F2F */ {0x22, 0xC6, 0xFE, 0x5F, 0x6F, 0xFA, 0x2F, 0xE6, 0x00, 0xF7, 0xE0, 0x46, 0x17, 0xEF, 0x46, 0x47, 0xE0, 0x00},
    /* U+7F30 */ {0x20, 0x06, 0x7E, 0x5F, 0xEF, 0x7E, 0x77, 0xE6, 0x7E, 0x7F, 0xE0, 0x7E, 0x3F, 0xEE, 0x00, 0x0F, 0xF0, 0x00},
    /* U+7F31 */ {0x2B, 0xE6, 0xFE, 0x50, 0x8F, 0x3E, 0x6F, 0xE6, 0xFE, 0x7E, 0x04, 0xFE, 0x3F, 0xEE, 0xE0, 0x13, 0xF0, 0x00},
    /* U+7F32 */ {0x26, 0x46, 0x7C, 0x50, 0x0F, 0xFE, 0x6B, 0xA6, 0xFE, 0x71, 0x04, 0xFF, 0x33, 0xCF, 0xD6, 0x09, 0x30, 0x00},
    /* U+7F33 */ {0x2E, 0xA6, 0xFE, 0x50, 0x0F, 0xFF, 0x27, 0xE7, 0x42, 0xF7, 0xE0, 0x3A, 0x3E, 0xCE, 0x7E, 0x07, 0x20, 0x00},
    /* U+7F34 */ {0x2F, 0xC6, 0x9C, 0x5F, 0xFF, 0x9A, 0x6F, 0xE7, 0xF6, 0xF4, 0x60, 0x74, 0x3D, 0xEE, 0xBA, 0x1F, 0xB0, 0x00},
    /* U+7F35 */ {0x2F, 0xE6, 0xFF, 0x5E, 0xEF, 0xBF, 0x63, 0x36, 0x7E, 0x75, 0x24, 0x52, 0x35, 0x2E, 0x3C, 0x0C, 0x60, 0x00},
    /* U+7F36 */ {0x30, 0x03, 0xFE, 0x66, 0x04, 0x60, 0x7F, 0xE0, 0x60, 0x26, 0x42, 0x64, 0x26, 0x43, 0xFC, 0x00, 0x40, 0x00},
    /* U+7F38 */ {0x7F, 0xF5, 0x08, 0xD0, 0x81, 0x08, 0xFC, 0x81, 0x08, 0x5C, 0x85, 0xC8, 0x7C, 0x87, 0xFF, 0x00, 0x00, 0x00},
    /* U+7F3A */ {0x79, 0x87, 0x3E, 0xF1, 0xA3, 0x1A, 0xFD, 0xA3, 0x7F, 0x79, 0x87, 0x9C, 0x7B, 0x47, 0xF6, 0x06, 0x30, 0x00},
    /* U+7F42 */ {0x56, 0xA5, 0x6A, 0x76, 0xA3, 0x9E, 0xF7, 0x23, 0xFC, 0x26, 0x0F, 0xFF, 0x06, 0x06, 0x66, 0x7F, 0xE0, 0x00},
    /* U+7F44 */ {0x13, 0x47, 0xE6, 0x7F, 0xE5, 0x54, 0x7D, 0xCD, 0x26, 0x3F, 0xC7, 0xFE, 0x26, 0x42, 0x64, 0x3F, 0xC0, 0x00},
    /* U+7F45 */ {0x40, 0xE7, 0xFF, 0xE4, 0xF2, 0x7E, 0xFC, 0xE6, 0xFE, 0x6D, 0xE6, 0xDE, 0x7F, 0xF7, 0xCC, 0x0D, 0x80, 0x00},
    /* U+7F50 */ {0x4F, 0xF7, 0xA4, 0xE7, 0xE2, 0x7E, 0xFA, 0x82, 0x7E, 0x6E, 0x86, 0xFE, 0x7F, 0xE7, 0xE8, 0x07, 0xF0, 0x00},
    /* U+7F51 */ {0x7F, 0xE4, 0x02, 0x4C, 0xA7, 0xEA, 0x5B, 0xA4, 0x9A, 0x5D, 0xA5, 0x7E, 0x76, 0x24, 0x02, 0x40, 0xE0, 0x00},
    /* U+7F54 */ {0x7F, 0xE4, 0x92, 0x49, 0x27, 0xFE, 0x46, 0x25, 0xFA, 0x58, 0x25, 0x82, 0x4F, 0xA4, 0x02, 0x40, 0xE0, 0x00},
    /* U+7F55 */ {0x7F, 0xE4, 0x92, 0x19, 0xC6, 0x06, 0x3F, 0xC0, 0x60, 0x06, 0x07, 0xFE, 0x06, 0x00, 0x60, 0x06, 0x00, 0x00},
    /* U+7F57 */ {0x49, 0x24, 0x92, 0x7F, 0xE0, 0x80, 0x1F, 0xC7, 0x0C, 0x48, 0x80, 0xF8, 0x06, 0x03, 0xC0, 0x70, 0x00, 0x00},
    /* U+7F58 */ {0x7F, 0xE4, 0x92, 0x7F, 0xE0, 0x00, 0x7F, 0xE0, 0x60, 0x0F, 0x83, 0xEC, 0xE6, 0x70, 0x60, 0x06, 0x00, 0x00},
    /* U+7F5A */ {0x49, 0x24, 0x92, 0x7F, 0xE3, 0x02, 0x1B, 0x60, 0x36, 0x73, 0x61, 0x36, 0x10, 0x63, 0xC6, 0x30, 0xE0, 0x00},
    /* U+7F5F */ {0x69, 0x66, 0x96, 0x7F, 0xE0, 0x60, 0xFF, 0xF0, 0x60, 0x06, 0x03, 0xFC, 0x20, 0x42, 0x04, 0x3F, 0xC0, 0x00},
    /* U+7F61 */ {0x49, 0x24, 0x92, 0x7F, 0xE0, 0x00, 0x7F, 0xE0, 0x60, 0x36, 0x03, 0x7E, 0x36, 0x03, 0x60, 0xFF, 0xF0, 0x00},
    /* U+7F62 */ {0x49, 0x24, 0x92, 0x7F, 0xE0, 0x60, 0x7F, 0xE0, 0x60, 0x06, 0x0F, 0xFF, 0x18, 0x83, 0xFC, 0x7F, 0xE0, 0x00},
    /* U+7F68 */ {0x69, 0x27, 0xFE, 0x08, 0x0F, 0xFF, 0x36, 0xC7, 0xFE, 0xE6, 0x73, 0xFC, 0x3F, 0xC2, 0x62, 0x03, 0xE0, 0x00},
    /* U+7F69 */ {0x49, 0x27, 0xFE, 0x06, 0x00, 0x7E, 0x3F, 0xC2, 0x04, 0x3F, 0xC3, 0xFC, 0x06, 0x0F, 0xFE, 0x06, 0x00, 0x00},
    /* U+7F6A */ {0x49, 0x24, 0x92, 0x7F, 0xE0, 0x90, 0x79, 0xE0, 0x90, 0x79, 0xE0, 0x90, 0xF9, 0xF0, 0x90, 0x09, 0x00, 0x00},
    /* U+7F6E */ {0x69, 0x27, 0xFE, 0x06, 0x07, 0xFE, 0x3F, 0xC3, 0x0C, 0x3F, 0xC3, 0xFC, 0x3F, 0xC2, 0x04, 0x7F, 0xE0, 0x00},
    /* U+7F71 */ {0x49, 0x27, 0xFE, 0x06, 0x07, 0xFE, 0x7F, 0xE6, 0x96, 0x69, 0x67, 0xFE, 0x7F, 0xE6, 0x66, 0x66, 0xE0, 0x00},
    /* U+7F72 */ {0x49, 0x27, 0xFE, 0x04, 0x03, 0xFE, 0x04, 0xCF, 0xFF, 0x1F, 0xCF, 0x04, 0x1F, 0xC1, 0x04, 0x1F, 0xC0, 0x00},
    /* U+7F74 */ {0x49, 0x27, 0xFE, 0x06, 0x07, 0xFE, 0x06, 0x0F, 0xFE, 0x18, 0x87, 0xFC, 0x28, 0x46, 0xB6, 0x49, 0x20, 0x00},
    /* U+7F79 */ {0x49, 0x27, 0xFE, 0x22, 0x03, 0x68, 0x7F, 0xE6, 0xC8, 0xFF, 0xE2, 0x48, 0x27, 0xE2, 0x48, 0x27, 0xE0, 0x00},
    /* U+7F7E */ {0x69, 0x67, 0xFE, 0x19, 0x87, 0xFE, 0x57, 0xE7, 0xFE, 0x00, 0x03, 0xFC, 0x3F, 0xC2, 0x04, 0x3F, 0xC0, 0x00},
    /* U+7F81 */ {0x49, 0x27, 0xFE, 0x28, 0x0F, 0xFE, 0x79, 0x41, 0x34, 0x7F, 0xE7, 0xC2, 0x13, 0xEF, 0xC2, 0x10, 0xE0, 0x00},
    /* U+7F8A */ {0x18, 0x87, 0xFE, 0x06, 0x00, 0x60, 0x3F, 0xC0, 0x60, 0x06, 0x0F, 0xFF, 0x06, 0x00, 0x60, 0x06, 0x00, 0x00},
    /* U+7F8C */ {0x19, 0x87, 0xFE, 0x06, 0x03, 0xFC, 0x06, 0x0F, 0xFE, 0x06, 0x00, 0xE0, 0x1A, 0x37, 0x33, 0x43, 0xE0, 0x00},
    /* U+7F8E */ {0x19, 0x87, 0xFE, 0x06, 0x03, 0xFC, 0x06, 0x0F, 0xFF, 0x06, 0x07, 0xFE, 0x0F, 0x03, 0x9C, 0xF0, 0x60, 0x00},
    /* U+7F94 */ {0x19, 0x87, 0xFE, 0x06, 0x03, 0xFE, 0x06, 0x00, 0x60, 0xFF, 0xF0, 0x00, 0x6B, 0x66, 0x92, 0x49, 0x20, 0x00},
    /* U+7F9A */ {0x79, 0xCF, 0xB4, 0x37, 0x27, 0xD8, 0x30, 0x83, 0x3E, 0x30, 0x6F, 0x84, 0x21, 0xC6, 0x18, 0x40, 0xC0, 0x00},
    /* U+7F9D */ {0x57, 0x8F, 0xC8, 0x24, 0x82, 0x48, 0xFF, 0xF2, 0x48, 0xFC, 0xC2, 0x4C, 0x65, 0xD4, 0x7F, 0xC6, 0xE0, 0x00},
    /* U+7F9E */ {0x7F, 0xE0, 0x40, 0x3F, 0xC0, 0xC0, 0xFF, 0xF1, 0x80, 0x3F, 0xC6, 0x64, 0xDF, 0xC0, 0x44, 0x7F, 0xE0, 0x00},
    /* U+7F9F */ {0x30, 0x6F, 0x8C, 0x31, 0x83, 0x3E, 0x7E, 0x63, 0x00, 0xFB, 0xE2, 0x08, 0x20, 0x86, 0x08, 0x47, 0xF0, 0x00},
    /* U+7FA1 */ {0x7F, 0xE0, 0x60, 0x3F, 0xC7, 0xFE, 0x06, 0x06, 0x7E, 0x3D, 0x60, 0x94, 0x73, 0x8C, 0x6E, 0x1C, 0x30, 0x00},
    /* U+7FA4 */ {0x7D, 0x23, 0xD4, 0xFF, 0xE2, 0xC8, 0x7F, 0xE6, 0x08, 0x7C, 0x8E, 0x7F, 0x64, 0x83, 0xC8, 0x20, 0x80, 0x00},
    /* U+7FA7 */ {0x7B, 0x47, 0xFE, 0x31, 0x43, 0x36, 0x7F, 0x23, 0x30, 0xFF, 0xE2, 0x54, 0x21, 0x86, 0x7E, 0x46, 0x20, 0x00},
    /* U+7FAF */ {0x76, 0x27, 0xFE, 0x26, 0x22, 0x7E, 0x7A, 0x02, 0x7F, 0xFC, 0xA2, 0x7E, 0x67, 0x66, 0x7E, 0xC0, 0x60, 0x00},
    /* U+7FB0 */ {0x75, 0xAF, 0xFE, 0x22, 0x02, 0xFF, 0x7E, 0x82, 0x7A, 0xFF, 0xA2, 0x6C, 0x64, 0xC4, 0x96, 0x8A, 0x30, 0x00},
    /* U+7FB2 */ {0x7F, 0xE0, 0x60, 0x3F, 0xCF, 0xFE, 0x7C, 0xC1, 0x36, 0x7F, 0xE7, 0xD4, 0x21, 0xC3, 0xFB, 0x1E, 0x60, 0x00},
    /* U+7FB8 */ {0xFF, 0xF3, 0xFE, 0x3F, 0xC2, 0x04, 0x3F, 0xC7, 0xBE, 0x7F, 0xE5, 0xFE, 0x75, 0xE5, 0xF7, 0xB7, 0x70, 0x00},
    /* U+7FB9 */ {0x7F, 0xE3, 0xFC, 0x06, 0x07, 0xFE, 0x7F, 0xE0, 0x60, 0x3F, 0xC7, 0xFE, 0x7F, 0xE0, 0xF0, 0x79, 0xE0, 0x00},
    /* U+7FBC */ {0x60, 0x27, 0xFE, 0x7F, 0xC6, 0xFC, 0x7F, 0xE7, 0x7E, 0x7F, 0xE4, 0x8C, 0x5C, 0xEF, 0xFE, 0x90, 0xC0, 0x00},
    /* U+7FBD */ {0x7F, 0xE0, 0xC2, 0x4F, 0x26, 0xD2, 0x2C, 0xA0, 0xC6, 0x1C, 0xE6, 0xF2, 0xCE, 0x20, 0xC2, 0x38, 0xE0, 0x00},
    /* U+7FBF */ {0x7F, 0xE6, 0xD2, 0x3D, 0xE3, 0xDE, 0x6F, 0x20, 0x82, 0x18, 0x8F, 0xFF, 0x18, 0x83, 0x08, 0x60, 0x80, 0x00},
    /* U+7FC1 */ {0x34, 0xC6, 0xC6, 0x59, 0xA3, 0xFC, 0x00, 0x47, 0xFE, 0x6D, 0x22, 0xCA, 0x3D, 0xE6, 0xF2, 0x1C, 0xE0, 0x00},
    /* U+7FC5 */ {0x21, 0x2F, 0xDA, 0x25, 0xE2, 0x36, 0xFB, 0x65, 0xBE, 0x5D, 0xA3, 0x12, 0x37, 0x67, 0xC0, 0xC7, 0xF0, 0x00},
    /* U+7FCA */ {0x21, 0x2F, 0x12, 0x05, 0xA5, 0x5E, 0x51, 0x65, 0x36, 0x77, 0xE7, 0xDA, 0x79, 0x24, 0x12, 0x07, 0x60, 0x00},
    /* U+7FCC */ {0x7F, 0xE6, 0xD2, 0x3D, 0xE3, 0xDE, 0x4F, 0x20, 0x60, 0x7F, 0xE1, 0x08, 0x19, 0x81, 0x90, 0xFF, 0xF0, 0x00},
    /* U+7FCE */ {0x37, 0xE3, 0x92, 0x6B, 0xEF, 0xB6, 0x13, 0x67, 0x92, 0x1B, 0x61, 0x7E, 0x71, 0x23, 0x12, 0x13, 0x60, 0x00},
    /* U+7FD4 */ {0x5F, 0xE1, 0x12, 0xFD, 0xA2, 0x7E, 0xFB, 0x62, 0x12, 0x23, 0x6F, 0xDA, 0x21, 0x26, 0x12, 0xC7, 0x60, 0x00},
    /* U+7FD5 */ {0x1F, 0x87, 0xFE, 0x40, 0x23, 0xFC, 0x3F, 0xC7, 0xC0, 0x0F, 0xE2, 0xDA, 0x3D, 0xE6, 0xF2, 0x18, 0xE0, 0x00},
    /* U+7FD8 */ {0x3F, 0xEF, 0xBA, 0x3B, 0xE7, 0x56, 0xCD, 0x60, 0x3E, 0xFF, 0xA3, 0x92, 0x7B, 0x65, 0x83, 0xCF, 0xE0, 0x00},
    /* U+7FDF */ {0x6D, 0x23, 0xDE, 0x3D, 0xE7, 0xF2, 0x32, 0x03, 0xFE, 0x7F, 0xC2, 0x20, 0x3F, 0xC2, 0x20, 0x3F, 0xE0, 0x00},
    /* U+7FE0 */ {0x2D, 0x23, 0xDE, 0x7F, 0xE0, 0x60, 0x7F, 0xE1, 0x98, 0x39, 0x86, 0xE4, 0xFF, 0xF0, 0x60, 0x06, 0x00, 0x00},
    /* U+7FE1 */ {0x7B, 0xE7, 0xBE, 0x0B, 0x07, 0xBE, 0x09, 0x07, 0xFE, 0x6D, 0x23, 0xDA, 0x3C, 0xE6, 0xF2, 0x1C, 0xE0, 0x00},
    /* U+7FE5 */ {0x05, 0x87, 0xFE, 0x7F, 0xCF, 0x04, 0x1F, 0xC1, 0xFC, 0x7F, 0xE2, 0xD2, 0x3D, 0xE7, 0xFA, 0x1C, 0xE0, 0x00},
    /* U+7FE6 */ {0xFF, 0xF7, 0xD4, 0x7D, 0x66, 0x56, 0x7D, 0x60, 0x8C, 0x7F, 0xE6, 0xDA, 0x3C, 0xE7, 0xFA, 0x1C, 0xE0, 0x00},
    /* U+7FE9 */ {0x7F, 0xE4, 0x4A, 0x47, 0xE7, 0xDE, 0x7D, 0xA7, 0xCA, 0x7D, 0xE7, 0xFE, 0xFC, 0xAF, 0xCA, 0x25, 0xE0, 0x00},
    /* U+7FEE */ {0xFF, 0xE7, 0xCA, 0x4E, 0xE7, 0xDE, 0x7C, 0xA4, 0xDA, 0x7F, 0xE7, 0xEE, 0x54, 0xA5, 0x4A, 0x5D, 0x60, 0x00},
    /* U+7FF0 */ {0xFD, 0xC3, 0x66, 0x7E, 0x34, 0xFE, 0x79, 0x24, 0xBE, 0x7B, 0x63, 0x36, 0xFF, 0xE3, 0x12, 0x33, 0x60, 0x00},
    /* U+7FF1 */ {0x7F, 0xE4, 0xDA, 0x7F, 0xE7, 0xFE, 0x31, 0xE7, 0xDA, 0x6B, 0xED, 0xFE, 0x7D, 0xA1, 0x1A, 0x13, 0x60, 0x00},
    /* U+7FF3 */ {0x71, 0x47, 0xA6, 0x7F, 0xE7, 0xDC, 0x7F, 0xC0, 0x22, 0x7F, 0xE2, 0xD2, 0x3D, 0xE7, 0xFA, 0x1C, 0xE0, 0x00},
    /* U+7FFB */ {0x5B, 0xE5, 0x8A, 0xFF, 0xE3, 0xBE, 0x7D, 0xED, 0x1A, 0x7F, 0xE7, 0xFE, 0x54, 0xA7, 0xDA, 0x47, 0x60, 0x00},
    /* U+7FFC */ {0x6D, 0x23, 0xDE, 0x6F, 0x23, 0xFC, 0x3F, 0xC2, 0x64, 0x3F, 0xC7, 0xFE, 0xFF, 0xF3, 0x9C, 0x60, 0x60, 0x00},
    /* U+8000 */ {0xED, 0x26, 0xB6, 0x7B, 0x63, 0x7E, 0xFA, 0x87, 0x7E, 0x7F, 0xE5, 0x68, 0x5F, 0xE5, 0x28, 0x83, 0xF0, 0x00},
    /* U+8001 */ {0x0C, 0x67, 0xFC, 0x0D, 0x8F, 0xFF, 0x0E, 0x01, 0x8C, 0x7B, 0xCC, 0xE0, 0x08, 0x20, 0x82, 0x0F, 0xE0, 0x00},
    /* U+8003 */ {0x3F, 0xC0, 0x4C, 0x05, 0x87, 0xFE, 0x0C, 0x03, 0xFC, 0x78, 0x01, 0xFC, 0x00, 0xC0, 0x08, 0x07, 0x80, 0x00},
    /* U+8004 */ {0x3F, 0xCF, 0xFE, 0x0F, 0xC7, 0xF2, 0x4F, 0xE0, 0xF8, 0x3D, 0xC7, 0xF8, 0x1F, 0xE7, 0x42, 0x07, 0xE0, 0x00},
    /* U+8005 */ {0x04, 0x63, 0xFC, 0x05, 0x8F, 0xFF, 0x0C, 0x03, 0xFC, 0xF0, 0x41, 0xFC, 0x10, 0x41, 0x04, 0x1F, 0xC0, 0x00},
    /* U+8006 */ {0x7F, 0xC0, 0xD8, 0xFF, 0xF3, 0xFC, 0xF8, 0x60, 0xFC, 0x3F, 0xC2, 0x04, 0x3F, 0xC2, 0x04, 0x3F, 0xC0, 0x00},
    /* U+800B */ {0x7F, 0xC7, 0xFE, 0x1F, 0xC7, 0xF2, 0x4F, 0xE7, 0xFE, 0x39, 0xC3, 0xFC, 0x3F, 0xC0, 0x60, 0x7F, 0xE0, 0x00},
    /* U+800C */ {0xFF, 0xF0, 0x40, 0x04, 0x07, 0xFE, 0x49, 0x24, 0x92, 0x49, 0x24, 0x92, 0x49, 0x24, 0x92, 0x49, 0xE0, 0x00},
    /* U+800D */ {0x04, 0x07, 0xFE, 0x69, 0x66, 0x96, 0x69, 0xE0, 0xC0, 0xFF, 0xF1, 0x98, 0x3F, 0x00, 0xFC, 0x78, 0xE0, 0x00},
    /* U+8010 */ {0xFE, 0x61, 0x06, 0x7F, 0xF7, 0xE6, 0x7F, 0x67, 0xFE, 0x7E, 0xE7, 0xE6, 0x7E, 0x67, 0xE6, 0x46, 0xE0, 0x00},
    /* U+8012 */ {0x06, 0x07, 0xFE, 0x06, 0x07, 0xFE, 0x06, 0x07, 0xFE, 0x0F, 0x01, 0xF8, 0x36, 0xCE, 0x66, 0x06, 0x20, 0x00},
    /* U+8014 */ {0xFF, 0xE3, 0x06, 0x7C, 0xC3, 0x08, 0x37, 0xFF, 0xC8, 0x38, 0x87, 0x88, 0x70, 0x8B, 0x08, 0x33, 0x80, 0x00},
    /* U+8015 */ {0x79, 0x43, 0x3E, 0x33, 0xE7, 0x94, 0x33, 0x4F, 0xBF, 0x33, 0x47, 0xA4, 0xF2, 0x4B, 0x64, 0x34, 0x40, 0x00},
    /* U+8016 */ {0x79, 0x83, 0x3E, 0x7F, 0xA3, 0x7A, 0x35, 0xAF, 0x9A, 0x31, 0xE7, 0x8C, 0xF1, 0x8B, 0x70, 0x3E, 0x00, 0x00},
    /* U+8017 */ {0x7B, 0xC3, 0x78, 0x79, 0xE3, 0x7E, 0x33, 0x8F, 0xD8, 0x37, 0xF7, 0xF8, 0xF1, 0x93, 0x1B, 0x30, 0xE0, 0x00},
    /* U+8018 */ {0x7B, 0xE3, 0x00, 0x78, 0x03, 0x00, 0x37, 0xFF, 0x98, 0x31, 0x07, 0xB6, 0x7A, 0x6B, 0x7E, 0x33, 0x30, 0x00},
    /* U+8019 */ {0x7F, 0xE3, 0x6A, 0x7E, 0xA3, 0x6A, 0x36, 0xAF, 0xFE, 0x36, 0x27, 0xE0, 0x7E, 0x1B, 0x63, 0x33, 0xE0, 0x00},
    /* U+801C */ {0x7F, 0xE3, 0x22, 0x7A, 0x23, 0x3E, 0xFE, 0x03, 0x20, 0x3B, 0xE7, 0xA2, 0xF2, 0x23, 0x3E, 0x32, 0x20, 0x00},
    /* U+8020 */ {0x79, 0x83, 0x3C, 0x7E, 0x63, 0x7E, 0x30, 0x0F, 0x80, 0x37, 0xE7, 0xE6, 0xF6, 0x63, 0x7E, 0x36, 0x60, 0x00},
    /* U+8022 */ {0xFF, 0xF2, 0x34, 0x70, 0x02, 0x7E, 0x24, 0x2F, 0x98, 0x37, 0xE7, 0x92, 0xEB, 0x62, 0x26, 0x24, 0xC0, 0x00},
    /* U+8025 */ {0x7F, 0xA3, 0x3C, 0x79, 0x83, 0x7E, 0x34, 0x2F, 0xDE, 0x35, 0x67, 0xD6, 0x75, 0xEB, 0x42, 0x34, 0x60, 0x00},
    /* U+8026 */ {0x7E, 0xA2, 0x7E, 0x7E, 0xA2, 0x7E, 0x20, 0x8F, 0xFF, 0x34, 0xB7, 0xCF, 0x67, 0xFA, 0x43, 0x24, 0x70, 0x00},
    /* U+8027 */ {0xFB, 0xE2, 0x3C, 0x7F, 0xE2, 0x3C, 0xFF, 0xA3, 0x10, 0x7F, 0xF7, 0xA4, 0xE7, 0xC2, 0x1C, 0x26, 0x60, 0x00},
    /* U+8028 */ {0xFC, 0x02, 0x5E, 0x7F, 0xF2, 0x5E, 0x25, 0x6F, 0xDB, 0x34, 0x47, 0xFF, 0xEF, 0x4A, 0x94, 0x28, 0xC0, 0x00},
    /* U+8029 */ {0xFF, 0xE2, 0x24, 0x7F, 0xE2, 0x7F, 0x21, 0x8F, 0xFE, 0x37, 0xE7, 0xDA, 0xEF, 0xFA, 0x42, 0x24, 0xE0, 0x00},
    /* U+802A */ {0x7F, 0xE2, 0x34, 0x7B, 0x42, 0x7F, 0x24, 0xBF, 0xFE, 0x31, 0x07, 0xBE, 0xE3, 0x22, 0x66, 0x24, 0xC0, 0x00},
    /* U+8031 */ {0xFF, 0xF2, 0x54, 0x7F, 0xE2, 0xFE, 0x2F, 0xDF, 0xFE, 0x7D, 0x07, 0xFE, 0xEF, 0x2A, 0xB2, 0x2B, 0xE0, 0x00},
    /* U+8033 */ {0x7F, 0xE3, 0x0C, 0x30, 0xC3, 0xFC, 0x30, 0xC3, 0xFC, 0x30, 0xC3, 0x0C, 0x7F, 0xF7, 0xCC, 0x00, 0xC0, 0x00},
    /* U+8035 */ {0xFF, 0xF4, 0x84, 0x78, 0x44, 0x84, 0x48, 0x47, 0x84, 0x48, 0x46, 0xC4, 0xFC, 0x40, 0x84, 0x0B, 0xC0, 0x00},
    /* U+8036 */ {0xFF, 0xE6, 0xD2, 0x7D, 0x46, 0xD4, 0x6D, 0x47, 0xD2, 0x6D, 0x26, 0xD3, 0xFD, 0xE0, 0xD0, 0x0D, 0x00, 0x00},
    /* U+8037 */ {0x7F, 0xE1, 0x98, 0x70, 0xEF, 0xFF, 0x10, 0x81, 0xF8, 0x10, 0x81, 0xF8, 0x10, 0x87, 0xFE, 0x00, 0x80, 0x00},
    /* U+8038 */ {0x11, 0x83, 0x98, 0x6E, 0x64, 0x22, 0x7F, 0xE3, 0xFC, 0x30, 0xC3, 0xFC, 0x30, 0xCF, 0xFE, 0x00, 0xC0, 0x00},
    /* U+803B */ {0xFC, 0x84, 0x88, 0x7A, 0x84, 0xA8, 0x4A, 0xF7, 0xA8, 0x4A, 0x84, 0xA8, 0xFE, 0x84, 0xA8, 0x0F, 0xF0, 0x00},
    /* U+803D */ {0xF9, 0x85, 0x98, 0x7F, 0xE5, 0xDA, 0x5D, 0xA7, 0x98, 0x59, 0x85, 0xB8, 0xFB, 0x91, 0xEB, 0x1C, 0xE0, 0x00},
    /* U+803F */ {0xFC, 0x84, 0x88, 0x7A, 0xA4, 0xAA, 0x4F, 0xE7, 0xD8, 0x49, 0x87, 0xDC, 0xFB, 0x40, 0xE6, 0x0C, 0x30, 0x00},
    /* U+8042 */ {0x20, 0x43, 0xFC, 0x3F, 0xC2, 0x04, 0xFF, 0xF0, 0x04, 0x7F, 0xE4, 0x96, 0x39, 0xC7, 0xBE, 0xC7, 0x30, 0x00},
    /* U+8043 */ {0xF8, 0x85, 0xFE, 0x7E, 0xA5, 0xFE, 0x5F, 0xE7, 0xEA, 0x5E, 0xA5, 0xFF, 0xFE, 0x21, 0xE2, 0x1E, 0x60, 0x00},
    /* U+8046 */ {0xF9, 0x85, 0xBC, 0x7B, 0x65, 0xFB, 0x58, 0x87, 0xBE, 0x58, 0x45, 0x8C, 0xFB, 0x81, 0x98, 0x18, 0xC0, 0x00},
    /* U+804A */ {0xFF, 0xE5, 0x5A, 0x75, 0xA5, 0x5A, 0x55, 0xA7, 0x5A, 0x55, 0xA7, 0xFA, 0xF6, 0xE1, 0x68, 0x14, 0x80, 0x00},
    /* U+804B */ {0x7F, 0xE1, 0xAC, 0x33, 0x97, 0xFF, 0x40, 0x07, 0xFF, 0x3F, 0xC3, 0x0C, 0x3F, 0xCF, 0xFF, 0x00, 0xC0, 0x00},
    /* U+804C */ {0xFF, 0xE4, 0xA2, 0x7A, 0x24, 0xA2, 0x4A, 0x27, 0xBE, 0x48, 0x05, 0xB4, 0xFA, 0x60, 0xE2, 0x0C, 0x30, 0x00},
    /* U+804D */ {0x58, 0x85, 0xFF, 0x5C, 0x37, 0xC0, 0x5F, 0xF7, 0x88, 0x58, 0x85, 0x88, 0xF8, 0x81, 0x88, 0x1B, 0x80, 0x00},
    /* U+8052 */ {0xFF, 0x85, 0x88, 0x78, 0x85, 0xFF, 0x58, 0x87, 0x88, 0x5F, 0xE5, 0xE2, 0xFE, 0x25, 0xE2, 0x1F, 0xE0, 0x00},
    /* U+8054 */ {0xFA, 0x64, 0x9C, 0x7F, 0xE4, 0x98, 0x49, 0x87, 0xFF, 0x49, 0x85, 0xD8, 0xFB, 0xC0, 0xE6, 0x0C, 0x30, 0x00},
    /* U+8058 */ {0xFF, 0xE5, 0xCA, 0x7F, 0xE5, 0xCA, 0x5F, 0xE7, 0xFF, 0x5A, 0x07, 0xBE, 0xF8, 0x21, 0x86, 0x19, 0xC0, 0x00},
    /* U+805A */ {0x67, 0xE7, 0xF4, 0x7D, 0xC6, 0xFE, 0xFF, 0xE7, 0xF8, 0x1E, 0x67, 0x78, 0x1F, 0x87, 0x6F, 0x46, 0x00, 0x00},
    /* U+8069 */ {0xFF, 0xE5, 0xDA, 0x7F, 0xE5, 0xFF, 0x58, 0x07, 0xFE, 0x5D, 0xA5, 0xDA, 0xFD, 0xA1, 0xBE, 0x1E, 0x20, 0x00},
    /* U+806A */ {0xFB, 0x45, 0x94, 0x7F, 0xE5, 0xE2, 0x5E, 0x27, 0xFE, 0x59, 0x87, 0xFA, 0xFF, 0x21, 0xF7, 0x19, 0xC0, 0x00},
    /* U+8071 */ {0x11, 0xF7, 0xF6, 0x7F, 0xC3, 0xDC, 0x6F, 0x37, 0xFE, 0x3F, 0xC3, 0x0C, 0x3F, 0xC7, 0xFE, 0x00, 0xC0, 0x00},
    /* U+807F */ {0x3F, 0xC0, 0x64, 0xFF, 0xF0, 0x64, 0x3F, 0xC0, 0x60, 0x7F, 0xE0, 0x60, 0x7F, 0xE0, 0x60, 0x06, 0x00, 0x00},
    /* U+8080 */ {0x3F, 0xC0, 0x64, 0x7F, 0xF0, 0x64, 0x3F, 0xC0, 0x60, 0x06, 0x00, 0x60, 0x06, 0x00, 0x60, 0x06, 0x00, 0x00},
    /* U+8083 */ {0x3F, 0xC0, 0x64, 0x7F, 0xE0, 0x64, 0x3F, 0xC2, 0x60, 0x2F, 0x67, 0xFE, 0x76, 0xE4, 0x66, 0xC6, 0x60, 0x00},
    /* U+8084 */ {0x7B, 0xE4, 0x9A, 0x4F, 0xF7, 0x9A, 0x7F, 0xEF, 0x18, 0xFF, 0xE3, 0x18, 0x37, 0xF7, 0x98, 0xC9, 0x80, 0x00},
    /* U+8086 */ {0x7F, 0xE7, 0x9A, 0x67, 0xF7, 0x9A, 0x63, 0xEF, 0xD8, 0x27, 0xE7, 0x98, 0x7F, 0xF7, 0xD8, 0x01, 0x80, 0x00},
    /* U+8087 */ {0x7F, 0xE4, 0xF4, 0x7D, 0xCC, 0x3E, 0x3F, 0xC7, 0xFE, 0x06, 0x43, 0xFC, 0x7F, 0xE7, 0xFE, 0x06, 0x00, 0x00},
    /* U+8089 */ {0x06, 0x07, 0xFE, 0x46, 0x24, 0xF2, 0x59, 0xA5, 0x62, 0x46, 0x24, 0xF2, 0x59, 0xA4, 0x02, 0x40, 0xE0, 0x00},
    /* U+808B */ {0x49, 0x04, 0x90, 0x7F, 0xE4, 0x92, 0x49, 0x24, 0x92, 0x79, 0x24, 0xB2, 0x4A, 0x2C, 0xE2, 0xFC, 0xE0, 0x00},
    /* U+808C */ {0x4A, 0x44, 0xA4, 0x7A, 0x44, 0xA4, 0x4A, 0x44, 0xA4, 0x7A, 0x44, 0xA4, 0x4A, 0x5C, 0xE5, 0xFC, 0x60, 0x00},
    /* U+8093 */ {0x7F, 0xE2, 0x00, 0x3F, 0xE0, 0x00, 0x3F, 0xC2, 0x04, 0x3F, 0xC2, 0x04, 0x3F, 0xC2, 0x04, 0x21, 0xC0, 0x00},
    /* U+8096 */ {0x26, 0x43, 0x6C, 0x16, 0x83, 0xFC, 0x20, 0x43, 0xFC, 0x20, 0x43, 0xFC, 0x20, 0x42, 0x04, 0x21, 0xC0, 0x00},
    /* U+8098 */ {0x48, 0x44, 0x84, 0x7F, 0xF4, 0x84, 0x4A, 0x44, 0xA4, 0x7B, 0x44, 0x94, 0x48, 0x4C, 0x84, 0xB9, 0xC0, 0x00},
    /* U+809A */ {0x48, 0x84, 0x88, 0x78, 0x84, 0xFF, 0x48, 0x84, 0x88, 0x78, 0x84, 0x88, 0x48, 0x8D, 0xFF, 0xB8, 0x00, 0x00},
    /* U+809B */ {0x4F, 0xE4, 0x88, 0x78, 0x84, 0x88, 0x48, 0x84, 0x88, 0x78, 0x84, 0x88, 0x48, 0x8C, 0xFF, 0xF8, 0x00, 0x00},
    /* U+809C */ {0x48, 0xC4, 0x98, 0x4F, 0x07, 0x86, 0x48, 0xC4, 0x98, 0x7B, 0x04, 0x82, 0x48, 0xCC, 0xB8, 0xDE, 0x00, 0x00},
    /* U+809D */ {0x4F, 0xE4, 0x88, 0x78, 0x84, 0x88, 0x4F, 0xF4, 0x88, 0x78, 0x84, 0x88, 0x48, 0x8C, 0x88, 0xF8, 0x80, 0x00},
    /* U+809F */ {0x5F, 0xE5, 0x80, 0x78, 0x05, 0xFF, 0x5A, 0x05, 0xA0, 0x7B, 0xE5, 0x82, 0x58, 0x2D, 0x86, 0xB1, 0xC0, 0x00},
    /* U+80A0 */ {0x5F, 0xE5, 0x8C, 0x7B, 0x05, 0xFE, 0x5B, 0xE5, 0xAA, 0x7A, 0xA5, 0xDA, 0x5B, 0x2D, 0xA6, 0xB4, 0xC0, 0x00},
    /* U+80A1 */ {0x4A, 0x44, 0xA4, 0x7A, 0x44, 0xE7, 0x4C, 0x04, 0xFE, 0x7A, 0x64, 0xBC, 0x49, 0x8C, 0xBC, 0xFE, 0x70, 0x00},
    /* U+80A2 */ {0x59, 0x85, 0xFF, 0x79, 0x87, 0x98, 0x5F, 0xE5, 0xA6, 0x7A, 0x45, 0xBC, 0x59, 0x8D, 0xFE, 0xBC, 0x30, 0x00},
    /* U+80A4 */ {0x49, 0x84, 0xFE, 0x49, 0x87, 0x98, 0x49, 0x84, 0xFF, 0x79, 0x84, 0x9C, 0x4B, 0x4C, 0xE6, 0x9C, 0x30, 0x00},
    /* U+80A5 */ {0x4F, 0xE4, 0xEA, 0x7E, 0xA4, 0xEA, 0x4F, 0xE4, 0xE2, 0x7E, 0x04, 0xE0, 0x4E, 0x3D, 0xE3, 0xFB, 0xE0, 0x00},
    /* U+80A9 */ {0x3F, 0xC2, 0x06, 0x20, 0x67, 0xFC, 0x7F, 0xE7, 0x06, 0x7F, 0xE7, 0x06, 0x5F, 0xED, 0x06, 0x10, 0xE0, 0x00},
    /* U+80AA */ {0x48, 0x84, 0xFF, 0x79, 0x07, 0x90, 0x49, 0xE4, 0xB2, 0x7B, 0x24, 0xB2, 0x4A, 0x2C, 0xE6, 0xFC, 0xC0, 0x00},
    /* U+80AB */ {0x59, 0x85, 0xFF, 0x7D, 0xA5, 0xDA, 0x5D, 0xA5, 0xDA, 0x7F, 0xE5, 0x9A, 0x59, 0x8D, 0x9B, 0xB0, 0xE0, 0x00},
    /* U+80AD */ {0x51, 0x85, 0x18, 0x77, 0xE5, 0x5A, 0x55, 0xA5, 0x5A, 0x77, 0xE5, 0x66, 0xD4, 0x2D, 0x42, 0xB4, 0xE0, 0x00},
    /* U+80AE */ {0x59, 0x05, 0xFF, 0x78, 0x07, 0x80, 0x5B, 0xC5, 0xA4, 0x7E, 0x45, 0xE4, 0x5E, 0x5D, 0xC5, 0xB8, 0x60, 0x00},
    /* U+80AF */ {0x37, 0xC3, 0x60, 0x7F, 0xE0, 0x00, 0x3F, 0xC2, 0x04, 0x3F, 0xC2, 0x04, 0x3F, 0xC2, 0x04, 0x21, 0xC0, 0x00},
    /* U+80B1 */ {0x5B, 0x05, 0xFF, 0x5A, 0x07, 0xAC, 0x5A, 0x85, 0xA8, 0x7A, 0x85, 0xFE, 0x5D, 0x2D, 0xFE, 0xBC, 0x30, 0x00},
    /* U+80B2 */ {0x7F, 0xE1, 0x98, 0x3F, 0xC3, 0xE6, 0x3F, 0xC3, 0x04, 0x3F, 0xC3, 0x04, 0x3F, 0xC3, 0x04, 0x33, 0xC0, 0x00},
    /* U+80B4 */ {0x0F, 0x83, 0xFC, 0x2C, 0x47, 0xFE, 0x18, 0x03, 0xFC, 0x70, 0x45, 0xFC, 0x1F, 0xC1, 0x04, 0x11, 0xC0, 0x00},
    /* U+80B7 */ {0x5A, 0x05, 0xBF, 0x5E, 0x27, 0xFA, 0x5D, 0xA5, 0x98, 0x79, 0x85, 0x9C, 0x5B, 0x4D, 0xE6, 0xBC, 0x20, 0x00},
    /* U+80BA */ {0x59, 0x85, 0xFF, 0x59, 0x87, 0xFE, 0x5D, 0xA5, 0xDA, 0x7D, 0xA5, 0xDA, 0x5D, 0xED, 0x98, 0xB1, 0x80, 0x00},
    /* U+80BC */ {0x5A, 0x45, 0xA4, 0x7F, 0xE5, 0xA4, 0x5A, 0x45, 0xA4, 0x7F, 0xF5, 0xA4, 0x5A, 0x4D, 0xE4, 0xFC, 0x40, 0x00},
    /* U+80BD */ {0x59, 0x85, 0x98, 0x59, 0x85, 0xFF, 0x59, 0x85, 0x98, 0x79, 0xC5, 0xB4, 0x5B, 0x4D, 0xFA, 0xBC, 0xB0, 0x00},
    /* U+80BE */ {0x5F, 0xE5, 0xA4, 0x59, 0x85, 0xFE, 0x0C, 0x23, 0xFC, 0x20, 0x43, 0xFC, 0x3F, 0xC2, 0x04, 0x21, 0xC0, 0x00},
    /* U+80BF */ {0x59, 0x85, 0x98, 0x7F, 0xE5, 0xDA, 0x5D, 0xA5, 0xDA, 0x7F, 0xE5, 0xDA, 0x59, 0x8D, 0x98, 0xB1, 0x80, 0x00},
    /* U+80C0 */ {0x5A, 0x65, 0xAC, 0x7B, 0x85, 0xA0, 0x5F, 0xF5, 0xA8, 0x7A, 0x85, 0xAC, 0x5A, 0x4D, 0xBA, 0xB6, 0x20, 0x00},
    /* U+80C1 */ {0x51, 0x05, 0x7C, 0x51, 0x47, 0x14, 0x57, 0x65, 0x76, 0x7F, 0x75, 0xA7, 0x56, 0x4D, 0x4C, 0xBD, 0x80, 0x00},
    /* U+80C2 */ {0x59, 0x85, 0xFE, 0x7D, 0xA5, 0xDA, 0x5F, 0xE5, 0xDA, 0x7F, 0xE5, 0xDA, 0xD9, 0x8D, 0x98, 0xB1, 0x80, 0x00},
    /* U+80C3 */ {0x7F, 0xE7, 0xFE, 0x66, 0x67, 0xFE, 0x00, 0x03, 0xFC, 0x3F, 0xC2, 0x04, 0x3F, 0xC2, 0x0C, 0x21, 0xC0, 0x00},
    /* U+80C4 */ {0x7F, 0xE7, 0xFE, 0x66, 0x67, 0xFE, 0x00, 0x03, 0xFC, 0x3F, 0xC2, 0x04, 0x3F, 0xC2, 0x04, 0x21, 0xC0, 0x00},
    /* U+80C6 */ {0x4B, 0xE4, 0xA2, 0x4A, 0x27, 0xBE, 0x4A, 0x24, 0xA2, 0x7A, 0x24, 0xBE, 0x48, 0x0C, 0x80, 0xFF, 0xF0, 0x00},
    /* U+80CC */ {0x7B, 0xE0, 0xB0, 0x7B, 0x26, 0x9E, 0x3F, 0xC3, 0x04, 0x3F, 0xC3, 0x04, 0x3F, 0xC3, 0x04, 0x31, 0xC0, 0x00},
    /* U+80CD */ {0x57, 0x45, 0x54, 0x75, 0x45, 0x54, 0x55, 0x65, 0x56, 0x75, 0x25, 0xDA, 0x5F, 0xED, 0xBF, 0xB8, 0x40, 0x00},
    /* U+80CE */ {0x5B, 0x05, 0xA4, 0x7E, 0x65, 0xFE, 0x5F, 0xF5, 0x80, 0x7F, 0xE5, 0xC2, 0xDC, 0x2D, 0xFE, 0xB4, 0x20, 0x00},
    /* U+80D6 */ {0x7D, 0xA5, 0xFE, 0x5B, 0xC7, 0xFE, 0x59, 0x85, 0x98, 0x7F, 0xF5, 0x98, 0x59, 0x8D, 0x98, 0xB9, 0x80, 0x00},
    /* U+80D7 */ {0x5B, 0x85, 0xFC, 0x7F, 0xE5, 0xD3, 0x5E, 0x45, 0xCC, 0x79, 0x85, 0xF6, 0x58, 0xCD, 0xB8, 0xB6, 0x00, 0x00},
    /* U+80D9 */ {0x4A, 0x04, 0xFF, 0x7D, 0x07, 0xD0, 0x49, 0xE7, 0x90, 0x79, 0x04, 0x9E, 0x49, 0x0C, 0x90, 0xF9, 0x00, 0x00},
    /* U+80DA */ {0x5F, 0xF5, 0x88, 0x79, 0x85, 0xBC, 0x5B, 0xE5, 0xFA, 0x7D, 0xB5, 0x98, 0x59, 0x8D, 0x90, 0xBF, 0xF0, 0x00},
    /* U+80DB */ {0x5F, 0xE5, 0xDA, 0x7D, 0xA5, 0xFE, 0x5D, 0xA5, 0xDA, 0x7F, 0xE5, 0xDA, 0x59, 0x8D, 0x98, 0xF1, 0x80, 0x00},
    /* U+80DC */ {0x5E, 0x85, 0xE8, 0x7F, 0xE5, 0xC8, 0x5C, 0x85, 0x88, 0x7F, 0xE5, 0x88, 0x58, 0x8D, 0x88, 0xFF, 0xF0, 0x00},
    /* U+80DD */ {0x5F, 0xC5, 0xE8, 0x7C, 0x85, 0xC8, 0x5F, 0xF5, 0xC8, 0x7C, 0xC5, 0xCC, 0x5D, 0xDD, 0xFF, 0xB6, 0xE0, 0x00},
    /* U+80DE */ {0x5A, 0x05, 0xFE, 0x5C, 0x27, 0xFA, 0x5C, 0xA7, 0xFA, 0x5C, 0x25, 0xCE, 0x5C, 0x1D, 0xE3, 0xB3, 0xE0, 0x00},
    /* U+80E1 */ {0x11, 0xE1, 0x12, 0xFD, 0x21, 0x1E, 0x11, 0x27, 0xD2, 0x4F, 0xE4, 0xF2, 0x7E, 0x24, 0x22, 0x04, 0xE0, 0x00},
    /* U+80E4 */ {0x6B, 0x47, 0xE4, 0x6D, 0x47, 0xFC, 0x7C, 0xC7, 0xF4, 0x7F, 0x47, 0x94, 0x5F, 0x55, 0x97, 0xDB, 0x60, 0x00},
    /* U+80E5 */ {0x16, 0x23, 0x7E, 0x3E, 0x04, 0xFE, 0x40, 0x03, 0xFC, 0x3F, 0xC2, 0x04, 0x3F, 0xC2, 0x04, 0x21, 0xC0, 0x00},
    /* U+80E7 */ {0x7A, 0xC5, 0xA6, 0x5F, 0xF7, 0xA8, 0x5A, 0xA5, 0xAE, 0x7A, 0xC5, 0xEC, 0x5F, 0x8D, 0xFB, 0xB8, 0xE0, 0x00},
    /* U+80E8 */ {0x5F, 0xF5, 0x20, 0x72, 0x85, 0x78, 0x55, 0x85, 0x7E, 0x71, 0x85, 0x7E, 0xD5, 0xAD, 0xDB, 0xB3, 0x00, 0x00},
    /* U+80E9 */ {0x59, 0xE5, 0x90, 0x79, 0x05, 0x90, 0x5F, 0xF5, 0x90, 0x79, 0x85, 0x9C, 0x59, 0x2D, 0x90, 0xF1, 0x00, 0x00},
    /* U+80EA */ {0x51, 0xE5, 0x18, 0x77, 0xE5, 0x42, 0x54, 0x25, 0x7E, 0x74, 0x25, 0x40, 0xD4, 0x0D, 0xC0, 0xBC, 0x00, 0x00},
    /* U+80EB */ {0x5F, 0xE5, 0x8C, 0x79, 0x85, 0xFE, 0x5E, 0x35, 0x80, 0x7F, 0xE5, 0x98, 0x59, 0x8D, 0x98, 0xBF, 0xF0, 0x00},
    /* U+80EC */ {0xFF, 0xE6, 0xD6, 0x79, 0xC7, 0xFE, 0x46, 0x27, 0xFE, 0x6F, 0x67, 0xFE, 0x67, 0x67, 0x9E, 0x60, 0xE0, 0x00},
    /* U+80ED */ {0x57, 0xE5, 0x5A, 0x55, 0xA7, 0x7E, 0x55, 0xA5, 0x5A, 0x75, 0xE5, 0x76, 0xD6, 0x6D, 0x7E, 0xB4, 0x20, 0x00},
    /* U+80EF */ {0x51, 0x05, 0xFF, 0x52, 0x47, 0xFF, 0x5C, 0x07, 0xFE, 0x52, 0x05, 0x7E, 0xD0, 0x6D, 0x06, 0xB1, 0xC0, 0x00},
    /* U+80F0 */ {0x5F, 0xE5, 0x98, 0x7F, 0xE5, 0x9A, 0x5F, 0xE5, 0xD8, 0x7F, 0xE5, 0x9A, 0x5B, 0xED, 0xE6, 0xBC, 0x20, 0x00},
    /* U+80F1 */ {0x57, 0xA5, 0x3E, 0x73, 0xC5, 0x18, 0x5F, 0xF5, 0x3C, 0x72, 0xC5, 0x2C, 0x52, 0xDD, 0xEF, 0xFC, 0x60, 0x00},
    /* U+80F2 */ {0x59, 0x85, 0xFF, 0x7B, 0x45, 0xA4, 0x5F, 0xC5, 0x9A, 0x7B, 0x65, 0xEC, 0x59, 0xCD, 0xF6, 0xBC, 0x20, 0x00},
    /* U+80F3 */ {0x7B, 0xE5, 0xA4, 0x5F, 0xC7, 0xD8, 0x59, 0xC5, 0xE7, 0x7F, 0xE5, 0xA2, 0x5A, 0x2D, 0xA2, 0xBB, 0xE0, 0x00},
    /* U+80F4 */ {0x5F, 0xE5, 0xC2, 0x7F, 0xE5, 0xC2, 0x5F, 0xE5, 0xF6, 0x7F, 0x65, 0xFE, 0x5F, 0x2D, 0xC2, 0xB4, 0x60, 0x00},
    /* U+80F6 */ {0x58, 0x85, 0xFE, 0x5A, 0x47, 0xE6, 0x5E, 0x25, 0xE6, 0x7B, 0xC5, 0x98, 0x59, 0x8D, 0xFE, 0xBC, 0x20, 0x00},
    /* U+80F8 */ {0x57, 0xF5, 0xC3, 0x7C, 0xB5, 0xEF, 0x5F, 0x75, 0xD7, 0x7F, 0xF5, 0xEF, 0x5F, 0xFD, 0x02, 0xB0, 0xE0, 0x00},
    /* U+80FA */ {0x79, 0x85, 0xFF, 0x5D, 0x37, 0x90, 0x5F, 0xF5, 0xA4, 0x7E, 0x45, 0xBC, 0x59, 0xCD, 0xB6, 0xB6, 0x20, 0x00},
    /* U+80FC */ {0x5B, 0x45, 0xB4, 0x7F, 0xE5, 0xB4, 0x5B, 0x45, 0xFF, 0x7B, 0x45, 0xA4, 0x5A, 0x4D, 0xE4, 0xBC, 0x40, 0x00},
    /* U+80FD */ {0x6B, 0x67, 0xFC, 0x7F, 0x00, 0x33, 0x7D, 0xE7, 0xF0, 0x4F, 0x67, 0xFC, 0x4F, 0x04, 0xF3, 0x59, 0xE0, 0x00},
    /* U+8102 */ {0x5F, 0xE5, 0xF0, 0x7E, 0x35, 0xFE, 0x58, 0x05, 0xFE, 0x7E, 0x25, 0xFE, 0x5E, 0x2D, 0xE2, 0xB7, 0xE0, 0x00},
    /* U+8106 */ {0x53, 0xC5, 0x6C, 0x7F, 0xF5, 0xC0, 0x5D, 0xE7, 0x52, 0x75, 0x25, 0x56, 0x5D, 0x0D, 0xD3, 0xB9, 0xE0, 0x00},
    /* U+8109 */ {0x58, 0xC5, 0x80, 0x7F, 0x85, 0x8A, 0x5F, 0xE5, 0xBC, 0x7A, 0xC5, 0xEE, 0xDC, 0xAD, 0x89, 0xB3, 0x80, 0x00},
    /* U+810A */ {0x3E, 0xC1, 0xF8, 0x7F, 0xE1, 0x98, 0x7F, 0xF7, 0x0C, 0x3F, 0xC3, 0x0C, 0x3F, 0xC3, 0x0C, 0x31, 0x80, 0x00},
    /* U+810D */ {0x53, 0x85, 0x24, 0x7E, 0x75, 0xFF, 0x50, 0x05, 0x00, 0x77, 0xE5, 0x30, 0x52, 0x4D, 0xFE, 0xF7, 0x20, 0x00},
    /* U+810E */ {0x5F, 0xC5, 0x9C, 0x7E, 0x65, 0xD8, 0x59, 0x85, 0xFF, 0x79, 0x85, 0xBE, 0x5D, 0xAD, 0xDA, 0xB3, 0x80, 0x00},
    /* U+810F */ {0x58, 0x85, 0xFF, 0x7C, 0x85, 0xC8, 0x5C, 0x85, 0xFE, 0x7C, 0x85, 0xC8, 0x5C, 0x8D, 0xC8, 0xBB, 0xF0, 0x00},
    /* U+8110 */ {0x5F, 0xF5, 0xA4, 0x7B, 0xC5, 0x98, 0x5B, 0xE5, 0xE7, 0x7A, 0x45, 0xA4, 0x5A, 0x4D, 0xE4, 0xB4, 0x40, 0x00},
    /* U+8111 */ {0x51, 0x85, 0xFF, 0x50, 0x47, 0xEA, 0x5D, 0xA7, 0xDA, 0x5D, 0xA5, 0xFE, 0x5E, 0x2D, 0xFE, 0xB0, 0x20, 0x00},
    /* U+8112 */ {0x55, 0xA5, 0x7E, 0x73, 0xC5, 0x18, 0x5F, 0xF5, 0x38, 0x73, 0xC5, 0x7C, 0x5D, 0xED, 0xDB, 0xB1, 0x80, 0x00},
    /* U+8113 */ {0x51, 0x85, 0xFF, 0x5D, 0xB7, 0x38, 0x53, 0x85, 0x6E, 0x7E, 0xC5, 0xA4, 0xD2, 0x6D, 0x3A, 0xB6, 0x00, 0x00},
    /* U+8114 */ {0x7F, 0xE0, 0x90, 0x29, 0x46, 0x92, 0x06, 0x07, 0xFE, 0x6F, 0x67, 0xEE, 0x6F, 0x67, 0x9E, 0x60, 0xE0, 0x00},
    /* U+8116 */ {0x5F, 0xE5, 0x98, 0x7F, 0xE5, 0xC3, 0x5C, 0x37, 0x8C, 0x79, 0x85, 0xFF, 0x59, 0x8D, 0x98, 0xB3, 0x80, 0x00},
    /* U+8118 */ {0x59, 0x85, 0xFF, 0x7C, 0x35, 0xBE, 0x58, 0x05, 0xFF, 0x7B, 0xC5, 0xAC, 0xDA, 0xDD, 0xED, 0xBC, 0x70, 0x00},
    /* U+811A */ {0x56, 0xA5, 0xFA, 0x76, 0xA7, 0x6A, 0x5F, 0xA5, 0x4A, 0x74, 0xA5, 0x5A, 0xDF, 0xED, 0xD8, 0xB0, 0x80, 0x00},
    /* U+811E */ {0x71, 0x85, 0x7E, 0x55, 0xC7, 0x7E, 0x5F, 0xE7, 0xBB, 0x59, 0x85, 0x7E, 0x51, 0x8D, 0x18, 0xBF, 0xF0, 0x00},
    /* U+812C */ {0x5F, 0xE5, 0xD2, 0x7B, 0xC5, 0xFE, 0x58, 0xC5, 0x8C, 0x79, 0x85, 0xFF, 0x59, 0x8D, 0x98, 0xF3, 0x80, 0x00},
    /* U+812F */ {0x59, 0xA5, 0xFF, 0x79, 0x85, 0xFE, 0x5D, 0xA5, 0xFE, 0x7D, 0xA5, 0xFE, 0x5D, 0xAD, 0xDA, 0xB4, 0xE0, 0x00},
    /* U+8131 */ {0x5B, 0x45, 0xBC, 0x7F, 0xE5, 0xC2, 0x5C, 0x25, 0xFE, 0x7B, 0xC5, 0xBC, 0x5A, 0xCD, 0xEF, 0xBC, 0x60, 0x00},
    /* U+8132 */ {0x74, 0x25, 0x42, 0x57, 0xE7, 0x48, 0x54, 0xA5, 0x7E, 0x7D, 0xC5, 0xFC, 0x5E, 0xAD, 0xEB, 0xB9, 0x80, 0x00},
    /* U+8136 */ {0x56, 0x25, 0x62, 0x77, 0xE5, 0x18, 0x5F, 0xE5, 0xDA, 0x7D, 0xA5, 0xDE, 0x5E, 0x6D, 0xC2, 0xB4, 0x60, 0x00},
    /* U+8138 */ {0x71, 0x85, 0x2C, 0x5C, 0x67, 0xFF, 0x50, 0x05, 0x52, 0x75, 0xE5, 0x6C, 0xD0, 0x4D, 0xFF, 0xB0, 0x00, 0x00},
    /* U+813E */ {0x5F, 0xE5, 0xDA, 0x7F, 0xE5, 0xDA, 0x5F, 0xE5, 0xB0, 0x7E, 0x85, 0x88, 0x5F, 0xFD, 0x88, 0xF0, 0x80, 0x00},
    /* U+8146 */ {0x53, 0x85, 0x7E, 0x77, 0xA5, 0x7A, 0x57, 0xE5, 0x7A, 0x77, 0xA5, 0xFF, 0xD2, 0x4D, 0x66, 0xB4, 0x20, 0x00},
    /* U+8148 */ {0x5F, 0xE5, 0xFE, 0x79, 0x85, 0xFF, 0x58, 0x05, 0xFE, 0x7F, 0xE5, 0xE2, 0x5F, 0xED, 0xE2, 0xB6, 0xE0, 0x00},
    /* U+814A */ {0x5A, 0x45, 0xFE, 0x7A, 0x45, 0xFF, 0x58, 0x05, 0xBE, 0x7E, 0x25, 0xFE, 0x5E, 0x2D, 0xFE, 0xB6, 0x20, 0x00},
    /* U+814B */ {0x5F, 0xF5, 0x28, 0x77, 0x85, 0x5E, 0x55, 0xA5, 0xFE, 0x7F, 0xE5, 0x4C, 0xD4, 0xCD, 0x5E, 0xB7, 0x30, 0x00},
    /* U+814C */ {0x51, 0x05, 0xFE, 0x72, 0x45, 0x7E, 0x5F, 0xF5, 0x7E, 0x75, 0xE5, 0x7E, 0x55, 0x9D, 0x1B, 0xF0, 0xE0, 0x00},
    /* U+8150 */ {0x7F, 0xF6, 0xC4, 0x7F, 0xE7, 0xB4, 0x69, 0xC4, 0x30, 0x5F, 0xE5, 0x7A, 0x5B, 0xE5, 0xDA, 0xD0, 0xE0, 0x00},
    /* U+8151 */ {0x57, 0xF5, 0x52, 0x75, 0x25, 0x7F, 0x5F, 0x25, 0xFA, 0x7F, 0xA5, 0xFE, 0x5F, 0x2D, 0xB2, 0xBB, 0xE0, 0x00},
    /* U+8153 */ {0x53, 0xC5, 0xFF, 0x73, 0xC7, 0x3C, 0x5F, 0xE7, 0x3C, 0x73, 0xC5, 0xFF, 0x53, 0xCD, 0x3C, 0xB3, 0xC0, 0x00},
    /* U+8154 */ {0x5F, 0xF5, 0xC3, 0x5C, 0x07, 0x24, 0x56, 0x25, 0x7E, 0x71, 0x85, 0x18, 0xD1, 0x8D, 0x18, 0xBF, 0xF0, 0x00},
    /* U+8155 */ {0x5F, 0xF5, 0xC3, 0x74, 0x05, 0x7E, 0x55, 0xA5, 0xDA, 0x7F, 0xA5, 0x2E, 0xD2, 0x8D, 0x6B, 0xBC, 0xE0, 0x00},
    /* U+8159 */ {0x59, 0x85, 0xFF, 0x7C, 0x35, 0xBC, 0x58, 0x05, 0xFE, 0x79, 0x85, 0xFE, 0x5D, 0xAD, 0xDB, 0xB3, 0x80, 0x00},
    /* U+815A */ {0x59, 0x85, 0xFF, 0x58, 0x07, 0xFE, 0x59, 0x85, 0xB8, 0x7F, 0xE5, 0xF8, 0x5F, 0x8D, 0xF8, 0xB9, 0xF0, 0x00},
    /* U+8160 */ {0x5F, 0xE5, 0x10, 0x77, 0xE5, 0x30, 0x5F, 0xF5, 0x7C, 0x7D, 0x25, 0x7E, 0x53, 0x8D, 0x6E, 0xBC, 0x20, 0x00},
    /* U+8165 */ {0x5C, 0x25, 0xFE, 0x7C, 0x25, 0xFE, 0x5F, 0x85, 0xFE, 0x7D, 0x85, 0xFE, 0x59, 0x8D, 0x98, 0xFF, 0xF0, 0x00},
    /* U+8167 */ {0x53, 0x85, 0xE6, 0x7F, 0xE5, 0x02, 0x5F, 0xA5, 0xDA, 0x7F, 0xA5, 0xFA, 0xDD, 0xAD, 0xD2, 0xBF, 0x60, 0x00},
    /* U+8169 */ {0x5F, 0xF5, 0x10, 0x71, 0x05, 0x7E, 0x56, 0xA5, 0x7E, 0x75, 0xA5, 0x7E, 0x55, 0xAD, 0x5A, 0xB4, 0x60, 0x00},
    /* U+816D */ {0x5D, 0xA5, 0xDA, 0x7F, 0xE5, 0xFE, 0x58, 0x05, 0xFF, 0x7A, 0x05, 0xBE, 0xD8, 0x6D, 0x84, 0xB1, 0xC0, 0x00},
    /* U+816E */ {0x5F, 0xE5, 0xDA, 0x7F, 0xE5, 0xDA, 0x5F, 0xE5, 0x90, 0x7E, 0xA5, 0xEA, 0x5E, 0x3D, 0xA7, 0xB3, 0xC0, 0x00},
    /* U+8170 */ {0x5F, 0xE5, 0x38, 0x77, 0xE5, 0x7A, 0x57, 0xE5, 0x10, 0x7F, 0xE5, 0x64, 0xD7, 0xCD, 0x3C, 0xBE, 0x60, 0x00},
    /* U+8171 */ {0x5F, 0xE5, 0x4A, 0x75, 0xF5, 0xEA, 0x53, 0xE5, 0xFE, 0x7E, 0x85, 0x7E, 0x54, 0x8D, 0xF8, 0xB9, 0xF0, 0x00},
    /* U+8174 */ {0x57, 0xE5, 0xD2, 0x7D, 0x25, 0xFE, 0x5D, 0x25, 0xFE, 0x71, 0x85, 0x38, 0x52, 0xCD, 0x66, 0xBC, 0x20, 0x00},
    /* U+8179 */ {0x5F, 0xF5, 0xC0, 0x7F, 0xE5, 0xFE, 0x5E, 0x25, 0xFE, 0x7B, 0xE5, 0xE4, 0x5D, 0xCD, 0xBE, 0xFE, 0x70, 0x00},
    /* U+817A */ {0x5F, 0xE5, 0xC2, 0x7F, 0xE5, 0xC2, 0x5F, 0xE5, 0x9A, 0x7F, 0xE5, 0xBC, 0x5F, 0xCD, 0xDB, 0xFB, 0x80, 0x00},
    /* U+817B */ {0x5F, 0xF5, 0x04, 0x77, 0x45, 0xFC, 0x50, 0x45, 0xF4, 0x7F, 0x45, 0xF4, 0xDF, 0x5D, 0x77, 0xBC, 0xA0, 0x00},
    /* U+817C */ {0x5F, 0xF5, 0x10, 0x77, 0xE5, 0x7A, 0x57, 0xA5, 0x7A, 0x77, 0xA5, 0x7A, 0xD7, 0xAD, 0x7E, 0xB4, 0x20, 0x00},
    /* U+817D */ {0x57, 0xE5, 0x46, 0x77, 0xE5, 0x46, 0x57, 0xE5, 0x00, 0x77, 0xE5, 0x5A, 0x55, 0xAD, 0x5A, 0xBF, 0xF0, 0x00},
    /* U+817E */ {0x55, 0x45, 0xFE, 0x73, 0x05, 0xFF, 0x54, 0x65, 0xFF, 0x76, 0xC5, 0x7E, 0xD7, 0xAD, 0x06, 0xB0, 0xC0, 0x00},
    /* U+817F */ {0x5D, 0x25, 0x52, 0x71, 0xE5, 0xD2, 0x55, 0xE5, 0x5A, 0x75, 0x65, 0x5E, 0xD7, 0xAD, 0xE0, 0xB9, 0xF0, 0x00},
    /* U+8180 */ {0x5F, 0xE5, 0x24, 0x72, 0x45, 0xFF, 0x5D, 0xB5, 0xFE, 0x73, 0x05, 0x3E, 0xD2, 0x6D, 0x66, 0xBC, 0xC0, 0x00},
    /* U+8182 */ {0xFF, 0xE2, 0x7E, 0x3B, 0xE6, 0xA4, 0xDB, 0xE3, 0xFC, 0x30, 0xC3, 0xFC, 0x3F, 0xC3, 0x0C, 0x31, 0xC0, 0x00},
    /* U+8188 */ {0x5F, 0xF5, 0x7E, 0x74, 0x25, 0x7E, 0x5F, 0xE5, 0xC2, 0x7F, 0x65, 0xFE, 0xDD, 0xAD, 0xDA, 0xB4, 0x60, 0x00},
    /* U+818A */ {0x5F, 0xE5, 0x18, 0x77, 0xE5, 0x7E, 0x55, 0xA5, 0x7E, 0x74, 0x45, 0xFF, 0x52, 0x4D, 0x34, 0xB0, 0xC0, 0x00},
    /* U+818F */ {0x00, 0x03, 0xFC, 0x3F, 0xC7, 0xFE, 0x5F, 0xA1, 0xF8, 0x3F, 0xC3, 0x0C, 0x3F, 0xC3, 0xFC, 0x21, 0xC0, 0x00},
    /* U+8191 */ {0x5F, 0xE5, 0xC2, 0x7D, 0xE5, 0x38, 0x53, 0xE5, 0x2C, 0x72, 0xC5, 0xFF, 0x52, 0x4D, 0x66, 0xBC, 0x20, 0x00},
    /* U+8198 */ {0x53, 0x85, 0x7E, 0x5F, 0xA7, 0xFA, 0x57, 0xE5, 0x7E, 0x70, 0x05, 0xFF, 0xD5, 0xCD, 0xDA, 0xBB, 0x00, 0x00},
    /* U+819B */ {0x57, 0xC5, 0x18, 0x7F, 0xE5, 0xFE, 0x56, 0x65, 0x7E, 0x71, 0x85, 0x18, 0xD7, 0xED, 0x18, 0xBF, 0xF0, 0x00},
    /* U+819C */ {0x7F, 0xF5, 0x24, 0x57, 0xE7, 0x42, 0x57, 0xE5, 0x7E, 0x71, 0x85, 0xFE, 0x53, 0x8D, 0x26, 0xBC, 0x20, 0x00},
    /* U+819D */ {0x5F, 0xE5, 0xBC, 0x7F, 0xA5, 0x98, 0x5B, 0xC5, 0xE6, 0x7D, 0xB5, 0xBC, 0x5B, 0xCD, 0xFE, 0xB3, 0x80, 0x00},
    /* U+81A3 */ {0x5F, 0xF5, 0xF7, 0x76, 0x65, 0x7E, 0x53, 0x45, 0x7E, 0x77, 0xE5, 0x18, 0xD7, 0xED, 0x18, 0xBF, 0xF0, 0x00},
    /* U+81A6 */ {0x57, 0x45, 0xFE, 0x73, 0xC5, 0xF6, 0x55, 0x25, 0x4E, 0x7F, 0xC5, 0xFC, 0x57, 0xFD, 0x44, 0xB8, 0x40, 0x00},
    /* U+81A8 */ {0x5F, 0xE5, 0x24, 0x7F, 0xC5, 0x02, 0x5F, 0x65, 0xDC, 0x7F, 0x85, 0x52, 0xD7, 0x6D, 0xFC, 0xB0, 0x80, 0x00},
    /* U+81AA */ {0x57, 0xE5, 0x24, 0x7F, 0xF5, 0x93, 0x57, 0xE5, 0x52, 0x75, 0xC5, 0x00, 0xD7, 0xED, 0x7E, 0xB4, 0x20, 0x00},
    /* U+81B3 */ {0x5F, 0xE5, 0x18, 0x77, 0xE5, 0x18, 0x5F, 0xE5, 0x7E, 0x7F, 0xF5, 0x7E, 0x54, 0x2D, 0x42, 0xB7, 0xE0, 0x00},
    /* U+81BA */ {0x7F, 0xF6, 0xBE, 0x7E, 0x87, 0xFE, 0x7B, 0xE5, 0xBE, 0x5F, 0xE5, 0xFE, 0x58, 0x6D, 0xFE, 0xD8, 0xE0, 0x00},
    /* U+81BB */ {0x5F, 0xF5, 0x7E, 0x77, 0xA5, 0x7E, 0x57, 0xE5, 0x7E, 0x77, 0xE5, 0x7E, 0x57, 0xED, 0x00, 0xBF, 0xF0, 0x00},
    /* U+81C0 */ {0x45, 0x47, 0xE6, 0x7F, 0xE7, 0xDC, 0xF9, 0xCA, 0x76, 0x3F, 0xC3, 0xFC, 0x3F, 0xC2, 0x04, 0x21, 0xC0, 0x00},
    /* U+81C1 */ {0x5F, 0xE5, 0xA4, 0x7F, 0xE5, 0x9C, 0x5B, 0xE5, 0xFE, 0x79, 0xE5, 0xBE, 0x5B, 0xCD, 0xFE, 0xB9, 0xC0, 0x00},
    /* U+81C2 */ {0x47, 0xE7, 0xD4, 0x7F, 0xF6, 0x7E, 0x3C, 0x83, 0xFC, 0x20, 0x43, 0xFC, 0x3F, 0xC2, 0x04, 0x21, 0xC0, 0x00},
    /* U+81C3 */ {0x5F, 0xF5, 0x4C, 0x75, 0xC5, 0xFF, 0x5F, 0x45, 0x7E, 0x77, 0x45, 0xFE, 0xD7, 0x4D, 0xDF, 0xB9, 0x00, 0x00},
    /* U+81C6 */ {0x5F, 0xF5, 0x24, 0x7F, 0xF5, 0x00, 0x57, 0xE5, 0x7E, 0x74, 0x25, 0x7E, 0x51, 0x8D, 0xEE, 0xBB, 0xC0, 0x00},
    /* U+81CA */ {0x52, 0x45, 0x3C, 0x70, 0x05, 0xFE, 0x5D, 0xA5, 0xFE, 0x7F, 0xE5, 0x3C, 0x57, 0xCD, 0xDB, 0xB1, 0x80, 0x00},
    /* U+81CC */ {0x5F, 0x45, 0x7F, 0x7F, 0x45, 0x04, 0x5F, 0xF5, 0xBA, 0x7E, 0xA5, 0xAE, 0xDE, 0x4D, 0xFE, 0xA1, 0x10, 0x00},
    /* U+81E3 */ {0x7F, 0xE6, 0x20, 0x62, 0x07, 0xFC, 0x60, 0x46, 0x04, 0x7F, 0xC6, 0x20, 0x62, 0x07, 0xFE, 0x00, 0x00, 0x00},
    /* U+81E7 */ {0x7F, 0xF7, 0x08, 0x7F, 0x87, 0xEA, 0x3F, 0xA3, 0x9E, 0xFF, 0xC7, 0xEC, 0x7F, 0xDE, 0x1D, 0x23, 0x60, 0x00},
    /* U+81EA */ {0x04, 0x03, 0xFC, 0x20, 0x42, 0x04, 0x3F, 0xC2, 0x04, 0x3F, 0xC2, 0x04, 0x20, 0x43, 0xFC, 0x20, 0x40, 0x00},
    /* U+81EC */ {0x3F, 0xC2, 0x04, 0x3F, 0xC3, 0xFC, 0x20, 0x43, 0xFC, 0x06, 0x0F, 0xFF, 0x1F, 0x87, 0x6E, 0xC6, 0x20, 0x00},
    /* U+81ED */ {0x3F, 0xC2, 0x04, 0x3F, 0xC3, 0xFC, 0x20, 0x43, 0xFC, 0x06, 0xC7, 0xFE, 0x0F, 0x03, 0x9C, 0x60, 0x60, 0x00},
    /* U+81F3 */ {0x7F, 0xE1, 0x90, 0x31, 0x87, 0xFC, 0x36, 0x20, 0x60, 0x7F, 0xE0, 0x60, 0x06, 0x00, 0x60, 0xFF, 0xF0, 0x00},
    /* U+81F4 */ {0xFD, 0x02, 0x10, 0x6B, 0xF7, 0xF6, 0x77, 0x41, 0x54, 0x7D, 0xC1, 0x0C, 0x1D, 0xCF, 0xF6, 0x06, 0x30, 0x00},
    /* U+81FB */ {0xFF, 0xE2, 0x18, 0x5B, 0xEF, 0xFF, 0x22, 0x6F, 0xFF, 0x24, 0x92, 0x7E, 0x3B, 0xCF, 0xFA, 0x04, 0x80, 0x00},
    /* U+81FC */ {0x73, 0xE4, 0x02, 0x40, 0x24, 0x02, 0x40, 0x27, 0xFE, 0x40, 0x24, 0x02, 0x40, 0x27, 0xFE, 0x40, 0x20, 0x00},
    /* U+81FE */ {0x7F, 0xE6, 0x66, 0x66, 0x67, 0xFE, 0x66, 0x66, 0x66, 0x7F, 0xE0, 0x60, 0x09, 0x03, 0x9C, 0xE0, 0x70, 0x00},
    /* U+8200 */ {0x7F, 0xC2, 0x44, 0x26, 0x43, 0xAC, 0x7B, 0xE6, 0x06, 0x60, 0x67, 0xFE, 0x60, 0x67, 0xFE, 0x60, 0x60, 0x00},
    /* U+8201 */ {0x7B, 0xE6, 0x06, 0x7F, 0xE6, 0x06, 0x7F, 0xE0, 0x00, 0x19, 0x8F, 0xFF, 0x11, 0x83, 0x18, 0x61, 0x80, 0x00},
    /* U+8202 */ {0x7F, 0xE0, 0x40, 0x3F, 0xC0, 0xC0, 0xFF, 0xF3, 0x8C, 0x7B, 0xE7, 0x0E, 0x3F, 0xC3, 0x0C, 0x3F, 0xC0, 0x00},
    /* U+8204 */ {0x3B, 0xE2, 0x06, 0x3F, 0xE2, 0x06, 0x3F, 0xE3, 0x00, 0x7F, 0xEC, 0x0A, 0x2A, 0xA4, 0xA2, 0x40, 0xC0, 0x00},
    /* U+8205 */ {0x40, 0x27, 0xFE, 0x7F, 0xE3, 0xFE, 0x66, 0x67, 0xFE, 0x7F, 0xE0, 0x40, 0x7F, 0xE1, 0xC6, 0x71, 0xC0, 0x00},
    /* U+8206 */ {0x6F, 0x66, 0xC2, 0x7A, 0xE6, 0xF6, 0x62, 0x67, 0xFE, 0x60, 0x6F, 0xFF, 0x19, 0x83, 0x0C, 0x60, 0x60, 0x00},
    /* U+820C */ {0x7F, 0x80, 0x60, 0x06, 0x0F, 0xFF, 0x06, 0x00, 0x60, 0x3F, 0xC2, 0x04, 0x20, 0x43, 0xFC, 0x20, 0x40, 0x00},
    /* U+820D */ {0x0F, 0x03, 0x9C, 0x7F, 0xF4, 0x60, 0x7F, 0xE0, 0x60, 0x06, 0x03, 0xFC, 0x20, 0x43, 0xFC, 0x20, 0x40, 0x00},
    /* U+8210 */ {0xF3, 0xC3, 0x2C, 0x32, 0xCF, 0xEC, 0x33, 0xF3, 0x24, 0x7A, 0x44, 0xA4, 0x4A, 0x57, 0xBF, 0x4B, 0x20, 0x00},
    /* U+8212 */ {0x3B, 0xE6, 0xD4, 0x79, 0x81, 0x0C, 0x7C, 0xF1, 0x0A, 0x7C, 0x84, 0xC8, 0x4C, 0x87, 0xC8, 0x41, 0x80, 0x00},
    /* U+8214 */ {0xF7, 0xE2, 0x10, 0x27, 0xFF, 0xA4, 0x26, 0x62, 0xD3, 0x79, 0x65, 0xFA, 0x5D, 0xF7, 0xD0, 0x4B, 0x00, 0x00},
    /* U+821B */ {0x30, 0xC3, 0xFF, 0x6C, 0xC6, 0xEC, 0xEA, 0xC3, 0xAC, 0x1B, 0xF1, 0x0C, 0x30, 0xC6, 0x0C, 0x40, 0xC0, 0x00},
    /* U+821C */ {0x34, 0x41, 0x6C, 0x7F, 0xED, 0x0A, 0xFC, 0xC2, 0x7E, 0x6E, 0xC7, 0xAC, 0x1B, 0xE3, 0x0C, 0x60, 0xC0, 0x00},
    /* U+821E */ {0x7F, 0xE7, 0xF4, 0x7F, 0xE3, 0xF4, 0xFF, 0xF3, 0x08, 0x3F, 0xE6, 0xAC, 0x3B, 0xF3, 0x0C, 0x60, 0xC0, 0x00},
    /* U+821F */ {0x04, 0x03, 0xFC, 0x34, 0xC3, 0x6C, 0x32, 0xCF, 0xFF, 0x24, 0xC2, 0x6C, 0x22, 0xC6, 0x0C, 0xC1, 0xC0, 0x00},
    /* U+8221 */ {0x33, 0xE7, 0x88, 0x78, 0x85, 0x88, 0x48, 0x8F, 0x88, 0x78, 0x85, 0x88, 0x48, 0x84, 0xFF, 0xD8, 0x00, 0x00},
    /* U+8222 */ {0x30, 0x87, 0x88, 0x6A, 0xA7, 0xAA, 0x4A, 0xAF, 0xAA, 0x6A, 0xA5, 0xAA, 0x4A, 0xAC, 0xBE, 0x98, 0x20, 0x00},
    /* U+8223 */ {0x31, 0xA7, 0xAA, 0x6A, 0xA7, 0xA6, 0x4B, 0x6F, 0x94, 0x69, 0xC5, 0x98, 0x49, 0xCC, 0xB6, 0xDC, 0x30, 0x00},
    /* U+8228 */ {0x33, 0xE7, 0xA0, 0x6A, 0x07, 0xBE, 0x4B, 0x2F, 0xB2, 0x6B, 0xE5, 0xAC, 0x4E, 0xC4, 0xFE, 0xDF, 0x20, 0x00},
    /* U+822A */ {0x79, 0x84, 0xFF, 0x68, 0x05, 0xBC, 0x4A, 0x4F, 0xA4, 0x6A, 0x45, 0xA4, 0x4A, 0x5C, 0xE5, 0xDC, 0x60, 0x00},
    /* U+822B */ {0x30, 0x87, 0xFF, 0x69, 0x05, 0x90, 0x49, 0xEF, 0xB2, 0x6B, 0x25, 0xA2, 0x5A, 0x2C, 0xE6, 0x9C, 0xC0, 0x00},
    /* U+822C */ {0x7F, 0xC4, 0xF4, 0x7F, 0x45, 0xE7, 0x4C, 0x0F, 0xFE, 0x6F, 0x65, 0xD4, 0x4D, 0xC4, 0xDE, 0xDE, 0x20, 0x00},
    /* U+822D */ {0x26, 0x87, 0xE8, 0x6E, 0xA7, 0xFE, 0x4E, 0xCF, 0xE8, 0x6E, 0x87, 0xE8, 0x5E, 0x9C, 0xFB, 0xBE, 0xE0, 0x00},
    /* U+822F */ {0x20, 0x87, 0x88, 0x6F, 0xE7, 0xEA, 0x4E, 0xAF, 0xEA, 0x6F, 0xE5, 0xCA, 0x48, 0x8C, 0x88, 0x98, 0x80, 0x00},
    /* U+8230 */ {0x33, 0xE7, 0xA2, 0x6A, 0xA7, 0xAA, 0x4A, 0xAF, 0xAA, 0x6B, 0xA5, 0x98, 0x49, 0xB4, 0xAB, 0xDC, 0xE0, 0x00},
    /* U+8231 */ {0x31, 0x87, 0x9C, 0x6B, 0x67, 0xE2, 0x4F, 0xEF, 0xA6, 0x6A, 0x45, 0xBC, 0x4A, 0x2C, 0xB3, 0xDB, 0xE0, 0x00},
    /* U+8233 */ {0x30, 0x87, 0x88, 0x6F, 0xE7, 0xEA, 0x4E, 0xAF, 0xFE, 0x6E, 0xA5, 0xEA, 0x4E, 0xA4, 0xFE, 0xDE, 0x20, 0x00},
    /* U+8234 */ {0x33, 0x07, 0xFF, 0x7F, 0x87, 0xF8, 0x4D, 0xEF, 0xD8, 0x7D, 0x85, 0xDE, 0x4D, 0x84, 0xD8, 0xD9, 0x80, 0x00},
    /* U+8235 */ {0x30, 0x87, 0xFF, 0x6E, 0x35, 0xB0, 0x4B, 0x6F, 0xBC, 0x6B, 0x85, 0xB0, 0x4B, 0x1C, 0xB3, 0xD9, 0xE0, 0x00},
    /* U+8236 */ {0x79, 0x86, 0xBE, 0x7A, 0x27, 0xA2, 0x6A, 0x2F, 0xBE, 0x7A, 0x25, 0xA2, 0x4A, 0x24, 0xBE, 0xDA, 0x20, 0x00},
    /* U+8237 */ {0x30, 0x87, 0xFF, 0x69, 0x87, 0x96, 0x4B, 0x4F, 0xFC, 0x68, 0x85, 0x94, 0x4B, 0x6C, 0xFE, 0x9A, 0x30, 0x00},
    /* U+8238 */ {0x7F, 0xF4, 0x82, 0x7B, 0xA5, 0xAA, 0xFA, 0xA6, 0xAA, 0x7B, 0xA5, 0xA2, 0x48, 0x2C, 0x82, 0x98, 0xE0, 0x00},
    /* U+8239 */ {0x31, 0xC7, 0x94, 0x7B, 0x45, 0xB4, 0x4E, 0x3F, 0x80, 0x4B, 0xE5, 0xA2, 0x4A, 0x24, 0xBE, 0xDA, 0x20, 0x00},
    /* U+823B */ {0x78, 0xE4, 0x88, 0x7B, 0xE5, 0xA2, 0x4A, 0x2F, 0xBE, 0x6A, 0x25, 0xE0, 0x4E, 0x0C, 0xC0, 0xDC, 0x00, 0x00},
    /* U+823E */ {0x27, 0xF7, 0x9C, 0x69, 0xC7, 0xFE, 0x5D, 0xEF, 0xDE, 0x6F, 0xE7, 0xE6, 0x4C, 0x2C, 0xFE, 0xB4, 0x20, 0x00},
    /* U+8244 */ {0x36, 0xA7, 0xAA, 0x6A, 0xC5, 0xFE, 0x4E, 0x2F, 0xFE, 0x6E, 0x25, 0xFE, 0x4E, 0x2C, 0xE2, 0x9E, 0x60, 0x00},
    /* U+8247 */ {0x27, 0xE7, 0xA4, 0x7E, 0x47, 0xFE, 0x5A, 0x4F, 0xA4, 0x7E, 0x47, 0xE4, 0x5F, 0xFD, 0xF0, 0xBD, 0xF0, 0x00},
    /* U+8249 */ {0x27, 0xE7, 0xE2, 0x6F, 0xE7, 0xEE, 0x4F, 0xCF, 0xEE, 0x6F, 0xC7, 0xFF, 0x4F, 0x8C, 0xCB, 0x9C, 0xE0, 0x00},
    /* U+824B */ {0x20, 0xC7, 0x88, 0x7F, 0xF5, 0x88, 0xF8, 0x84, 0xB8, 0x6F, 0xE7, 0xDA, 0x5D, 0xAC, 0xDA, 0xBF, 0xF0, 0x00},
    /* U+824F */ {0x33, 0x47, 0xFF, 0x69, 0x87, 0xBE, 0x4A, 0x2F, 0xBE, 0x6A, 0x25, 0xBE, 0x4A, 0x2C, 0xBE, 0x9A, 0x20, 0x00},
    /* U+8258 */ {0x7F, 0xE4, 0xDA, 0x6F, 0xE7, 0xDA, 0xFF, 0xE4, 0x98, 0x6F, 0xE7, 0xA6, 0x4B, 0xC4, 0xBC, 0xFE, 0x70, 0x00},
    /* U+825A */ {0x27, 0xF7, 0x94, 0x6F, 0xE7, 0xFE, 0x4D, 0x6F, 0xFE, 0x6B, 0xE7, 0xFE, 0x5F, 0xEC, 0xC2, 0xBF, 0xE0, 0x00},
    /* U+825F */ {0x27, 0xE7, 0xA4, 0x7F, 0xF7, 0x80, 0x5F, 0xEF, 0xFE, 0x7C, 0xA7, 0xFE, 0x5F, 0xEC, 0x98, 0xBF, 0xF0, 0x00},
    /* U+8268 */ {0x27, 0xE7, 0xA4, 0x7F, 0xF7, 0xFF, 0x58, 0x0F, 0xFE, 0x7F, 0x67, 0xFC, 0x5F, 0xED, 0xEA, 0xBB, 0x80, 0x00},
    /* U+826E */ {0x3F, 0xC2, 0x04, 0x3F, 0xC2, 0x04, 0x3F, 0xC2, 0x46, 0x26, 0xC2, 0x38, 0x21, 0x83, 0xCE, 0x30, 0x30, 0x00},
    /* U+826F */ {0x3F, 0xC2, 0x04, 0x20, 0x43, 0xFC, 0x20, 0x43, 0xFC, 0x26, 0x62, 0x3C, 0x23, 0x83, 0xCE, 0x70, 0x60, 0x00},
    /* U+8270 */ {0xFF, 0xE0, 0xE2, 0x5F, 0xE7, 0xE2, 0x37, 0xE3, 0x7A, 0x36, 0xE7, 0xEC, 0x4E, 0x4C, 0x7E, 0x06, 0x30, 0x00},
    /* U+8272 */ {0x1F, 0x83, 0x10, 0x63, 0x0F, 0xFE, 0x26, 0x62, 0x66, 0x3F, 0xE2, 0x04, 0x20, 0x32, 0x03, 0x3F, 0xE0, 0x00},
    /* U+8273 */ {0x33, 0xCF, 0xE4, 0x34, 0xC3, 0x7E, 0x7E, 0xA3, 0x6A, 0x37, 0xEF, 0xE0, 0x36, 0x13, 0x63, 0x33, 0xE0, 0x00},
    /* U+8274 */ {0x29, 0xCF, 0xD4, 0x2F, 0x47, 0xFE, 0xEB, 0xAF, 0xFA, 0x2F, 0xE2, 0xF0, 0x6F, 0x14, 0xB3, 0x49, 0xE0, 0x00},
    /* U+8279 */ {0x19, 0x87, 0xFE, 0x19, 0x81, 0x98, 0x00, 0x00, 0x00, 0x00, 0x00, 0x00, 0x00, 0x00, 0x00, 0x00, 0x00, 0x00},
    /* U+827A */ {0xFF, 0xE1, 0x98, 0x00, 0x03, 0xF8, 0x03, 0x80, 0x70, 0x0C, 0x01, 0x80, 0x30, 0x22, 0x02, 0x3F, 0xE0, 0x00},
    /* U+827D */ {0x7F, 0xE1, 0x98, 0x0C, 0x00, 0xC0, 0x7F, 0x80, 0x88, 0x08, 0x81, 0x88, 0x18, 0xB3, 0x0B, 0x60, 0xE0, 0x00},
    /* U+827E */ {0x7F, 0xE1, 0x98, 0x19, 0x81, 0x0C, 0x10, 0x81, 0x98, 0x09, 0x00, 0x60, 0x0F, 0x07, 0x9E, 0x60, 0x60, 0x00},
    /* U+827F */ {0x7F, 0xE1, 0x98, 0x00, 0x07, 0xF8, 0x09, 0x01, 0x9E, 0x18, 0x21, 0x02, 0x30, 0x66, 0x06, 0xC1, 0xC0, 0x00},
    /* U+8282 */ {0xFF, 0xF1, 0x98, 0x19, 0x80, 0x00, 0x7F, 0xC0, 0x84, 0x08, 0x40, 0x84, 0x09, 0xC0, 0x80, 0x08, 0x00, 0x00},
    /* U+8284 */ {0x7F, 0xE1, 0x98, 0x04, 0x00, 0x40, 0x7F, 0xC0, 0x4C, 0x3C, 0xC1, 0xCC, 0x1E, 0xF3, 0x0F, 0xE0, 0x60, 0x00},
    /* U+8288 */ {0x17, 0x8F, 0x7E, 0x17, 0x81, 0x78, 0x17, 0x87, 0xFE, 0x06, 0x00, 0x60, 0xFF, 0xF0, 0x60, 0x06, 0x00, 0x00},
    /* U+828A */ {0x7F, 0xE1, 0x98, 0x03, 0xC7, 0xF0, 0x06, 0x00, 0x60, 0xFF, 0xE0, 0x60, 0x06, 0x00, 0x60, 0x06, 0x00, 0x00},
    /* U+828B */ {0x7F, 0xE1, 0x98, 0x10, 0x07, 0xFE, 0x06, 0x00, 0x60, 0xFF, 0xF0, 0x60, 0x06, 0x00, 0x60, 0x1C, 0x00, 0x00},
    /* U+828D */ {0x7F, 0xE1, 0x98, 0x10, 0x03, 0xFE, 0x20, 0x26, 0x86, 0x4C, 0x60, 0x46, 0x04, 0x60, 0x04, 0x03, 0xC0, 0x00},
    /* U+828E */ {0x7F, 0xE1, 0x98, 0x7F, 0xC0, 0x04, 0x00, 0x43, 0xFC, 0x20, 0x07, 0xFE, 0x00, 0x60, 0x04, 0x03, 0xC0, 0x00},
    /* U+828F */ {0x7F, 0xE1, 0x98, 0x19, 0x80, 0x60, 0x06, 0x03, 0xFE, 0x06, 0x00, 0x60, 0x06, 0x07, 0xFE, 0x00, 0x00, 0x00},
    /* U+8291 */ {0x7F, 0xE1, 0x98, 0x10, 0x87, 0xFC, 0x00, 0x40, 0x04, 0x3F, 0xC2, 0x00, 0x20, 0x22, 0x02, 0x3F, 0xE0, 0x00},
    /* U+8292 */ {0xFF, 0xF1, 0x18, 0x06, 0x00, 0x20, 0x7F, 0xE2, 0x00, 0x20, 0x02, 0x00, 0x20, 0x03, 0xFE, 0x00, 0x00, 0x00},
    /* U+8297 */ {0x7F, 0xE1, 0x98, 0x0C, 0x01, 0x98, 0x3F, 0x00, 0xE4, 0x1F, 0xC3, 0xF8, 0x07, 0x03, 0xC0, 0x70, 0x00, 0x00},
    /* U+8298 */ {0x7F, 0xE1, 0x98, 0x22, 0x02, 0x30, 0x23, 0x63, 0xFC, 0x23, 0x02, 0x30, 0x23, 0x37, 0xF3, 0x7B, 0xE0, 0x00},
    /* U+8299 */ {0xFF, 0xF1, 0x98, 0x06, 0x07, 0xFE, 0x06, 0x00, 0x60, 0x7F, 0xF0, 0x60, 0x0D, 0x03, 0x9C, 0xE0, 0x70, 0x00},
    /* U+829C */ {0x7F, 0xF1, 0x98, 0x00, 0x07, 0xFC, 0x06, 0x07, 0xFE, 0x06, 0x00, 0xE0, 0x0A, 0x03, 0xA3, 0x63, 0xE0, 0x00},
    /* U+829D */ {0x7F, 0xE1, 0x98, 0x06, 0x00, 0x60, 0x7F, 0xC0, 0x18, 0x03, 0x00, 0xE0, 0x38, 0x07, 0xC2, 0x4F, 0xF0, 0x00},
    /* U+829F */ {0x7F, 0xE1, 0x18, 0x1F, 0x81, 0x08, 0x70, 0xE6, 0x00, 0x3F, 0xC1, 0x88, 0x0F, 0x03, 0xF8, 0x70, 0xE0, 0x00},
    /* U+82A1 */ {0x7F, 0xE1, 0x98, 0x18, 0x01, 0xFE, 0x30, 0x66, 0x6C, 0x06, 0x00, 0x70, 0x0D, 0x83, 0x8C, 0x60, 0x60, 0x00},
    /* U+82A4 */ {0x7F, 0xE1, 0x98, 0x00, 0x07, 0xD0, 0x0D, 0x01, 0x90, 0x3F, 0x0F, 0x90, 0x19, 0x11, 0x9B, 0x31, 0xE0, 0x00},
    /* U+82A5 */ {0x7F, 0xE1, 0x28, 0x06, 0x01, 0x98, 0x70, 0xE5, 0x9A, 0x19, 0x81, 0x98, 0x11, 0x83, 0x18, 0x61, 0x80, 0x00},
    /* U+82A6 */ {0x7F, 0xE1, 0xD8, 0x06, 0x03, 0xFE, 0x20, 0x63, 0xFE, 0x20, 0x66, 0x00, 0x60, 0x04, 0x00, 0x40, 0x00, 0x00},
    /* U+82A8 */ {0x7F, 0xE1, 0x98, 0x00, 0x07, 0xF8, 0x19, 0x01, 0xBC, 0x1C, 0x41, 0x6C, 0x33, 0x86, 0xFE, 0xDC, 0x30, 0x00},
    /* U+82A9 */ {0x7F, 0xE1, 0xB8, 0x06, 0x01, 0x98, 0x76, 0xE4, 0x23, 0x3F, 0xC0, 0x08, 0x01, 0x80, 0x30, 0x02, 0x00, 0x00},
    /* U+82AA */ {0x7F, 0xE1, 0x98, 0x0F, 0xC3, 0xF0, 0x22, 0x02, 0x30, 0x3F, 0xE2, 0x10, 0x21, 0x83, 0xEF, 0x38, 0x60, 0x00},
    /* U+82AB */ {0x7F, 0xE1, 0x98, 0x00, 0x03, 0xFE, 0x00, 0x0F, 0xFF, 0x09, 0x01, 0x90, 0x11, 0x33, 0x13, 0xE1, 0xE0, 0x00},
    /* U+82AC */ {0x7F, 0xE1, 0x98, 0x09, 0x01, 0x08, 0x70, 0x6F, 0xFF, 0x0C, 0x80, 0x88, 0x18, 0x83, 0x08, 0x63, 0x80, 0x00},
    /* U+82AD */ {0x7F, 0xE1, 0x98, 0x00, 0x07, 0xFE, 0x66, 0x66, 0x66, 0x7F, 0xE6, 0x00, 0x60, 0x26, 0x02, 0x3F, 0xE0, 0x00},
    /* U+82AE */ {0xFF, 0xF1, 0x18, 0x16, 0x07, 0xFE, 0x66, 0x66, 0x66, 0x6F, 0x67, 0x9E, 0x70, 0xE6, 0x06, 0x60, 0xC0, 0x00},
    /* U+82AF */ {0x19, 0x87, 0xFE, 0x19, 0x80, 0x40, 0x06, 0x01, 0xA4, 0x7B, 0x65, 0x82, 0x58, 0xAD, 0x8A, 0x0F, 0x80, 0x00},
    /* U+82B0 */ {0x7F, 0xE1, 0x98, 0x06, 0x07, 0xFE, 0x06, 0x07, 0xFC, 0x10, 0xC1, 0x98, 0x0F, 0x03, 0xFC, 0xF0, 0xE0, 0x00},
    /* U+82B1 */ {0x7F, 0xE1, 0x98, 0x12, 0x01, 0x20, 0x32, 0x67, 0x3C, 0x77, 0x03, 0xE0, 0x32, 0x33, 0x23, 0x33, 0xE0, 0x00},
    /* U+82B3 */ {0xFF, 0xE1, 0x98, 0x06, 0x07, 0xFE, 0x08, 0x00, 0x80, 0x1F, 0xC1, 0x04, 0x30, 0xC6, 0x0C, 0x43, 0x80, 0x00},
    /* U+82B4 */ {0xFF, 0xE1, 0x98, 0x10, 0x03, 0xFE, 0x6D, 0xA4, 0x92, 0x5B, 0x23, 0x26, 0x66, 0x64, 0x44, 0x09, 0xC0, 0x00},
    /* U+82B7 */ {0x7F, 0xE1, 0x98, 0x02, 0x00, 0x20, 0x02, 0x03, 0x3E, 0x32, 0x03, 0x20, 0x32, 0x03, 0x20, 0xFF, 0xE0, 0x00},
    /* U+82B8 */ {0x7F, 0xE1, 0x98, 0x00, 0x03, 0xFC, 0x00, 0x00, 0x00, 0xFF, 0xF1, 0x98, 0x10, 0x83, 0xFC, 0x3F, 0x60, 0x00},
    /* U+82B9 */ {0x7F, 0xE1, 0x98, 0x13, 0xC3, 0xF8, 0x20, 0x03, 0xFF, 0x21, 0x02, 0x10, 0x61, 0x04, 0x10, 0x41, 0x00, 0x00},
    /* U+82BD */ {0x7F, 0xE1, 0x98, 0x10, 0x07, 0xFE, 0x21, 0x82, 0x18, 0x3F, 0xF0, 0x78, 0x1D, 0x87, 0x18, 0x47, 0x00, 0x00},
    /* U+82BE */ {0x7F, 0xE1, 0x18, 0x06, 0x07, 0xFE, 0x06, 0x03, 0xFC, 0x26, 0x62, 0x66, 0x26, 0x62, 0x6C, 0x06, 0x00, 0x00},
    /* U+82C1 */ {0x7F, 0xF1, 0x98, 0x00, 0x01, 0x18, 0x11, 0x81, 0x18, 0x39, 0x82, 0xFC, 0x26, 0x46, 0x66, 0xC4, 0x20, 0x00},
    /* U+82C4 */ {0x7F, 0xE1, 0x98, 0x06, 0x00, 0x60, 0x7F, 0xE0, 0x60, 0x07, 0x00, 0x7C, 0x06, 0x40, 0x60, 0x06, 0x00, 0x00},
    /* U+82C7 */ {0x7F, 0xE1, 0x98, 0x06, 0x07, 0xFE, 0x06, 0x03, 0xFC, 0x06, 0x07, 0xFE, 0x06, 0x20, 0x6E, 0x06, 0x00, 0x00},
    /* U+82C8 */ {0x7F, 0xE1, 0x98, 0x7F, 0xE6, 0x00, 0x62, 0x07, 0xFE, 0x66, 0x64, 0x46, 0x4C, 0x65, 0x84, 0xF1, 0xC0, 0x00},
    /* U+82CA */ {0x7F, 0xE1, 0x98, 0x7F, 0xE6, 0x00, 0x60, 0x06, 0xFC, 0x68, 0x46, 0xBC, 0x48, 0x24, 0x82, 0xCF, 0xE0, 0x00},
    /* U+82CB */ {0x7F, 0xE1, 0x98, 0x00, 0x03, 0xFC, 0x20, 0x42, 0x64, 0x26, 0x42, 0x74, 0x0F, 0x23, 0xB2, 0x61, 0xE0, 0x00},
    /* U+82CC */ {0x7F, 0xE1, 0x18, 0x11, 0xC1, 0x70, 0x14, 0x0F, 0xFE, 0x12, 0x01, 0x30, 0x11, 0x83, 0xEE, 0x38, 0x20, 0x00},
    /* U+82CD */ {0xFF, 0xE1, 0x38, 0x0E, 0x01, 0xB8, 0x70, 0xEF, 0xFA, 0x10, 0x81, 0x18, 0x13, 0x41, 0x04, 0x1F, 0xC0, 0x00},
    /* U+82CE */ {0x7F, 0xE1, 0x18, 0x17, 0x80, 0x60, 0x7F, 0xE4, 0x02, 0x00, 0x00, 0x00, 0x00, 0x07, 0xFE, 0x00, 0x00, 0x00},
    /* U+82CF */ {0x7F, 0xE1, 0x98, 0x00, 0x00, 0x40, 0x7F, 0xC0, 0x4C, 0x2C, 0xE6, 0x8A, 0x58, 0xA3, 0x08, 0x63, 0x80, 0x00},
    /* U+82D1 */ {0x7F, 0xE1, 0x98, 0x30, 0x03, 0xFE, 0x27, 0x26, 0x72, 0xFF, 0x61, 0xBE, 0x1B, 0x03, 0x33, 0x61, 0xE0, 0x00},
    /* U+82D2 */ {0xFF, 0xF1, 0x68, 0x3F, 0xC2, 0x64, 0x26, 0x43, 0xFC, 0x26, 0x4F, 0xFF, 0x20, 0x42, 0x04, 0x21, 0xC0, 0x00},
    /* U+82D3 */ {0x7F, 0xE1, 0x98, 0x06, 0x01, 0xF8, 0x74, 0xEC, 0x62, 0x3F, 0xC0, 0x0C, 0x19, 0x80, 0xF0, 0x01, 0x80, 0x00},
    /* U+82D4 */ {0x7F, 0xE1, 0x98, 0x0D, 0x01, 0x8C, 0x7F, 0xC3, 0x02, 0x3F, 0xC2, 0x04, 0x20, 0x43, 0xFC, 0x20, 0x40, 0x00},
    /* U+82D5 */ {0x7F, 0xE1, 0x18, 0x7F, 0xE0, 0xC4, 0x08, 0x47, 0x1C, 0x60, 0x03, 0xFC, 0x20, 0x42, 0x04, 0x3F, 0xC0, 0x00},
    /* U+82D7 */ {0xFF, 0xF1, 0x98, 0x19, 0x83, 0xFC, 0x26, 0x42, 0x64, 0x3F, 0xC2, 0x64, 0x26, 0x43, 0xFC, 0x20, 0x40, 0x00},
    /* U+82D8 */ {0xFF, 0xF1, 0x98, 0x00, 0x07, 0xFE, 0x60, 0x66, 0xF6, 0x69, 0x66, 0x96, 0x6F, 0x66, 0x86, 0x60, 0xE0, 0x00},
    /* U+82DB */ {0x7F, 0xE1, 0x98, 0x00, 0x0F, 0xFF, 0x00, 0xC3, 0xEC, 0x22, 0xC2, 0x2C, 0x3E, 0xC2, 0x0C, 0x03, 0xC0, 0x00},
    /* U+82DC */ {0x7F, 0xE1, 0x98, 0x10, 0x83, 0xFC, 0x20, 0x43, 0xFC, 0x20, 0x43, 0xFC, 0x20, 0x43, 0xFC, 0x20, 0x40, 0x00},
    /* U+82DE */ {0xFF, 0xF1, 0x98, 0x3F, 0xC7, 0xFE, 0x7F, 0x62, 0x36, 0x23, 0x63, 0xF4, 0x20, 0xF3, 0x03, 0x1F, 0xE0, 0x00},
    /* U+82DF */ {0x7F, 0xE1, 0x98, 0x10, 0x03, 0xFE, 0x60, 0x2F, 0xF2, 0x23, 0x62, 0x36, 0x3F, 0x62, 0x06, 0x01, 0xC0, 0x00},
    /* U+82E0 */ {0xFF, 0xF1, 0x98, 0x3F, 0xE2, 0x06, 0x3F, 0xE2, 0x20, 0x22, 0x03, 0xFF, 0x21, 0x03, 0xFB, 0x70, 0xE0, 0x00},
    /* U+82E1 */ {0x7F, 0xE1, 0x98, 0x00, 0x42, 0xC4, 0x26, 0x42, 0x2C, 0x20, 0x82, 0xDC, 0x7B, 0x66, 0x62, 0x0C, 0x30, 0x00},
    /* U+82E3 */ {0x7F, 0xE1, 0x98, 0x3F, 0xE2, 0x00, 0x3F, 0xC2, 0x04, 0x20, 0x43, 0xFC, 0x20, 0x02, 0x00, 0x3F, 0xE0, 0x00},
    /* U+82E4 */ {0x7F, 0xE1, 0x98, 0x00, 0x07, 0xFE, 0x06, 0x00, 0xF8, 0x1E, 0x87, 0x64, 0x46, 0x60, 0x60, 0x7F, 0xE0, 0x00},
    /* U+82E5 */ {0x7F, 0xE1, 0x98, 0x0C, 0x0F, 0xFF, 0x08, 0x01, 0x80, 0x3F, 0xE7, 0x06, 0xD0, 0x61, 0xFE, 0x10, 0x40, 0x00},
    /* U+82E6 */ {0x7F, 0xE1, 0x98, 0x06, 0x00, 0x60, 0x7F, 0xE0, 0x60, 0x3F, 0xC2, 0x04, 0x20, 0x43, 0xFC, 0x20, 0x40, 0x00},
    /* U+82EB */ {0x7F, 0xE1, 0x98, 0x06, 0x00, 0x7E, 0x06, 0x00, 0x60, 0x3F, 0xC2, 0x04, 0x20, 0x43, 0xFC, 0x20, 0x40, 0x00},
    /* U+82EF */ {0x7F, 0xE1, 0x98, 0x06, 0x07, 0xFE, 0x0F, 0x01, 0xF8, 0x16, 0x82, 0x66, 0xFF, 0xF0, 0x60, 0x06, 0x00, 0x00},
    /* U+82F1 */ {0x7F, 0xE1, 0x18, 0x06, 0x03, 0xFC, 0x26, 0x42, 0x64, 0xFF, 0xF0, 0x60, 0x0D, 0x03, 0x9C, 0xE0, 0x70, 0x00},
    /* U+82F4 */ {0x7F, 0xE1, 0x98, 0x10, 0x83, 0xFC, 0x30, 0x43, 0xFC, 0x30, 0x43, 0xFC, 0x30, 0x43, 0x04, 0xFF, 0xF0, 0x00},
    /* U+82F7 */ {0x7F, 0xE1, 0x98, 0x30, 0xCF, 0xFF, 0x30, 0xC3, 0x0C, 0x3F, 0xC3, 0x0C, 0x30, 0xC3, 0xFC, 0x30, 0xC0, 0x00},
    /* U+82F9 */ {0x7F, 0xE1, 0x18, 0x7F, 0xE2, 0x64, 0x36, 0xC1, 0x68, 0x16, 0x8F, 0xFF, 0x06, 0x00, 0x60, 0x06, 0x00, 0x00},
    /* U+82FB */ {0x7F, 0xE1, 0x98, 0x10, 0x03, 0x04, 0x2F, 0xE6, 0x04, 0xE4, 0x42, 0x64, 0x22, 0x42, 0x04, 0x21, 0xC0, 0x00},
    /* U+8301 */ {0x7F, 0xE1, 0x98, 0x06, 0x42, 0x64, 0x26, 0x43, 0xFC, 0x06, 0x06, 0x66, 0x66, 0x67, 0xFE, 0x00, 0x60, 0x00},
    /* U+8302 */ {0x7F, 0xE1, 0x98, 0x06, 0xC0, 0x26, 0x7F, 0xF6, 0x24, 0x63, 0xC6, 0x18, 0x63, 0x84, 0xFB, 0xD8, 0x60, 0x00},
    /* U+8303 */ {0xFF, 0xF1, 0x98, 0x00, 0x03, 0x7E, 0x14, 0x66, 0x46, 0x25, 0xC1, 0x40, 0x34, 0x36, 0x43, 0x47, 0xE0, 0x00},
    /* U+8304 */ {0x7F, 0xE1, 0x98, 0x30, 0x03, 0x3E, 0xFF, 0x22, 0x72, 0x27, 0x22, 0x72, 0x67, 0x24, 0xFE, 0xDB, 0x20, 0x00},
    /* U+8305 */ {0x7F, 0xE1, 0x98, 0x3F, 0xC0, 0x98, 0x0F, 0x0F, 0xFE, 0x0E, 0x61, 0xA4, 0x72, 0x4E, 0x20, 0x0E, 0x00, 0x00},
    /* U+8306 */ {0x7F, 0xE1, 0x98, 0x1C, 0x07, 0xBE, 0x6B, 0x26, 0xB2, 0x6B, 0x27, 0xB2, 0x5B, 0xE3, 0x30, 0x63, 0x00, 0x00},
    /* U+8307 */ {0x7F, 0xE1, 0x98, 0x09, 0x8F, 0xFF, 0x18, 0x01, 0xFC, 0x1C, 0x83, 0x78, 0x63, 0x0C, 0xFC, 0x18, 0x60, 0x00},
    /* U+8308 */ {0x7F, 0xE1, 0x98, 0x01, 0x01, 0x90, 0x79, 0x67, 0xFC, 0x79, 0x07, 0x90, 0x79, 0x37, 0xF3, 0xF1, 0xE0, 0x00},
    /* U+8309 */ {0x7F, 0xE1, 0x18, 0x16, 0x07, 0xFE, 0x06, 0x07, 0xFE, 0x0F, 0x01, 0xF8, 0x36, 0xCE, 0x67, 0x06, 0x00, 0x00},
    /* U+830C */ {0x7F, 0xE1, 0x98, 0x11, 0x03, 0x10, 0x21, 0x06, 0xFF, 0xE1, 0x02, 0x10, 0x21, 0x02, 0x10, 0x2F, 0xE0, 0x00},
    /* U+830E */ {0x7F, 0xE1, 0x18, 0x7F, 0xC0, 0x18, 0x07, 0x07, 0xFE, 0x70, 0x23, 0xFC, 0x06, 0x00, 0x60, 0x7F, 0xE0, 0x00},
    /* U+830F */ {0x7F, 0xE1, 0x98, 0x0D, 0x80, 0xCC, 0xFF, 0xF0, 0xA4, 0x1A, 0xC1, 0xB8, 0x37, 0x06, 0xE3, 0xC3, 0xE0, 0x00},
    /* U+8311 */ {0x7F, 0xE1, 0x98, 0x04, 0x03, 0xFC, 0x2C, 0xC2, 0x38, 0x3F, 0xE0, 0x02, 0xFF, 0xA0, 0x02, 0x00, 0xE0, 0x00},
    /* U+8314 */ {0x7F, 0xE1, 0x98, 0x00, 0x07, 0xFE, 0x46, 0x20, 0x60, 0x3F, 0xC0, 0x60, 0x06, 0x07, 0xFE, 0x00, 0x00, 0x00},
    /* U+8315 */ {0x7F, 0xE1, 0x98, 0x7F, 0xE4, 0x02, 0x3F, 0xC0, 0x8C, 0x08, 0xC7, 0xFC, 0x08, 0xC0, 0x87, 0x08, 0x60, 0x00},
    /* U+8317 */ {0x7F, 0xE1, 0xD8, 0x1F, 0xC3, 0x08, 0x79, 0x80, 0xF0, 0x1C, 0x07, 0xFC, 0x10, 0x41, 0xFC, 0x10, 0x40, 0x00},
    /* U+831A */ {0x7F, 0xF1, 0x98, 0x18, 0x07, 0xBE, 0x42, 0x27, 0xE2, 0x42, 0x24, 0x22, 0x7E, 0xE4, 0x20, 0x02, 0x00, 0x00},
    /* U+831B */ {0x7F, 0xE1, 0x98, 0x3F, 0xC2, 0x04, 0x3F, 0xC2, 0x04, 0x3F, 0xC2, 0x26, 0x23, 0x83, 0xDC, 0x38, 0x70, 0x00},
    /* U+831C */ {0x7F, 0xE1, 0x98, 0x7F, 0xE0, 0xB0, 0x0B, 0x07, 0xFE, 0x4B, 0x27, 0x1E, 0x60, 0x27, 0xFE, 0x40, 0x20, 0x00},
    /* U+8327 */ {0x7F, 0xE1, 0x98, 0x06, 0x03, 0xFC, 0x26, 0x42, 0x64, 0x3F, 0xC0, 0x60, 0x06, 0xC7, 0xFE, 0x7E, 0x20, 0x00},
    /* U+8328 */ {0x7F, 0xE1, 0x98, 0x46, 0x06, 0x7E, 0x3D, 0x20, 0x96, 0x33, 0x02, 0x38, 0x66, 0xC4, 0xC6, 0x18, 0x20, 0x00},
    /* U+832B */ {0x7F, 0xE1, 0x98, 0x61, 0x03, 0x18, 0x0F, 0xF6, 0x40, 0x24, 0x01, 0x40, 0x34, 0x06, 0x7E, 0x40, 0x00, 0x00},
    /* U+832C */ {0x7F, 0xE1, 0x98, 0x08, 0x07, 0xFE, 0x11, 0x03, 0x10, 0x7F, 0xEF, 0x10, 0x31, 0x03, 0x10, 0x3F, 0xE0, 0x00},
    /* U+832D */ {0x7F, 0xE1, 0x98, 0x06, 0x07, 0xFE, 0x19, 0x83, 0x0E, 0x49, 0xA0, 0xF0, 0x06, 0x03, 0xFC, 0x70, 0xF0, 0x00},
    /* U+832F */ {0x7F, 0xE1, 0x98, 0x11, 0x43, 0x14, 0x21, 0x26, 0xFF, 0xE3, 0x82, 0x38, 0x26, 0xC2, 0xC6, 0x38, 0x20, 0x00},
    /* U+8331 */ {0x7F, 0xE1, 0x98, 0x36, 0x03, 0xFE, 0x66, 0x04, 0x60, 0xFF, 0xF0, 0xF0, 0x16, 0xC6, 0x66, 0x46, 0x20, 0x00},
    /* U+8333 */ {0xFF, 0xF1, 0x98, 0x60, 0x03, 0xFE, 0x41, 0x06, 0x10, 0x01, 0x03, 0x10, 0x21, 0x07, 0xFF, 0x40, 0x00, 0x00},
    /* U+8334 */ {0xFF, 0xF1, 0x98, 0x7F, 0xE6, 0x06, 0x6F, 0x66, 0x96, 0x69, 0x66, 0xF6, 0x60, 0x67, 0xFE, 0x60, 0x60, 0x00},
    /* U+8335 */ {0xFF, 0xE1, 0x98, 0x7F, 0xE6, 0x06, 0x66, 0x67, 0xFE, 0x66, 0x66, 0xF6, 0x79, 0xE7, 0x0E, 0x7F, 0xE0, 0x00},
    /* U+8336 */ {0x7F, 0xE1, 0x78, 0x16, 0x80, 0xF0, 0x38, 0xC6, 0x67, 0x3F, 0xC1, 0x68, 0x36, 0xC6, 0x66, 0x4E, 0x00, 0x00},
    /* U+8338 */ {0x7F, 0xE1, 0x98, 0x7F, 0xE3, 0x0C, 0x3F, 0xC3, 0x0C, 0x3F, 0xC3, 0x0C, 0x7F, 0xE7, 0xCC, 0x00, 0xC0, 0x00},
    /* U+8339 */ {0xFF, 0xF1, 0x98, 0x10, 0x03, 0x1E, 0x7F, 0x22, 0x72, 0x6F, 0x27, 0xB2, 0x1B, 0x23, 0xFE, 0x61, 0x20, 0x00},
    /* U+833A */ {0x7F, 0xE1, 0xD8, 0x06, 0x07, 0xFE, 0x19, 0x87, 0xFC, 0x29, 0x60, 0x90, 0x19, 0x33, 0x13, 0x61, 0xE0, 0x00},
    /* U+833C */ {0x7F, 0xE1, 0x98, 0x7F, 0xE6, 0x06, 0x7F, 0xE6, 0x06, 0x6F, 0x66, 0x96, 0x6F, 0x66, 0x86, 0x60, 0xE0, 0x00},
    /* U+8340 */ {0x7F, 0xE1, 0x98, 0x30, 0x03, 0xFE, 0x60, 0x2F, 0xE6, 0x32, 0x63, 0xE6, 0x3E, 0x63, 0x04, 0x01, 0xC0, 0x00},
    /* U+8343 */ {0x7F, 0xE1, 0x18, 0x06, 0x01, 0x98, 0x70, 0xE5, 0xFA, 0x06, 0x03, 0xFC, 0x06, 0x00, 0x60, 0x7F, 0xE0, 0x00},
    /* U+8346 */ {0xFE, 0xA2, 0x4A, 0x24, 0xA7, 0xEA, 0x24, 0xA2, 0x4A, 0xFF, 0xA2, 0x4A, 0x24, 0x26, 0x42, 0xC4, 0xE0, 0x00},
    /* U+8347 */ {0x7F, 0xE1, 0x98, 0x37, 0xE6, 0x00, 0xD0, 0x03, 0xFF, 0x60, 0xCE, 0x0C, 0x20, 0xC2, 0x0C, 0x21, 0xC0, 0x00},
    /* U+8349 */ {0x7F, 0xE1, 0x98, 0x3F, 0xC2, 0x04, 0x3F, 0xC2, 0x04, 0x3F, 0xC0, 0x60, 0xFF, 0xF0, 0x60, 0x06, 0x00, 0x00},
    /* U+834F */ {0xFF, 0xF1, 0x98, 0x11, 0xE3, 0xFC, 0x21, 0x06, 0x10, 0xFF, 0xF2, 0x10, 0x21, 0x02, 0x10, 0x2F, 0xE0, 0x00},
    /* U+8350 */ {0xFF, 0xF1, 0x88, 0x7F, 0xE1, 0x80, 0x37, 0xC3, 0x0C, 0x61, 0x8E, 0xFF, 0x21, 0x02, 0x10, 0x23, 0x00, 0x00},
    /* U+8351 */ {0x7F, 0xE1, 0x78, 0x7F, 0xE7, 0xFE, 0x06, 0x63, 0xFE, 0x66, 0x07, 0xFE, 0x0F, 0x21, 0x9E, 0x70, 0xE0, 0x00},
    /* U+8352 */ {0xFF, 0xE1, 0xD8, 0x06, 0x07, 0xFE, 0x30, 0x03, 0xFC, 0x14, 0x83, 0x68, 0x36, 0x86, 0x6B, 0x46, 0xE0, 0x00},
    /* U+8354 */ {0x7F, 0xE1, 0xD8, 0x3F, 0xC0, 0xC4, 0x79, 0xC3, 0x08, 0x7F, 0xE2, 0xDA, 0x2D, 0x26, 0xF2, 0xDE, 0xE0, 0x00},
    /* U+835A */ {0x7F, 0xE1, 0x98, 0x16, 0x87, 0xFE, 0x36, 0xC1, 0x68, 0x7F, 0xE0, 0xE0, 0x19, 0x03, 0x0E, 0x60, 0x60, 0x00},
    /* U+835B */ {0x7F, 0xE1, 0x98, 0x0D, 0xE7, 0xFC, 0x07, 0xC3, 0xF2, 0x61, 0xEF, 0xFF, 0x19, 0x03, 0x12, 0x61, 0xE0, 0x00},
    /* U+835C */ {0xFF, 0xF1, 0x98, 0x62, 0x67, 0xFC, 0x63, 0x26, 0xE2, 0x7F, 0xE0, 0x60, 0xFF, 0xF0, 0x60, 0x06, 0x00, 0x00},
    /* U+835E */ {0xFF, 0xF1, 0x18, 0x3F, 0xC0, 0x40, 0x7F, 0xE1, 0x98, 0x70, 0xE5, 0x9A, 0x19, 0x83, 0x18, 0x61, 0x80, 0x00},
    /* U+835F */ {0xFF, 0xF1, 0x38, 0x06, 0x01, 0xF0, 0x30, 0xEF, 0xFF, 0x00, 0x07, 0xFE, 0x18, 0x83, 0xFC, 0x3F, 0xE0, 0x00},
    /* U+8360 */ {0xFF, 0xF1, 0x68, 0x7F, 0xE1, 0x98, 0x0F, 0x03, 0xF8, 0x71, 0xE1, 0x08, 0x10, 0x83, 0x08, 0x20, 0x80, 0x00},
    /* U+8361 */ {0x7F, 0xF1, 0x98, 0x6F, 0xC3, 0x18, 0x47, 0x06, 0xFE, 0x02, 0xA3, 0x5A, 0x2D, 0x26, 0x32, 0x46, 0xE0, 0x00},
    /* U+8363 */ {0x7F, 0xE1, 0x98, 0x7F, 0xE4, 0x62, 0x06, 0x07, 0xFE, 0x0F, 0x01, 0xF8, 0x36, 0xCE, 0x67, 0x06, 0x00, 0x00},
    /* U+8364 */ {0xFF, 0xE1, 0x18, 0x7F, 0xE4, 0xC2, 0x3F, 0xE1, 0x20, 0x3F, 0xC0, 0x20, 0x7F, 0xE0, 0x20, 0x02, 0x00, 0x00},
    /* U+8365 */ {0x7F, 0xE1, 0x98, 0x7F, 0xE4, 0x22, 0x06, 0x07, 0xE4, 0x1F, 0xC1, 0x78, 0x36, 0xC6, 0x66, 0x4E, 0x20, 0x00},
    /* U+8366 */ {0xFF, 0xE1, 0x98, 0x7F, 0xE4, 0x02, 0x36, 0x03, 0xFC, 0x46, 0x0F, 0xFE, 0x06, 0x00, 0x60, 0x06, 0x00, 0x00},
    /* U+8367 */ {0x7F, 0xE1, 0x98, 0x00, 0x07, 0xFE, 0x46, 0x21, 0x64, 0x36, 0xC2, 0xF8, 0x19, 0x03, 0x8E, 0x60, 0x70, 0x00},
    /* U+8368 */ {0x7F, 0xE1, 0x98, 0x3F, 0xC0, 0x04, 0x3F, 0xC3, 0xFC, 0x00, 0x8F, 0xFF, 0x10, 0x80, 0x88, 0x03, 0x80, 0x00},
    /* U+8369 */ {0x7F, 0xE1, 0x98, 0x3F, 0xC2, 0x06, 0x3F, 0xE2, 0x18, 0x2E, 0x86, 0x3C, 0x58, 0x6C, 0xF2, 0x01, 0x80, 0x00},
    /* U+836A */ {0xFF, 0xE1, 0x98, 0x79, 0x81, 0x98, 0x33, 0xC3, 0xFE, 0xFF, 0xA3, 0x5A, 0x35, 0xA3, 0x18, 0x73, 0x80, 0x00},
    /* U+836B */ {0xFF, 0xF1, 0x98, 0x7B, 0xE5, 0xA2, 0x53, 0xE5, 0xA2, 0x4A, 0x24, 0xBE, 0x5E, 0x24, 0x42, 0x4C, 0xE0, 0x00},
    /* U+836C */ {0x7F, 0xE1, 0x18, 0x7F, 0xE1, 0x26, 0x1A, 0x43, 0x20, 0x12, 0x07, 0xFE, 0x07, 0x03, 0x9C, 0x70, 0x60, 0x00},
    /* U+836D */ {0xFF, 0xF1, 0x98, 0x30, 0x02, 0x7E, 0x79, 0x87, 0x18, 0x79, 0x87, 0x98, 0x01, 0x87, 0xFF, 0xE0, 0x00, 0x00},
    /* U+836E */ {0x7F, 0xE1, 0x98, 0x30, 0x42, 0x04, 0x7F, 0xF7, 0x04, 0x33, 0x47, 0x94, 0x41, 0x47, 0x84, 0x41, 0xC0, 0x00},
    /* U+836F */ {0x7F, 0xE1, 0x98, 0x33, 0x02, 0xBE, 0x7E, 0x27, 0x62, 0x21, 0x27, 0x9A, 0x40, 0x27, 0x86, 0x40, 0xC0, 0x00},
    /* U+8377 */ {0x7F, 0xF1, 0x98, 0x10, 0x03, 0xFF, 0x20, 0x46, 0xF4, 0xE9, 0x42, 0x94, 0x2F, 0x42, 0x84, 0x21, 0xC0, 0x00},
    /* U+8378 */ {0xFF, 0xF1, 0x78, 0x7F, 0xE0, 0x60, 0x7F, 0xE5, 0xFA, 0x03, 0x07, 0xFE, 0x06, 0x00, 0x60, 0x1E, 0x00, 0x00},
    /* U+837B */ {0x7F, 0xE1, 0x98, 0x51, 0x07, 0x18, 0x35, 0xA7, 0x5E, 0x3D, 0xC7, 0x18, 0x53, 0xC1, 0x66, 0x7C, 0x30, 0x00},
    /* U+837C */ {0x7F, 0xE1, 0xF8, 0x0F, 0x03, 0x9C, 0xFF, 0xF0, 0x60, 0x7F, 0xE0, 0x60, 0x36, 0xC6, 0x64, 0x4E, 0x60, 0x00},
    /* U+837D */ {0x7F, 0xE1, 0x1C, 0x7F, 0xC2, 0x4C, 0x36, 0x81, 0xC8, 0x7F, 0xF1, 0x98, 0x3F, 0x00, 0xFC, 0x78, 0xE0, 0x00},
    /* U+8385 */ {0x7F, 0xE1, 0x98, 0x31, 0x02, 0x10, 0x6F, 0xE6, 0x44, 0xE4, 0x42, 0x4C, 0x26, 0x82, 0x68, 0x3F, 0xF0, 0x00},
    /* U+8386 */ {0xFF, 0xF1, 0x98, 0x1E, 0xE7, 0xFE, 0x3F, 0xE2, 0x66, 0x3F, 0xE2, 0x66, 0x3F, 0xE2, 0x66, 0x26, 0xC0, 0x00},
    /* U+8389 */ {0x7F, 0xE1, 0x98, 0x3C, 0x27, 0x9A, 0x19, 0xA7, 0xFA, 0x39, 0xA3, 0xDA, 0x7D, 0x25, 0x82, 0x18, 0xE0, 0x00},
    /* U+838E */ {0x7F, 0xE1, 0x98, 0x61, 0x03, 0x54, 0x45, 0x66, 0xD2, 0x09, 0x61, 0x1C, 0x21, 0x86, 0x70, 0x4E, 0x00, 0x00},
    /* U+8392 */ {0x7F, 0xE1, 0x98, 0x3F, 0xC2, 0x04, 0x20, 0x43, 0xFC, 0x00, 0x07, 0xFE, 0x60, 0x66, 0x06, 0x7F, 0xE0, 0x00},
    /* U+8393 */ {0xFF, 0xF3, 0x08, 0x3F, 0xE6, 0x00, 0x7F, 0xC3, 0x64, 0xFF, 0xF2, 0x64, 0x3F, 0xE0, 0x0C, 0x01, 0x80, 0x00},
    /* U+8398 */ {0x7F, 0xE1, 0xD8, 0x06, 0x07, 0xFE, 0x19, 0x8F, 0xFF, 0x06, 0x00, 0x60, 0x7F, 0xE0, 0x60, 0x06, 0x00, 0x00},
    /* U+839B */ {0x7F, 0xE1, 0x98, 0x71, 0xE3, 0x78, 0x21, 0x07, 0x7E, 0x11, 0x05, 0x10, 0x7F, 0xE7, 0x80, 0xCF, 0xF0, 0x00},
    /* U+839C */ {0x7F, 0xF1, 0x98, 0x33, 0x02, 0xB0, 0x2B, 0xF6, 0xE4, 0xEF, 0x42, 0x9C, 0x29, 0x82, 0xBE, 0x26, 0x30, 0x00},
    /* U+839E */ {0x7F, 0xE1, 0x68, 0x7F, 0xE4, 0x02, 0x7F, 0xA0, 0x00, 0x7F, 0xE0, 0x90, 0x19, 0x03, 0x13, 0x61, 0xE0, 0x00},
    /* U+83A0 */ {0x7F, 0xE1, 0x9C, 0x7F, 0x8F, 0xFF, 0x0F, 0x83, 0xEE, 0xFF, 0x20, 0x90, 0x19, 0xC3, 0x04, 0x63, 0xC0, 0x00},
    /* U+83A8 */ {0x7F, 0xE1, 0x58, 0x3F, 0xC2, 0x04, 0x3F, 0xC2, 0x04, 0x3F, 0xC2, 0x66, 0x23, 0xC3, 0xFE, 0x38, 0x60, 0x00},
    /* U+83A9 */ {0x7F, 0xE1, 0x1C, 0x7F, 0xC2, 0x4C, 0x36, 0x83, 0xFC, 0x03, 0x07, 0xFE, 0x06, 0x00, 0x60, 0x0E, 0x00, 0x00},
    /* U+83AA */ {0x7F, 0xE1, 0x98, 0x3F, 0x47, 0x16, 0x11, 0x0F, 0xFF, 0x11, 0x67, 0xFC, 0x71, 0x81, 0x3F, 0x76, 0x60, 0x00},
    /* U+83AB */ {0x7F, 0xE1, 0x18, 0x3F, 0xC2, 0x04, 0x3F, 0xC3, 0xFC, 0x06, 0x0F, 0xFE, 0x0F, 0x03, 0x9C, 0xE0, 0x70, 0x00},
    /* U+83B0 */ {0xFF, 0xF1, 0x98, 0x22, 0x02, 0x7E, 0xFC, 0x62, 0xD4, 0x21, 0x03, 0xB8, 0x7A, 0x8C, 0x66, 0x0C, 0x30, 0x00},
    /* U+83B1 */ {0x7F, 0xE1, 0x98, 0x06, 0x07, 0xFE, 0x36, 0xC1, 0x68, 0xFF, 0xF0, 0xF0, 0x1F, 0x86, 0x6E, 0x46, 0x20, 0x00},
    /* U+83B2 */ {0xFF, 0xE1, 0x20, 0x6F, 0xE2, 0x40, 0x05, 0x0E, 0xFE, 0x21, 0x02, 0xFE, 0x21, 0x07, 0x80, 0xCF, 0xF0, 0x00},
    /* U+83B3 */ {0x7F, 0xF1, 0x98, 0x78, 0x44, 0xFF, 0x48, 0x47, 0xA4, 0x4A, 0x44, 0x94, 0x78, 0x44, 0x04, 0x01, 0xC0, 0x00},
    /* U+83B4 */ {0xFF, 0xF1, 0x98, 0x3F, 0xC2, 0x04, 0x3F, 0xC0, 0x60, 0x7F, 0xE4, 0x62, 0x5F, 0xA7, 0x0A, 0x40, 0xE0, 0x00},
    /* U+83B6 */ {0x7F, 0xE1, 0x78, 0x0F, 0x03, 0x9C, 0xFF, 0xE0, 0x00, 0x24, 0x43, 0x6C, 0x12, 0x80, 0x18, 0x7F, 0xE0, 0x00},
    /* U+83B7 */ {0x7F, 0xE1, 0x98, 0x51, 0x07, 0x14, 0x71, 0x25, 0xFF, 0x31, 0x87, 0x38, 0x52, 0xC1, 0x66, 0x7C, 0x20, 0x00},
    /* U+83B8 */ {0x7F, 0xE1, 0x18, 0x71, 0x43, 0x16, 0x7F, 0xE5, 0x30, 0x33, 0x87, 0x38, 0xD7, 0x81, 0xDB, 0x78, 0xE0, 0x00},
    /* U+83B9 */ {0x7F, 0xE1, 0x98, 0x7F, 0xE4, 0x02, 0x7F, 0xC0, 0x60, 0x06, 0x03, 0xFC, 0x06, 0x80, 0x64, 0x7F, 0xE0, 0x00},
    /* U+83BA */ {0x7F, 0xF1, 0x98, 0x7F, 0xE4, 0x42, 0x3F, 0xC2, 0x7C, 0x20, 0x03, 0xFE, 0x7F, 0xA0, 0x02, 0x00, 0xE0, 0x00},
    /* U+83BC */ {0xFF, 0xF1, 0x98, 0x30, 0x82, 0x7E, 0x68, 0x87, 0x6A, 0x26, 0xA7, 0xFE, 0x00, 0x87, 0x8B, 0x40, 0xE0, 0x00},
    /* U+83BD */ {0x7F, 0xF1, 0xD8, 0x05, 0xC7, 0xFE, 0x19, 0x87, 0x0E, 0x59, 0xAF, 0xFF, 0x11, 0x83, 0x18, 0x61, 0x80, 0x00},
    /* U+83C0 */ {0x7F, 0xE1, 0x58, 0x7F, 0xE5, 0x02, 0x50, 0x23, 0xF6, 0x6F, 0x65, 0xBC, 0x1B, 0x23, 0x32, 0x63, 0xE0, 0x00},
    /* U+83C1 */ {0x7F, 0xE1, 0x58, 0x7F, 0xE3, 0xFC, 0x7F, 0xE7, 0xFE, 0x3F, 0xC3, 0xFC, 0x3F, 0xC2, 0x04, 0x21, 0xC0, 0x00},
    /* U+83C5 */ {0xFF, 0xF1, 0x68, 0x7F, 0xE4, 0x02, 0x7F, 0xE3, 0x0C, 0x3F, 0x83, 0xFC, 0x30, 0x43, 0x04, 0x3F, 0xC0, 0x00},
    /* U+83C7 */ {0xFF, 0xF1, 0x98, 0x30, 0x82, 0x08, 0xFF, 0xF6, 0x88, 0x5B, 0xE7, 0x22, 0x3A, 0x26, 0xFE, 0x42, 0x20, 0x00},
    /* U+83CA */ {0x7F, 0xE1, 0x98, 0x30, 0x03, 0xFE, 0x65, 0x21, 0x52, 0x7F, 0xE0, 0xE6, 0x1F, 0x67, 0x56, 0x05, 0xC0, 0x00},
    /* U+83CC */ {0xFF, 0xE1, 0x98, 0x7F, 0xE6, 0x36, 0x66, 0x67, 0xFE, 0x6F, 0x66, 0xF6, 0x76, 0xE6, 0x06, 0x7F, 0xE0, 0x00},
    /* U+83CF */ {0x7F, 0xE1, 0x98, 0x60, 0x03, 0xFF, 0x40, 0x66, 0xF6, 0x0D, 0x63, 0xF6, 0x2C, 0x66, 0x06, 0x41, 0xC0, 0x00},
    /* U+83D4 */ {0xFF, 0xF1, 0x18, 0x7B, 0xE4, 0xA2, 0x7A, 0xE4, 0xBE, 0x4B, 0xE7, 0xBE, 0x4A, 0xC4, 0xAE, 0xDB, 0x30, 0x00},
    /* U+83D6 */ {0x7F, 0xE1, 0x08, 0x3F, 0xC3, 0xFC, 0x20, 0xC3, 0xFC, 0x7F, 0xE6, 0x06, 0x7F, 0xE6, 0x06, 0x7F, 0xE0, 0x00},
    /* U+83D8 */ {0xFF, 0xE1, 0x98, 0x30, 0x03, 0x24, 0xFA, 0x63, 0x7B, 0x7D, 0x07, 0xB4, 0xF2, 0x43, 0x7E, 0x37, 0x20, 0x00},
    /* U+83DC */ {0x7F, 0xE1, 0x9C, 0x7F, 0xC2, 0x46, 0x24, 0x40, 0x6C, 0xFF, 0xF0, 0xF0, 0x3F, 0xC6, 0x6E, 0x46, 0x20, 0x00},
    /* U+83DD */ {0x7F, 0xE1, 0x38, 0x22, 0x47, 0xFF, 0x22, 0x03, 0x3E, 0x7F, 0x66, 0x74, 0x25, 0xC2, 0xDC, 0x6B, 0x60, 0x00},
    /* U+83DF */ {0x7F, 0xE1, 0x98, 0x1F, 0x03, 0x30, 0x7F, 0xC6, 0x64, 0x26, 0x43, 0xFC, 0x0E, 0xC3, 0xA7, 0x63, 0xE0, 0x00},
    /* U+83E0 */ {0x7F, 0xF1, 0x98, 0x61, 0x02, 0xFE, 0x49, 0x26, 0xFE, 0x0E, 0x42, 0xBC, 0x69, 0x85, 0xFE, 0x5E, 0x60, 0x00},
    /* U+83E1 */ {0xFF, 0xF1, 0x98, 0x1F, 0x84, 0x32, 0x56, 0xA4, 0xF2, 0x4F, 0x27, 0xEA, 0x4E, 0x24, 0x02, 0x7F, 0xE0, 0x00},
    /* U+83E5 */ {0xFF, 0xE1, 0x18, 0x33, 0xEF, 0xF0, 0x32, 0x03, 0x3F, 0x7A, 0x47, 0xE4, 0xF6, 0x43, 0x44, 0x34, 0x40, 0x00},
    /* U+83E9 */ {0x7F, 0xE1, 0x78, 0x7F, 0xE1, 0x08, 0x19, 0x8F, 0xFF, 0x00, 0x03, 0xFC, 0x20, 0x42, 0x04, 0x3F, 0xC0, 0x00},
    /* U+83EA */ {0xFF, 0xF1, 0x68, 0x7F, 0xE4, 0x02, 0x40, 0x27, 0xFE, 0x18, 0x03, 0xFC, 0xF0, 0x41, 0xFC, 0x10, 0x40, 0x00},
    /* U+83F0 */ {0x7F, 0xF1, 0x18, 0x7B, 0xE1, 0x7C, 0x35, 0x43, 0xD6, 0xFD, 0x62, 0x52, 0x25, 0xA2, 0xFE, 0x6B, 0x70, 0x00},
    /* U+83F1 */ {0xFF, 0xF1, 0x68, 0x3F, 0xC0, 0x60, 0xFF, 0xF1, 0x9C, 0x7C, 0x61, 0xF8, 0x7D, 0x80, 0xF8, 0xF9, 0xE0, 0x00},
    /* U+83F2 */ {0xFF, 0xF1, 0x98, 0x09, 0x07, 0x9E, 0x09, 0x07, 0x9E, 0x09, 0x00, 0x90, 0xF9, 0xF0, 0x90, 0x09, 0x00, 0x00},
    /* U+83F8 */ {0xFF, 0xF1, 0x98, 0x31, 0x8F, 0xDC, 0x23, 0x63, 0xFB, 0x28, 0xC6, 0x80, 0x6B, 0x84, 0x8C, 0xD8, 0x60, 0x00},
    /* U+83F9 */ {0x7F, 0xE1, 0x98, 0x67, 0xC1, 0x44, 0x04, 0x46, 0x7C, 0x24, 0x43, 0x7C, 0x24, 0x46, 0x44, 0x5F, 0xF0, 0x00},
    /* U+83FD */ {0xFF, 0xF1, 0x98, 0x13, 0xE1, 0xF2, 0x11, 0x6F, 0xD4, 0x11, 0xC5, 0x4C, 0x55, 0xCD, 0x36, 0x36, 0x30, 0x00},
    /* U+8401 */ {0x7F, 0xE1, 0x98, 0x7F, 0xE1, 0x08, 0x1F, 0x81, 0x08, 0x1F, 0x81, 0x08, 0xFF, 0xF3, 0x9C, 0x60, 0x60, 0x00},
    /* U+8403 */ {0x7F, 0xE1, 0xD8, 0x7F, 0xE1, 0x08, 0x19, 0x83, 0xBC, 0x66, 0x60, 0x60, 0xFF, 0xF0, 0x60, 0x06, 0x00, 0x00},
    /* U+8404 */ {0x7F, 0xE1, 0x98, 0x30, 0x07, 0xFE, 0xFF, 0xA2, 0x42, 0x7F, 0xA0, 0x42, 0x25, 0xE3, 0xFE, 0x00, 0xC0, 0x00},
    /* U+8406 */ {0xFF, 0xF1, 0xD8, 0x3F, 0xC2, 0x64, 0x3F, 0xC2, 0x44, 0x3F, 0xC1, 0x90, 0xFF, 0xF0, 0x10, 0x01, 0x00, 0x00},
    /* U+840B */ {0x7F, 0xF1, 0x68, 0x7F, 0xE3, 0xFC, 0x7F, 0xE0, 0x64, 0x3F, 0xC7, 0xFE, 0x19, 0x80, 0xF8, 0x7C, 0xE0, 0x00},
    /* U+840C */ {0x7F, 0xE1, 0x98, 0x03, 0xE7, 0xA2, 0x4A, 0x27, 0xBE, 0x4A, 0x27, 0xBE, 0x46, 0x20, 0x42, 0x08, 0xE0, 0x00},
    /* U+840D */ {0xFF, 0xF1, 0x98, 0x6F, 0xE3, 0x12, 0x4D, 0x66, 0x54, 0x25, 0x41, 0xFF, 0x21, 0x06, 0x10, 0x41, 0x00, 0x00},
    /* U+840E */ {0x7F, 0xE1, 0xBC, 0x7F, 0x07, 0xFE, 0x1F, 0x87, 0x6E, 0x4C, 0x27, 0xFE, 0x19, 0x80, 0xF8, 0x7C, 0xE0, 0x00},
    /* U+840F */ {0x7F, 0xE1, 0x98, 0x08, 0x01, 0xFC, 0x61, 0x83, 0xBE, 0x20, 0x63, 0xFE, 0x20, 0x62, 0x06, 0x3F, 0xE0, 0x00},
    /* U+8411 */ {0x7F, 0xE1, 0x98, 0x32, 0x03, 0xFE, 0x62, 0x0F, 0xFE, 0x22, 0x03, 0xFE, 0x22, 0x03, 0xFE, 0x20, 0x00, 0x00},
    /* U+8418 */ {0x7F, 0xE0, 0xC0, 0x7F, 0xE1, 0x98, 0x30, 0xC7, 0xFE, 0x7F, 0xE1, 0x60, 0x36, 0xC6, 0x64, 0x4E, 0x00, 0x00},
    /* U+841C */ {0x7F, 0xF1, 0x98, 0x30, 0x87, 0x8F, 0x78, 0x87, 0x88, 0x7F, 0xE7, 0xE2, 0x7E, 0x27, 0xBE, 0x32, 0x20, 0x00},
    /* U+841D */ {0x7F, 0xE1, 0x18, 0x7F, 0xE4, 0x92, 0x7F, 0xE0, 0x80, 0x3F, 0xC7, 0x88, 0x0F, 0x81, 0xE0, 0x78, 0x00, 0x00},
    /* U+8424 */ {0x7F, 0xE1, 0x98, 0x7F, 0xE4, 0x02, 0x06, 0x03, 0xFC, 0x26, 0x43, 0xFC, 0x06, 0xC0, 0x7E, 0x7E, 0x20, 0x00},
    /* U+8425 */ {0x7F, 0xE1, 0x18, 0x7F, 0xE4, 0x02, 0x5F, 0xA1, 0x08, 0x1F, 0x83, 0xFC, 0x20, 0x42, 0x04, 0x3F, 0xC0, 0x00},
    /* U+8426 */ {0xFF, 0xF1, 0x18, 0x7F, 0xE4, 0xC2, 0x19, 0x83, 0xE8, 0x1C, 0xC7, 0xFE, 0x16, 0x87, 0x6E, 0x4E, 0x20, 0x00},
    /* U+8427 */ {0x7F, 0xE1, 0x68, 0x3F, 0xC0, 0x64, 0x7F, 0xE3, 0xFC, 0x26, 0x42, 0xF6, 0x3F, 0xE7, 0x6E, 0x46, 0x40, 0x00},
    /* U+8428 */ {0xFF, 0xF1, 0x98, 0x71, 0x85, 0x7E, 0x52, 0x45, 0x7E, 0x5C, 0x05, 0xC0, 0x7C, 0x04, 0x80, 0x48, 0x00, 0x00},
    /* U+8431 */ {0x7F, 0xE1, 0x58, 0x7F, 0xE4, 0x02, 0x5F, 0xA3, 0xFC, 0x30, 0xC3, 0xFC, 0x3F, 0xC0, 0x00, 0xFF, 0xE0, 0x00},
    /* U+8438 */ {0x7F, 0xE1, 0x68, 0x3F, 0xE6, 0x66, 0x66, 0x67, 0xFE, 0x66, 0x67, 0xFE, 0x0F, 0x03, 0x9C, 0x60, 0x70, 0x00},
    /* U+843C */ {0x7F, 0xE1, 0x08, 0x7F, 0xE7, 0xFE, 0x00, 0x03, 0xFC, 0x7F, 0xE1, 0x00, 0x3F, 0xC0, 0x0C, 0x03, 0x80, 0x00},
    /* U+843D */ {0x7F, 0xE1, 0xB8, 0x77, 0xE1, 0xE4, 0x4B, 0x86, 0x3C, 0x0E, 0x73, 0xFE, 0x24, 0x66, 0x46, 0x47, 0xE0, 0x00},
    /* U+8446 */ {0x7F, 0xE1, 0x18, 0x3F, 0xC2, 0xC4, 0x6F, 0xCE, 0x10, 0x3F, 0xF2, 0x38, 0x27, 0xC3, 0xD6, 0x21, 0x00, 0x00},
    /* U+8451 */ {0x7F, 0xE1, 0x98, 0x10, 0x47, 0xFF, 0x10, 0x4F, 0xF4, 0x11, 0x47, 0xDC, 0x10, 0x47, 0xC4, 0xF0, 0xC0, 0x00},
    /* U+8457 */ {0x7F, 0xE1, 0xD8, 0x3F, 0xC0, 0xD8, 0x7F, 0xE0, 0xE0, 0x3F, 0xCF, 0x04, 0x1F, 0xC1, 0x04, 0x1F, 0xC0, 0x00},
    /* U+8459 */ {0x7F, 0xE1, 0x98, 0x13, 0xE3, 0x22, 0x7E, 0x23, 0x3E, 0x3A, 0x27, 0xFE, 0xD2, 0x21, 0x3E, 0x12, 0x20, 0x00},
    /* U+845A */ {0x7F, 0xE1, 0x08, 0x7F, 0xE1, 0xF8, 0x10, 0x81, 0xF8, 0x10, 0x8F, 0xFF, 0x2D, 0x82, 0x8C, 0x3F, 0xE0, 0x00},
    /* U+845B */ {0x7F, 0xE3, 0xFC, 0x20, 0x43, 0xFC, 0x3F, 0xC1, 0x00, 0x3F, 0xE6, 0x62, 0xFD, 0xE3, 0xF6, 0x00, 0xC0, 0x00},
    /* U+845C */ {0x7F, 0xE1, 0x98, 0x7F, 0xE1, 0x12, 0x7D, 0x27, 0xFE, 0x16, 0x07, 0xFE, 0x0F, 0x01, 0x9C, 0xF0, 0xF0, 0x00},
    /* U+8461 */ {0x7F, 0xE3, 0x98, 0x3F, 0xE6, 0xF2, 0xFF, 0xA3, 0xF2, 0x25, 0xA3, 0xFA, 0x3F, 0xA2, 0x5E, 0x27, 0xC0, 0x00},
    /* U+8463 */ {0x7F, 0xE7, 0xFC, 0x06, 0x07, 0xFE, 0x3F, 0xC3, 0xFC, 0x26, 0x43, 0xFC, 0x7F, 0xE0, 0x60, 0xFF, 0xE0, 0x00},
    /* U+8469 */ {0x7F, 0xE1, 0x98, 0x37, 0xE7, 0xEA, 0x4E, 0xA4, 0xEA, 0x7F, 0xE4, 0xE2, 0x4E, 0x07, 0xE3, 0x43, 0xE0, 0x00},
    /* U+846B */ {0xFF, 0xF1, 0x98, 0x13, 0xE7, 0xF2, 0x13, 0xE1, 0x32, 0x7B, 0x24, 0xFE, 0x4E, 0x27, 0xE2, 0x44, 0xE0, 0x00},
    /* U+846C */ {0x7F, 0xF1, 0x18, 0x7F, 0xE3, 0xF6, 0x6F, 0x81, 0xB2, 0x71, 0xE1, 0x98, 0xFF, 0xF1, 0x18, 0x61, 0x80, 0x00},
    /* U+846D */ {0xFF, 0xF1, 0x98, 0x7F, 0xE4, 0xC2, 0x7F, 0xE4, 0x00, 0x7F, 0xE4, 0x16, 0x7D, 0xC4, 0x3E, 0x46, 0x20, 0x00},
    /* U+8471 */ {0x7F, 0xE1, 0x08, 0x3F, 0xE7, 0xD6, 0x5F, 0x63, 0x74, 0x25, 0xC1, 0x60, 0x7A, 0x65, 0x8A, 0x4F, 0xA0, 0x00},
    /* U+8473 */ {0x7F, 0xE1, 0x1C, 0x7F, 0xE6, 0x10, 0x7F, 0x66, 0x9C, 0x7F, 0xC5, 0x4C, 0x5C, 0x95, 0xFF, 0xF2, 0x60, 0x00},
    /* U+8475 */ {0x7F, 0xE1, 0x28, 0x7F, 0xC6, 0x9E, 0x30, 0xC7, 0xFE, 0xC6, 0x23, 0xFC, 0x0F, 0x03, 0x9C, 0x70, 0x60, 0x00},
    /* U+8476 */ {0xFF, 0xF1, 0x68, 0x7F, 0xE3, 0xFC, 0x30, 0xC1, 0xFC, 0x7F, 0xE7, 0xFE, 0x06, 0x00, 0x60, 0x0E, 0x00, 0x00},
    /* U+8478 */ {0x7F, 0xE1, 0x90, 0x3F, 0xC2, 0x64, 0x3F, 0xC2, 0x64, 0x3F, 0xC1, 0x64, 0x7A, 0x65, 0x8A, 0x4F, 0x80, 0x00},
    /* U+847A */ {0x7F, 0xE3, 0xFC, 0x20, 0x43, 0xFC, 0x7F, 0xE3, 0x0C, 0x3F, 0xC3, 0x0C, 0x3F, 0xCF, 0xFE, 0x00, 0xC0, 0x00},
    /* U+8482 */ {0xFF, 0xF1, 0x48, 0x7F, 0xE1, 0x18, 0x7F, 0xE4, 0x62, 0x7F, 0xE2, 0x64, 0x26, 0x42, 0x7C, 0x06, 0x00, 0x00},
    /* U+8487 */ {0x7F, 0xE1, 0x1C, 0x7F, 0xE6, 0x18, 0x7F, 0xA7, 0x2A, 0x5E, 0xE5, 0xEC, 0x5E, 0xC5, 0xFF, 0xD3, 0x60, 0x00},
    /* U+8488 */ {0x7F, 0xE3, 0x18, 0x3E, 0xE2, 0x38, 0x2F, 0x27, 0xFE, 0x3F, 0xC2, 0x04, 0x3F, 0xC2, 0x04, 0x3F, 0xC0, 0x00},
    /* U+8489 */ {0x7F, 0xE1, 0x68, 0x3F, 0xC3, 0xFC, 0x06, 0x0F, 0xFF, 0x3F, 0xC2, 0x64, 0x26, 0x41, 0xDC, 0x70, 0x60, 0x00},
    /* U+848B */ {0x7F, 0xF1, 0x90, 0x77, 0xE7, 0xEC, 0x73, 0x83, 0xE4, 0x7F, 0xEF, 0x24, 0x32, 0x43, 0x24, 0x31, 0xC0, 0x00},
    /* U+848C */ {0xFF, 0xE1, 0x58, 0x36, 0x87, 0xFE, 0x1F, 0x87, 0x6E, 0x4C, 0x0F, 0xFF, 0x31, 0x81, 0xF8, 0x7C, 0xE0, 0x00},
    /* U+848E */ {0x7F, 0xE1, 0x98, 0x61, 0xE3, 0xF8, 0x0D, 0xE6, 0xF8, 0x2E, 0xE1, 0xAC, 0x3A, 0x46, 0xBE, 0x5B, 0x30, 0x00},
    /* U+8497 */ {0x7F, 0xE1, 0x98, 0x61, 0x01, 0xFE, 0x4F, 0xE6, 0xC2, 0x0F, 0xE3, 0xD2, 0x2C, 0xC6, 0xFE, 0x4C, 0x30, 0x00},
    /* U+8499 */ {0xFF, 0xE7, 0xFE, 0x40, 0x25, 0xFA, 0x3F, 0xE1, 0xC0, 0x7F, 0x81, 0xF8, 0x6E, 0x83, 0xAE, 0x6E, 0x20, 0x00},
    /* U+849C */ {0x7F, 0xE1, 0x98, 0x7F, 0xE0, 0x00, 0x00, 0x0F, 0xFF, 0x58, 0x85, 0xFA, 0x56, 0xB9, 0x29, 0x31, 0x80, 0x00},
    /* U+84A1 */ {0x7F, 0xF1, 0x78, 0x7F, 0xE1, 0x98, 0x7F, 0xE4, 0x62, 0x7F, 0xE0, 0x80, 0x1F, 0xC3, 0x0C, 0x63, 0x80, 0x00},
    /* U+84AF */ {0xFF, 0xA2, 0x4A, 0x7F, 0xA5, 0xFA, 0x5F, 0xA7, 0xFA, 0x5B, 0xA7, 0xFA, 0x5B, 0x2D, 0xB2, 0xBA, 0x60, 0x00},
    /* U+84B2 */ {0xFF, 0xF1, 0x9C, 0x61, 0x63, 0xFF, 0xEF, 0xE2, 0x92, 0x0F, 0xE2, 0x92, 0x2F, 0xE6, 0x92, 0x49, 0x60, 0x00},
    /* U+84B4 */ {0xFF, 0xF1, 0x98, 0x2D, 0xEF, 0xF2, 0x57, 0xE5, 0x72, 0x57, 0x27, 0xFE, 0x36, 0x22, 0x22, 0x64, 0xE0, 0x00},
    /* U+84B8 */ {0x7F, 0xE1, 0x08, 0x3F, 0x80, 0x34, 0x7F, 0xC1, 0x78, 0x6E, 0xE7, 0xFE, 0x20, 0x06, 0xB6, 0x49, 0x20, 0x00},
    /* U+84B9 */ {0x7F, 0xE1, 0x18, 0x7F, 0xE0, 0x90, 0x3F, 0xC7, 0xFE, 0x09, 0x43, 0xFC, 0x19, 0x86, 0x96, 0x49, 0x20, 0x00},
    /* U+84BA */ {0x7F, 0xE1, 0x38, 0x3F, 0xF7, 0x40, 0x7F, 0xE3, 0x90, 0x39, 0x0F, 0xFE, 0x23, 0x86, 0x6C, 0x5C, 0x60, 0x00},
    /* U+84BD */ {0x7F, 0xE1, 0x90, 0x3F, 0xC3, 0xFC, 0x27, 0x43, 0x9C, 0x3F, 0xC1, 0x40, 0x52, 0x65, 0x0A, 0x1F, 0x80, 0x00},
    /* U+84BF */ {0x7F, 0xE1, 0x78, 0x7F, 0xE1, 0xF8, 0x30, 0xC1, 0xF8, 0x7F, 0xE4, 0x02, 0x5F, 0xA5, 0xFA, 0x40, 0xE0, 0x00},
    /* U+84C1 */ {0x7F, 0xE1, 0x68, 0x7F, 0xE3, 0xFC, 0x08, 0x0F, 0xFF, 0x7F, 0xEC, 0x63, 0x3F, 0xC1, 0xFC, 0x66, 0x60, 0x00},
    /* U+84C4 */ {0x7F, 0xE1, 0xD8, 0x7F, 0xE1, 0x90, 0x3F, 0x83, 0xFC, 0x78, 0x23, 0xFE, 0x3F, 0xE2, 0x66, 0x3F, 0xE0, 0x00},
    /* U+84C9 */ {0x7F, 0xE1, 0x58, 0x7F, 0xE5, 0x9A, 0x36, 0xC6, 0xF4, 0x39, 0xC7, 0xFE, 0x70, 0xC3, 0x0C, 0x3F, 0xC0, 0x00},
    /* U+84CA */ {0xFF, 0xE1, 0x98, 0x35, 0xC7, 0x9E, 0x3F, 0xC1, 0x00, 0x7F, 0xE2, 0xDE, 0x1D, 0xE7, 0xF2, 0x18, 0xE0, 0x00},
    /* U+84CD */ {0x7F, 0xE0, 0x44, 0x3F, 0xC7, 0xFE, 0x3F, 0xC6, 0xFE, 0x00, 0x03, 0xFE, 0x3F, 0xE2, 0x06, 0x3F, 0xE0, 0x00},
    /* U+84D0 */ {0xFF, 0xF7, 0xFE, 0x60, 0x07, 0xFC, 0x7F, 0xE7, 0xBC, 0x5F, 0xE4, 0x08, 0x7F, 0xFD, 0x88, 0x03, 0x80, 0x00},
    /* U+84D1 */ {0xFF, 0xF1, 0x60, 0x7F, 0xE3, 0xFC, 0x20, 0xC7, 0xFE, 0x3F, 0xC1, 0xE6, 0x71, 0xC1, 0xEE, 0x1C, 0x60, 0x00},
    /* U+84D3 */ {0x7F, 0xE1, 0x98, 0x11, 0x03, 0xFE, 0x66, 0x4F, 0xFF, 0x20, 0x02, 0xFE, 0x2C, 0x62, 0xC6, 0x2F, 0xE0, 0x00},
    /* U+84D6 */ {0x7F, 0xE1, 0x68, 0x7F, 0xE6, 0xF6, 0x7F, 0xE7, 0xFE, 0x22, 0x03, 0xFE, 0x23, 0x83, 0xF3, 0x7D, 0xE0, 0x00},
    /* U+84DD */ {0xFF, 0xF1, 0x18, 0x0B, 0x06, 0xBE, 0x6A, 0x86, 0xEC, 0x08, 0x43, 0xFC, 0x29, 0x42, 0x94, 0xFF, 0xF0, 0x00},
    /* U+84DF */ {0xFF, 0xF3, 0x98, 0x3C, 0xA6, 0x9A, 0xFF, 0xA5, 0x7A, 0x7F, 0xA5, 0x7A, 0x7E, 0xA0, 0xE2, 0x7E, 0xE0, 0x00},
    /* U+84E0 */ {0xFF, 0xF1, 0x58, 0x7F, 0xE2, 0xF4, 0x2F, 0x43, 0xFC, 0x04, 0x07, 0xFE, 0x69, 0x67, 0xFE, 0x60, 0xE0, 0x00},
    /* U+84E3 */ {0xFF, 0xF1, 0x98, 0x7F, 0xF1, 0x98, 0x33, 0xEF, 0xEA, 0x3A, 0xA3, 0xAA, 0x33, 0xA3, 0x36, 0x66, 0x30, 0x00},
    /* U+84E5 */ {0x7F, 0xE1, 0x98, 0x7F, 0xE4, 0x62, 0x39, 0xCF, 0xFE, 0x06, 0x07, 0xFE, 0x16, 0x81, 0x68, 0x7F, 0xE0, 0x00},
    /* U+84E6 */ {0x19, 0x83, 0xFC, 0x3F, 0xC3, 0xFC, 0x7F, 0xE3, 0x1C, 0x7F, 0xE1, 0xFE, 0x00, 0x47, 0xF4, 0x01, 0xC0, 0x00},
    /* U+84EC */ {0xFF, 0xF1, 0x38, 0x67, 0xC2, 0xF8, 0x0F, 0xE6, 0xFC, 0x21, 0x02, 0xFC, 0x2F, 0xE7, 0x90, 0xCF, 0xE0, 0x00},
    /* U+84F0 */ {0xFF, 0xF1, 0x98, 0x35, 0x06, 0x5E, 0x55, 0x03, 0xFF, 0x65, 0x0E, 0x5E, 0x2D, 0x02, 0xF0, 0x39, 0xF0, 0x00},
    /* U+84FC */ {0xFF, 0xF7, 0xFE, 0x2D, 0xE3, 0xCE, 0x7F, 0xE1, 0xB8, 0x76, 0xF1, 0x90, 0x1E, 0xC1, 0x38, 0x3E, 0x00, 0x00},
    /* U+84FF */ {0x7F, 0xE1, 0x68, 0x7F, 0xE5, 0x02, 0x3F, 0xE2, 0x10, 0x6F, 0xEE, 0xC6, 0x2F, 0xE2, 0xC6, 0x2F, 0xE0, 0x00},
    /* U+850C */ {0xFF, 0xF1, 0x98, 0x11, 0x07, 0xFE, 0x7E, 0xA5, 0x6A, 0x7C, 0x83, 0x9C, 0x7D, 0x4D, 0x36, 0x16, 0x30, 0x00},
    /* U+8511 */ {0xFF, 0xF1, 0x18, 0x7F, 0xE6, 0x96, 0x7F, 0xE0, 0x6C, 0x7F, 0xE7, 0x2C, 0x79, 0x84, 0xFB, 0xCC, 0xE0, 0x00},
    /* U+8513 */ {0x7F, 0xE3, 0xFC, 0x3F, 0xC2, 0x04, 0x3F, 0xC7, 0xFE, 0x7F, 0xE7, 0xFC, 0x19, 0x80, 0xF0, 0x7F, 0xE0, 0x00},
    /* U+8517 */ {0x7F, 0xE1, 0x68, 0x7F, 0xE6, 0x00, 0x68, 0x87, 0xFE, 0x48, 0x84, 0xF8, 0x51, 0x45, 0x56, 0xF5, 0x20, 0x00},
    /* U+851A */ {0xFF, 0xF1, 0x98, 0x7E, 0x64, 0x66, 0x7F, 0xF7, 0xD6, 0x41, 0x67, 0xFE, 0x7C, 0xEE, 0xE6, 0x98, 0xC0, 0x00},
    /* U+851F */ {0x7F, 0xF1, 0x98, 0x12, 0x0F, 0xFF, 0x27, 0x03, 0xBE, 0x2A, 0x86, 0xFF, 0x69, 0xC4, 0xB6, 0xFE, 0x20, 0x00},
    /* U+8521 */ {0xFF, 0xE1, 0x98, 0x3F, 0xE7, 0xF4, 0x79, 0x83, 0xFE, 0xE0, 0x67, 0xFC, 0x16, 0x83, 0x6C, 0x4E, 0x20, 0x00},
    /* U+852B */ {0x7F, 0xE7, 0xFE, 0x06, 0x03, 0x7C, 0x7F, 0xE1, 0x00, 0x3F, 0xE3, 0xFE, 0x21, 0x25, 0xFE, 0x4A, 0xC0, 0x00},
    /* U+852C */ {0xFF, 0xF1, 0x18, 0x79, 0x81, 0xFF, 0x12, 0x65, 0x7E, 0x58, 0x05, 0x3C, 0x5F, 0xC7, 0xDD, 0x0C, 0x70, 0x00},
    /* U+8537 */ {0x7F, 0xE0, 0x60, 0x7F, 0xE1, 0x68, 0x7F, 0xF0, 0x00, 0x3F, 0xC2, 0xF4, 0x2F, 0x42, 0x04, 0x3F, 0xC0, 0x00},
    /* U+8538 */ {0x7F, 0xE1, 0x58, 0x3F, 0xE6, 0x92, 0x4F, 0x27, 0x92, 0x6F, 0xE0, 0xB0, 0x1B, 0x13, 0x33, 0xE1, 0xE0, 0x00},
    /* U+8539 */ {0xFF, 0xF1, 0x18, 0x39, 0x06, 0xDF, 0xFF, 0x60, 0x74, 0x55, 0xC5, 0xCC, 0x6C, 0xC7, 0xDE, 0x63, 0x30, 0x00},
    /* U+853A */ {0x7F, 0xF1, 0x98, 0x2F, 0xE5, 0xA2, 0x4F, 0xA5, 0xA2, 0x7F, 0xA5, 0xFA, 0x5F, 0xA4, 0x82, 0x40, 0xE0, 0x00},
    /* U+853B */ {0x7F, 0xE1, 0x68, 0x7F, 0xE4, 0x12, 0x7D, 0xC0, 0x3C, 0x7E, 0x42, 0x9C, 0x6B, 0xC6, 0xA7, 0xCF, 0xE0, 0x00},
    /* U+853C */ {0xFF, 0xF1, 0x98, 0x67, 0xE3, 0x7E, 0x04, 0x6E, 0x7C, 0x27, 0xE2, 0xDA, 0x37, 0xA3, 0x7E, 0x20, 0xE0, 0x00},
    /* U+853D */ {0xFF, 0xE1, 0x98, 0x55, 0x87, 0x5F, 0x7F, 0x25, 0x7E, 0x7E, 0xC7, 0xCC, 0x7C, 0xC5, 0x7E, 0x5F, 0x30, 0x00},
    /* U+8543 */ {0xFF, 0xF1, 0xBC, 0x7F, 0x81, 0x68, 0xFF, 0xF1, 0xF8, 0x70, 0xEF, 0xFE, 0x3F, 0xC2, 0x64, 0x3F, 0xC0, 0x00},
    /* U+8548 */ {0xFF, 0xF7, 0xFE, 0x09, 0x07, 0xFE, 0x7F, 0xE3, 0xFC, 0x3F, 0xC2, 0x04, 0x3F, 0xC7, 0xFE, 0x06, 0x00, 0x00},
    /* U+8549 */ {0x7F, 0xE1, 0x28, 0x3F, 0xE6, 0x20, 0x7F, 0xC2, 0x20, 0x3F, 0xC3, 0xFE, 0x20, 0x46, 0xB6, 0x49, 0x20, 0x00},
    /* U+854A */ {0x7F, 0xE1, 0xD8, 0x3E, 0xC7, 0x8C, 0x5F, 0x81, 0x00, 0x39, 0xA7, 0x76, 0xE7, 0x3A, 0xB2, 0x39, 0xC0, 0x00},
    /* U+8556 */ {0xFF, 0xF7, 0xFE, 0x3C, 0x06, 0xFE, 0x3F, 0xE3, 0xC0, 0x6F, 0xE7, 0xFE, 0x1F, 0x87, 0x6E, 0x46, 0x20, 0x00},
    /* U+8559 */ {0x7F, 0xE7, 0xFE, 0x06, 0x03, 0xFE, 0x3F, 0xE3, 0xFE, 0x06, 0xC7, 0xFE, 0x56, 0x45, 0x2A, 0x5F, 0xA0, 0x00},
    /* U+855E */ {0x7F, 0xE3, 0xFC, 0x20, 0x43, 0xFC, 0x3F, 0xCF, 0xFF, 0x25, 0xC3, 0xFE, 0x3D, 0xC7, 0xFC, 0x7F, 0x60, 0x00},
    /* U+8564 */ {0xFF, 0xF1, 0x08, 0x7D, 0xC6, 0x3E, 0xFE, 0xC3, 0x9E, 0x7C, 0xC7, 0xCC, 0x7F, 0xE5, 0xB8, 0x30, 0xF0, 0x00},
    /* U+8568 */ {0x7F, 0xE1, 0x18, 0x7F, 0xE5, 0x58, 0x7F, 0xE4, 0x92, 0x7B, 0xE7, 0xAC, 0x5E, 0xCD, 0x9E, 0xB3, 0x30, 0x00},
    /* U+8572 */ {0xFF, 0xF1, 0x18, 0x2D, 0xE7, 0xD0, 0x55, 0x07, 0xDF, 0x55, 0x67, 0xD6, 0xFF, 0x61, 0x36, 0x12, 0x40, 0x00},
    /* U+8574 */ {0xFF, 0xF1, 0x98, 0x33, 0xE2, 0xA2, 0x7B, 0xEF, 0x3E, 0x20, 0x07, 0xFE, 0x45, 0xA7, 0xDA, 0x4F, 0xF0, 0x00},
    /* U+8579 */ {0x7F, 0xF1, 0xF8, 0x7F, 0xE2, 0x28, 0x6F, 0xE7, 0x68, 0x3F, 0xE7, 0xA8, 0x7B, 0xE3, 0x28, 0x63, 0xF0, 0x00},
    /* U+857A */ {0xFF, 0xF1, 0x18, 0x7D, 0x47, 0xD6, 0x7F, 0xE6, 0x5A, 0x7D, 0xE7, 0xCC, 0x64, 0xC7, 0xFF, 0x06, 0x60, 0x00},
    /* U+857B */ {0x7F, 0xE1, 0x98, 0x79, 0x47, 0x94, 0x43, 0xF7, 0x94, 0x41, 0x4F, 0xFF, 0x79, 0x47, 0xB6, 0x6E, 0x20, 0x00},
    /* U+857E */ {0xFF, 0xE3, 0xFC, 0x06, 0x07, 0xFE, 0x7F, 0xE3, 0xFC, 0x00, 0x03, 0xFE, 0x3F, 0xE2, 0x66, 0x3F, 0xE0, 0x00},
    /* U+8584 */ {0x19, 0x84, 0x16, 0x3F, 0xE0, 0xFE, 0xC9, 0x66, 0xFE, 0x0F, 0xE0, 0x92, 0x3F, 0xF6, 0x6C, 0x41, 0xC0, 0x00},
    /* U+8585 */ {0xFF, 0xF2, 0x7E, 0x24, 0x0F, 0xFE, 0x5F, 0xE5, 0x6E, 0x5F, 0xE7, 0xF6, 0x3F, 0xE7, 0xB4, 0x48, 0xC0, 0x00},
    /* U+8587 */ {0xFF, 0xF1, 0x48, 0x3F, 0x87, 0xFF, 0x3F, 0xA3, 0xFA, 0x61, 0xE2, 0xE4, 0x2B, 0x43, 0xBE, 0x31, 0xB0, 0x00},
    /* U+858F */ {0x7F, 0xE1, 0x68, 0x7F, 0xE7, 0xFE, 0x00, 0x03, 0xFC, 0x3F, 0xC3, 0xFC, 0x36, 0x45, 0x2A, 0x5F, 0x80, 0x00},
    /* U+859B */ {0x7F, 0xF1, 0x98, 0x30, 0x87, 0xBE, 0x4B, 0x47, 0xFF, 0x40, 0x87, 0xFE, 0x4C, 0x87, 0xC8, 0x48, 0x80, 0x00},
    /* U+859C */ {0xFF, 0xF1, 0x08, 0x78, 0x84, 0xFE, 0x7F, 0x44, 0x7F, 0x7C, 0x86, 0xC8, 0xEF, 0xEF, 0xC8, 0x24, 0x80, 0x00},
    /* U+85A4 */ {0xFF, 0xE1, 0x98, 0x7B, 0x82, 0x7E, 0x7B, 0xC5, 0xFE, 0xF3, 0x83, 0x7E, 0x33, 0x86, 0x38, 0x4F, 0xF0, 0x00},
    /* U+85A8 */ {0xFF, 0xE3, 0xFC, 0x29, 0x63, 0xFE, 0x7F, 0xE4, 0x02, 0x7F, 0xE3, 0xF4, 0x6F, 0x81, 0xB2, 0x71, 0xE0, 0x00},
    /* U+85AA */ {0x7F, 0xF1, 0x9A, 0x7D, 0xE6, 0xB0, 0x2B, 0x0F, 0xFF, 0x13, 0x47, 0xF4, 0x5A, 0x45, 0x64, 0x36, 0x40, 0x00},
    /* U+85AE */ {0xFF, 0xF1, 0x18, 0x55, 0x07, 0xDF, 0x3B, 0x67, 0xF4, 0x13, 0xC7, 0xCC, 0x68, 0xC3, 0xB6, 0x6E, 0x20, 0x00},
    /* U+85AF */ {0x7F, 0xE3, 0xFE, 0x69, 0x63, 0xFE, 0x3F, 0xE0, 0x58, 0x7F, 0xE3, 0xFC, 0xFF, 0xC1, 0x04, 0x1F, 0xC0, 0x00},
    /* U+85B0 */ {0x7F, 0xE3, 0xFC, 0x7F, 0xE0, 0x60, 0x3F, 0xC3, 0xFC, 0x06, 0x07, 0xFE, 0x7F, 0xE2, 0xA4, 0x49, 0x20, 0x00},
    /* U+85B7 */ {0x7F, 0xE3, 0xFC, 0x7F, 0xE4, 0x62, 0x7F, 0xE3, 0xFC, 0x7F, 0xE0, 0x40, 0x7F, 0xE6, 0x96, 0x69, 0x60, 0x00},
    /* U+85B9 */ {0x10, 0x87, 0xFE, 0x3F, 0xE3, 0xFC, 0x3F, 0xC7, 0xFE, 0x7F, 0xE3, 0xFC, 0x3F, 0xC3, 0xFC, 0x7F, 0xE0, 0x00},
    /* U+85C1 */ {0x7F, 0xE7, 0xFE, 0x1F, 0x83, 0xFC, 0x7F, 0xE6, 0xF2, 0x7F, 0xE6, 0x66, 0x7F, 0xE3, 0xFC, 0xE6, 0x70, 0x00},
    /* U+85C9 */ {0xFF, 0xF1, 0x18, 0x79, 0x43, 0x7E, 0x79, 0x43, 0x7E, 0xFB, 0xE3, 0x22, 0x7B, 0xEF, 0x22, 0x33, 0xE0, 0x00},
    /* U+85CF */ {0x7F, 0xE1, 0x9E, 0x5F, 0xF7, 0x08, 0x7F, 0xA7, 0xFE, 0x39, 0xCF, 0xFC, 0x7A, 0xC6, 0xFD, 0xA1, 0x60, 0x00},
    /* U+85D0 */ {0xFF, 0xF1, 0x98, 0x31, 0x87, 0xFE, 0x3F, 0xE7, 0x62, 0x3F, 0xE5, 0x94, 0x3B, 0x4C, 0xA5, 0x36, 0x60, 0x00},
    /* U+85D3 */ {0xFF, 0xF3, 0x98, 0x39, 0x64, 0xBE, 0xFC, 0x85, 0x7E, 0x7C, 0x87, 0xFF, 0x00, 0x87, 0xC8, 0x00, 0x80, 0x00},
    /* U+85D5 */ {0xFF, 0xF1, 0x98, 0x33, 0xE7, 0xFE, 0x7A, 0xA3, 0x3E, 0xFF, 0xE3, 0x4A, 0x7F, 0xEF, 0x7E, 0x34, 0x60, 0x00},
    /* U+85DC */ {0x7F, 0xE7, 0x90, 0x13, 0xE7, 0xEA, 0x7F, 0x2D, 0xFC, 0x3F, 0xCF, 0xFF, 0x0F, 0x03, 0xFC, 0x2E, 0x40, 0x00},
    /* U+85E4 */ {0xFF, 0xE1, 0x98, 0x77, 0x45, 0xFE, 0x73, 0x05, 0xFF, 0x7F, 0x65, 0xF7, 0x53, 0xCD, 0xFE, 0xB3, 0x00, 0x00},
    /* U+85E9 */ {0xFF, 0xF5, 0x9C, 0x6F, 0x42, 0xD4, 0x5F, 0xE6, 0x7C, 0x1D, 0x63, 0xFE, 0x2F, 0xE4, 0x96, 0x4F, 0xE0, 0x00},
    /* U+85FB */ {0xFF, 0xF7, 0xFC, 0x34, 0x40, 0x7C, 0x4E, 0xE6, 0xBA, 0x0F, 0xE3, 0xFF, 0x67, 0x84, 0xD6, 0x59, 0x30, 0x00},
    /* U+85FF */ {0x7F, 0xE3, 0xFC, 0x7F, 0xE7, 0xFE, 0x46, 0x23, 0xBC, 0x3F, 0xE7, 0xFC, 0x3F, 0xC2, 0x20, 0x3F, 0xE0, 0x00},
    /* U+8605 */ {0xFF, 0xF3, 0xD8, 0x6F, 0xE7, 0xF0, 0x3F, 0xF6, 0xF6, 0xEF, 0x66, 0x46, 0x3F, 0xE2, 0xF6, 0x39, 0xE0, 0x00},
    /* U+8611 */ {0xFF, 0xF7, 0xFE, 0x40, 0x07, 0xFE, 0x4D, 0xC7, 0xBA, 0x7F, 0xE4, 0xC0, 0x5F, 0xEF, 0x86, 0xCF, 0xE0, 0x00},
    /* U+8616 */ {0x19, 0x83, 0x08, 0x7B, 0xE7, 0xFE, 0x78, 0x84, 0xFE, 0x7C, 0x87, 0xFE, 0x1F, 0x87, 0x6E, 0x46, 0x20, 0x00},
    /* U+8627 */ {0x7F, 0xE0, 0x1E, 0x6F, 0xE2, 0xBE, 0x0F, 0xEE, 0xFE, 0x2F, 0x43, 0xFC, 0x36, 0xA7, 0x90, 0xCF, 0xF0, 0x00},
    /* U+8629 */ {0xFF, 0xF7, 0xD0, 0x7F, 0xE3, 0x7C, 0x7D, 0xC7, 0xF6, 0x3F, 0x81, 0xCC, 0x7F, 0xE3, 0x6C, 0x6E, 0x60, 0x00},
    /* U+8638 */ {0x7F, 0xE0, 0x18, 0x7F, 0xE3, 0x34, 0x7F, 0xE7, 0xF4, 0x6F, 0xE7, 0xFF, 0x46, 0x27, 0xFE, 0x46, 0xF0, 0x00},
    /* U+863C */ {0x7F, 0xE0, 0x60, 0x7F, 0xE7, 0xFE, 0x7D, 0xC7, 0xFA, 0x7D, 0xE4, 0x50, 0x5D, 0xEF, 0xDE, 0x85, 0x00, 0x00},
    /* U+864D */ {0x07, 0xE0, 0x60, 0x7F, 0xE6, 0x42, 0x66, 0x06, 0x7C, 0x7F, 0x86, 0x60, 0x46, 0x2C, 0x7E, 0x40, 0x00, 0x00},
    /* U+864E */ {0x07, 0xE0, 0x60, 0x7F, 0xE6, 0x7E, 0x7F, 0x26, 0x7E, 0x60, 0x06, 0xF0, 0x49, 0x05, 0x9A, 0xF1, 0xE0, 0x00},
    /* U+864F */ {0x07, 0xE0, 0x60, 0x7F, 0xE6, 0x7E, 0x7E, 0x26, 0x3E, 0x62, 0x07, 0xFE, 0x46, 0x64, 0xC6, 0x79, 0xC0, 0x00},
    /* U+8650 */ {0x07, 0xE7, 0xFE, 0x64, 0x27, 0xFE, 0x66, 0x26, 0x3E, 0x6F, 0xE4, 0x80, 0x7F, 0xE4, 0x80, 0xCF, 0xE0, 0x00},
    /* U+8651 */ {0x07, 0xE0, 0x60, 0x7F, 0xE6, 0x7E, 0x7F, 0xA6, 0x7E, 0x62, 0x05, 0x74, 0x55, 0x27, 0x4F, 0xC7, 0x80, 0x00},
    /* U+8654 */ {0x07, 0xE0, 0x60, 0x7F, 0xE7, 0xFA, 0x66, 0x26, 0x3E, 0x7F, 0xE4, 0xC8, 0x47, 0x84, 0xF8, 0xF8, 0xE0, 0x00},
    /* U+865A */ {0x07, 0xE0, 0x60, 0x7F, 0xE6, 0x7A, 0x7E, 0x26, 0x3E, 0x65, 0x07, 0x54, 0x5D, 0xC4, 0x50, 0xFF, 0xE0, 0x00},
    /* U+865E */ {0x07, 0xE7, 0xFE, 0x5F, 0xE4, 0x7E, 0x40, 0x05, 0xFC, 0x4F, 0xC5, 0xFE, 0x7F, 0xEC, 0x78, 0xFC, 0xE0, 0x00},
    /* U+8662 */ {0xF0, 0xE7, 0xC8, 0x5F, 0xF5, 0xFE, 0x16, 0x8F, 0xEE, 0x57, 0xC7, 0x74, 0x37, 0x41, 0x55, 0x37, 0x60, 0x00},
    /* U+866B */ {0x06, 0x07, 0xFE, 0x66, 0x66, 0x66, 0x66, 0x67, 0xFE, 0x06, 0x00, 0x6C, 0x06, 0x6F, 0xFE, 0x00, 0x20, 0x00},
    /* U+866C */ {0x11, 0x87, 0xD8, 0x55, 0x85, 0x58, 0x55, 0x87, 0xD8, 0x51, 0x81, 0x5B, 0x1D, 0xBF, 0xFB, 0x03, 0xE0, 0x00},
    /* U+866E */ {0x32, 0x47, 0xA4, 0x7A, 0x47, 0xA4, 0x7A, 0x47, 0xA4, 0x72, 0x43, 0xA4, 0x3A, 0x5F, 0xE5, 0x04, 0x60, 0x00},
    /* U+8671 */ {0x7F, 0xC0, 0xEC, 0x7C, 0xC0, 0x8C, 0x7F, 0x44, 0xB4, 0x7F, 0x40, 0xA4, 0x0B, 0x5F, 0xF7, 0x01, 0xA0, 0x00},
    /* U+8679 */ {0x33, 0xF3, 0x08, 0x7C, 0x85, 0xC8, 0x5C, 0x87, 0xC8, 0x70, 0x83, 0xC8, 0x3C, 0x8F, 0xFF, 0x00, 0x00, 0x00},
    /* U+867A */ {0xFC, 0x86, 0xFE, 0x6E, 0xA6, 0xEA, 0x6F, 0xE6, 0x8A, 0x68, 0xA6, 0xFE, 0x48, 0x24, 0x83, 0xCF, 0xE0, 0x00},
    /* U+867B */ {0x30, 0x87, 0x88, 0x7F, 0xF7, 0xB0, 0x7B, 0x07, 0xB0, 0x73, 0x03, 0xB0, 0x7F, 0x0F, 0x7E, 0x00, 0x00, 0x00},
    /* U+867C */ {0x23, 0x07, 0xBF, 0x6E, 0x06, 0xFE, 0x68, 0xC7, 0x88, 0x61, 0x82, 0xB0, 0x3A, 0x3F, 0xE3, 0x03, 0xE0, 0x00},
    /* U+867D */ {0x20, 0x42, 0x04, 0x3F, 0xC0, 0x60, 0x7F, 0xE6, 0x66, 0x66, 0x67, 0xFE, 0x26, 0xC0, 0x7E, 0xFC, 0x20, 0x00},
    /* U+867E */ {0x37, 0xF3, 0x18, 0x79, 0x87, 0x98, 0x79, 0xC7, 0x9A, 0x71, 0x83, 0x98, 0x39, 0x8F, 0xD8, 0x01, 0x80, 0x00},
    /* U+867F */ {0x7F, 0xE0, 0x80, 0x1F, 0xC3, 0x04, 0x67, 0xC3, 0xFC, 0x26, 0x43, 0xFC, 0x06, 0x87, 0xFE, 0x78, 0x20, 0x00},
    /* U+8680 */ {0x61, 0x87, 0x98, 0x4F, 0xED, 0xDA, 0xA5, 0xA2, 0x5A, 0x27, 0xE2, 0x1C, 0x29, 0xE3, 0x7E, 0x67, 0x20, 0x00},
    /* U+8681 */ {0x33, 0xA7, 0xAA, 0x7A, 0x67, 0xA6, 0x7B, 0x47, 0x9C, 0x71, 0xC3, 0x98, 0x3D, 0xCF, 0xF6, 0x04, 0x30, 0x00},
    /* U+8682 */ {0x20, 0x67, 0xA4, 0x6A, 0x46, 0xA4, 0x6A, 0x47, 0xFF, 0x70, 0x23, 0xFE, 0x38, 0x2F, 0x82, 0x00, 0xE0, 0x00},
    /* U+868A */ {0x30, 0x87, 0xFF, 0x7A, 0x67, 0xB6, 0x79, 0x47, 0x94, 0x71, 0xC3, 0x88, 0x39, 0xCF, 0xF6, 0x06, 0x30, 0x00},
    /* U+868B */ {0x30, 0x87, 0x88, 0x6F, 0xE6, 0xEA, 0x6F, 0xA7, 0xFE, 0x77, 0x63, 0xF6, 0x3E, 0x2F, 0xE2, 0x06, 0x60, 0x00},
    /* U+868C */ {0x30, 0x87, 0xFF, 0x78, 0x87, 0xFE, 0x78, 0x87, 0x88, 0x70, 0x83, 0xFF, 0x3C, 0x8F, 0xC8, 0x00, 0x80, 0x00},
    /* U+868D */ {0x26, 0x87, 0xE8, 0x6E, 0xA6, 0xFE, 0x6E, 0xC7, 0xE8, 0x36, 0x83, 0xE8, 0x3E, 0xBF, 0xFB, 0x06, 0xE0, 0x00},
    /* U+8693 */ {0x20, 0xA7, 0x8A, 0x6F, 0xA6, 0xE2, 0x6E, 0x27, 0xFA, 0x60, 0xA2, 0x8A, 0x38, 0xAF, 0x9A, 0x03, 0x20, 0x00},
    /* U+8695 */ {0x7F, 0xE0, 0xC0, 0xFF, 0xF1, 0x18, 0x36, 0xEF, 0xFF, 0x26, 0xC3, 0xFC, 0x06, 0xC0, 0x7E, 0x7E, 0x20, 0x00},
    /* U+869C */ {0x20, 0x47, 0xE4, 0x6E, 0x46, 0xE4, 0x6F, 0xF6, 0x8C, 0x79, 0xC3, 0xB4, 0x3E, 0x4F, 0xC4, 0x01, 0xC0, 0x00},
    /* U+869D */ {0x37, 0x87, 0x98, 0x69, 0xE6, 0xFC, 0x69, 0x87, 0x9F, 0x77, 0xE3, 0x98, 0x39, 0xBF, 0xDB, 0x00, 0xE0, 0x00},
    /* U+86A3 */ {0x33, 0x47, 0xB6, 0x7A, 0x27, 0xE3, 0x7C, 0x97, 0x98, 0x71, 0x43, 0x96, 0x3F, 0x2F, 0xFE, 0x02, 0x30, 0x00},
    /* U+86A4 */ {0x34, 0xC1, 0xB8, 0x0F, 0x03, 0xFC, 0xF6, 0xE3, 0xFC, 0x26, 0x43, 0xFC, 0x06, 0xC7, 0xFE, 0x70, 0x20, 0x00},
    /* U+86A7 */ {0x21, 0xC7, 0x94, 0x6A, 0x66, 0xE3, 0x6B, 0x47, 0xB4, 0x73, 0x43, 0xB4, 0x3A, 0x4F, 0xA4, 0x06, 0x40, 0x00},
    /* U+86A8 */ {0x30, 0x87, 0xBE, 0x78, 0x87, 0x88, 0x78, 0x87, 0xFE, 0x71, 0x83, 0x9C, 0x3B, 0x4F, 0xE6, 0x06, 0x30, 0x00},
    /* U+86A9 */ {0x66, 0x63, 0xFE, 0x06, 0x07, 0xFE, 0x06, 0x03, 0xFE, 0x26, 0x63, 0xFE, 0x06, 0xC7, 0xFE, 0x70, 0x20, 0x00},
    /* U+86AA */ {0x33, 0x47, 0x9C, 0x7C, 0x47, 0xE4, 0x7F, 0x47, 0xD4, 0x70, 0x73, 0xFE, 0x3C, 0x4F, 0xC4, 0x00, 0x40, 0x00},
    /* U+86AC */ {0x32, 0x27, 0xAA, 0x7A, 0xA7, 0xAA, 0x7A, 0xA7, 0xAA, 0x71, 0xA3, 0x98, 0x39, 0x9F, 0xEB, 0x04, 0xE0, 0x00},
    /* U+86AF */ {0x33, 0xC7, 0xB0, 0x7B, 0x07, 0xBF, 0x7B, 0x47, 0xB4, 0x73, 0x43, 0xB4, 0x3B, 0x4F, 0xF4, 0x07, 0xF0, 0x00},
    /* U+86B0 */ {0x20, 0x87, 0x88, 0x6F, 0xE6, 0xEA, 0x6E, 0xA7, 0xFE, 0x66, 0xA3, 0xEA, 0x3E, 0xAF, 0xFE, 0x06, 0x20, 0x00},
    /* U+86B1 */ {0x33, 0x07, 0xBF, 0x7F, 0x07, 0x9E, 0x79, 0x07, 0x90, 0x71, 0x03, 0x9F, 0x3D, 0x0F, 0xD0, 0x01, 0x00, 0x00},
    /* U+86B4 */ {0x26, 0xC7, 0x4C, 0x75, 0xE7, 0xFE, 0x7E, 0xA7, 0x2A, 0x66, 0xA3, 0x7A, 0x3F, 0xAF, 0x92, 0x01, 0x60, 0x00},
    /* U+86B5 */ {0x27, 0xF7, 0x86, 0x6F, 0xE6, 0xEE, 0x6E, 0xE7, 0xEE, 0x67, 0xE2, 0xE6, 0x38, 0x6F, 0x86, 0x01, 0xE0, 0x00},
    /* U+86B6 */ {0x22, 0x67, 0xFF, 0x6A, 0x66, 0xA6, 0x6A, 0x67, 0xBE, 0x62, 0x63, 0xA6, 0x3A, 0x6F, 0xBE, 0x02, 0x60, 0x00},
    /* U+86BA */ {0x20, 0x87, 0xFE, 0x6E, 0xA6, 0xFE, 0x6E, 0xA7, 0xEA, 0x66, 0xA3, 0xFF, 0x3E, 0x2F, 0xE2, 0x06, 0x60, 0x00},
    /* U+86C0 */ {0x30, 0x87, 0xFE, 0x78, 0x87, 0x88, 0x78, 0x87, 0xFE, 0x70, 0x83, 0x88, 0x38, 0x8F, 0xC8, 0x07, 0xF0, 0x00},
    /* U+86C4 */ {0x30, 0x87, 0x88, 0x7F, 0xF7, 0x88, 0x78, 0x87, 0xBE, 0x72, 0x23, 0xA2, 0x3A, 0x2F, 0xFE, 0x02, 0x20, 0x00},
    /* U+86C6 */ {0x22, 0x67, 0xA6, 0x6A, 0x66, 0xBE, 0x6A, 0x67, 0xA6, 0x73, 0xE3, 0xA6, 0x3A, 0x6F, 0xA6, 0x07, 0xF0, 0x00},
    /* U+86C7 */ {0x30, 0x87, 0xFF, 0x7E, 0x37, 0xB0, 0x7B, 0x67, 0xBC, 0x73, 0x03, 0xB0, 0x3B, 0x1F, 0xF3, 0x01, 0xE0, 0x00},
    /* U+86C9 */ {0x21, 0x87, 0xB4, 0x6F, 0x66, 0xDB, 0x68, 0x87, 0xBE, 0x60, 0x63, 0x8C, 0x3B, 0x8F, 0x98, 0x00, 0xC0, 0x00},
    /* U+86CA */ {0x3F, 0xC2, 0x64, 0x3F, 0xC0, 0x64, 0x07, 0xE7, 0xFE, 0x3F, 0xE2, 0x96, 0x29, 0x62, 0x96, 0xFF, 0xF0, 0x00},
    /* U+86CB */ {0x7F, 0xE3, 0x7E, 0x36, 0x06, 0xFF, 0xC6, 0x03, 0xFC, 0x26, 0x43, 0xFC, 0x06, 0xC7, 0xFE, 0x78, 0x20, 0x00},
    /* U+86CE */ {0x26, 0x07, 0xE0, 0x6E, 0x06, 0xFF, 0x6F, 0x87, 0xFE, 0x35, 0x23, 0xD2, 0x7D, 0x2E, 0xF2, 0x0A, 0xE0, 0x00},
    /* U+86CF */ {0x22, 0x67, 0xB4, 0x69, 0xC6, 0xBE, 0x6E, 0xF7, 0x88, 0x67, 0xE2, 0x88, 0x38, 0x8F, 0x88, 0x07, 0xF0, 0x00},
    /* U+86D0 */ {0x21, 0xC7, 0x9C, 0x6F, 0xE6, 0xDE, 0x6D, 0xE6, 0xFE, 0x7D, 0xE7, 0xDE, 0x3D, 0xEF, 0xFE, 0x04, 0x20, 0x00},
    /* U+86D1 */ {0x23, 0x47, 0xBE, 0x6F, 0xE6, 0xA8, 0x6A, 0x87, 0xFE, 0x34, 0x83, 0xFF, 0x78, 0x8C, 0x88, 0x00, 0x80, 0x00},
    /* U+86D4 */ {0x27, 0xE7, 0xC2, 0x6D, 0xE6, 0xD6, 0x6D, 0x67, 0xD6, 0x65, 0x63, 0xDE, 0x3C, 0x2F, 0xFE, 0x04, 0x20, 0x00},
    /* U+86D8 */ {0x22, 0x67, 0xB4, 0x6F, 0xE6, 0x88, 0x6F, 0xE7, 0x88, 0x30, 0x83, 0xFF, 0x78, 0x8C, 0x08, 0x00, 0x80, 0x00},
    /* U+86D9 */ {0x30, 0x87, 0xBE, 0x68, 0x86, 0xFF, 0x68, 0x87, 0x88, 0x70, 0x83, 0xFE, 0x38, 0x8F, 0xC8, 0x07, 0xF0, 0x00},
    /* U+86DB */ {0x22, 0x87, 0xBE, 0x6E, 0x86, 0xC8, 0x68, 0x87, 0xFF, 0x61, 0xC3, 0xBC, 0x3A, 0xEE, 0xCB, 0x00, 0x80, 0x00},
    /* U+86DE */ {0x27, 0x87, 0x88, 0x68, 0x86, 0xFF, 0x68, 0x87, 0x88, 0x63, 0xE3, 0xE2, 0x3E, 0x27, 0xE2, 0x4F, 0xE0, 0x00},
    /* U+86DF */ {0x30, 0x87, 0xFE, 0x7B, 0x47, 0xA2, 0x7E, 0x77, 0xB4, 0x71, 0xC3, 0x98, 0x39, 0xCF, 0xF6, 0x06, 0x20, 0x00},
    /* U+86E4 */ {0x31, 0x87, 0xBC, 0x6E, 0x66, 0xFE, 0x68, 0x07, 0x80, 0x77, 0xE3, 0xE6, 0x3E, 0x6F, 0xFE, 0x06, 0x60, 0x00},
    /* U+86E9 */ {0x7A, 0x43, 0x34, 0x37, 0xDF, 0xC5, 0x0C, 0x63, 0xFC, 0x26, 0x43, 0xFC, 0x06, 0x80, 0x6C, 0x7F, 0xE0, 0x00},
    /* U+86ED */ {0x31, 0x07, 0x94, 0x6B, 0x66, 0xFE, 0x6B, 0xA7, 0x88, 0x70, 0x83, 0xFE, 0x38, 0x8F, 0xC8, 0x07, 0xF0, 0x00},
    /* U+86EE */ {0x7F, 0xE0, 0x90, 0x29, 0x46, 0x92, 0x06, 0x03, 0xFC, 0x26, 0x43, 0xFC, 0x06, 0xC7, 0xFE, 0x00, 0x20, 0x00},
    /* U+86F0 */ {0x7F, 0xC3, 0x14, 0x7B, 0x43, 0x3F, 0x76, 0x30, 0x60, 0x3F, 0xC2, 0x64, 0x3F, 0xC0, 0x6C, 0x7F, 0xE0, 0x00},
    /* U+86F1 */ {0x21, 0x87, 0xFE, 0x6D, 0xA6, 0xFE, 0x6B, 0xC7, 0xFE, 0x61, 0x83, 0x98, 0x3B, 0x4F, 0xE6, 0x0C, 0x20, 0x00},
    /* U+86F2 */ {0x23, 0xE7, 0xFE, 0x69, 0xC6, 0xBA, 0x6E, 0xE7, 0x80, 0x7F, 0xE3, 0xBC, 0x3A, 0xCF, 0xEF, 0x0C, 0x60, 0x00},
    /* U+86F3 */ {0x23, 0xF7, 0xE4, 0x7F, 0xE7, 0xFE, 0x7F, 0xE7, 0xFE, 0x63, 0xE3, 0x3E, 0x3F, 0xEF, 0xC4, 0x0C, 0x40, 0x00},
    /* U+86F4 */ {0x27, 0xF7, 0xB6, 0x69, 0x46, 0x9C, 0x6F, 0xE7, 0xE6, 0x63, 0x43, 0xB4, 0x3A, 0x4F, 0xE4, 0x04, 0x40, 0x00},
    /* U+86F8 */ {0x36, 0xA7, 0xAA, 0x6A, 0xA6, 0xBE, 0x6A, 0x27, 0xBE, 0x72, 0x23, 0xBE, 0x3E, 0x2F, 0xE2, 0x06, 0x60, 0x00},
    /* U+86F9 */ {0x27, 0xE7, 0xBC, 0x69, 0x86, 0xFE, 0x6C, 0xA7, 0xFE, 0x64, 0xA3, 0xFE, 0x3C, 0xAF, 0xCA, 0x0C, 0xE0, 0x00},
    /* U+86FE */ {0x2E, 0xA7, 0x2A, 0x72, 0x87, 0xFF, 0x72, 0xE7, 0x2E, 0x27, 0xE3, 0xE4, 0x3A, 0xDF, 0xBD, 0x07, 0x60, 0x00},
    /* U+8700 */ {0x49, 0x24, 0x92, 0x7F, 0xE3, 0x00, 0x7F, 0xE7, 0xFA, 0x25, 0xA3, 0xFE, 0x25, 0x67, 0xFE, 0x00, 0xC0, 0x00},
    /* U+8702 */ {0x23, 0xE2, 0x34, 0x7F, 0xC6, 0x9C, 0x6F, 0xF7, 0xFE, 0x61, 0x83, 0xBE, 0x3F, 0xFF, 0x98, 0x01, 0x80, 0x00},
    /* U+8703 */ {0x60, 0x07, 0xFC, 0x7F, 0xE7, 0xB4, 0x7F, 0xC7, 0xA6, 0x5F, 0xC5, 0x24, 0x5F, 0xC4, 0x24, 0xFF, 0xE0, 0x00},
    /* U+8707 */ {0x7F, 0x83, 0x20, 0x7F, 0xF7, 0x64, 0x74, 0x40, 0x60, 0x3F, 0xE2, 0x66, 0x3F, 0xC7, 0xFE, 0x78, 0x20, 0x00},
    /* U+8708 */ {0x27, 0xE7, 0xC2, 0x6F, 0xE6, 0x80, 0x6F, 0xE7, 0x98, 0x61, 0x83, 0xFF, 0x39, 0x8F, 0xB4, 0x06, 0x30, 0x00},
    /* U+8709 */ {0x27, 0xE7, 0xF2, 0x6B, 0xC6, 0xFE, 0x68, 0xC7, 0x88, 0x61, 0x83, 0xFF, 0x29, 0x8F, 0x98, 0x03, 0x80, 0x00},
    /* U+870A */ {0x2E, 0xA7, 0x2A, 0x72, 0xA7, 0xFA, 0x76, 0xA7, 0x7A, 0x27, 0xA3, 0xAA, 0x3A, 0x2F, 0xA2, 0x02, 0x60, 0x00},
    /* U+870D */ {0x21, 0x87, 0xE6, 0x7C, 0x37, 0xFE, 0x79, 0x87, 0xFE, 0x61, 0x83, 0xFE, 0x3D, 0xAF, 0xDA, 0x03, 0x80, 0x00},
    /* U+8712 */ {0x2F, 0xE7, 0x24, 0x74, 0x47, 0xF7, 0x73, 0x47, 0xB4, 0x67, 0x43, 0x74, 0x3F, 0xFF, 0xF0, 0x09, 0xF0, 0x00},
    /* U+8713 */ {0x2F, 0xE7, 0x24, 0x74, 0x47, 0xFE, 0x72, 0x47, 0xA4, 0x66, 0x43, 0x7F, 0x3E, 0x0E, 0xF0, 0x09, 0xF0, 0x00},
    /* U+8715 */ {0x23, 0x47, 0x94, 0x6F, 0xE6, 0xE2, 0x6E, 0x27, 0xFE, 0x63, 0xC3, 0xBC, 0x3A, 0xCF, 0xEF, 0x04, 0x60, 0x00},
    /* U+8717 */ {0x26, 0x27, 0xE2, 0x6F, 0xE6, 0x88, 0x6F, 0xE6, 0xDB, 0x7D, 0xB3, 0x57, 0x3E, 0x7F, 0xC3, 0x0C, 0x60, 0x00},
    /* U+8718 */ {0x24, 0xE7, 0xFA, 0x7E, 0xA7, 0xAA, 0x7F, 0xA7, 0xAA, 0x62, 0xA3, 0xFA, 0x3F, 0xAF, 0xDE, 0x08, 0xA0, 0x00},
    /* U+871A */ {0x79, 0xE7, 0x9E, 0x09, 0x07, 0x9F, 0x0F, 0x00, 0x60, 0x3F, 0xC3, 0xFC, 0x06, 0x47, 0xFE, 0x78, 0x20, 0x00},
    /* U+871C */ {0x7F, 0xE4, 0xFA, 0x3B, 0x45, 0xEA, 0x7F, 0x80, 0x60, 0x3F, 0xC2, 0x64, 0x3F, 0xC0, 0x7C, 0x7F, 0xE0, 0x00},
    /* U+871E */ {0x22, 0x67, 0xFF, 0x6A, 0x66, 0xBE, 0x6A, 0x67, 0xBE, 0x62, 0x63, 0xFF, 0x3A, 0x4F, 0xA6, 0x04, 0x20, 0x00},
    /* U+8721 */ {0x27, 0xE7, 0xB4, 0x6B, 0x46, 0xFF, 0x68, 0x07, 0xBE, 0x62, 0x23, 0xBE, 0x3A, 0x2F, 0xFE, 0x02, 0x20, 0x00},
    /* U+8722 */ {0x30, 0xC7, 0x88, 0x6F, 0xF6, 0x88, 0x68, 0x87, 0xB8, 0x73, 0xE3, 0xFE, 0x3F, 0xEF, 0xFE, 0x07, 0xF0, 0x00},
    /* U+8723 */ {0x23, 0x47, 0xFE, 0x69, 0x86, 0xFE, 0x69, 0x87, 0xFF, 0x61, 0x82, 0x98, 0x3B, 0x8F, 0xEB, 0x04, 0xE0, 0x00},
    /* U+8725 */ {0x26, 0xE7, 0x68, 0x7F, 0x87, 0x6F, 0x76, 0xA7, 0x7A, 0x6E, 0xA3, 0xEA, 0x37, 0xAF, 0xF2, 0x07, 0x20, 0x00},
    /* U+8729 */ {0x27, 0xE7, 0xDA, 0x6D, 0xE6, 0xDA, 0x6F, 0xE7, 0xC2, 0x67, 0xE3, 0xF6, 0x3F, 0xEE, 0xC2, 0x08, 0x60, 0x00},
    /* U+872E */ {0x20, 0xA7, 0xFF, 0x78, 0xC7, 0xFE, 0x7D, 0xE7, 0xDE, 0x67, 0x43, 0x3C, 0x3F, 0xDF, 0x9F, 0x03, 0x30, 0x00},
    /* U+8731 */ {0x27, 0xE7, 0xEA, 0x6F, 0xE6, 0xEA, 0x6E, 0xA7, 0xFE, 0x3B, 0x43, 0xFF, 0x78, 0x4C, 0x84, 0x00, 0x40, 0x00},
    /* U+8734 */ {0x26, 0x27, 0xFE, 0x6E, 0x26, 0xFE, 0x6A, 0x07, 0xFE, 0x65, 0xE3, 0xBA, 0x3A, 0xAF, 0xDA, 0x01, 0x60, 0x00},
    /* U+8737 */ {0x27, 0xE7, 0xBC, 0x6F, 0xE6, 0x90, 0x6F, 0xE7, 0xA6, 0x6F, 0xF3, 0xA4, 0x3A, 0xEF, 0xA2, 0x03, 0xE0, 0x00},
    /* U+873B */ {0x27, 0xE7, 0xFE, 0x69, 0x86, 0xFF, 0x6B, 0xE7, 0xE2, 0x67, 0xE3, 0xE2, 0x3F, 0xEF, 0xE2, 0x06, 0xE0, 0x00},
    /* U+873E */ {0x24, 0xA7, 0xCA, 0x6F, 0xE6, 0xCA, 0x6F, 0xE7, 0x98, 0x67, 0xF3, 0x3C, 0x3B, 0xEF, 0xDB, 0x01, 0x80, 0x00},
    /* U+873F */ {0x27, 0xE7, 0xC2, 0x7E, 0x07, 0xFE, 0x7D, 0xA7, 0xDA, 0x6F, 0xA3, 0x2E, 0x3A, 0x8F, 0xE9, 0x04, 0xE0, 0x00},
    /* U+8747 */ {0x23, 0xE7, 0xA6, 0x6B, 0xE6, 0xFE, 0x6C, 0xA7, 0xFE, 0x74, 0xA3, 0xFE, 0x3C, 0x9F, 0x8B, 0x00, 0xE0, 0x00},
    /* U+8748 */ {0x27, 0xE7, 0xC2, 0x7F, 0xE7, 0xDA, 0x7F, 0xE7, 0xDA, 0x65, 0xE3, 0xFE, 0x3C, 0x2F, 0xFE, 0x0C, 0x20, 0x00},
    /* U+8749 */ {0x23, 0x47, 0xFE, 0x6C, 0xA6, 0xFE, 0x6C, 0xA7, 0xCA, 0x67, 0xE3, 0x88, 0x3F, 0xFF, 0x88, 0x00, 0x80, 0x00},
    /* U+874C */ {0x2E, 0x27, 0x2E, 0x72, 0x67, 0xF2, 0x76, 0xE7, 0x76, 0x27, 0x23, 0xBF, 0x3A, 0x2F, 0xA2, 0x02, 0x20, 0x00},
    /* U+874E */ {0x24, 0x27, 0xFE, 0x6C, 0x26, 0xFE, 0x6A, 0x07, 0xFF, 0x6C, 0xA3, 0xDA, 0x3E, 0x6F, 0xFE, 0x00, 0x60, 0x00},
    /* U+8753 */ {0x23, 0xC7, 0x66, 0x7F, 0xF7, 0x00, 0x77, 0xE7, 0x5E, 0x67, 0xE3, 0x7E, 0x35, 0xEF, 0xD2, 0x07, 0x60, 0x00},
    /* U+8757 */ {0x37, 0xE7, 0xE2, 0x6F, 0xE6, 0xE2, 0x6F, 0xE7, 0xFE, 0x70, 0x83, 0xFE, 0x38, 0x8F, 0x88, 0x07, 0xF0, 0x00},
    /* U+8759 */ {0x27, 0xE7, 0xC2, 0x6C, 0x26, 0xFE, 0x6F, 0xE7, 0xF6, 0x67, 0x63, 0xFE, 0x3F, 0x6F, 0xB6, 0x0B, 0x60, 0x00},
    /* U+8760 */ {0x20, 0x07, 0xBE, 0x6E, 0x26, 0xFE, 0x68, 0x07, 0xFE, 0x65, 0xA3, 0xFE, 0x3D, 0xAF, 0xDA, 0x07, 0xE0, 0x00},
    /* U+8763 */ {0x26, 0x87, 0xFF, 0x75, 0x87, 0x4E, 0x77, 0x67, 0x54, 0x65, 0x43, 0x5F, 0x3D, 0x4F, 0xB4, 0x0E, 0xC0, 0x00},
    /* U+8764 */ {0x23, 0x47, 0xFF, 0x79, 0x87, 0xFE, 0x7D, 0xA7, 0xFA, 0x66, 0x63, 0xC2, 0x2F, 0xEF, 0xFE, 0x04, 0x20, 0x00},
    /* U+8765 */ {0x3D, 0xF7, 0xF4, 0x3D, 0xC7, 0xDC, 0x33, 0x60, 0x60, 0x3F, 0xC3, 0xFC, 0x06, 0xC7, 0xFE, 0x70, 0x20, 0x00},
    /* U+876E */ {0x23, 0xF7, 0xE0, 0x6F, 0xE6, 0xBE, 0x6A, 0x27, 0xBE, 0x63, 0xE3, 0xE4, 0x3D, 0xCF, 0xBE, 0x0E, 0x70, 0x00},
    /* U+8770 */ {0x27, 0xF7, 0xA4, 0x7F, 0xE7, 0xFF, 0x79, 0x87, 0xFE, 0x60, 0x83, 0xFE, 0x39, 0x8F, 0x98, 0x07, 0xF0, 0x00},
    /* U+8774 */ {0x22, 0xA7, 0x2A, 0x7F, 0xA7, 0x2E, 0x72, 0xA7, 0xFA, 0x65, 0xE3, 0xDA, 0x3F, 0xAF, 0xDA, 0x01, 0x60, 0x00},
    /* U+8776 */ {0x25, 0x67, 0xFF, 0x7D, 0x67, 0xDC, 0x7F, 0xE7, 0x98, 0x6F, 0xF3, 0xB8, 0x7B, 0xCE, 0xDB, 0x09, 0x80, 0x00},
    /* U+877B */ {0x27, 0xF7, 0x98, 0x6F, 0xE6, 0xC6, 0x6D, 0xE7, 0xFE, 0x65, 0xA3, 0xFE, 0x3D, 0xAF, 0xDA, 0x04, 0x60, 0x00},
    /* U+877C */ {0x23, 0xC7, 0xFE, 0x69, 0xC6, 0xBE, 0x6D, 0xA7, 0x90, 0x67, 0xE3, 0xA4, 0x3B, 0xCF, 0x9C, 0x07, 0x60, 0x00},
    /* U+877D */ {0x27, 0xE7, 0x98, 0x6F, 0xE6, 0x90, 0x6F, 0xF7, 0xA6, 0x27, 0xE2, 0xBE, 0x3A, 0x6E, 0xBE, 0x02, 0x40, 0x00},
    /* U+877E */ {0x2F, 0xF7, 0xA4, 0x7F, 0xE6, 0xC2, 0x69, 0x87, 0xFE, 0x63, 0xC3, 0xBC, 0x3F, 0xEF, 0xDB, 0x01, 0x80, 0x00},
    /* U+8782 */ {0x22, 0xA7, 0xFA, 0x7D, 0xA7, 0xFE, 0x7D, 0xE7, 0xFA, 0x66, 0xB3, 0xFB, 0x3F, 0xEF, 0xF8, 0x00, 0x80, 0x00},
    /* U+8783 */ {0x27, 0xE7, 0xA4, 0x7B, 0x47, 0xFF, 0x7D, 0xA7, 0xFE, 0x63, 0x03, 0x3E, 0x3A, 0x6F, 0xE6, 0x04, 0xC0, 0x00},
    /* U+8785 */ {0x23, 0xE7, 0xA2, 0x6B, 0xE6, 0xA2, 0x6B, 0xE7, 0xBE, 0x71, 0x82, 0x88, 0x7F, 0x2E, 0xF7, 0x05, 0xC0, 0x00},
    /* U+8788 */ {0x24, 0x87, 0xC8, 0x6F, 0xE6, 0xE2, 0x6F, 0xE7, 0xE2, 0x27, 0xE3, 0xEA, 0x7E, 0xAC, 0xEB, 0x09, 0x80, 0x00},
    /* U+878B */ {0x27, 0xE7, 0xDA, 0x6F, 0xE6, 0xDA, 0x6F, 0xE6, 0x98, 0x7F, 0xE2, 0xA6, 0x3B, 0xCF, 0xBC, 0x0E, 0x70, 0x00},
    /* U+878D */ {0xFC, 0xC7, 0xCC, 0x47, 0xE7, 0xFA, 0x7F, 0xA6, 0x7A, 0x6F, 0xE7, 0xCE, 0x54, 0xE5, 0x5E, 0x5F, 0xB0, 0x00},
    /* U+8793 */ {0x27, 0xE2, 0x10, 0x7F, 0xE7, 0xFF, 0x7A, 0x47, 0xFE, 0x6F, 0xB3, 0x7E, 0x3B, 0xCF, 0xFE, 0x05, 0x80, 0x00},
    /* U+8797 */ {0x27, 0xF7, 0xC8, 0x6F, 0xE6, 0xCA, 0x6F, 0xF7, 0xFE, 0x64, 0x83, 0xFE, 0x3E, 0x2E, 0xA2, 0x0B, 0xE0, 0x00},
    /* U+879F */ {0x27, 0xF7, 0xFF, 0x7E, 0x27, 0xFE, 0x7E, 0x27, 0xFE, 0x31, 0x83, 0xFF, 0x7B, 0x4C, 0x66, 0x04, 0x30, 0x00},
    /* U+87A8 */ {0x2F, 0xE2, 0x24, 0x7F, 0xE7, 0x18, 0x77, 0xE7, 0x7A, 0x67, 0xE3, 0x7E, 0x3E, 0xEE, 0xC2, 0x04, 0x60, 0x00},
    /* U+87AB */ {0x7D, 0xEF, 0xF6, 0x6D, 0xCE, 0xDC, 0x7B, 0x60, 0x62, 0x3F, 0xC2, 0x64, 0x3F, 0xC0, 0x64, 0x7F, 0xE0, 0x00},
    /* U+87AC */ {0x27, 0xF7, 0x9C, 0x6F, 0xE6, 0xFE, 0x6D, 0xE7, 0xFE, 0x63, 0xE3, 0xFE, 0x3F, 0xEF, 0xC2, 0x07, 0xE0, 0x00},
    /* U+87AD */ {0x2F, 0xF7, 0xC6, 0x6D, 0xA6, 0xFE, 0x6F, 0xE7, 0x98, 0x67, 0xE3, 0xD2, 0x3F, 0xEF, 0xF6, 0x04, 0x60, 0x00},
    /* U+87AF */ {0x11, 0xF7, 0xF6, 0xFD, 0xC3, 0xDC, 0x6F, 0x7D, 0xE0, 0x3F, 0xE2, 0x66, 0x3F, 0xC0, 0x64, 0x7F, 0xE0, 0x00},
    /* U+87B3 */ {0x23, 0xE7, 0xFF, 0x6C, 0x36, 0xFE, 0x6A, 0x67, 0xBE, 0x61, 0x83, 0xFE, 0x39, 0x8F, 0x98, 0x0F, 0xF0, 0x00},
    /* U+87B5 */ {0x27, 0xF7, 0xFE, 0x7D, 0xE7, 0xFE, 0x78, 0x07, 0xFE, 0x60, 0x03, 0xFF, 0x3B, 0xCF, 0xDA, 0x03, 0x80, 0x00},
    /* U+87BA */ {0x25, 0xA7, 0xFE, 0x6D, 0xA6, 0xFE, 0x6A, 0xC7, 0xF8, 0x63, 0x63, 0xFE, 0x3F, 0xCF, 0xDA, 0x07, 0xA0, 0x00},
    /* U+87BD */ {0x3F, 0x86, 0xF0, 0x1F, 0xCF, 0x7F, 0x1F, 0x01, 0x38, 0x7F, 0xE5, 0x6A, 0x7F, 0xE1, 0xCE, 0xFF, 0xF0, 0x00},
    /* U+87C0 */ {0x2F, 0xF7, 0x90, 0x7F, 0xA7, 0xB8, 0x7F, 0xE7, 0xFE, 0x61, 0x03, 0xFF, 0x39, 0x8F, 0x98, 0x01, 0x80, 0x00},
    /* U+87C6 */ {0x27, 0xF7, 0xA4, 0x6F, 0xE6, 0xE2, 0x6F, 0xE7, 0xFE, 0x31, 0x82, 0xFF, 0x79, 0xCC, 0xB6, 0x06, 0x30, 0x00},
    /* U+87CA */ {0x0F, 0x80, 0x70, 0x7F, 0xE1, 0xAC, 0x7E, 0x07, 0xC8, 0x57, 0xE7, 0xFE, 0x18, 0xA1, 0xCE, 0xFF, 0xF0, 0x00},
    /* U+87CB */ {0x27, 0xA7, 0xBE, 0x7F, 0xF7, 0xBC, 0x7B, 0xE7, 0xDB, 0x61, 0x83, 0xEE, 0x3E, 0x2F, 0xF7, 0x01, 0xC0, 0x00},
    /* U+87D1 */ {0x27, 0xE7, 0xA4, 0x7F, 0xF7, 0xFE, 0x7C, 0x27, 0xFE, 0x64, 0x23, 0x7E, 0x3F, 0xFF, 0x98, 0x01, 0x80, 0x00},
    /* U+87D2 */ {0x27, 0xF7, 0xB4, 0x69, 0x66, 0xFF, 0x6B, 0x47, 0xE7, 0x62, 0x43, 0xFF, 0x3A, 0x4F, 0xE4, 0x04, 0x40, 0x00},
    /* U+87D3 */ {0x23, 0xC7, 0x6C, 0x7F, 0xE7, 0xCA, 0x7F, 0xE7, 0xB2, 0x65, 0xE3, 0x7E, 0x3F, 0xAE, 0xEB, 0x01, 0x80, 0x00},
    /* U+87DB */ {0x2F, 0xA7, 0x24, 0x7F, 0xC7, 0x02, 0x7F, 0x27, 0xDC, 0x67, 0xC3, 0x52, 0x3F, 0xAF, 0xFC, 0x00, 0x80, 0x00},
    /* U+87E0 */ {0x27, 0xE7, 0xBE, 0x6F, 0xF6, 0xBC, 0x6F, 0xE7, 0xCB, 0x67, 0xE3, 0xCA, 0x3F, 0xEF, 0xCA, 0x0F, 0xE0, 0x00},
    /* U+87E5 */ {0x27, 0xE7, 0xB4, 0x7F, 0xF7, 0x88, 0x7F, 0xE7, 0xCA, 0x67, 0xE3, 0xCA, 0x3F, 0xEF, 0xB6, 0x04, 0x20, 0x00},
    /* U+87EA */ {0x27, 0xF7, 0xFE, 0x7D, 0xA7, 0xFE, 0x7F, 0xE7, 0x9E, 0x67, 0xF3, 0xB8, 0x3E, 0xAE, 0xE7, 0x03, 0xC0, 0x00},
    /* U+87EE */ {0x27, 0xE7, 0x98, 0x7F, 0xE7, 0x98, 0x7F, 0xE7, 0xBE, 0x7F, 0xF3, 0xFE, 0x3C, 0x2F, 0xC2, 0x07, 0xE0, 0x00},
    /* U+87F9 */ {0x59, 0x6F, 0xFC, 0x7F, 0xE7, 0xEC, 0x57, 0xFC, 0xEC, 0x3F, 0xC2, 0x64, 0x3F, 0xC0, 0x64, 0x7F, 0xE0, 0x00},
    /* U+87FE */ {0x27, 0xC7, 0xFF, 0x7D, 0x47, 0xFA, 0x7F, 0xE7, 0xDE, 0x65, 0xC3, 0x5E, 0x3D, 0xEF, 0xF2, 0x0B, 0xE0, 0x00},
    /* U+8803 */ {0xFF, 0xF3, 0xFC, 0x3F, 0xC2, 0x04, 0x3F, 0xC7, 0x4E, 0x7F, 0xE5, 0xFE, 0x7F, 0xE5, 0x76, 0xBF, 0x70, 0x00},
    /* U+880A */ {0x27, 0xF7, 0xD4, 0x7F, 0xE7, 0xD4, 0x7F, 0xE7, 0xFE, 0x65, 0x63, 0xFE, 0x3F, 0x6F, 0xF7, 0x09, 0x40, 0x00},
    /* U+8813 */ {0x2F, 0xE7, 0x24, 0x7F, 0xE7, 0xFE, 0x78, 0x07, 0xFE, 0x67, 0x63, 0x7C, 0x3F, 0xEF, 0xEA, 0x03, 0x80, 0x00},
    /* U+8815 */ {0x21, 0x87, 0xFF, 0x7F, 0xF7, 0x98, 0x7F, 0xE7, 0xFF, 0x61, 0x03, 0x7F, 0x3D, 0xFF, 0xDF, 0x05, 0xE0, 0x00},
    /* U+8816 */ {0x2F, 0xF7, 0xA8, 0x7F, 0xE7, 0xFE, 0x7F, 0xC7, 0xE8, 0x67, 0xE3, 0xFE, 0x3B, 0x4F, 0xBC, 0x0E, 0x60, 0x00},
    /* U+881B */ {0x2F, 0xF7, 0x24, 0x7F, 0xE7, 0xDA, 0x7F, 0xE7, 0x8E, 0x67, 0xF3, 0x6E, 0x3F, 0xCF, 0xDF, 0x0B, 0x60, 0x00},
    /* U+8821 */ {0x1F, 0x80, 0x18, 0x7F, 0xE7, 0xFC, 0x3E, 0xC7, 0x66, 0x10, 0x87, 0xFE, 0x7F, 0xE1, 0x8A, 0xFF, 0xE0, 0x00},
    /* U+8822 */ {0x04, 0x03, 0xFC, 0x7F, 0xE3, 0xFE, 0x7F, 0xB1, 0xF8, 0x10, 0x87, 0xFE, 0x7F, 0xE1, 0x8A, 0xFF, 0xF0, 0x00},
    /* U+8832 */ {0x6B, 0x61, 0xB6, 0xFF, 0xE7, 0xBE, 0x4E, 0x2F, 0xFE, 0x7F, 0x67, 0xFE, 0x7D, 0xAF, 0xFE, 0x40, 0x60, 0x00},
    /* U+8839 */ {0x3F, 0xC2, 0x64, 0x3F, 0xC7, 0xFE, 0x7F, 0xE7, 0xFC, 0x1F, 0x87, 0xFE, 0x7F, 0xE1, 0xCA, 0xFF, 0xF0, 0x00},
    /* U+883C */ {0x27, 0xE7, 0x7E, 0x7F, 0xE7, 0xFE, 0x7F, 0xE7, 0xFE, 0x67, 0xE3, 0x40, 0x3F, 0xEF, 0xBC, 0x07, 0xE0, 0x00},
    /* U+8840 */ {0x04, 0x00, 0xC0, 0x7F, 0xE6, 0x96, 0x69, 0x66, 0x96, 0x69, 0x66, 0x96, 0x69, 0x6F, 0xFF, 0x00, 0x00, 0x00},
    /* U+8844 */ {0x31, 0x27, 0xD2, 0x7D, 0x27, 0xD2, 0x7F, 0xE7, 0xD6, 0x7D, 0x67, 0xD6, 0x7F, 0x6E, 0x36, 0x07, 0xF0, 0x00},
    /* U+8845 */ {0x32, 0xA7, 0xFE, 0x7D, 0xE7, 0xFE, 0x7C, 0x87, 0xC8, 0x7F, 0xF7, 0xC8, 0xFC, 0x8E, 0x08, 0x00, 0x80, 0x00},
    /* U+884C */ {0x27, 0xE6, 0x00, 0x10, 0x03, 0xFF, 0x60, 0xCE, 0x0C, 0x20, 0xC2, 0x0C, 0x20, 0xC2, 0x0C, 0x23, 0xC0, 0x00},
    /* U+884D */ {0x2D, 0xFC, 0x20, 0x30, 0x02, 0xDF, 0x64, 0x4E, 0x04, 0x22, 0x42, 0x64, 0x24, 0x42, 0xC4, 0x29, 0xC0, 0x00},
    /* U+8854 */ {0x2C, 0xF4, 0xF0, 0x78, 0x02, 0xFF, 0x64, 0x6E, 0xF6, 0x24, 0x62, 0x46, 0x27, 0x62, 0x66, 0x24, 0xC0, 0x00},
    /* U+8857 */ {0x64, 0xFD, 0xF0, 0x34, 0x03, 0xFF, 0x64, 0x6E, 0x46, 0x3F, 0x62, 0x46, 0x27, 0x63, 0xF6, 0x20, 0xC0, 0x00},
    /* U+8859 */ {0x6F, 0xEC, 0x40, 0x3F, 0x06, 0xDF, 0x6F, 0x6F, 0xFE, 0x20, 0x62, 0xF6, 0x29, 0x62, 0xF6, 0x28, 0xC0, 0x00},
    /* U+8861 */ {0x6F, 0x6D, 0xA0, 0x3F, 0x06, 0xFF, 0x6F, 0x6E, 0xF6, 0x6F, 0x63, 0xFE, 0x26, 0x62, 0xD6, 0x38, 0xC0, 0x00},
    /* U+8862 */ {0x77, 0xF5, 0xF8, 0x3F, 0x87, 0xFF, 0x6A, 0x2F, 0xFA, 0x7F, 0x27, 0xA2, 0x6F, 0x26, 0xFA, 0x68, 0xE0, 0x00},
    /* U+8863 */ {0x06, 0x07, 0xFE, 0x0E, 0x01, 0xA2, 0x33, 0x67, 0x1C, 0xD1, 0x81, 0x08, 0x12, 0xC1, 0xE6, 0x38, 0x20, 0x00},
    /* U+8864 */ {0x18, 0x07, 0xE0, 0x04, 0x00, 0xC0, 0x1E, 0x03, 0xC0, 0x7E, 0x01, 0xA0, 0x18, 0x01, 0x80, 0x18, 0x00, 0x00},
    /* U+8865 */ {0x11, 0x0F, 0x90, 0x09, 0x01, 0x9C, 0x35, 0x67, 0x93, 0xFD, 0x01, 0x50, 0x11, 0x01, 0x10, 0x11, 0x00, 0x00},
    /* U+8868 */ {0x7F, 0xE0, 0x60, 0x3F, 0xC0, 0x60, 0x7F, 0xE0, 0xE0, 0x3B, 0x67, 0x18, 0x10, 0xC1, 0xE6, 0x18, 0x20, 0x00},
    /* U+8869 */ {0x37, 0xE0, 0x42, 0xFF, 0xE1, 0xAE, 0x32, 0x43, 0xBC, 0x79, 0x8A, 0x98, 0x23, 0xC2, 0x66, 0x2C, 0x30, 0x00},
    /* U+886B */ {0x30, 0xCF, 0xB0, 0x1A, 0x21, 0x06, 0x39, 0xC7, 0xB0, 0xFA, 0x22, 0x06, 0x20, 0xC2, 0x38, 0x26, 0x00, 0x00},
    /* U+886C */ {0x30, 0x4F, 0x84, 0x1F, 0xF1, 0x04, 0x3A, 0x47, 0xB4, 0xF9, 0x42, 0x14, 0x20, 0x42, 0x04, 0x21, 0xC0, 0x00},
    /* U+886E */ {0x7F, 0xE1, 0x98, 0x34, 0xE6, 0xD2, 0x3F, 0x83, 0xEC, 0x0E, 0x43, 0xBC, 0x71, 0x81, 0xEE, 0x1C, 0x20, 0x00},
    /* U+8870 */ {0x7F, 0xE0, 0x00, 0x3F, 0xC3, 0x0C, 0x7F, 0xE3, 0xFC, 0x0E, 0x63, 0x9C, 0xF1, 0x81, 0xEE, 0x18, 0x20, 0x00},
    /* U+8872 */ {0x31, 0x8F, 0x18, 0x17, 0xE3, 0x5A, 0x3D, 0xA7, 0x5A, 0xFF, 0xE2, 0x66, 0x24, 0x22, 0x42, 0x24, 0xE0, 0x00},
    /* U+8877 */ {0x7F, 0xE0, 0x60, 0x3F, 0xC2, 0x64, 0x3F, 0xC0, 0x60, 0x1E, 0x67, 0x3C, 0x51, 0x81, 0xEE, 0x38, 0x20, 0x00},
    /* U+887D */ {0x27, 0xCF, 0x88, 0x18, 0x81, 0x08, 0x38, 0x83, 0xFF, 0x78, 0x8E, 0x88, 0x20, 0x82, 0x08, 0x27, 0xE0, 0x00},
    /* U+887E */ {0x0F, 0x07, 0x5E, 0xE2, 0x73, 0xFC, 0x01, 0x80, 0x50, 0x7F, 0xE1, 0xE6, 0xF1, 0x81, 0xEC, 0x1C, 0x60, 0x00},
    /* U+887F */ {0x21, 0x8F, 0x3C, 0x17, 0x63, 0x5B, 0x38, 0x87, 0x7E, 0xF8, 0x42, 0x04, 0x20, 0xC2, 0x08, 0x20, 0x80, 0x00},
    /* U+8881 */ {0x3F, 0xC0, 0x60, 0x7F, 0xE3, 0xFC, 0x20, 0x42, 0x04, 0x3F, 0xC1, 0xB6, 0xF1, 0x81, 0xEC, 0x1C, 0x70, 0x00},
    /* U+8882 */ {0x21, 0x0F, 0x7E, 0x11, 0x63, 0x16, 0x39, 0x67, 0xFF, 0xF9, 0x82, 0x38, 0x22, 0xC2, 0x66, 0x2C, 0x30, 0x00},
    /* U+8884 */ {0x37, 0xC7, 0x88, 0x10, 0x83, 0x08, 0x3F, 0xF7, 0x18, 0xF9, 0xC2, 0x1C, 0x23, 0x42, 0x66, 0x24, 0x30, 0x00},
    /* U+8885 */ {0x3F, 0xC2, 0xC4, 0x27, 0xC2, 0x00, 0x3F, 0xE0, 0x66, 0xFF, 0xF1, 0xB4, 0x71, 0x85, 0xEE, 0x1C, 0x60, 0x00},
    /* U+8888 */ {0x7D, 0xE3, 0x52, 0x25, 0x26, 0xDE, 0x5C, 0x07, 0xFE, 0x0E, 0x67, 0xBC, 0xF1, 0x81, 0xEE, 0x18, 0x20, 0x00},
    /* U+888B */ {0x32, 0x67, 0xFE, 0xE9, 0x02, 0x1B, 0x24, 0xE0, 0x60, 0xFF, 0xF1, 0xB6, 0x71, 0x81, 0xEE, 0x18, 0x20, 0x00},
    /* U+888D */ {0x23, 0xEF, 0x42, 0x1C, 0x23, 0xFA, 0x3E, 0xA7, 0x6A, 0xFF, 0xA2, 0x6E, 0x26, 0x02, 0x63, 0x23, 0xE0, 0x00},
    /* U+8892 */ {0x37, 0xEF, 0xE2, 0x16, 0x21, 0x7E, 0x3E, 0x27, 0xE2, 0xFE, 0x22, 0xFE, 0x20, 0x02, 0xFF, 0x20, 0x00, 0x00},
    /* U+8896 */ {0x30, 0x8F, 0x88, 0x17, 0xE3, 0x4A, 0x3C, 0xA7, 0x7E, 0xFC, 0xA2, 0x4A, 0x24, 0xA2, 0x7E, 0x24, 0x20, 0x00},
    /* U+889C */ {0x21, 0x8F, 0xFF, 0x11, 0x83, 0x18, 0x3F, 0xE7, 0x18, 0xFB, 0xC2, 0x7E, 0x2D, 0xA2, 0x9B, 0x21, 0x80, 0x00},
    /* U+88A2 */ {0x27, 0xA7, 0xBE, 0x13, 0xC3, 0x7E, 0x39, 0x87, 0x18, 0xFF, 0xF2, 0x18, 0x21, 0x82, 0x18, 0x21, 0x80, 0x00},
    /* U+88A4 */ {0x7F, 0xE3, 0xFC, 0x0F, 0x87, 0xFE, 0x0E, 0x63, 0x64, 0x6E, 0x00, 0xE4, 0x71, 0x85, 0xEE, 0x1C, 0x20, 0x00},
    /* U+88AB */ {0x21, 0x8F, 0x7F, 0x15, 0xA3, 0x5A, 0x3F, 0xE7, 0x66, 0xFF, 0x42, 0xDC, 0x2D, 0x82, 0xBE, 0x2E, 0x30, 0x00},
    /* U+88AD */ {0x7F, 0xE0, 0xBC, 0x1B, 0x83, 0x73, 0x6F, 0xE0, 0x60, 0xFF, 0xF1, 0xB6, 0x71, 0xC1, 0xEE, 0x1C, 0x20, 0x00},
    /* U+88B1 */ {0x26, 0xEF, 0x4A, 0x34, 0x83, 0xFF, 0x3C, 0xC7, 0x4C, 0xF4, 0xCA, 0x5C, 0x25, 0x62, 0x72, 0x26, 0x30, 0x00},
    /* U+88B7 */ {0x21, 0x8F, 0x3C, 0x16, 0x63, 0xFE, 0x38, 0x07, 0x00, 0xF7, 0xE2, 0x46, 0x24, 0x62, 0x7E, 0x24, 0x40, 0x00},
    /* U+88BC */ {0x33, 0xEF, 0xE6, 0x1F, 0xC3, 0x18, 0x3B, 0xC7, 0xE7, 0xFF, 0xE2, 0x62, 0x26, 0x22, 0x7E, 0x26, 0x20, 0x00},
    /* U+88C1 */ {0x7F, 0x61, 0x92, 0xFF, 0xF1, 0x18, 0x19, 0xA7, 0xFE, 0x36, 0xC6, 0xCC, 0x67, 0x93, 0xBF, 0x22, 0x60, 0x00},
    /* U+88C2 */ {0x31, 0xA7, 0xDA, 0x7D, 0xA1, 0x8A, 0x74, 0xE4, 0x60, 0xFF, 0xF1, 0xB6, 0x71, 0x81, 0xEC, 0x1C, 0x60, 0x00},
    /* U+88C5 */ {0x51, 0x83, 0xFE, 0x11, 0x87, 0x18, 0x57, 0xE0, 0x60, 0xFF, 0xF1, 0xB6, 0x71, 0x81, 0xEC, 0x3C, 0x60, 0x00},
    /* U+88C6 */ {0x35, 0xAF, 0xFA, 0x1B, 0xE1, 0x18, 0x3F, 0xE7, 0x82, 0x78, 0x2A, 0xFE, 0x20, 0x22, 0x7E, 0x20, 0x20, 0x00},
    /* U+88C9 */ {0x27, 0xE0, 0x42, 0xF7, 0xE1, 0x42, 0x3F, 0xE7, 0x52, 0xED, 0xE2, 0x4C, 0x24, 0xC2, 0x76, 0x26, 0x30, 0x00},
    /* U+88CE */ {0x24, 0x2F, 0x42, 0x17, 0xE3, 0x00, 0x3F, 0xE7, 0x18, 0xF9, 0x82, 0x7E, 0x21, 0x82, 0x18, 0x2F, 0xF0, 0x00},
    /* U+88D2 */ {0x7F, 0xE0, 0x80, 0x3B, 0xC3, 0xFC, 0x20, 0x43, 0xFC, 0x0E, 0x03, 0xBC, 0xF1, 0x81, 0xEE, 0x38, 0x20, 0x00},
    /* U+88D4 */ {0x7F, 0xE0, 0xE4, 0x71, 0xC5, 0xEE, 0x18, 0x27, 0xFE, 0x69, 0xE7, 0xFE, 0x79, 0x66, 0xF6, 0x68, 0xC0, 0x00},
    /* U+88D5 */ {0x32, 0x6F, 0xFA, 0x15, 0xA3, 0x3C, 0x3A, 0x47, 0xE6, 0xFF, 0xE2, 0x66, 0x26, 0x62, 0x66, 0x27, 0xE0, 0x00},
    /* U+88D8 */ {0x7F, 0xE2, 0x64, 0x37, 0xC1, 0xFC, 0x76, 0x60, 0x60, 0xFF, 0xF1, 0xB6, 0x71, 0x81, 0xEC, 0x1C, 0x70, 0x00},
    /* U+88D9 */ {0x27, 0xE0, 0x12, 0xFF, 0xF1, 0x32, 0x3F, 0xE7, 0x20, 0x77, 0xEA, 0xE2, 0x2A, 0x22, 0x3E, 0x22, 0x20, 0x00},
    /* U+88DF */ {0x35, 0x46, 0xD2, 0x39, 0xE2, 0x38, 0x4E, 0x00, 0x60, 0xFF, 0xF1, 0xB6, 0x71, 0xC1, 0xEC, 0x1C, 0x60, 0x00},
    /* U+88E2 */ {0x2B, 0xE7, 0x50, 0x31, 0xC2, 0xFE, 0x74, 0xC6, 0x4C, 0xF7, 0xF6, 0x4C, 0x64, 0xC6, 0xE8, 0x7B, 0xF0, 0x00},
    /* U+88E3 */ {0x23, 0x8F, 0x2C, 0x14, 0x63, 0xFF, 0x38, 0x07, 0x52, 0xFD, 0xE2, 0x6C, 0x20, 0x42, 0xFF, 0x20, 0x00, 0x00},
    /* U+88E4 */ {0x2F, 0xF7, 0xD8, 0x3F, 0xE3, 0xD0, 0x7F, 0xC7, 0xFE, 0xFC, 0xC2, 0xCC, 0x2F, 0xF2, 0x8C, 0x28, 0xC0, 0x00},
    /* U+88E5 */ {0x25, 0xE7, 0x02, 0x1F, 0xA3, 0xEE, 0x3E, 0xE7, 0xFE, 0xFE, 0xE2, 0xEE, 0x2F, 0xA2, 0xC2, 0x2C, 0x60, 0x00},
    /* U+88E8 */ {0x27, 0xEF, 0x5A, 0x17, 0xE3, 0x5A, 0x7F, 0xE7, 0x38, 0xFE, 0x82, 0xFF, 0x20, 0x82, 0x08, 0x20, 0x80, 0x00},
    /* U+88F0 */ {0x23, 0x2F, 0x6E, 0x16, 0x63, 0xFF, 0x3C, 0x07, 0xFE, 0xF3, 0xA2, 0xEE, 0x26, 0x42, 0xFE, 0x29, 0xB0, 0x00},
    /* U+88F1 */ {0x27, 0xEF, 0x18, 0x37, 0xE2, 0x18, 0x7F, 0xE7, 0x3A, 0xF6, 0xE2, 0xEC, 0x22, 0x42, 0x3E, 0x26, 0x20, 0x00},
    /* U+88F3 */ {0x36, 0xC7, 0xFE, 0x5F, 0xA3, 0x0C, 0x1F, 0x80, 0x60, 0x7F, 0xE1, 0xF4, 0x71, 0x85, 0xEE, 0x1C, 0x60, 0x00},
    /* U+88F4 */ {0x79, 0xE0, 0x90, 0x79, 0xE7, 0x9E, 0x09, 0x00, 0x60, 0xFF, 0xF1, 0xB6, 0x71, 0x81, 0xEE, 0x18, 0x20, 0x00},
    /* U+88F8 */ {0x35, 0xAF, 0xDA, 0x17, 0xE3, 0x5A, 0x3F, 0xE7, 0x98, 0xFF, 0xF2, 0xBC, 0x23, 0xE2, 0xDB, 0x21, 0x80, 0x00},
    /* U+88F9 */ {0x00, 0x03, 0xFC, 0x3F, 0xC3, 0xFC, 0x06, 0x07, 0xFE, 0x7E, 0xE4, 0xE6, 0x7B, 0x85, 0xCE, 0x1C, 0x20, 0x00},
    /* U+88FC */ {0x34, 0x2F, 0xFE, 0x14, 0x23, 0x7E, 0x3A, 0x07, 0x7E, 0xFF, 0xE2, 0xAA, 0x27, 0xA2, 0xD2, 0x23, 0xE0, 0x00},
    /* U+88FE */ {0x24, 0x2F, 0x42, 0x17, 0xE3, 0x48, 0x3F, 0xF7, 0x48, 0xFC, 0x82, 0xFE, 0x2E, 0x22, 0xA2, 0x2B, 0xE0, 0x00},
    /* U+8902 */ {0x22, 0x47, 0xF4, 0x32, 0x43, 0xFE, 0x72, 0x67, 0x27, 0xFF, 0x42, 0x24, 0x22, 0x42, 0xFC, 0x28, 0x40, 0x00},
    /* U+890A */ {0x27, 0xEF, 0x42, 0x34, 0x22, 0x7E, 0x77, 0xE7, 0x76, 0xFF, 0x62, 0xFE, 0x2F, 0x62, 0xF6, 0x2A, 0x60, 0x00},
    /* U+8910 */ {0x26, 0x2F, 0xFE, 0x16, 0x23, 0x7E, 0x3A, 0x07, 0x7F, 0xFC, 0xA2, 0x5E, 0x26, 0x22, 0x7E, 0x20, 0x60, 0x00},
    /* U+8912 */ {0x7F, 0xE3, 0xFC, 0x6F, 0xCE, 0x10, 0x3F, 0xE3, 0xD6, 0x0E, 0x47, 0xBC, 0xF1, 0x81, 0xEE, 0x1C, 0x20, 0x00},
    /* U+8913 */ {0x27, 0x2F, 0x52, 0x3D, 0x22, 0xDE, 0x3C, 0xC7, 0x7E, 0xF4, 0xC6, 0x5E, 0x27, 0xE2, 0x6F, 0x24, 0xC0, 0x00},
    /* U+8919 */ {0x27, 0xE7, 0x3C, 0x17, 0xD3, 0x7F, 0x38, 0x07, 0x7E, 0xFF, 0xE2, 0x62, 0x27, 0xE2, 0x62, 0x26, 0xE0, 0x00},
    /* U+891A */ {0x21, 0x2F, 0xFE, 0x11, 0x43, 0xFF, 0x3B, 0x07, 0xFE, 0xFE, 0x22, 0x3E, 0x22, 0x22, 0x3E, 0x22, 0x20, 0x00},
    /* U+891B */ {0x27, 0xCF, 0x7E, 0x33, 0xC2, 0x7E, 0x7D, 0x27, 0x10, 0xFF, 0xE2, 0x24, 0x27, 0xC2, 0x3C, 0x2E, 0x60, 0x00},
    /* U+8921 */ {0x2F, 0xF0, 0x24, 0xF3, 0xC1, 0x38, 0x3E, 0x67, 0xFF, 0xF0, 0x02, 0x7E, 0x24, 0x22, 0x42, 0x27, 0xE0, 0x00},
    /* U+8925 */ {0x2C, 0x0F, 0xFE, 0x1F, 0xF3, 0xEA, 0x3E, 0xE7, 0xFE, 0xFC, 0x62, 0xFF, 0x2B, 0x43, 0x94, 0x30, 0xC0, 0x00},
    /* U+892A */ {0x2D, 0x2F, 0x52, 0x35, 0xE2, 0xD2, 0x75, 0xE7, 0x5E, 0xF5, 0x42, 0x5E, 0x27, 0xA2, 0xE0, 0x29, 0xF0, 0x00},
    /* U+892B */ {0x2F, 0x87, 0xCE, 0x3C, 0x82, 0xFF, 0x3F, 0xE7, 0xEB, 0xFE, 0xE2, 0xBC, 0x2F, 0x43, 0xD5, 0x36, 0x60, 0x00},
    /* U+8930 */ {0x7F, 0xE7, 0xFE, 0x09, 0x03, 0xFC, 0x7F, 0xE1, 0x48, 0x7F, 0xEC, 0xEE, 0x39, 0x85, 0xEE, 0x1C, 0x60, 0x00},
    /* U+8934 */ {0x2E, 0x87, 0xEF, 0x3F, 0x82, 0xF6, 0x32, 0x27, 0x00, 0xFF, 0xE2, 0xEA, 0x2E, 0xA2, 0xEA, 0x3F, 0xF0, 0x00},
    /* U+8936 */ {0x25, 0xAF, 0x76, 0x13, 0x63, 0xFE, 0x39, 0x07, 0x7E, 0xFC, 0x22, 0x7E, 0x24, 0x22, 0x7E, 0x24, 0x20, 0x00},
    /* U+8941 */ {0x23, 0x2F, 0x32, 0x3F, 0xE2, 0x8C, 0x79, 0xE7, 0xFA, 0xF7, 0xA2, 0x7E, 0x26, 0xE2, 0x7E, 0x2D, 0xE0, 0x00},
    /* U+8944 */ {0x7F, 0xE3, 0xFC, 0x2F, 0xC3, 0x90, 0x7F, 0xE7, 0xFE, 0x19, 0x07, 0xFE, 0x3B, 0x4D, 0xFC, 0x1C, 0x70, 0x00},
    /* U+895E */ {0x4F, 0xE7, 0xFF, 0x40, 0x87, 0xFE, 0xFC, 0x80, 0x60, 0xFF, 0xF1, 0xB6, 0x71, 0x81, 0xEE, 0x1C, 0x60, 0x00},
    /* U+895F */ {0x2F, 0xE7, 0x6E, 0x1F, 0xE2, 0xFF, 0x30, 0x47, 0x7E, 0xF0, 0x02, 0xFF, 0x25, 0x42, 0xD2, 0x2B, 0x00, 0x00},
    /* U+8966 */ {0x21, 0x07, 0xFF, 0x3F, 0xF2, 0x10, 0x37, 0xE7, 0xFF, 0xF1, 0x02, 0x7E, 0x27, 0xA2, 0x7A, 0x27, 0xE0, 0x00},
    /* U+897B */ {0x2F, 0xF0, 0x5E, 0xFF, 0xE1, 0xDE, 0x3F, 0xE7, 0x6C, 0xFF, 0xE2, 0xFF, 0x21, 0x02, 0x7E, 0x23, 0x00, 0x00},
    /* U+897F */ {0xFF, 0xE0, 0x90, 0x09, 0x07, 0xFE, 0x49, 0x25, 0x92, 0x71, 0xE6, 0x02, 0x40, 0x27, 0xFE, 0x40, 0x20, 0x00},
    /* U+8981 */ {0x09, 0x07, 0xFE, 0x69, 0x26, 0x92, 0x7F, 0xE0, 0xC0, 0xFF, 0xF1, 0x18, 0x3F, 0x00, 0xFC, 0x78, 0xE0, 0x00},
    /* U+8983 */ {0x09, 0x07, 0xFE, 0x7F, 0xE0, 0x00, 0x3F, 0xC3, 0xFC, 0x20, 0x43, 0xFC, 0xFF, 0xF0, 0x60, 0x06, 0x00, 0x00},
    /* U+8986 */ {0x09, 0x07, 0xFE, 0x7F, 0xE2, 0x7E, 0x6F, 0xE7, 0xFE, 0x67, 0xEE, 0x7C, 0x2F, 0xC2, 0xB8, 0x2F, 0xE0, 0x00},
    /* U+89C1 */ {0x3F, 0xC2, 0x04, 0x26, 0x42, 0x64, 0x24, 0x42, 0x44, 0x26, 0x42, 0xE4, 0x0A, 0x23, 0xA2, 0x63, 0xE0, 0x00},
    /* U+89C2 */ {0xFF, 0xE0, 0xE2, 0x5F, 0xA5, 0xFA, 0x77, 0xA3, 0x7A, 0x37, 0xA3, 0x98, 0x6B, 0x9C, 0x6B, 0x0C, 0xE0, 0x00},
    /* U+89C4 */ {0x36, 0x27, 0xEA, 0x36, 0xA3, 0x6A, 0xFE, 0xA3, 0x7A, 0x31, 0xA3, 0x98, 0x6B, 0xB4, 0x6B, 0xCC, 0xE0, 0x00},
    /* U+89C5 */ {0x7F, 0xC2, 0x4C, 0x36, 0x83, 0xFC, 0x24, 0x42, 0x64, 0x26, 0x42, 0x74, 0x0F, 0x03, 0xB3, 0x61, 0xE0, 0x00},
    /* U+89C6 */ {0x36, 0x27, 0xEA, 0x17, 0xA1, 0x7A, 0x37, 0xA7, 0xFA, 0xED, 0xA2, 0x18, 0x23, 0x92, 0x6B, 0x2C, 0xE0, 0x00},
    /* U+89C7 */ {0x22, 0x23, 0xEA, 0x22, 0xA2, 0x2A, 0x7A, 0xA4, 0xBA, 0x4B, 0xE4, 0x98, 0x49, 0x87, 0xB9, 0x46, 0xF0, 0x00},
    /* U+89C8 */ {0x4B, 0xE4, 0xA8, 0x4E, 0xC0, 0x84, 0x3F, 0xC2, 0x04, 0x26, 0x42, 0x64, 0x0E, 0x03, 0xB2, 0x73, 0xE0, 0x00},
    /* U+89C9 */ {0x36, 0xC7, 0xFE, 0x40, 0x27, 0xFE, 0x30, 0xC3, 0x6C, 0x36, 0xC3, 0x7C, 0x0F, 0x01, 0xB3, 0x71, 0xE0, 0x00},
    /* U+89CA */ {0x57, 0xE5, 0x6A, 0x7E, 0xA0, 0x2A, 0x7E, 0xA0, 0xEA, 0x7E, 0xE4, 0x1C, 0x41, 0xD7, 0xFD, 0x46, 0x60, 0x00},
    /* U+89CB */ {0xFF, 0xE1, 0x32, 0x5F, 0xA5, 0xBA, 0x7F, 0xA7, 0xFA, 0xFC, 0xC1, 0x1C, 0x3F, 0xDF, 0x3F, 0x04, 0x60, 0x00},
    /* U+89CC */ {0x7D, 0xE1, 0x1A, 0x7F, 0xA1, 0x7A, 0x75, 0xA7, 0x1A, 0xFF, 0xE1, 0x1C, 0x39, 0xC6, 0x75, 0xC2, 0x60, 0x00},
    /* U+89CE */ {0x39, 0xE6, 0x5A, 0xFF, 0xE0, 0x1E, 0x7F, 0xA7, 0xFA, 0x5F, 0xE7, 0xCC, 0x5D, 0xC5, 0x75, 0x6E, 0x60, 0x00},
    /* U+89CF */ {0x7F, 0xE7, 0xFA, 0x2B, 0xAF, 0xFA, 0x13, 0xA7, 0xFA, 0x7F, 0xE5, 0x4C, 0xFF, 0xD4, 0x55, 0x4E, 0x60, 0x00},
    /* U+89D0 */ {0xFF, 0x27, 0xBA, 0x13, 0xA7, 0xFA, 0x57, 0xA7, 0xFA, 0x7F, 0xE1, 0x1C, 0x7D, 0xD7, 0xF5, 0x62, 0x60, 0x00},
    /* U+89D1 */ {0x11, 0x27, 0xF2, 0x57, 0xE7, 0xDE, 0x5D, 0xE4, 0x1A, 0x7B, 0xE7, 0xEC, 0x7D, 0xDF, 0xF5, 0xB2, 0x60, 0x00},
    /* U+89D2 */ {0x1F, 0x83, 0x10, 0x7F, 0xE6, 0x26, 0x3F, 0xE2, 0x26, 0x22, 0x63, 0xFE, 0x22, 0x66, 0x26, 0x42, 0xC0, 0x00},
    /* U+89D6 */ {0x38, 0x87, 0xBE, 0x7C, 0xA5, 0xCA, 0x7C, 0xA5, 0xFF, 0x5D, 0xC7, 0xDC, 0x5D, 0x45, 0xF6, 0xDE, 0x20, 0x00},
    /* U+89DA */ {0x7B, 0xE5, 0xAE, 0xFA, 0xE5, 0xAE, 0x5A, 0xA7, 0xAA, 0x5A, 0xA7, 0xBA, 0x5F, 0x6D, 0xFF, 0x9D, 0xD0, 0x00},
    /* U+89DC */ {0x5F, 0xE5, 0x32, 0xFF, 0xE5, 0xF0, 0x3F, 0x07, 0xFE, 0x3F, 0xE2, 0x26, 0x3F, 0xE6, 0x26, 0x43, 0xC0, 0x00},
    /* U+89DE */ {0x7B, 0xE5, 0xE0, 0xFF, 0xE5, 0xCC, 0x5D, 0x87, 0xFE, 0x5D, 0xE7, 0xEA, 0x5F, 0xAD, 0xD2, 0x9A, 0xE0, 0x00},
    /* U+89E3 */ {0x3B, 0xE6, 0x9A, 0x7D, 0x2D, 0x66, 0x55, 0xC7, 0xFE, 0x56, 0xC7, 0xEC, 0x57, 0xF5, 0x4C, 0xCC, 0xC0, 0x00},
    /* U+89E5 */ {0x7A, 0xA5, 0xAA, 0xFB, 0xE5, 0x88, 0x5F, 0xF7, 0x94, 0x59, 0x47, 0x94, 0x5B, 0x4D, 0xE5, 0x9E, 0x60, 0x00},
    /* U+89E6 */ {0x38, 0x86, 0xBE, 0xFE, 0xA5, 0x6A, 0x7E, 0xA5, 0x7E, 0x54, 0x87, 0xCE, 0x54, 0xAD, 0x7F, 0xDC, 0x10, 0x00},
    /* U+89EB */ {0x7F, 0xF7, 0x88, 0xF8, 0x85, 0xFE, 0x7E, 0xA5, 0xFE, 0x5D, 0xC7, 0xDC, 0x5E, 0xED, 0xEB, 0x98, 0x80, 0x00},
    /* U+89EF */ {0x79, 0x45, 0xBE, 0xFE, 0xA5, 0xFE, 0x7E, 0xA5, 0xEA, 0x5F, 0xE7, 0x88, 0x5F, 0xFD, 0x88, 0x98, 0x80, 0x00},
    /* U+89F3 */ {0x11, 0x67, 0xD6, 0x7D, 0x6F, 0xF7, 0x3B, 0x04, 0xBE, 0xFD, 0x67, 0xCC, 0x7C, 0xC5, 0x5E, 0xDF, 0x30, 0x00},
    /* U+8A00 */ {0x06, 0x0F, 0xFF, 0x00, 0x03, 0xFC, 0x00, 0x03, 0xFC, 0x00, 0x03, 0xFC, 0x20, 0x42, 0x04, 0x3F, 0xC0, 0x00},
    /* U+8A07 */ {0x3F, 0xE2, 0x42, 0x64, 0x2F, 0xFA, 0x3F, 0x20, 0x02, 0x3F, 0x23, 0xF2, 0x21, 0xA3, 0xFE, 0x20, 0xC0, 0x00},
    /* U+8A3E */ {0x5F, 0xE5, 0x30, 0x7F, 0x3F, 0xFE, 0x7F, 0xE3, 0xFC, 0x00, 0x03, 0xFC, 0x3F, 0xC2, 0x04, 0x3F, 0xC0, 0x00},
    /* U+8A48 */ {0x69, 0x67, 0xFE, 0x06, 0x07, 0xFE, 0x00, 0x03, 0xFC, 0x3F, 0xC0, 0x00, 0x3F, 0xC2, 0x04, 0x3F, 0xC0, 0x00},
    /* U+8A79 */ {0x3F, 0x07, 0xFE, 0x64, 0xC3, 0xA6, 0x3F, 0xE2, 0x00, 0x2F, 0xC6, 0xFC, 0x6F, 0xC4, 0x86, 0x4F, 0xE0, 0x00},
    /* U+8A89 */ {0x36, 0xCF, 0xFF, 0x14, 0x82, 0x64, 0xFF, 0xF1, 0xFC, 0x00, 0x01, 0xFC, 0x3F, 0xC2, 0x04, 0x3F, 0xC0, 0x00},
    /* U+8A8A */ {0x16, 0x87, 0xFE, 0x7F, 0xE3, 0x4C, 0x7F, 0xF0, 0x00, 0x3F, 0xC3, 0xFC, 0x3F, 0xC2, 0x04, 0x3F, 0xC0, 0x00},
    /* U+8A93 */ {0x7F, 0x01, 0xFF, 0x76, 0x43, 0x44, 0x06, 0x47, 0xFE, 0x3F, 0xC3, 0xFC, 0x3F, 0xC2, 0x04, 0x3F, 0xC0, 0x00},
    /* U+8B07 */ {0x7F, 0xE7, 0xFE, 0x3F, 0xC1, 0x90, 0x7F, 0xE7, 0xFE, 0x5F, 0xA1, 0xF8, 0x3F, 0xC3, 0x0C, 0x3F, 0xC0, 0x00},
    /* U+8B26 */ {0x13, 0x47, 0xE6, 0x7F, 0xE7, 0xDC, 0x47, 0xE7, 0xFE, 0x1F, 0x83, 0xFC, 0x3F, 0xC3, 0x0C, 0x3F, 0xC0, 0x00},
    /* U+8B66 */ {0x29, 0xE7, 0xFC, 0xF4, 0xC7, 0xFE, 0x0E, 0x07, 0xFE, 0x3F, 0xC3, 0xFC, 0x3F, 0xC2, 0x04, 0x3F, 0xC0, 0x00},
    /* U+8B6C */ {0x4F, 0xE7, 0xFF, 0x78, 0x8E, 0xFE, 0x7C, 0x8F, 0xFF, 0x3F, 0xC3, 0xFC, 0x3F, 0xC2, 0x04, 0x3F, 0xC0, 0x00},
    /* U+8BA0 */ {0x30, 0x01, 0x00, 0x00, 0x0F, 0x00, 0x10, 0x01, 0x00, 0x10, 0x01, 0x00, 0x1C, 0x03, 0x80, 0x00, 0x00, 0x00},
    /* U+8BA1 */ {0x31, 0x81, 0x18, 0x01, 0x8F, 0xFF, 0x31, 0x83, 0x18, 0x31, 0x83, 0x18, 0x39, 0x83, 0x18, 0x21, 0x80, 0x00},
    /* U+8BA2 */ {0x27, 0xF3, 0x0C, 0x00, 0xCF, 0x0C, 0x30, 0xC3, 0x0C, 0x30, 0xC3, 0x0C, 0x38, 0xC3, 0x0C, 0x23, 0x80, 0x00},
    /* U+8BA3 */ {0x31, 0x01, 0x10, 0x01, 0x0F, 0x18, 0x11, 0xE1, 0x13, 0x11, 0x01, 0x50, 0x1D, 0x03, 0x10, 0x21, 0x00, 0x00},
    /* U+8BA4 */ {0x31, 0x81, 0x18, 0x01, 0x8F, 0x18, 0x31, 0x83, 0x18, 0x33, 0x83, 0xBC, 0x3A, 0x43, 0x66, 0x0C, 0x30, 0x00},
    /* U+8BA5 */ {0x37, 0xC1, 0x64, 0x06, 0x4F, 0x64, 0x36, 0x43, 0x64, 0x36, 0x43, 0x44, 0x3C, 0x53, 0xC5, 0x28, 0x60, 0x00},
    /* U+8BA6 */ {0x6F, 0xE3, 0x18, 0x01, 0x8F, 0x18, 0x3F, 0xF3, 0x18, 0x31, 0x83, 0x18, 0x39, 0x83, 0x18, 0x01, 0x80, 0x00},
    /* U+8BA7 */ {0x37, 0xE1, 0x18, 0x01, 0x8F, 0x18, 0x31, 0x83, 0x18, 0x31, 0x83, 0x98, 0x39, 0x83, 0xFF, 0x00, 0x00, 0x00},
    /* U+8BA8 */ {0x60, 0x43, 0x04, 0x0F, 0xF0, 0x04, 0xE2, 0x42, 0x24, 0x23, 0x42, 0x14, 0x38, 0x43, 0x04, 0x21, 0xC0, 0x00},
    /* U+8BA9 */ {0x31, 0x01, 0x10, 0x01, 0x0E, 0x1E, 0x31, 0x03, 0x10, 0x31, 0x03, 0x10, 0x39, 0x03, 0x10, 0x2F, 0xF0, 0x00},
    /* U+8BAA */ {0x31, 0x81, 0x18, 0x05, 0xAF, 0x5A, 0x35, 0xA3, 0x5A, 0x35, 0xA3, 0x5A, 0x3D, 0xA3, 0x7E, 0x20, 0x20, 0x00},
    /* U+8BAB */ {0x26, 0x01, 0x7E, 0x0C, 0x0E, 0x80, 0x27, 0xE2, 0x0C, 0x21, 0x82, 0x30, 0x3E, 0x13, 0x43, 0x27, 0xE0, 0x00},
    /* U+8BAD */ {0x65, 0xA3, 0x5A, 0x05, 0xAE, 0x5A, 0x25, 0xA2, 0x5A, 0x25, 0xA2, 0x5A, 0x3D, 0xA3, 0xC2, 0x28, 0x20, 0x00},
    /* U+8BAE */ {0x2D, 0x23, 0x5E, 0x04, 0x6E, 0x44, 0x26, 0x42, 0x2C, 0x23, 0x82, 0x18, 0x3B, 0x83, 0x6E, 0x2C, 0x30, 0x00},
    /* U+8BAF */ {0x6F, 0xC3, 0x24, 0x02, 0x4E, 0x24, 0x2F, 0xC2, 0x24, 0x22, 0x43, 0xA4, 0x32, 0x72, 0x27, 0x02, 0x20, 0x00},
    /* U+8BB0 */ {0x37, 0xE1, 0x02, 0x00, 0x2F, 0x02, 0x37, 0xE3, 0x42, 0x34, 0x03, 0x40, 0x3C, 0x33, 0x63, 0x27, 0xE0, 0x00},
    /* U+8BB2 */ {0x32, 0x40, 0xFF, 0x02, 0x4E, 0x24, 0x22, 0x42, 0x24, 0x2F, 0xF2, 0x64, 0x3E, 0x43, 0x44, 0x2C, 0x40, 0x00},
    /* U+8BB3 */ {0x21, 0x03, 0xFE, 0x01, 0x0E, 0x7E, 0x21, 0x02, 0x10, 0x2F, 0xF2, 0x13, 0x39, 0x23, 0x16, 0x01, 0x00, 0x00},
    /* U+8BB4 */ {0x67, 0xE3, 0x40, 0x07, 0x6E, 0x54, 0x25, 0xC2, 0x4C, 0x25, 0xC2, 0x56, 0x3F, 0x23, 0xC0, 0x27, 0xF0, 0x00},
    /* U+8BB5 */ {0x67, 0xE3, 0x40, 0x04, 0x0E, 0x7E, 0x24, 0x62, 0x46, 0x27, 0xE3, 0x40, 0x3C, 0x03, 0x7F, 0x00, 0x00, 0x00},
    /* U+8BB6 */ {0x6F, 0xE1, 0x4C, 0xE4, 0xC2, 0x4C, 0x27, 0xF2, 0x1C, 0x21, 0xC3, 0xBC, 0x36, 0xC2, 0xCC, 0x01, 0xC0, 0x00},
    /* U+8BB7 */ {0x21, 0x83, 0x18, 0x0F, 0xE0, 0xD2, 0xED, 0xA2, 0xDA, 0x2F, 0xE2, 0xE6, 0x3C, 0x23, 0xC2, 0x0C, 0xE0, 0x00},
    /* U+8BB8 */ {0x26, 0x01, 0x7E, 0x05, 0x8F, 0xD8, 0x31, 0x83, 0xFF, 0x31, 0x83, 0x18, 0x39, 0x83, 0x18, 0x21, 0x80, 0x00},
    /* U+8BB9 */ {0x22, 0x81, 0x6A, 0x04, 0xEE, 0xCC, 0x2C, 0xC2, 0x78, 0x27, 0x82, 0x48, 0x3C, 0xB3, 0x4B, 0x24, 0xE0, 0x00},
    /* U+8BBA */ {0x23, 0x81, 0x2C, 0x06, 0x6E, 0xC3, 0x26, 0x42, 0x6C, 0x27, 0x82, 0x60, 0x3E, 0x23, 0x62, 0x23, 0xE0, 0x00},
    /* U+8BBC */ {0x32, 0x41, 0x64, 0x04, 0x6E, 0xD2, 0x29, 0x22, 0x30, 0x22, 0xC2, 0x24, 0x3E, 0x63, 0x7E, 0x04, 0x20, 0x00},
    /* U+8BBD */ {0x6F, 0xE3, 0xC6, 0x0E, 0xCE, 0xEC, 0x2F, 0xC2, 0xD6, 0x2D, 0xE2, 0xFE, 0x3E, 0xE2, 0xE7, 0x18, 0x20, 0x00},
    /* U+8BBE */ {0x32, 0x41, 0x64, 0x06, 0x4E, 0xC7, 0x28, 0x02, 0xFE, 0x26, 0x42, 0x2C, 0x3B, 0x83, 0x7C, 0x2C, 0x70, 0x00},
    /* U+8BBF */ {0x31, 0x81, 0xFF, 0x02, 0x0F, 0x20, 0x33, 0xE3, 0x26, 0x32, 0x63, 0xE6, 0x3E, 0x62, 0xC4, 0x09, 0xC0, 0x00},
    /* U+8BC0 */ {0x31, 0x01, 0x7E, 0x01, 0x6E, 0x16, 0x21, 0x62, 0xFF, 0x23, 0x82, 0xB8, 0x3E, 0xC3, 0xC6, 0x28, 0x30, 0x00},
    /* U+8BC1 */ {0x2F, 0xE1, 0x08, 0x00, 0x8E, 0x48, 0x24, 0xE2, 0x48, 0x24, 0x82, 0x48, 0x3C, 0x83, 0x48, 0x2F, 0xF0, 0x00},
    /* U+8BC2 */ {0x31, 0x00, 0xFF, 0x01, 0x0E, 0x10, 0x21, 0x02, 0x7E, 0x24, 0x23, 0xC2, 0x3C, 0x22, 0x7E, 0x04, 0x20, 0x00},
    /* U+8BC3 */ {0x2F, 0xF3, 0x06, 0x00, 0x6E, 0x7E, 0x25, 0xE2, 0x5E, 0x25, 0xE2, 0x7E, 0x3C, 0x63, 0x06, 0x21, 0xE0, 0x00},
    /* U+8BC4 */ {0x6F, 0xE3, 0x12, 0x05, 0x6E, 0x54, 0x25, 0x42, 0xFF, 0x21, 0x02, 0x10, 0x39, 0x03, 0x10, 0x01, 0x00, 0x00},
    /* U+8BC5 */ {0x36, 0x61, 0x66, 0x06, 0x6E, 0x7E, 0x36, 0x63, 0x66, 0x37, 0xE3, 0x66, 0x3E, 0x63, 0x66, 0x2F, 0xF0, 0x00},
    /* U+8BC6 */ {0x67, 0xE3, 0x42, 0x04, 0x2E, 0x42, 0x24, 0x22, 0x7E, 0x20, 0x02, 0x24, 0x3E, 0x63, 0x42, 0x2C, 0x20, 0x00},
    /* U+8BC8 */ {0x26, 0x03, 0x7F, 0x05, 0x0E, 0xD0, 0x29, 0xE2, 0x10, 0x21, 0x02, 0x1F, 0x39, 0x03, 0x10, 0x21, 0x00, 0x00},
    /* U+8BC9 */ {0x27, 0x81, 0x40, 0x04, 0x0E, 0x7F, 0x24, 0x82, 0x78, 0x25, 0xC2, 0x4E, 0x3C, 0xA3, 0xC8, 0x28, 0x80, 0x00},
    /* U+8BCA */ {0x33, 0x81, 0x2C, 0x0E, 0x6E, 0x93, 0x26, 0x42, 0x48, 0x21, 0xA2, 0x66, 0x38, 0xC3, 0x38, 0x26, 0x00, 0x00},
    /* U+8BCB */ {0x27, 0xC3, 0x48, 0x04, 0x8E, 0x48, 0x27, 0xF2, 0x48, 0x24, 0x83, 0xCC, 0x3D, 0xD2, 0x7F, 0x0E, 0xE0, 0x00},
    /* U+8BCC */ {0x23, 0xE1, 0x26, 0x06, 0x4E, 0xCC, 0x27, 0xE2, 0x02, 0x27, 0xE3, 0x82, 0x38, 0x23, 0x7E, 0x00, 0x20, 0x00},
    /* U+8BCD */ {0x6F, 0xE3, 0x02, 0x07, 0xEE, 0x02, 0x27, 0xA2, 0x4A, 0x24, 0xA2, 0x7A, 0x3C, 0x23, 0x02, 0x20, 0xE0, 0x00},
    /* U+8BCE */ {0x65, 0xA3, 0x5A, 0x05, 0xAE, 0x5A, 0x27, 0xE2, 0x18, 0x2D, 0xA2, 0xDA, 0x3D, 0xA2, 0xFE, 0x00, 0x20, 0x00},
    /* U+8BCF */ {0x6F, 0xE3, 0x32, 0x02, 0x2E, 0x66, 0x2C, 0xE2, 0x00, 0x27, 0xE2, 0x42, 0x3C, 0x22, 0x7E, 0x04, 0x20, 0x00},
    /* U+8BD1 */ {0x6F, 0xE2, 0x24, 0x03, 0x8E, 0x7C, 0x2E, 0x72, 0x10, 0x27, 0xE2, 0x10, 0x3F, 0xF3, 0x10, 0x21, 0x00, 0x00},
    /* U+8BD2 */ {0x33, 0x01, 0x24, 0x06, 0x6E, 0xFE, 0x2F, 0x32, 0x00, 0x27, 0xE2, 0x46, 0x3C, 0x62, 0x7E, 0x04, 0x60, 0x00},
    /* U+8BD3 */ {0x2F, 0xF3, 0xC0, 0x0F, 0xEE, 0xC8, 0x2F, 0xE2, 0xC8, 0x2C, 0x82, 0xFE, 0x3C, 0x03, 0xFF, 0x00, 0x00, 0x00},
    /* U+8BD4 */ {0x61, 0x03, 0xFE, 0x01, 0x0E, 0x7E, 0x21, 0x02, 0xFE, 0x23, 0x82, 0x3C, 0x3D, 0x63, 0xD3, 0x21, 0x00, 0x00},
    /* U+8BD5 */ {0x30, 0xA0, 0xFF, 0x00, 0x8E, 0x08, 0x20, 0x82, 0xFC, 0x22, 0xC2, 0x2C, 0x3B, 0xD3, 0xF7, 0x20, 0x60, 0x00},
    /* U+8BD6 */ {0x61, 0x03, 0xFE, 0x01, 0x0E, 0x10, 0x2F, 0xF2, 0x10, 0x2F, 0xE3, 0x90, 0x31, 0x03, 0x10, 0x2F, 0xF0, 0x00},
    /* U+8BD7 */ {0x61, 0x83, 0x7E, 0x01, 0x8E, 0xFF, 0x20, 0x42, 0x04, 0x2F, 0xF2, 0x64, 0x3A, 0x43, 0x24, 0x21, 0xC0, 0x00},
    /* U+8BD8 */ {0x21, 0x81, 0xFF, 0x01, 0x8F, 0x18, 0x37, 0xE3, 0x00, 0x37, 0xE3, 0x42, 0x3C, 0x23, 0x7E, 0x04, 0x20, 0x00},
    /* U+8BD9 */ {0x62, 0x02, 0xFF, 0x06, 0x8E, 0x48, 0x25, 0xA2, 0xFA, 0x2A, 0xE2, 0x9C, 0x39, 0x43, 0x36, 0x26, 0x20, 0x00},
    /* U+8BDA */ {0x60, 0xA3, 0xFF, 0x0C, 0x8E, 0xCA, 0x2F, 0xA2, 0xFE, 0x2B, 0xE2, 0xBC, 0x3E, 0xD3, 0x9F, 0x09, 0x20, 0x00},
    /* U+8BDB */ {0x37, 0x81, 0x7E, 0x0D, 0x8E, 0xD8, 0x21, 0x82, 0xFF, 0x23, 0xC2, 0x3C, 0x3F, 0xE3, 0xDB, 0x21, 0x80, 0x00},
    /* U+8BDC */ {0x25, 0x01, 0x7E, 0x0D, 0x0E, 0x90, 0x2F, 0xF2, 0x28, 0x22, 0x83, 0xE8, 0x3E, 0x93, 0xCD, 0x08, 0xF0, 0x00},
    /* U+8BDD */ {0x6F, 0x82, 0x18, 0x01, 0x8E, 0xFF, 0x21, 0x82, 0x18, 0x27, 0xE2, 0x42, 0x3C, 0x23, 0x42, 0x27, 0xE0, 0x00},
    /* U+8BDE */ {0x7F, 0xE2, 0x44, 0x05, 0x4E, 0xF7, 0x27, 0x42, 0xF4, 0x2D, 0x42, 0xD4, 0x3D, 0xF6, 0xF0, 0x59, 0xF0, 0x00},
    /* U+8BDF */ {0x67, 0xC3, 0x40, 0x04, 0x0E, 0x7F, 0x24, 0x02, 0x7E, 0x26, 0x23, 0xE2, 0x3E, 0x22, 0xBE, 0x1A, 0x20, 0x00},
    /* U+8BE0 */ {0x33, 0x81, 0x2C, 0x04, 0x6E, 0xFF, 0x21, 0x02, 0x10, 0x27, 0xE2, 0x10, 0x39, 0x03, 0x10, 0x2F, 0xF0, 0x00},
    /* U+8BE1 */ {0x27, 0xC1, 0x4C, 0x0F, 0xFE, 0xC0, 0x25, 0xE2, 0x52, 0x25, 0x22, 0xDE, 0x3D, 0x03, 0x93, 0x29, 0xE0, 0x00},
    /* U+8BE2 */ {0x26, 0x03, 0x7F, 0x0C, 0x2E, 0xFA, 0x24, 0xA2, 0x7A, 0x24, 0xA3, 0xFA, 0x34, 0x22, 0x06, 0x01, 0xC0, 0x00},
    /* U+8BE3 */ {0x25, 0xE3, 0x70, 0x04, 0x3E, 0x7E, 0x20, 0x02, 0x7E, 0x24, 0x22, 0x7E, 0x3C, 0x23, 0x7E, 0x04, 0x20, 0x00},
    /* U+8BE4 */ {0x27, 0xC1, 0x48, 0x0F, 0xEE, 0x92, 0x21, 0x22, 0xFF, 0x21, 0x22, 0x7E, 0x39, 0x23, 0x10, 0x27, 0x00, 0x00},
    /* U+8BE5 */ {0x21, 0x83, 0xFF, 0x03, 0x0F, 0x64, 0x3F, 0xC3, 0x1A, 0x37, 0x63, 0xCC, 0x39, 0xC3, 0x76, 0x2C, 0x20, 0x00},
    /* U+8BE6 */ {0x32, 0x40, 0x7E, 0x01, 0x8E, 0x18, 0x27, 0xE2, 0x18, 0x21, 0x82, 0xFF, 0x39, 0x83, 0x18, 0x21, 0x80, 0x00},
    /* U+8BE7 */ {0x61, 0x83, 0xFF, 0x0C, 0x3E, 0x7C, 0x27, 0x02, 0x16, 0x2F, 0xE2, 0x50, 0x39, 0x23, 0x12, 0x21, 0xE0, 0x00},
    /* U+8BE8 */ {0x6F, 0xE3, 0x92, 0x07, 0xEE, 0x20, 0x27, 0x82, 0x7E, 0x21, 0x82, 0x18, 0x3F, 0xF3, 0x18, 0x21, 0x80, 0x00},
    /* U+8BE9 */ {0x6F, 0xE2, 0x32, 0x0B, 0xAE, 0xFE, 0x27, 0x62, 0x76, 0x2F, 0xE3, 0xBA, 0x33, 0x27, 0x32, 0x66, 0xE0, 0x00},
    /* U+8BEB */ {0x20, 0xA0, 0xFF, 0x00, 0x8E, 0x6A, 0x27, 0xA2, 0xFE, 0x2F, 0xC2, 0xFC, 0x3B, 0xD7, 0x9D, 0x01, 0x60, 0x00},
    /* U+8BEC */ {0x6F, 0xE3, 0x10, 0x05, 0x6E, 0x54, 0x25, 0x62, 0xFE, 0x2B, 0xE2, 0xBB, 0x39, 0x03, 0x10, 0x2F, 0xF0, 0x00},
    /* U+8BED */ {0x33, 0x00, 0x7C, 0x02, 0x4E, 0x24, 0x2F, 0xE2, 0xFE, 0x27, 0xE2, 0xC2, 0x3C, 0x23, 0x42, 0x27, 0xE0, 0x00},
    /* U+8BEE */ {0x35, 0xA1, 0x7E, 0x01, 0x8F, 0x7E, 0x34, 0x23, 0x7E, 0x34, 0x23, 0x7E, 0x3C, 0x23, 0x42, 0x04, 0xE0, 0x00},
    /* U+8BEF */ {0x67, 0xE3, 0x42, 0x07, 0xEE, 0x00, 0x27, 0xE2, 0x18, 0x21, 0x02, 0xFF, 0x3B, 0x83, 0x6C, 0x2C, 0x70, 0x00},
    /* U+8BF0 */ {0x25, 0x81, 0x7E, 0x0D, 0x8E, 0x18, 0x2F, 0xF2, 0x00, 0x27, 0xE2, 0x42, 0x3C, 0x22, 0x7E, 0x04, 0x20, 0x00},
    /* U+8BF1 */ {0x27, 0x80, 0xFE, 0x03, 0xCE, 0x7C, 0x2D, 0xA2, 0x7C, 0x22, 0x82, 0xAE, 0x36, 0x22, 0x42, 0x0C, 0xE0, 0x00},
    /* U+8BF2 */ {0x37, 0xE1, 0xC0, 0x0F, 0xEE, 0x52, 0x24, 0xA2, 0xFF, 0x25, 0x22, 0xDE, 0x3F, 0xF3, 0x06, 0x20, 0xC0, 0x00},
    /* U+8BF3 */ {0x6F, 0xF2, 0xC4, 0x1C, 0x4E, 0x64, 0x27, 0xE2, 0xE4, 0x2E, 0x42, 0x64, 0x36, 0x43, 0x44, 0x2D, 0xF0, 0x00},
    /* U+8BF4 */ {0x32, 0xC0, 0xFE, 0x0C, 0x6E, 0xC6, 0x2C, 0x62, 0xFE, 0x22, 0x82, 0xA8, 0x3E, 0x83, 0xCB, 0x08, 0xE0, 0x00},
    /* U+8BF5 */ {0x20, 0x61, 0x3C, 0x01, 0x8E, 0xFE, 0x2D, 0x22, 0xFE, 0x2D, 0x22, 0xFE, 0x3D, 0x23, 0xD2, 0x2D, 0x60, 0x00},
    /* U+8BF6 */ {0x32, 0xC1, 0x7E, 0x0F, 0xEE, 0x40, 0x2F, 0xE2, 0x90, 0x2F, 0xF2, 0x18, 0x3B, 0x83, 0xE6, 0x18, 0x30, 0x00},
    /* U+8BF7 */ {0x2F, 0xE0, 0x7E, 0x01, 0x0E, 0xFF, 0x20, 0x02, 0x7E, 0x27, 0xE2, 0x46, 0x3F, 0xE3, 0x46, 0x24, 0xE0, 0x00},
    /* U+8BF8 */ {0x2F, 0xE0, 0x34, 0x03, 0xCE, 0xFF, 0x23, 0x02, 0x7E, 0x3E, 0x22, 0x7E, 0x3E, 0x22, 0x7E, 0x06, 0x20, 0x00},
    /* U+8BF9 */ {0x6F, 0xF2, 0xBA, 0x0F, 0xAE, 0xBE, 0x2B, 0xE2, 0xF6, 0x2B, 0x62, 0xB4, 0x3F, 0x66, 0x3E, 0x03, 0xB0, 0x00},
    /* U+8BFA */ {0x2F, 0xF0, 0x24, 0x03, 0x0E, 0x30, 0x2F, 0xF2, 0x60, 0x2F, 0xE2, 0xE2, 0x36, 0x26, 0x7E, 0x04, 0x20, 0x00},
    /* U+8BFB */ {0x27, 0xE3, 0x10, 0x0F, 0xEE, 0x02, 0x23, 0xA2, 0xD8, 0x27, 0x82, 0xFF, 0x3B, 0x83, 0x66, 0x2C, 0x20, 0x00},
    /* U+8BFC */ {0x6F, 0xF2, 0x30, 0x07, 0x2E, 0xD6, 0x27, 0xC2, 0xEE, 0x2B, 0xA2, 0x3A, 0x3C, 0xB6, 0x98, 0x03, 0x00, 0x00},
    /* U+8BFD */ {0x22, 0xC3, 0xEF, 0x02, 0xCE, 0x2C, 0x2E, 0xF2, 0x2C, 0x22, 0xC2, 0xEF, 0x3A, 0xC2, 0x2C, 0x02, 0xC0, 0x00},
    /* U+8BFE */ {0x2D, 0x22, 0xD2, 0x0F, 0xEE, 0xD2, 0x27, 0xE2, 0x10, 0x2F, 0xF2, 0x3C, 0x37, 0x63, 0xD3, 0x09, 0x00, 0x00},
    /* U+8BFF */ {0x2F, 0x80, 0xFF, 0x03, 0x8E, 0x7C, 0x2D, 0x32, 0x30, 0x2F, 0xE2, 0x6C, 0x3F, 0x83, 0x3C, 0x0E, 0x60, 0x00},
    /* U+8C00 */ {0x2F, 0xE2, 0x92, 0x09, 0x2E, 0xFE, 0x29, 0x22, 0xFE, 0x21, 0x82, 0x38, 0x32, 0xC7, 0xC6, 0x08, 0x30, 0x00},
    /* U+8C01 */ {0x26, 0x81, 0x7E, 0x0C, 0x8E, 0xC8, 0x27, 0xE2, 0x48, 0x27, 0xE2, 0x48, 0x3C, 0x83, 0x7F, 0x04, 0x00, 0x00},
    /* U+8C02 */ {0x23, 0x83, 0x6C, 0x0D, 0x6F, 0x92, 0x2F, 0xC2, 0x0C, 0x23, 0x83, 0xF6, 0x3E, 0x26, 0xE7, 0x03, 0x80, 0x00},
    /* U+8C03 */ {0x6F, 0xE3, 0xD2, 0x0F, 0xE0, 0xD2, 0xEF, 0xE2, 0xC2, 0x2F, 0xE2, 0xAE, 0x3B, 0xE3, 0xA2, 0x10, 0x60, 0x00},
    /* U+8C04 */ {0x33, 0xE0, 0x66, 0x0C, 0x4E, 0x8C, 0x23, 0x02, 0xEE, 0x2C, 0x22, 0xFE, 0x3C, 0x22, 0xFE, 0x0C, 0x20, 0x00},
    /* U+8C05 */ {0x2F, 0xF0, 0x00, 0x07, 0xEE, 0x42, 0x24, 0x22, 0x7E, 0x21, 0x82, 0x7E, 0x3D, 0xA3, 0x9A, 0x03, 0x00, 0x00},
    /* U+8C06 */ {0x2F, 0xF3, 0x00, 0x07, 0xEE, 0x46, 0x27, 0xE2, 0x7E, 0x20, 0xC3, 0xFF, 0x31, 0x82, 0x18, 0x03, 0x80, 0x00},
    /* U+8C07 */ {0x61, 0x03, 0xFE, 0x06, 0x4E, 0x6C, 0x2F, 0xE2, 0x9A, 0x21, 0x02, 0xFF, 0x39, 0x03, 0x10, 0x21, 0x00, 0x00},
    /* U+8C08 */ {0x25, 0x61, 0xD4, 0x0B, 0xCE, 0x6E, 0x2D, 0x22, 0x52, 0x25, 0x62, 0xDC, 0x33, 0x83, 0x66, 0x2C, 0x30, 0x00},
    /* U+8C0A */ {0x2F, 0xE2, 0x82, 0x08, 0x2E, 0x7C, 0x24, 0x42, 0x7C, 0x24, 0x42, 0x7C, 0x3C, 0x43, 0x44, 0x0F, 0xF0, 0x00},
    /* U+8C0B */ {0x6F, 0xF3, 0x44, 0x07, 0xCE, 0x44, 0x27, 0xC2, 0x10, 0x2F, 0xF2, 0x38, 0x37, 0xC3, 0xD6, 0x29, 0x00, 0x00},
    /* U+8C0C */ {0x6F, 0xE2, 0x44, 0x07, 0xCE, 0x44, 0x27, 0xC2, 0x44, 0x3F, 0xF2, 0xFC, 0x3E, 0x46, 0xFE, 0x00, 0x00, 0x00},
    /* U+8C0D */ {0x65, 0x43, 0xFF, 0x05, 0x4E, 0x5C, 0x27, 0xE2, 0x10, 0x2F, 0xF3, 0x38, 0x37, 0xC2, 0xD6, 0x09, 0x20, 0x00},
    /* U+8C0E */ {0x6F, 0xF2, 0x24, 0x01, 0x0E, 0xFE, 0x24, 0x02, 0x7E, 0x25, 0x42, 0x54, 0x3D, 0x43, 0xD5, 0x29, 0x60, 0x00},
    /* U+8C0F */ {0x6F, 0xF3, 0x10, 0x0F, 0xEE, 0xF6, 0x2F, 0xE2, 0xFA, 0x2F, 0xE2, 0x3C, 0x3F, 0xC3, 0xD2, 0x29, 0x00, 0x00},
    /* U+8C10 */ {0x6C, 0xA3, 0xFE, 0x0C, 0x8E, 0xFB, 0x2F, 0xE2, 0x10, 0x27, 0xE2, 0x42, 0x3F, 0xE3, 0x42, 0x27, 0xE0, 0x00},
    /* U+8C11 */ {0x61, 0xE1, 0xFE, 0x0F, 0x2E, 0xFC, 0x2F, 0x22, 0xDE, 0x2F, 0xE2, 0xA0, 0x3F, 0xF3, 0xA0, 0x2B, 0xE0, 0x00},
    /* U+8C12 */ {0x24, 0x23, 0x7E, 0x04, 0x2E, 0x7E, 0x26, 0x02, 0x7F, 0x29, 0xB2, 0x5A, 0x3E, 0x63, 0x7E, 0x20, 0x60, 0x00},
    /* U+8C13 */ {0x2D, 0x23, 0xFE, 0x0D, 0x2E, 0xFE, 0x20, 0x02, 0x7E, 0x27, 0xE2, 0x42, 0x3F, 0xE3, 0x42, 0x24, 0xE0, 0x00},
    /* U+8C14 */ {0x2B, 0xA2, 0xBA, 0x0E, 0xEE, 0x7E, 0x20, 0x03, 0xFF, 0x26, 0x02, 0x7E, 0x38, 0x63, 0x04, 0x23, 0xC0, 0x00},
    /* U+8C15 */ {0x23, 0x82, 0xCE, 0x1F, 0xFE, 0x02, 0x2F, 0xA2, 0xBA, 0x2F, 0xA2, 0xFA, 0x3B, 0xA7, 0xB2, 0x4B, 0x60, 0x00},
    /* U+8C16 */ {0x6F, 0xE2, 0x54, 0x0F, 0xEE, 0x20, 0x2F, 0xF2, 0x60, 0x27, 0xE2, 0x74, 0x3D, 0xC6, 0xBE, 0x1E, 0x70, 0x00},
    /* U+8C17 */ {0x67, 0xC2, 0xC8, 0x1F, 0xEE, 0xD2, 0x2F, 0xE2, 0x68, 0x2C, 0xF2, 0x38, 0x3C, 0xC3, 0x78, 0x00, 0xC0, 0x00},
    /* U+8C18 */ {0x6F, 0xE2, 0x6A, 0x05, 0xEE, 0xD8, 0x33, 0x42, 0xE2, 0x27, 0xE2, 0x46, 0x3C, 0x67, 0x46, 0x27, 0xE0, 0x00},
    /* U+8C19 */ {0x61, 0x03, 0xFE, 0x06, 0x4F, 0xFF, 0x20, 0x02, 0x7E, 0x24, 0x62, 0x7E, 0x3C, 0x63, 0x46, 0x27, 0xE0, 0x00},
    /* U+8C1A */ {0x2F, 0xF2, 0x24, 0x02, 0x4E, 0xFF, 0x2C, 0xC2, 0xF8, 0x2A, 0x42, 0xB8, 0x3A, 0x67, 0x9C, 0x57, 0x00, 0x00},
    /* U+8C1B */ {0x6F, 0xE2, 0x64, 0x02, 0xCE, 0xFE, 0x29, 0x22, 0x7E, 0x25, 0x62, 0xD6, 0x3D, 0x66, 0x56, 0x01, 0x00, 0x00},
    /* U+8C1C */ {0x6A, 0xA2, 0xFA, 0x01, 0x8F, 0xFE, 0x2D, 0xC2, 0xDC, 0x2F, 0xA2, 0xEA, 0x3C, 0x86, 0xE0, 0x1B, 0xF0, 0x00},
    /* U+8C1D */ {0x6F, 0xE2, 0xC2, 0x0C, 0x2E, 0xFE, 0x2F, 0xE2, 0xF6, 0x2F, 0x62, 0xFE, 0x3F, 0x67, 0xF6, 0x0C, 0x60, 0x00},
    /* U+8C1F */ {0x6F, 0xF3, 0x24, 0x07, 0xEE, 0x42, 0x27, 0xE2, 0x7E, 0x21, 0x02, 0xFE, 0x33, 0x83, 0x6E, 0x2C, 0x30, 0x00},
    /* U+8C20 */ {0x6D, 0x62, 0x54, 0x1F, 0xFF, 0x83, 0x3F, 0xE2, 0xC4, 0x2F, 0xC3, 0x28, 0x36, 0x86, 0xCB, 0x18, 0xE0, 0x00},
    /* U+8C21 */ {0x2D, 0x23, 0xFE, 0x0D, 0x2E, 0xFE, 0x26, 0x62, 0xF3, 0x27, 0xC2, 0xEC, 0x33, 0x83, 0x7E, 0x2C, 0x70, 0x00},
    /* U+8C22 */ {0x6F, 0x22, 0xB2, 0x0F, 0xFE, 0xB2, 0x2F, 0xA2, 0xBA, 0x3F, 0xE2, 0x72, 0x3F, 0x27, 0xB2, 0x06, 0xE0, 0x00},
    /* U+8C23 */ {0x6F, 0xA3, 0x56, 0x05, 0x4E, 0x7E, 0x2D, 0x02, 0x90, 0x2F, 0xF3, 0x92, 0x3D, 0x22, 0xFE, 0x00, 0x20, 0x00},
    /* U+8C24 */ {0x6F, 0xE3, 0x24, 0x02, 0x4E, 0xFF, 0x29, 0x32, 0xFE, 0x22, 0x02, 0x3E, 0x3A, 0x63, 0x46, 0x2C, 0xC0, 0x00},
    /* U+8C25 */ {0x66, 0xC2, 0x28, 0x0F, 0xFE, 0x2C, 0x24, 0x62, 0x82, 0x2F, 0xE2, 0xEA, 0x3E, 0xA2, 0xEA, 0x1F, 0xF0, 0x00},
    /* U+8C26 */ {0x66, 0x82, 0xFE, 0x02, 0x8E, 0xFE, 0x2F, 0xF2, 0x2A, 0x2F, 0xE2, 0x6C, 0x3E, 0xC7, 0xAA, 0x12, 0x80, 0x00},
    /* U+8C27 */ {0x61, 0x42, 0xAC, 0x0B, 0xAE, 0xB7, 0x2E, 0x42, 0xBC, 0x2F, 0xE2, 0xEA, 0x3E, 0xA6, 0xEA, 0x4F, 0xF0, 0x00},
    /* U+8C28 */ {0x6F, 0xF2, 0x64, 0x03, 0xCE, 0xFE, 0x2D, 0x22, 0xFE, 0x2F, 0xE2, 0x10, 0x3F, 0xE2, 0x10, 0x0F, 0xF0, 0x00},
    /* U+8C29 */ {0x64, 0x63, 0x7E, 0x07, 0xEE, 0xFE, 0x2A, 0xA2, 0xFE, 0x20, 0x02, 0xFE, 0x3A, 0xC3, 0x3C, 0x2E, 0xF0, 0x00},
    /* U+8C2A */ {0x6F, 0xF2, 0x24, 0x0F, 0xEE, 0xD2, 0x2F, 0xE2, 0xD2, 0x2F, 0xA2, 0xEE, 0x3F, 0xE6, 0xE2, 0x0C, 0x60, 0x00},
    /* U+8C2B */ {0x6F, 0xF2, 0x0A, 0x0F, 0xAE, 0xFA, 0x2F, 0x22, 0xB6, 0x20, 0x02, 0xFE, 0x3B, 0x23, 0x62, 0x2C, 0xE0, 0x00},
    /* U+8C2C */ {0x3A, 0xA1, 0x66, 0x06, 0xEE, 0xBA, 0x21, 0x82, 0x6E, 0x2F, 0x22, 0x78, 0x3F, 0x63, 0x3C, 0x2F, 0x00, 0x00},
    /* U+8C2D */ {0x22, 0x82, 0xFE, 0x0A, 0xAE, 0xFE, 0x27, 0xE2, 0xC2, 0x2F, 0xE2, 0xFE, 0x31, 0x03, 0xFF, 0x21, 0x00, 0x00},
    /* U+8C2E */ {0x6E, 0xC2, 0xEC, 0x0F, 0xEE, 0x6C, 0x2F, 0xD2, 0x16, 0x2F, 0xE2, 0xC2, 0x3F, 0xE3, 0xC2, 0x2F, 0xE0, 0x00},
    /* U+8C2F */ {0x24, 0x83, 0x7E, 0x0C, 0x8F, 0xFE, 0x24, 0x82, 0x7E, 0x24, 0x82, 0x7F, 0x3E, 0xA3, 0xFA, 0x0B, 0xB0, 0x00},
    /* U+8C30 */ {0x6F, 0xE2, 0x52, 0x0F, 0xEE, 0x92, 0x2F, 0xE2, 0xFE, 0x2F, 0xE2, 0xBA, 0x3F, 0x67, 0xD2, 0x08, 0x60, 0x00},
    /* U+8C31 */ {0x66, 0xC2, 0xFE, 0x0A, 0xAE, 0xEC, 0x3F, 0xF2, 0x00, 0x27, 0xE2, 0x7E, 0x3C, 0x63, 0x7E, 0x24, 0x60, 0x00},
    /* U+8C32 */ {0x23, 0xC2, 0xFE, 0x03, 0xAE, 0xDC, 0x29, 0x02, 0xFE, 0x2A, 0xA2, 0xFE, 0x3A, 0xE6, 0xBE, 0x08, 0x60, 0x00},
    /* U+8C33 */ {0x7F, 0x62, 0x47, 0x0F, 0x4E, 0xBF, 0x2F, 0x42, 0xF6, 0x2D, 0x62, 0xFE, 0x3D, 0xA7, 0xDB, 0x0B, 0x90, 0x00},
    /* U+8C34 */ {0x7B, 0xE2, 0xBE, 0x08, 0x8E, 0x3E, 0x3F, 0xE2, 0xFE, 0x2E, 0x02, 0xFE, 0x3F, 0xE7, 0xE0, 0x13, 0xF0, 0x00},
    /* U+8C35 */ {0x67, 0xC3, 0xFF, 0x1D, 0x4E, 0xEA, 0x2F, 0xE2, 0xFC, 0x2D, 0xC2, 0xFE, 0x3B, 0xE3, 0xA2, 0x0B, 0xE0, 0x00},
    /* U+8C36 */ {0x65, 0x62, 0xFE, 0x0A, 0xCF, 0xFF, 0x2F, 0xC2, 0x76, 0x2F, 0xE2, 0xFE, 0x37, 0xD7, 0xFF, 0x01, 0xA0, 0x00},
    /* U+8C37 */ {0x19, 0x83, 0x06, 0x66, 0x20, 0xF0, 0x19, 0x87, 0x0E, 0xFF, 0xE3, 0x0C, 0x30, 0xC3, 0x0C, 0x3F, 0xC0, 0x00},
    /* U+8C41 */ {0x7D, 0x65, 0x7A, 0x7E, 0xE1, 0x1C, 0x79, 0x67, 0xF2, 0x13, 0xF7, 0xF2, 0x4F, 0x27, 0xFE, 0x47, 0x20, 0x00},
    /* U+8C46 */ {0x7F, 0xE0, 0x00, 0x3F, 0xC2, 0x04, 0x20, 0x43, 0xFC, 0x10, 0x81, 0x18, 0x19, 0x80, 0x90, 0xFF, 0xE0, 0x00},
    /* U+8C47 */ {0xFF, 0xE0, 0x08, 0x7C, 0x84, 0xC8, 0x4C, 0x87, 0x88, 0x48, 0x87, 0x88, 0x3C, 0x8F, 0xFF, 0x00, 0x00, 0x00},
    /* U+8C49 */ {0xFC, 0x80, 0x7F, 0x78, 0x84, 0x88, 0x4F, 0xE7, 0xA6, 0x59, 0x45, 0x1C, 0x3D, 0x8F, 0xBE, 0x06, 0x30, 0x00},
    /* U+8C4C */ {0xFF, 0xE0, 0x42, 0x7E, 0x05, 0xFE, 0x5D, 0xA7, 0xDA, 0x5F, 0xA5, 0x2E, 0x5A, 0x8F, 0xE9, 0x0C, 0xE0, 0x00},
    /* U+8C55 */ {0x7F, 0xE0, 0xC0, 0x3C, 0x6E, 0x5C, 0x0F, 0x87, 0x28, 0x66, 0xC1, 0xB6, 0x73, 0x34, 0x20, 0x0E, 0x00, 0x00},
    /* U+8C5A */ {0x5F, 0xE5, 0x30, 0x7F, 0x25, 0x9C, 0x53, 0xC5, 0xFC, 0x7D, 0xE5, 0x3A, 0x5E, 0xAD, 0x99, 0xB3, 0x00, 0x00},
    /* U+8C61 */ {0x1F, 0x03, 0x30, 0x7F, 0xC2, 0x44, 0x3F, 0xC7, 0xCC, 0x4F, 0x87, 0x78, 0x1F, 0x47, 0x32, 0x0E, 0x00, 0x00},
    /* U+8C62 */ {0x7F, 0xE0, 0xC0, 0x7F, 0xE1, 0x98, 0x3F, 0xCE, 0xCE, 0x37, 0xA3, 0xB8, 0x6E, 0xC7, 0xA6, 0x4E, 0x00, 0x00},
    /* U+8C6A */ {0x7F, 0xE3, 0xFC, 0x3F, 0xC0, 0x00, 0x7F, 0xE7, 0xFE, 0x3C, 0x46, 0xF8, 0x76, 0x81, 0xA6, 0x6E, 0x20, 0x00},
    /* U+8C6B */ {0xFB, 0xC5, 0x4C, 0x7F, 0xEF, 0xDA, 0x2F, 0xE3, 0xF2, 0x27, 0xC2, 0x7E, 0x2B, 0xA2, 0xEB, 0x63, 0x80, 0x00},
    /* U+8C73 */ {0x46, 0x27, 0xFE, 0x77, 0x27, 0xFE, 0x7F, 0xA7, 0xEE, 0x7F, 0xE7, 0xEA, 0x57, 0xA7, 0xFE, 0x00, 0x20, 0x00},
    /* U+8C78 */ {0x1F, 0x03, 0xAC, 0x1B, 0x80, 0xF0, 0x3B, 0x00, 0x78, 0x3D, 0x82, 0x78, 0x1C, 0x83, 0x18, 0x07, 0x00, 0x00},
    /* U+8C79 */ {0xF3, 0x05, 0xBE, 0x7E, 0x27, 0x42, 0x5B, 0x23, 0x9A, 0xD8, 0xA3, 0x82, 0x68, 0x2C, 0x86, 0x39, 0xC0, 0x00},
    /* U+8C7A */ {0x70, 0x4F, 0x04, 0x5F, 0xF7, 0x0C, 0x70, 0xC3, 0x9C, 0x79, 0x43, 0xB4, 0x6E, 0x4C, 0x84, 0x31, 0xC0, 0x00},
    /* U+8C82 */ {0x77, 0xE5, 0x12, 0x59, 0x27, 0x32, 0xD6, 0x63, 0x80, 0x6B, 0xE1, 0xA2, 0x6A, 0x25, 0xBE, 0x32, 0x20, 0x00},
    /* U+8C85 */ {0x72, 0xC5, 0xEC, 0x5F, 0xF7, 0xEC, 0xDE, 0xC3, 0xFE, 0xDF, 0xE3, 0xFE, 0x7E, 0xF1, 0xEC, 0x36, 0xC0, 0x00},
    /* U+8C89 */ {0x73, 0xE5, 0xF6, 0x7F, 0x47, 0x1C, 0x59, 0xE3, 0xF3, 0x6B, 0xE3, 0xA2, 0x6A, 0x20, 0xBE, 0x3A, 0x20, 0x00},
    /* U+8C8A */ {0x77, 0xF5, 0x98, 0x7B, 0xE7, 0x22, 0x52, 0x23, 0xA2, 0x7B, 0xE3, 0xA2, 0x6A, 0x24, 0xBE, 0x32, 0x20, 0x00},
    /* U+8C8C */ {0xF7, 0xE5, 0xE2, 0x5E, 0x27, 0x7E, 0x56, 0x23, 0xFE, 0x5B, 0xC3, 0xBC, 0x6A, 0xDC, 0xEF, 0x3C, 0x60, 0x00},
    /* U+8C94 */ {0x77, 0xE5, 0xE6, 0x5D, 0xA7, 0x7E, 0x57, 0xE3, 0x88, 0x5C, 0xA3, 0xFE, 0x6C, 0x81, 0xF9, 0x36, 0xE0, 0x00},
    /* U+8C98 */ {0x77, 0xF7, 0xB4, 0x5F, 0xE7, 0x42, 0xD7, 0xE3, 0xFE, 0xD9, 0x83, 0xFE, 0x69, 0x8D, 0xB4, 0x3E, 0x20, 0x00},
    /* U+8D1D */ {0x3F, 0xC2, 0x04, 0x26, 0x42, 0x64, 0x26, 0x42, 0x64, 0x24, 0x42, 0xC4, 0x0B, 0x03, 0x0C, 0x60, 0x60, 0x00},
    /* U+8D1E */ {0x07, 0xE0, 0x60, 0x3F, 0xC2, 0x04, 0x26, 0x42, 0x64, 0x26, 0x42, 0x44, 0x0F, 0x03, 0x9C, 0x60, 0x60, 0x00},
    /* U+8D1F */ {0x1F, 0x03, 0x10, 0x63, 0x07, 0xFC, 0x30, 0x43, 0x64, 0x36, 0x43, 0x44, 0x0F, 0x41, 0x9C, 0x70, 0x60, 0x00},
    /* U+8D21 */ {0x7F, 0xE0, 0x60, 0x7F, 0xE0, 0x00, 0x3F, 0xC2, 0x04, 0x26, 0x42, 0x64, 0x2F, 0x43, 0x9C, 0x70, 0x60, 0x00},
    /* U+8D22 */ {0x78, 0x44, 0x84, 0x7F, 0xF7, 0x8C, 0x78, 0xC7, 0x9C, 0x79, 0x46, 0xB4, 0x3E, 0x46, 0x84, 0xC1, 0xC0, 0x00},
    /* U+8D23 */ {0x7F, 0xE3, 0xFC, 0x06, 0x07, 0xFE, 0x00, 0x03, 0xFC, 0x26, 0x42, 0x64, 0x27, 0x41, 0xDC, 0x70, 0x60, 0x00},
    /* U+8D24 */ {0x5F, 0xE5, 0xA4, 0x59, 0xC5, 0xBC, 0x5E, 0x63, 0xFC, 0x26, 0x42, 0x64, 0x27, 0x41, 0x9C, 0x70, 0x60, 0x00},
    /* U+8D25 */ {0x4D, 0x05, 0xFF, 0x5F, 0x65, 0xE4, 0x5F, 0x45, 0xD4, 0x7D, 0xC7, 0x08, 0x39, 0xC6, 0xB6, 0xC6, 0x30, 0x00},
    /* U+8D26 */ {0x7A, 0x64, 0xA4, 0x7A, 0xC7, 0xB8, 0x7F, 0xF6, 0xA8, 0x6A, 0xC6, 0xA4, 0x32, 0x64, 0xBA, 0xCB, 0x20, 0x00},
    /* U+8D27 */ {0x33, 0xE7, 0xF0, 0x72, 0x33, 0x3E, 0x00, 0x03, 0xFC, 0x26, 0x42, 0x64, 0x26, 0x41, 0xDC, 0x70, 0x60, 0x00},
    /* U+8D28 */ {0x7F, 0x06, 0x30, 0x7F, 0xF6, 0x20, 0x7F, 0xE7, 0xB6, 0x7B, 0x67, 0xB6, 0x47, 0x04, 0xCC, 0xD8, 0x20, 0x00},
    /* U+8D29 */ {0x7B, 0xE4, 0xA0, 0x7A, 0x07, 0xBE, 0x7B, 0x27, 0xF2, 0x6F, 0xE6, 0xEC, 0x36, 0xC6, 0xDE, 0xC7, 0x30, 0x00},
    /* U+8D2A */ {0x1F, 0x87, 0x6F, 0x3F, 0xC0, 0x08, 0x01, 0x83, 0xFC, 0x26, 0x42, 0x64, 0x26, 0x41, 0xDC, 0x70, 0x60, 0x00},
    /* U+8D2B */ {0x30, 0xC7, 0xFE, 0x0C, 0x83, 0xB8, 0x60, 0x03, 0xFC, 0x36, 0xC3, 0x6C, 0x24, 0xC1, 0xDC, 0x70, 0x60, 0x00},
    /* U+8D2C */ {0x7F, 0xE4, 0xB0, 0x79, 0x87, 0x88, 0x7F, 0xE7, 0x86, 0x68, 0xC6, 0x98, 0x37, 0x07, 0xD8, 0xC4, 0xF0, 0x00},
    /* U+8D2D */ {0x4B, 0x04, 0xBE, 0x7E, 0x27, 0xD2, 0x7B, 0x27, 0xAA, 0x6A, 0xE6, 0xFE, 0x30, 0x26, 0x82, 0xC8, 0xE0, 0x00},
    /* U+8D2E */ {0x48, 0x86, 0xFE, 0x6E, 0x26, 0xE2, 0x68, 0x06, 0x80, 0x68, 0x06, 0x80, 0x30, 0x04, 0xFF, 0xC8, 0x00, 0x00},
    /* U+8D2F */ {0x32, 0x47, 0xFE, 0x26, 0x43, 0xFC, 0x3F, 0xC2, 0x04, 0x26, 0x42, 0x64, 0x26, 0x41, 0xDC, 0x70, 0x60, 0x00},
    /* U+8D30 */ {0x7F, 0xE0, 0x08, 0x7E, 0x80, 0x08, 0x7F, 0x87, 0xE8, 0x62, 0x87, 0xAC, 0x7A, 0xC3, 0xE7, 0x63, 0x60, 0x00},
    /* U+8D31 */ {0x79, 0x44, 0x96, 0x7F, 0xE7, 0x90, 0x79, 0xE7, 0xF8, 0x79, 0xA6, 0x8E, 0x38, 0xC6, 0xBD, 0x46, 0x60, 0x00},
    /* U+8D32 */ {0x3F, 0xE1, 0x68, 0xFF, 0xE1, 0x08, 0x10, 0x03, 0xFC, 0x26, 0x42, 0x44, 0x2C, 0x41, 0x9C, 0xF0, 0x60, 0x00},
    /* U+8D33 */ {0xFF, 0xF2, 0x4C, 0x27, 0xC3, 0xFE, 0x00, 0x03, 0xFC, 0x20, 0x42, 0x64, 0x27, 0x41, 0x9C, 0xF0, 0x60, 0x00},
    /* U+8D34 */ {0x79, 0x84, 0x98, 0x79, 0xF7, 0x98, 0x79, 0x87, 0xFE, 0x7E, 0x27, 0xE2, 0x3A, 0x26, 0xBE, 0xC2, 0x20, 0x00},
    /* U+8D35 */ {0x3F, 0xC3, 0xFC, 0x06, 0x0F, 0xFF, 0x00, 0x03, 0xFC, 0x26, 0x42, 0x64, 0x26, 0x41, 0x9C, 0x70, 0x60, 0x00},
    /* U+8D36 */ {0x7F, 0xE4, 0xE2, 0x6E, 0x26, 0xE2, 0x6F, 0xE6, 0xBC, 0x6B, 0xC6, 0xBC, 0x32, 0xC4, 0xEF, 0x84, 0x60, 0x00},
    /* U+8D37 */ {0x32, 0x67, 0xFE, 0x71, 0xA3, 0x0E, 0x00, 0x03, 0xFC, 0x26, 0x42, 0x64, 0x26, 0x41, 0xBC, 0x70, 0x60, 0x00},
    /* U+8D38 */ {0x73, 0xE6, 0x92, 0x79, 0x27, 0xFE, 0x02, 0x03, 0xFC, 0x26, 0x42, 0x64, 0x27, 0x41, 0xDC, 0x70, 0x60, 0x00},
    /* U+8D39 */ {0x7F, 0xE3, 0xFE, 0x69, 0x07, 0xFE, 0x11, 0x27, 0xFE, 0x20, 0x42, 0x64, 0x2F, 0x43, 0x9E, 0xF0, 0x60, 0x00},
    /* U+8D3A */ {0x7D, 0xE2, 0x52, 0x65, 0x2D, 0xDE, 0x3F, 0xC3, 0x0C, 0x36, 0xC3, 0x6C, 0x2F, 0xC3, 0x9C, 0x70, 0x60, 0x00},
    /* U+8D3B */ {0x79, 0x04, 0xB4, 0x6A, 0x66, 0xFE, 0x6F, 0xF6, 0x80, 0x6B, 0xE6, 0xA2, 0x32, 0x24, 0xBE, 0xC2, 0x20, 0x00},
    /* U+8D3C */ {0x48, 0xA6, 0xFF, 0x68, 0x86, 0xAA, 0x6A, 0xA6, 0xFE, 0x6A, 0xE6, 0xAC, 0x36, 0xD5, 0xDF, 0x89, 0x20, 0x00},
    /* U+8D3D */ {0x7F, 0xC3, 0x34, 0x7B, 0xD3, 0x27, 0x64, 0x03, 0xFC, 0x26, 0x42, 0x64, 0x27, 0x41, 0x9C, 0x70, 0x60, 0x00},
    /* U+8D3E */ {0x09, 0x07, 0xFE, 0x49, 0x27, 0xFE, 0x00, 0x03, 0xFC, 0x20, 0x42, 0x44, 0x24, 0x41, 0xFC, 0x70, 0x60, 0x00},
    /* U+8D3F */ {0x49, 0x04, 0xFF, 0x6A, 0x06, 0xBE, 0x6E, 0x26, 0xFE, 0x6A, 0x26, 0xBE, 0x32, 0x26, 0xA2, 0xCA, 0x60, 0x00},
    /* U+8D40 */ {0x5F, 0xE5, 0xB0, 0x5B, 0x3F, 0xFE, 0x40, 0x03, 0xFC, 0x20, 0x42, 0x44, 0x2F, 0x41, 0x9C, 0x70, 0x60, 0x00},
    /* U+8D41 */ {0x37, 0x8F, 0xFE, 0x21, 0x02, 0xFE, 0x00, 0x03, 0xFC, 0x24, 0x42, 0x64, 0x27, 0x41, 0xDC, 0x70, 0x60, 0x00},
    /* U+8D42 */ {0x7B, 0xE4, 0xB6, 0x7D, 0x47, 0x9C, 0x7B, 0xE7, 0xE3, 0x6B, 0xE6, 0xA2, 0x32, 0x24, 0xBE, 0xC2, 0x20, 0x00},
    /* U+8D43 */ {0x48, 0x84, 0xFF, 0x6E, 0x86, 0xEC, 0x6E, 0xC6, 0xFE, 0x6E, 0xC6, 0xCC, 0x34, 0xC7, 0xCC, 0xCF, 0xF0, 0x00},
    /* U+8D44 */ {0x77, 0xE1, 0xD6, 0x1B, 0x87, 0x6E, 0x0C, 0x23, 0xFC, 0x26, 0x42, 0x44, 0x2F, 0x41, 0x9C, 0x70, 0x60, 0x00},
    /* U+8D45 */ {0x48, 0x84, 0xFF, 0x69, 0x06, 0xB4, 0x6F, 0xC6, 0x9A, 0x6B, 0x66, 0xE4, 0x30, 0xC5, 0xBE, 0xC6, 0x20, 0x00},
    /* U+8D46 */ {0x7F, 0xE4, 0xE2, 0x6E, 0x26, 0xFE, 0x6E, 0x46, 0xF4, 0x6D, 0xE6, 0xCB, 0x33, 0x04, 0x98, 0xC8, 0xC0, 0x00},
    /* U+8D47 */ {0x49, 0xA6, 0xFE, 0x69, 0x86, 0xDA, 0x6B, 0xE6, 0xBC, 0x69, 0xC6, 0xBE, 0x77, 0xA5, 0x99, 0x8B, 0x80, 0x00},
    /* U+8D48 */ {0x7F, 0xE4, 0xE0, 0x6F, 0xE6, 0xE0, 0x6F, 0xF6, 0xFA, 0x6F, 0x66, 0xD4, 0x35, 0x64, 0xDE, 0xCF, 0x00, 0x00},
    /* U+8D49 */ {0x7F, 0xE3, 0x68, 0x7F, 0xE1, 0xF8, 0xF6, 0xE3, 0xFC, 0x26, 0x42, 0x44, 0x2F, 0x43, 0x9E, 0xF0, 0x60, 0x00},
    /* U+8D4A */ {0x79, 0x84, 0xB4, 0x6E, 0x66, 0xFE, 0x68, 0x06, 0xFE, 0x68, 0x86, 0xAE, 0x36, 0xA4, 0xCA, 0x01, 0x80, 0x00},
    /* U+8D4B */ {0x7F, 0xE7, 0x8C, 0x7F, 0xF7, 0x84, 0x7D, 0x47, 0xD4, 0x7D, 0xC6, 0x54, 0x75, 0x55, 0xFF, 0xC6, 0x30, 0x00},
    /* U+8D4C */ {0x79, 0x24, 0xFE, 0x69, 0xC6, 0xFF, 0x69, 0x86, 0xFE, 0x6E, 0x26, 0xBE, 0x32, 0x24, 0xBE, 0x82, 0x20, 0x00},
    /* U+8D4D */ {0x7F, 0xE1, 0x6C, 0x37, 0xC6, 0xF6, 0x7F, 0xE3, 0xFE, 0x20, 0x42, 0x44, 0x24, 0x41, 0x9C, 0x70, 0x60, 0x00},
    /* U+8D4E */ {0x7B, 0xE6, 0x88, 0x6F, 0xE6, 0x82, 0x6B, 0xA6, 0xE8, 0x6A, 0x86, 0xFE, 0x31, 0x87, 0xB6, 0xC6, 0x20, 0x00},
    /* U+8D4F */ {0x36, 0xC7, 0xFE, 0x5F, 0xA1, 0x08, 0x1F, 0x83, 0xFC, 0x20, 0x42, 0x64, 0x27, 0x41, 0xDC, 0xF0, 0x60, 0x00},
    /* U+8D50 */ {0x7E, 0x26, 0xFE, 0x6E, 0x26, 0xFE, 0x6B, 0x06, 0xBF, 0x6D, 0x76, 0xBF, 0x32, 0xA5, 0xDA, 0xC9, 0x60, 0x00},
    /* U+8D53 */ {0x7F, 0xF7, 0xFC, 0x62, 0x67, 0xFF, 0x5F, 0xE4, 0xCC, 0x7F, 0xE4, 0xA4, 0x4A, 0x4C, 0xFC, 0xD8, 0x60, 0x00},
    /* U+8D54 */ {0x7F, 0xE4, 0x80, 0x6A, 0x66, 0xA4, 0x6F, 0xF6, 0x80, 0x6F, 0xE6, 0xE2, 0x36, 0x25, 0xFE, 0xCE, 0x20, 0x00},
    /* U+8D55 */ {0x7B, 0xA4, 0xDE, 0x7D, 0xC7, 0xBC, 0x7E, 0x26, 0x9A, 0x6F, 0xA6, 0xDC, 0x31, 0xC5, 0xF6, 0xCE, 0x30, 0x00},
    /* U+8D56 */ {0xFD, 0xE1, 0x34, 0x7F, 0xE5, 0x62, 0x56, 0xA7, 0xEA, 0x3A, 0xA3, 0xAA, 0x55, 0xCD, 0x36, 0x16, 0x30, 0x00},
    /* U+8D58 */ {0x13, 0xE7, 0xF6, 0x21, 0xC3, 0xDC, 0x5F, 0x70, 0x00, 0x3F, 0xC2, 0x64, 0x24, 0x41, 0xFC, 0xF0, 0x60, 0x00},
    /* U+8D59 */ {0x7F, 0xF6, 0x88, 0x6F, 0xE6, 0xFE, 0x6C, 0xA6, 0xFE, 0x68, 0x66, 0xFF, 0x32, 0x45, 0x94, 0xC8, 0xC0, 0x00},
    /* U+8D5A */ {0x4A, 0x46, 0xFE, 0x69, 0x86, 0xFE, 0x6F, 0xF6, 0x9A, 0x6F, 0xE2, 0x3C, 0x37, 0xE4, 0xFA, 0x81, 0x80, 0x00},
    /* U+8D5B */ {0x7F, 0xE7, 0xFE, 0x09, 0x03, 0xFC, 0x7F, 0xE3, 0x0C, 0x7F, 0xF3, 0x6C, 0x36, 0xC1, 0xDC, 0x70, 0x60, 0x00},
    /* U+8D5C */ {0x7F, 0xE5, 0x08, 0x7B, 0xE6, 0xFF, 0x6B, 0xE6, 0xA2, 0x7A, 0xA5, 0x2A, 0x52, 0xA7, 0xDE, 0x06, 0x20, 0x00},
    /* U+8D5D */ {0x7F, 0xE5, 0xFE, 0x7F, 0xE7, 0xFE, 0x5F, 0xE5, 0xA0, 0x5F, 0xE5, 0xB6, 0x5A, 0x6C, 0xFC, 0xB8, 0x60, 0x00},
    /* U+8D5E */ {0x7F, 0xE7, 0xFE, 0x39, 0x47, 0xF7, 0x40, 0x03, 0xFC, 0x20, 0x42, 0x64, 0x26, 0x41, 0xDC, 0x70, 0x60, 0x00},
    /* U+8D60 */ {0x7B, 0x44, 0xFE, 0x6E, 0xE6, 0xFE, 0x6F, 0xE6, 0x80, 0x6F, 0xE6, 0xE6, 0x37, 0xE4, 0xFE, 0x02, 0x20, 0x00},
    /* U+8D61 */ {0x7B, 0xC6, 0xFF, 0x6F, 0xC6, 0xFA, 0x6F, 0xE6, 0xE0, 0x6F, 0xE6, 0xFE, 0x35, 0xE5, 0xD2, 0xCD, 0xE0, 0x00},
    /* U+8D62 */ {0xFF, 0xF3, 0xFE, 0x3F, 0xC2, 0x04, 0x3F, 0xC7, 0xFE, 0x7F, 0xE5, 0xFE, 0x7F, 0xE5, 0x77, 0xFB, 0x30, 0x00},
    /* U+8D63 */ {0x7F, 0xE4, 0xBC, 0xFF, 0xE0, 0x3E, 0x7C, 0x87, 0xFF, 0x4F, 0xE7, 0xAA, 0xFE, 0xA1, 0x1E, 0x16, 0x30, 0x00},
    /* U+8D64 */ {0x06, 0x03, 0xFC, 0x06, 0x07, 0xFE, 0x09, 0x02, 0x94, 0x69, 0x64, 0x92, 0x59, 0x33, 0x10, 0x27, 0x00, 0x00},
    /* U+8D66 */ {0x7D, 0x01, 0x1F, 0x11, 0x2F, 0xF6, 0x2B, 0x66, 0xFC, 0x6C, 0xCA, 0xCC, 0x29, 0xC4, 0xB6, 0x5A, 0x30, 0x00},
    /* U+8D67 */ {0x13, 0x27, 0xF2, 0x13, 0xEF, 0xF0, 0x2B, 0xE6, 0xFA, 0x6F, 0xAA, 0xFE, 0x6B, 0x44, 0xBE, 0x53, 0xB0, 0x00},
    /* U+8D6B */ {0x10, 0x87, 0xBE, 0x10, 0x8F, 0xFF, 0x39, 0x47, 0xB6, 0x7F, 0x6F, 0xF7, 0x79, 0x45, 0xB4, 0x72, 0xC0, 0x00},
    /* U+8D6D */ {0x7F, 0xE1, 0x1E, 0x11, 0xCF, 0xFF, 0x39, 0x87, 0xFE, 0x7F, 0x2F, 0xFE, 0x7B, 0x25, 0xBE, 0x7B, 0x20, 0x00},
    /* U+8D70 */ {0x3F, 0xE0, 0x60, 0x06, 0x07, 0xFE, 0x06, 0x03, 0x60, 0x37, 0xE3, 0x60, 0x7E, 0x06, 0xE0, 0xC7, 0xF0, 0x00},
    /* U+8D73 */ {0x11, 0x67, 0xD6, 0x11, 0x6F, 0xF6, 0x11, 0x65, 0x16, 0x5F, 0xE5, 0x36, 0x70, 0x6F, 0x00, 0x9F, 0xF0, 0x00},
    /* U+8D74 */ {0x11, 0x87, 0xD8, 0x11, 0x8F, 0xFE, 0x11, 0xA5, 0x18, 0x5F, 0x87, 0x18, 0x71, 0x87, 0x80, 0xDF, 0xF0, 0x00},
    /* U+8D75 */ {0x10, 0x67, 0xF4, 0x11, 0x4F, 0xDC, 0x10, 0xC5, 0x1C, 0x5D, 0x65, 0x32, 0x72, 0x0F, 0x00, 0x9F, 0xF0, 0x00},
    /* U+8D76 */ {0x13, 0xE7, 0xC8, 0x10, 0x8F, 0xE8, 0x13, 0xF5, 0x08, 0x5C, 0x85, 0x08, 0x70, 0x87, 0x08, 0xDF, 0xF0, 0x00},
    /* U+8D77 */ {0x7F, 0xE1, 0x02, 0x10, 0x2F, 0xFE, 0x13, 0x25, 0x30, 0x5F, 0x05, 0x33, 0x71, 0xEF, 0x80, 0xDF, 0xF0, 0x00},
    /* U+8D81 */ {0x11, 0x87, 0xF6, 0x14, 0xAF, 0xF4, 0x10, 0xC5, 0x1A, 0x5E, 0x67, 0x1C, 0x73, 0x0F, 0x80, 0x9F, 0xF0, 0x00},
    /* U+8D84 */ {0x13, 0xE7, 0xF2, 0x13, 0xEF, 0xF2, 0x13, 0x25, 0x3E, 0x5F, 0x25, 0x32, 0x77, 0xFF, 0x80, 0xCF, 0xF0, 0x00},
    /* U+8D85 */ {0x11, 0xA7, 0xD2, 0x11, 0x2F, 0xEE, 0x12, 0x05, 0x3E, 0x5E, 0x25, 0x22, 0x73, 0xEF, 0x80, 0xDF, 0xF0, 0x00},
    /* U+8D8A */ {0x10, 0xA7, 0xFF, 0x12, 0x8F, 0xEE, 0x12, 0xE5, 0x2E, 0x5F, 0xC5, 0x6D, 0x71, 0xEF, 0x80, 0x9F, 0xF0, 0x00},
    /* U+8D8B */ {0x13, 0xE7, 0xE4, 0x16, 0xCF, 0xFE, 0x10, 0x25, 0xFE, 0x50, 0x27, 0x3E, 0x70, 0x0D, 0x80, 0xCF, 0xF0, 0x00},
    /* U+8D91 */ {0x35, 0x07, 0xFE, 0x33, 0xAF, 0xAE, 0x12, 0x85, 0x6C, 0x5D, 0xC7, 0x56, 0x73, 0x27, 0xA0, 0xCF, 0xF0, 0x00},
    /* U+8D94 */ {0x37, 0xE7, 0xA6, 0x27, 0xEF, 0xD6, 0x37, 0x67, 0x36, 0x7A, 0x67, 0x62, 0x74, 0x6F, 0x00, 0xDF, 0xF0, 0x00},
    /* U+8D9F */ {0x32, 0xA7, 0xAE, 0x33, 0xEF, 0xE2, 0x17, 0xE5, 0x76, 0x5F, 0xE7, 0x72, 0x76, 0x6F, 0x80, 0x8F, 0xF0, 0x00},
    /* U+8DA3 */ {0x7D, 0xE3, 0x52, 0x37, 0xAF, 0xDE, 0x17, 0x65, 0x56, 0x5D, 0xE7, 0x7E, 0x71, 0x8F, 0x80, 0x9F, 0xF0, 0x00},
    /* U+8DB1 */ {0x37, 0xE7, 0xFF, 0x37, 0xEF, 0xDA, 0x17, 0xE5, 0x62, 0x5F, 0xA7, 0x7A, 0x73, 0xEF, 0x62, 0x9F, 0xF0, 0x00},
    /* U+8DB3 */ {0x3F, 0xC2, 0x04, 0x20, 0x43, 0xFC, 0x06, 0x03, 0x60, 0x37, 0xE3, 0x60, 0x3E, 0x06, 0xE0, 0x47, 0xF0, 0x00},
    /* U+8DB4 */ {0x7B, 0x44, 0xB4, 0x4B, 0x47, 0xA4, 0x32, 0x47, 0xA4, 0x72, 0x47, 0x66, 0x7E, 0x2F, 0x43, 0x04, 0x20, 0x00},
    /* U+8DB5 */ {0x4A, 0x04, 0xBE, 0x4E, 0x27, 0xC2, 0x12, 0x25, 0x92, 0x50, 0xA5, 0x02, 0x78, 0x2F, 0x06, 0x01, 0xC0, 0x00},
    /* U+8DB8 */ {0x7F, 0xE1, 0xFC, 0x10, 0x47, 0x3C, 0x7F, 0xC2, 0x04, 0x3F, 0xC1, 0x60, 0x37, 0xE7, 0xE0, 0x4F, 0xF0, 0x00},
    /* U+8DBA */ {0x49, 0x84, 0xFE, 0x49, 0x87, 0x98, 0x31, 0x87, 0x7F, 0x71, 0x87, 0x1C, 0x7B, 0x4F, 0x66, 0x0C, 0x30, 0x00},
    /* U+8DBC */ {0x7F, 0xE4, 0xB4, 0x7B, 0x43, 0x34, 0x77, 0xF7, 0xA4, 0x72, 0x47, 0x24, 0x7E, 0x4F, 0x64, 0x04, 0x40, 0x00},
    /* U+8DBE */ {0x78, 0x84, 0x88, 0x4A, 0x87, 0xA8, 0x12, 0xE5, 0xA8, 0x52, 0x85, 0x28, 0x7A, 0x87, 0xA8, 0x4F, 0xF0, 0x00},
    /* U+8DBF */ {0x7F, 0xC4, 0xA4, 0x4A, 0xC7, 0xAE, 0x33, 0x27, 0xB2, 0x77, 0xE7, 0x6C, 0x7C, 0xCF, 0xDE, 0x0B, 0x30, 0x00},
    /* U+8DC3 */ {0x7B, 0xE4, 0xB8, 0x48, 0x87, 0x98, 0x37, 0xE7, 0x98, 0x71, 0xC7, 0x14, 0x7B, 0x4F, 0x66, 0x04, 0x30, 0x00},
    /* U+8DC4 */ {0x79, 0x84, 0xBC, 0x4E, 0x47, 0xFF, 0x32, 0x47, 0xA4, 0x72, 0x47, 0x3C, 0x7A, 0x2F, 0xA2, 0x43, 0xE0, 0x00},
    /* U+8DC6 */ {0x79, 0x04, 0xB4, 0x4A, 0x67, 0xFE, 0x27, 0xF7, 0x80, 0x67, 0xE7, 0x62, 0x7E, 0x2E, 0x7E, 0x04, 0x20, 0x00},
    /* U+8DCB */ {0x7B, 0x44, 0xB2, 0x7F, 0xE3, 0x30, 0x33, 0xE7, 0x32, 0x7B, 0x67, 0x3C, 0x7E, 0xC7, 0xDE, 0x0F, 0x20, 0x00},
    /* U+8DCC */ {0x4F, 0x84, 0xFE, 0x4D, 0x87, 0xD8, 0x31, 0x87, 0xFF, 0x71, 0x87, 0x1C, 0x7B, 0x4F, 0x66, 0x0C, 0x30, 0x00},
    /* U+8DCE */ {0x48, 0x84, 0xFF, 0x4C, 0x37, 0xA0, 0x32, 0x67, 0xBC, 0x73, 0x07, 0x20, 0x7A, 0x3F, 0x23, 0x03, 0xE0, 0x00},
    /* U+8DCF */ {0x54, 0xE5, 0x4A, 0x5F, 0xA7, 0x5A, 0x25, 0xA7, 0x5A, 0x65, 0xA6, 0x5A, 0x7D, 0xAF, 0xBE, 0x0E, 0xA0, 0x00},
    /* U+8DD1 */ {0x7B, 0xE4, 0xE2, 0x4C, 0x27, 0xFA, 0x36, 0xA7, 0xEA, 0x77, 0xA7, 0x6E, 0x7E, 0x0F, 0x63, 0x03, 0xE0, 0x00},
    /* U+8DD6 */ {0x7F, 0xF4, 0x90, 0x79, 0x01, 0x30, 0x53, 0xE5, 0xE2, 0x56, 0x25, 0x62, 0x7A, 0x2E, 0x3E, 0x02, 0x20, 0x00},
    /* U+8DD7 */ {0x7A, 0x65, 0xE6, 0x5F, 0xF7, 0xE6, 0x3F, 0x67, 0xFE, 0x76, 0xE7, 0x66, 0x7E, 0x6F, 0x66, 0x06, 0xC0, 0x00},
    /* U+8DDA */ {0x5F, 0xE5, 0xFA, 0x5F, 0xA7, 0xFA, 0x2F, 0xF7, 0xFA, 0x67, 0xA6, 0x7A, 0x7F, 0xAF, 0xBA, 0x0B, 0x60, 0x00},
    /* U+8DDB */ {0x48, 0x84, 0xFF, 0x5C, 0xA7, 0xCA, 0x37, 0xE7, 0x62, 0x7F, 0x67, 0x54, 0x7D, 0xC7, 0xDC, 0x0E, 0x20, 0x00},
    /* U+8DDD */ {0x7F, 0xF4, 0xE0, 0x4E, 0x07, 0xFE, 0x36, 0x27, 0xE2, 0x77, 0xE7, 0x60, 0x7E, 0x0E, 0x7F, 0x00, 0x00, 0x00},
    /* U+8DDE */ {0x7F, 0xC4, 0xE0, 0x4C, 0x87, 0xD8, 0x37, 0xE7, 0x88, 0x72, 0xE7, 0x6A, 0x7C, 0xAF, 0xCB, 0x03, 0x80, 0x00},
    /* U+8DDF */ {0x7F, 0xE4, 0xE2, 0x4F, 0xE7, 0xE2, 0x77, 0xE7, 0xF8, 0x76, 0xE7, 0x6C, 0x7E, 0x4F, 0x7E, 0x06, 0x30, 0x00},
    /* U+8DE3 */ {0x4A, 0x84, 0xFE, 0x4E, 0x87, 0xC8, 0x20, 0x87, 0xFF, 0x63, 0xC6, 0x3C, 0x7A, 0xCE, 0x6D, 0x04, 0x60, 0x00},
    /* U+8DE4 */ {0x78, 0x84, 0xFE, 0x4B, 0x47, 0xA2, 0x36, 0x77, 0xB4, 0x71, 0xC7, 0x18, 0x79, 0xCF, 0x36, 0x06, 0x20, 0x00},
    /* U+8DE8 */ {0x79, 0x84, 0xFF, 0x4E, 0x47, 0xFE, 0x30, 0x07, 0xFE, 0x72, 0x07, 0x3E, 0x78, 0x6F, 0x06, 0x01, 0xC0, 0x00},
    /* U+8DEA */ {0x5B, 0xC5, 0xEC, 0x7F, 0xF2, 0xC0, 0x25, 0xE6, 0x52, 0x7D, 0x26, 0x56, 0x7D, 0x0F, 0xD3, 0x09, 0xE0, 0x00},
    /* U+8DEB */ {0x7A, 0x43, 0x34, 0x3F, 0xFF, 0xC6, 0x04, 0x03, 0xFC, 0x3F, 0xC1, 0x60, 0x37, 0xE7, 0xE0, 0x4F, 0xF0, 0x00},
    /* U+8DEC */ {0x48, 0x84, 0xFE, 0x48, 0x87, 0x88, 0x37, 0xF7, 0x88, 0x70, 0x87, 0x7E, 0x78, 0x87, 0x88, 0xC7, 0xF0, 0x00},
    /* U+8DEF */ {0x4B, 0xE4, 0xB4, 0x4F, 0xC7, 0xD8, 0x11, 0xC5, 0xF7, 0x57, 0xE5, 0x22, 0x5A, 0x2F, 0x22, 0x03, 0xE0, 0x00},
    /* U+8DF3 */ {0x7B, 0x85, 0xFA, 0x5F, 0xE7, 0xFC, 0x23, 0xC7, 0xBC, 0x67, 0xE6, 0xA8, 0x7A, 0x8F, 0x6D, 0x0C, 0xE0, 0x00},
    /* U+8DF5 */ {0x79, 0xC4, 0x96, 0x4F, 0xE7, 0x90, 0x33, 0xE7, 0xFA, 0x71, 0xE7, 0x0C, 0x79, 0x8F, 0x7F, 0x04, 0x60, 0x00},
    /* U+8DF7 */ {0x5B, 0xE5, 0xFE, 0x79, 0xC2, 0x3B, 0x66, 0x67, 0x80, 0x7F, 0xE6, 0x3C, 0x7A, 0xCF, 0x6F, 0x0C, 0x60, 0x00},
    /* U+8DF8 */ {0x54, 0xA5, 0x7E, 0x74, 0x82, 0x7B, 0x2F, 0xE7, 0xC0, 0x61, 0x86, 0xFF, 0x71, 0x8F, 0x18, 0x01, 0x80, 0x00},
    /* U+8DF9 */ {0x5D, 0xC5, 0x4C, 0x54, 0xC7, 0x3F, 0x24, 0xC7, 0x4C, 0x64, 0xC6, 0x4C, 0x7C, 0xCF, 0xE0, 0x09, 0xF0, 0x00},
    /* U+8DFA */ {0x7A, 0x44, 0xA4, 0x4A, 0x47, 0xE6, 0x35, 0x87, 0xFE, 0x71, 0x87, 0x3C, 0x7F, 0xEE, 0xDB, 0x01, 0x80, 0x00},
    /* U+8DFB */ {0x7F, 0xF4, 0xA6, 0x4B, 0x47, 0x98, 0x77, 0xE7, 0xE6, 0x73, 0x47, 0x24, 0x7A, 0x4F, 0x64, 0x04, 0x40, 0x00},
    /* U+8DFD */ {0x7F, 0xE4, 0x82, 0x4F, 0xE7, 0xE2, 0x36, 0x27, 0xBE, 0x71, 0xA7, 0x6A, 0x7E, 0x2F, 0xE7, 0x03, 0xC0, 0x00},
    /* U+8E05 */ {0x7B, 0x03, 0xBF, 0xFA, 0x43, 0x64, 0x64, 0x43, 0xFC, 0x20, 0x43, 0xFC, 0x37, 0xE7, 0xE0, 0x47, 0xF0, 0x00},
    /* U+8E09 */ {0x7F, 0xE4, 0xC2, 0x4C, 0x27, 0xFE, 0x34, 0x27, 0xFE, 0x74, 0xA7, 0x4E, 0x7C, 0xCF, 0x7E, 0x06, 0x20, 0x00},
    /* U+8E0A */ {0x7F, 0xE4, 0xBC, 0x49, 0x87, 0xFE, 0x35, 0xA7, 0xFE, 0x75, 0xA7, 0x7E, 0x7D, 0xAF, 0x5A, 0x05, 0xE0, 0x00},
    /* U+8E0C */ {0x7F, 0xE5, 0x90, 0x7F, 0xE2, 0x30, 0x2F, 0xF6, 0x24, 0x7B, 0xF6, 0x74, 0x7D, 0x4F, 0x84, 0x00, 0xC0, 0x00},
    /* U+8E0F */ {0x78, 0xA4, 0xFE, 0x4A, 0xC7, 0xEE, 0x65, 0xB7, 0xFE, 0x66, 0x26, 0x7E, 0x7E, 0x2E, 0x62, 0x07, 0xE0, 0x00},
    /* U+8E14 */ {0x79, 0xF4, 0x98, 0x4F, 0xE7, 0xC2, 0x37, 0xE7, 0x42, 0x7F, 0xE7, 0x18, 0x7F, 0xFF, 0x18, 0x01, 0x80, 0x00},
    /* U+8E1D */ {0x5D, 0xA5, 0xDA, 0x5F, 0xE7, 0xDA, 0x27, 0xE7, 0x98, 0x7F, 0xF6, 0x3C, 0x7B, 0xEF, 0xDB, 0x09, 0x80, 0x00},
    /* U+8E1E */ {0x7C, 0x25, 0xC2, 0x5F, 0xE7, 0xC8, 0x27, 0xF7, 0xC8, 0x64, 0x86, 0x7E, 0x7E, 0x2F, 0xE2, 0x0B, 0xE0, 0x00},
    /* U+8E1F */ {0x54, 0xE5, 0xFA, 0x7E, 0xA2, 0x2A, 0x2F, 0xA6, 0x6A, 0x76, 0xA6, 0x6A, 0x75, 0xAF, 0xDE, 0x08, 0xA0, 0x00},
    /* U+8E22 */ {0x7C, 0x24, 0xFE, 0x4C, 0x27, 0xFE, 0x62, 0x07, 0xFE, 0x6D, 0xE6, 0xAA, 0x7E, 0xAF, 0xD2, 0x01, 0xE0, 0x00},
    /* U+8E23 */ {0x7F, 0xE4, 0xA0, 0x7A, 0x42, 0x24, 0x67, 0xF7, 0x80, 0x63, 0xE6, 0x62, 0x7E, 0x2E, 0x7E, 0x06, 0x20, 0x00},
    /* U+8E29 */ {0x5F, 0xE5, 0x52, 0x55, 0xE7, 0x64, 0x21, 0x87, 0xFE, 0x61, 0xC6, 0x3C, 0x7F, 0xEF, 0x5B, 0x01, 0x80, 0x00},
    /* U+8E2A */ {0x79, 0x85, 0xFF, 0x5C, 0x37, 0xBC, 0x30, 0x07, 0xFF, 0x70, 0x87, 0x2E, 0x7E, 0xAF, 0xCB, 0x03, 0x80, 0x00},
    /* U+8E2C */ {0x7F, 0xC5, 0xC8, 0x5F, 0xE7, 0xC8, 0x37, 0xE7, 0xFA, 0x77, 0xA7, 0x7A, 0x7F, 0xEF, 0xDE, 0x0B, 0x20, 0x00},
    /* U+8E2E */ {0x7F, 0xF4, 0xC8, 0x4C, 0x87, 0xCF, 0x34, 0x87, 0xC8, 0x77, 0xE7, 0x72, 0x7F, 0x2F, 0xFE, 0x0B, 0x20, 0x00},
    /* U+8E2F */ {0x7F, 0xA5, 0xFA, 0x56, 0xA7, 0x6E, 0x26, 0xA7, 0xFA, 0x66, 0xB6, 0x6B, 0x7D, 0xEE, 0x98, 0x08, 0x80, 0x00},
    /* U+8E31 */ {0x7F, 0xF5, 0xD4, 0x5F, 0xF7, 0xD6, 0x25, 0xE7, 0xC0, 0x67, 0xE6, 0x56, 0x7D, 0xCF, 0xBE, 0x0A, 0x30, 0x00},
    /* U+8E35 */ {0x7F, 0xC5, 0xFE, 0x59, 0x87, 0xFE, 0x37, 0xE7, 0xDA, 0x77, 0xE7, 0x18, 0x7F, 0xEF, 0x18, 0x0F, 0xF0, 0x00},
    /* U+8E39 */ {0x7D, 0xA5, 0xDA, 0x5F, 0xE7, 0x80, 0x3F, 0xF7, 0x90, 0x77, 0xE7, 0x5E, 0x7D, 0xEF, 0xDE, 0x05, 0x60, 0x00},
    /* U+8E3A */ {0x7F, 0xE5, 0x4A, 0x57, 0xF7, 0xFE, 0x22, 0x87, 0x3E, 0x6E, 0x86, 0xFE, 0x74, 0x8F, 0xF8, 0x09, 0xF0, 0x00},
    /* U+8E3D */ {0x4F, 0xC4, 0xFE, 0x4D, 0xA7, 0xDA, 0x27, 0xE6, 0x18, 0x7F, 0xE6, 0x5E, 0x7F, 0xEF, 0x42, 0x04, 0x60, 0x00},
    /* U+8E40 */ {0x7F, 0x64, 0xFF, 0x4F, 0x67, 0xFC, 0x37, 0xE7, 0x98, 0x77, 0xF7, 0x1C, 0x7B, 0xCF, 0x7A, 0x05, 0x80, 0x00},
    /* U+8E41 */ {0x7F, 0xE5, 0xC2, 0x5F, 0xE7, 0xC0, 0x27, 0xE7, 0xF6, 0x67, 0x66, 0x7E, 0x7F, 0x6F, 0xF6, 0x0A, 0x60, 0x00},
    /* U+8E42 */ {0x7B, 0xC5, 0x98, 0x5F, 0xF7, 0xBA, 0x37, 0x87, 0x98, 0x77, 0xF7, 0x3C, 0x7B, 0xEE, 0xDB, 0x01, 0x80, 0x00},
    /* U+8E44 */ {0x7F, 0xE5, 0xA4, 0x5A, 0x47, 0xFF, 0x35, 0xB7, 0xFE, 0x77, 0xA7, 0x7A, 0x7F, 0xAF, 0xDE, 0x01, 0x80, 0x00},
    /* U+8E47 */ {0x7F, 0xE7, 0xFE, 0x19, 0x83, 0xFC, 0x7F, 0xE3, 0xFC, 0x70, 0xE1, 0xF8, 0x37, 0xC3, 0xE0, 0x4F, 0xE0, 0x00},
    /* U+8E48 */ {0x7F, 0xC5, 0xD2, 0x7F, 0xE2, 0x24, 0x67, 0xE7, 0xC2, 0x64, 0x26, 0x7E, 0x7C, 0x2E, 0x7E, 0x04, 0x20, 0x00},
    /* U+8E49 */ {0x52, 0x45, 0xFE, 0x51, 0x07, 0x7E, 0x21, 0x06, 0xFF, 0x63, 0x06, 0x3E, 0x76, 0x8F, 0xC8, 0xCF, 0xF0, 0x00},
    /* U+8E4A */ {0x7F, 0xE5, 0x52, 0x57, 0xC7, 0x34, 0x27, 0xC7, 0xB6, 0x67, 0xE6, 0x7F, 0x79, 0x8F, 0x66, 0x0C, 0x30, 0x00},
    /* U+8E4B */ {0x7E, 0x24, 0xFE, 0x5E, 0x27, 0xFE, 0x27, 0xE7, 0x92, 0x65, 0xA6, 0x76, 0x7F, 0xEE, 0x52, 0x03, 0x60, 0x00},
    /* U+8E51 */ {0x54, 0x65, 0x7E, 0x54, 0x67, 0x7E, 0x27, 0xF7, 0x00, 0x7F, 0xE6, 0xAA, 0x76, 0xEF, 0x7E, 0x09, 0xB0, 0x00},
    /* U+8E52 */ {0x5F, 0xF5, 0x24, 0x5F, 0xE7, 0x18, 0x27, 0xE7, 0xFA, 0x67, 0xE6, 0x7E, 0x7E, 0xEF, 0x42, 0x04, 0x60, 0x00},
    /* U+8E59 */ {0x7F, 0xE6, 0xFE, 0x7F, 0xC5, 0xCE, 0x7B, 0x63, 0xFC, 0x20, 0x43, 0xFC, 0x37, 0xE7, 0xE0, 0xCF, 0xF0, 0x00},
    /* U+8E66 */ {0x5D, 0xA5, 0xFE, 0x50, 0x07, 0xFE, 0x2D, 0xA7, 0xFE, 0x6D, 0xA6, 0xFE, 0x79, 0xAF, 0xBA, 0x0B, 0xE0, 0x00},
    /* U+8E69 */ {0x39, 0xF7, 0xF6, 0x7F, 0xC7, 0xCC, 0x57, 0x73, 0xFC, 0x20, 0x43, 0xFC, 0x37, 0xE7, 0xE0, 0x47, 0xE0, 0x00},
    /* U+8E6C */ {0x7B, 0xC4, 0xE6, 0x7E, 0x63, 0x7E, 0x3F, 0xF7, 0xE6, 0x76, 0x67, 0x7E, 0x7A, 0x4F, 0x2C, 0x0F, 0xF0, 0x00},
    /* U+8E6D */ {0x5A, 0x45, 0xFE, 0x5F, 0xE7, 0xFE, 0x27, 0xE7, 0x80, 0x67, 0xE6, 0x66, 0x7F, 0xEF, 0x7E, 0x04, 0x20, 0x00},
    /* U+8E6F */ {0x5F, 0xA5, 0xBE, 0x5F, 0xF7, 0xBC, 0x27, 0xE7, 0xCB, 0x67, 0xE6, 0x5A, 0x7F, 0xEF, 0x5A, 0x07, 0xE0, 0x00},
    /* U+8E70 */ {0x7F, 0xF5, 0xFA, 0x58, 0x27, 0xFF, 0x2D, 0x27, 0xDA, 0x6F, 0xE6, 0xB6, 0x7B, 0x2F, 0xFA, 0x1C, 0x60, 0x00},
    /* U+8E72 */ {0x7A, 0xC5, 0xFE, 0x5F, 0xE7, 0xDE, 0x36, 0x27, 0xFE, 0x77, 0xE7, 0xFF, 0x7A, 0x4F, 0x34, 0x01, 0xC0, 0x00},
    /* U+8E74 */ {0x76, 0x65, 0xF6, 0x5F, 0xF7, 0xD4, 0x2D, 0x47, 0xFC, 0x66, 0xC6, 0xFC, 0x7F, 0xDF, 0xFD, 0x0D, 0x60, 0x00},
    /* U+8E76 */ {0x7F, 0xF5, 0xDC, 0x5B, 0x47, 0xFF, 0x2F, 0xF7, 0xFE, 0x6F, 0xE6, 0xFE, 0x7A, 0x6F, 0xAE, 0x1C, 0x90, 0x00},
    /* U+8E7C */ {0x57, 0xE5, 0xFF, 0x52, 0x47, 0x24, 0x2F, 0xE7, 0x18, 0x67, 0xE6, 0xFF, 0x71, 0x8F, 0x66, 0x0C, 0x30, 0x00},
    /* U+8E7F */ {0x5F, 0xE5, 0xFF, 0x5F, 0xE7, 0x7E, 0x25, 0xA7, 0xFE, 0x61, 0x86, 0x7E, 0x65, 0xAF, 0xFE, 0xC1, 0x80, 0x00},
    /* U+8E81 */ {0x5A, 0x45, 0xBC, 0x58, 0x07, 0xFE, 0x2D, 0xA7, 0xFE, 0x6F, 0xF6, 0x3C, 0x7F, 0xCF, 0xDB, 0x01, 0x80, 0x00},
    /* U+8E85 */ {0x7D, 0xA5, 0xDA, 0x5F, 0xE7, 0xFE, 0x2D, 0x27, 0xFE, 0x65, 0x66, 0x7E, 0x7B, 0xEE, 0x7E, 0x00, 0x60, 0x00},
    /* U+8E87 */ {0x7F, 0xF5, 0xB4, 0x59, 0x27, 0xFE, 0x2F, 0xF7, 0x90, 0x67, 0xE6, 0xE2, 0x7B, 0xEF, 0x22, 0x03, 0xE0, 0x00},
    /* U+8E8F */ {0x5F, 0xF5, 0x24, 0x57, 0xE7, 0x7A, 0x2F, 0xE7, 0xEA, 0x6F, 0xE6, 0xFE, 0x7E, 0xAF, 0xFE, 0x0C, 0x60, 0x00},
    /* U+8E90 */ {0x5D, 0x45, 0x5E, 0x57, 0xE7, 0x7A, 0x27, 0xE7, 0xFE, 0x67, 0xE6, 0x76, 0x7F, 0xEF, 0xF7, 0x0F, 0xB0, 0x00},
    /* U+8E94 */ {0x5F, 0xF5, 0xFE, 0x5F, 0xE7, 0xFE, 0x2D, 0xC7, 0xDC, 0x6F, 0xF6, 0xFA, 0x7B, 0xEE, 0x88, 0x0F, 0xF0, 0x00},
    /* U+8E9C */ {0x7F, 0xE5, 0xFF, 0x56, 0xE7, 0xFB, 0x22, 0xB7, 0x7E, 0x65, 0x26, 0x52, 0x75, 0x2F, 0x3C, 0x0C, 0x20, 0x00},
    /* U+8E9E */ {0x77, 0xA5, 0xFF, 0x5C, 0x67, 0xDE, 0x2F, 0xE7, 0xBF, 0x60, 0x06, 0xFE, 0x76, 0xCF, 0x3C, 0x0E, 0x60, 0x00},
    /* U+8EAB */ {0x3F, 0x83, 0x0C, 0x3F, 0xC3, 0x0C, 0x3F, 0xE3, 0x0C, 0x7F, 0xC0, 0x3C, 0x0E, 0xC3, 0x8C, 0x63, 0x80, 0x00},
    /* U+8EAC */ {0x7B, 0xE4, 0xC2, 0x7F, 0xE4, 0xE0, 0x7E, 0x04, 0xE0, 0x7F, 0xE1, 0xC2, 0x2C, 0x2C, 0xC6, 0x19, 0xC0, 0x00},
    /* U+8EAF */ {0x7B, 0xF4, 0xA2, 0x7B, 0x24, 0xBE, 0x7A, 0xC4, 0xAC, 0xFA, 0xE3, 0xBA, 0x6B, 0x2C, 0xA0, 0x1B, 0xF0, 0x00},
    /* U+8EB2 */ {0x7B, 0x44, 0xA4, 0x7A, 0x44, 0xE6, 0x7D, 0x84, 0xFE, 0xF9, 0xC3, 0xBC, 0x6B, 0xEC, 0xDA, 0x19, 0x80, 0x00},
    /* U+8EBA */ {0x7E, 0xA4, 0xAE, 0x78, 0x84, 0xFE, 0x7E, 0x24, 0xFE, 0xFF, 0x63, 0xF6, 0x2F, 0xE4, 0xE2, 0x1E, 0x60, 0x00},
    /* U+8ECE */ {0x7F, 0xE3, 0xFC, 0x26, 0x63, 0xFE, 0x3F, 0xE0, 0x60, 0xFF, 0xF3, 0xFC, 0x20, 0x43, 0xFC, 0x20, 0x40, 0x00},
    /* U+8F66 */ {0x08, 0x07, 0xFE, 0x10, 0x03, 0x20, 0x22, 0x03, 0xFC, 0x02, 0x00, 0x20, 0xFF, 0xF0, 0x20, 0x02, 0x00, 0x00},
    /* U+8F67 */ {0x31, 0x0F, 0xF0, 0x21, 0x07, 0x90, 0x7D, 0x01, 0x90, 0x19, 0x07, 0xD3, 0xF9, 0x31, 0x92, 0x19, 0xE0, 0x00},
    /* U+8F68 */ {0x31, 0x0F, 0xD0, 0x27, 0xC7, 0x14, 0x51, 0x47, 0xD4, 0x13, 0x43, 0xF4, 0xF2, 0x51, 0x67, 0x14, 0x60, 0x00},
    /* U+8F69 */ {0x23, 0xEF, 0xC8, 0x60, 0x85, 0x08, 0x7F, 0xF1, 0x08, 0x1C, 0x87, 0xC8, 0x50, 0x81, 0x08, 0x10, 0x80, 0x00},
    /* U+8F6B */ {0x37, 0xEF, 0xCA, 0x72, 0xA5, 0x2A, 0x7F, 0xA1, 0x7A, 0x11, 0xA7, 0x92, 0xD3, 0x21, 0x66, 0x14, 0xE0, 0x00},
    /* U+8F6C */ {0xFF, 0xE2, 0x18, 0x71, 0x05, 0x7F, 0x53, 0x07, 0xBE, 0x10, 0x63, 0xCC, 0xF1, 0x81, 0x0C, 0x10, 0x40, 0x00},
    /* U+8F6D */ {0xFF, 0xF2, 0x60, 0x77, 0xE5, 0x72, 0x7F, 0x21, 0x72, 0x17, 0x67, 0xD0, 0xF5, 0x31, 0x53, 0x15, 0xE0, 0x00},
    /* U+8F6E */ {0x21, 0x8F, 0xBC, 0x66, 0x67, 0x62, 0x7A, 0x41, 0x3C, 0x13, 0x07, 0xA0, 0xF2, 0x21, 0x22, 0x13, 0xE0, 0x00},
    /* U+8F6F */ {0x31, 0x0F, 0xFF, 0x32, 0x27, 0x6A, 0x7C, 0x81, 0x08, 0x19, 0xCF, 0xDC, 0x53, 0x41, 0x26, 0x16, 0x30, 0x00},
    /* U+8F70 */ {0x7F, 0xE3, 0x20, 0x3F, 0xC0, 0x20, 0x7F, 0xF0, 0x20, 0x7F, 0xE6, 0x96, 0x39, 0xC3, 0xBE, 0xC7, 0x30, 0x00},
    /* U+8F71 */ {0xFC, 0x82, 0x08, 0x67, 0xF5, 0x08, 0x78, 0x81, 0x3E, 0x1E, 0x2F, 0xE2, 0x52, 0x21, 0x3E, 0x12, 0x20, 0x00},
    /* U+8F72 */ {0xF7, 0xF6, 0x02, 0x73, 0xA5, 0x2A, 0x7A, 0xA1, 0x2A, 0x1F, 0xAF, 0xE2, 0x50, 0x21, 0x02, 0x10, 0xE0, 0x00},
    /* U+8F73 */ {0xF8, 0xE2, 0x08, 0x73, 0xE5, 0x22, 0x7E, 0x21, 0x3E, 0x1E, 0x2F, 0xE0, 0x56, 0x01, 0x40, 0x14, 0x00, 0x00},
    /* U+8F74 */ {0xF8, 0x82, 0x08, 0x67, 0xE5, 0x6A, 0x7E, 0xA1, 0x7E, 0x1E, 0xA7, 0xEA, 0x56, 0xA1, 0x7E, 0x16, 0x20, 0x00},
    /* U+8F75 */ {0xFF, 0xE2, 0x62, 0x76, 0x25, 0x62, 0x7E, 0x21, 0x7E, 0x18, 0x07, 0xA4, 0x52, 0x61, 0x62, 0x14, 0x20, 0x00},
    /* U+8F76 */ {0x22, 0x8F, 0xFE, 0x76, 0x85, 0x48, 0x78, 0x81, 0x7F, 0x19, 0x8F, 0x9C, 0x51, 0x41, 0x26, 0x14, 0x30, 0x00},
    /* U+8F77 */ {0x27, 0xEF, 0x88, 0x72, 0xA5, 0x2A, 0x7A, 0xC1, 0x7F, 0x10, 0x87, 0x88, 0x50, 0x81, 0x08, 0x13, 0x80, 0x00},
    /* U+8F78 */ {0x21, 0x8F, 0xBC, 0x26, 0x65, 0x58, 0x7A, 0x41, 0x08, 0x1B, 0x27, 0xE6, 0x50, 0xC1, 0x38, 0x16, 0x00, 0x00},
    /* U+8F79 */ {0x27, 0xCF, 0xE8, 0x66, 0x87, 0x48, 0x7F, 0xE1, 0x08, 0x1A, 0xCF, 0xEA, 0x74, 0xA1, 0x4B, 0x13, 0x80, 0x00},
    /* U+8F7A */ {0x27, 0xEF, 0x92, 0x61, 0x25, 0x32, 0x7E, 0xE1, 0x00, 0x13, 0xE7, 0xA2, 0x72, 0x21, 0x3E, 0x12, 0x20, 0x00},
    /* U+8F7B */ {0x27, 0xEF, 0x84, 0x70, 0xC5, 0x1C, 0x7F, 0x65, 0x40, 0x13, 0xE3, 0x88, 0xF0, 0x81, 0x08, 0x17, 0xF0, 0x00},
    /* U+8F7C */ {0x20, 0xEE, 0x7F, 0x70, 0xC5, 0x0C, 0x7F, 0xC1, 0x2C, 0x1A, 0xCF, 0xA4, 0x52, 0x51, 0x7F, 0x14, 0x60, 0x00},
    /* U+8F7D */ {0x7F, 0x61, 0x90, 0xFF, 0xF3, 0x1A, 0x7F, 0xE2, 0x9C, 0x7E, 0xC0, 0x8C, 0x7F, 0x97, 0x9F, 0x0A, 0x60, 0x00},
    /* U+8F7E */ {0x27, 0xFF, 0x94, 0x73, 0x67, 0x7E, 0x78, 0x81, 0x08, 0x1F, 0xEF, 0x88, 0x70, 0x81, 0x08, 0x17, 0xF0, 0x00},
    /* U+8F7F */ {0xFF, 0xC2, 0x18, 0x77, 0xF5, 0x34, 0x7E, 0x21, 0x77, 0x1B, 0x4F, 0xB4, 0x52, 0x41, 0x64, 0x14, 0x40, 0x00},
    /* U+8F81 */ {0x21, 0x8F, 0xBC, 0x66, 0x65, 0x7F, 0x79, 0x87, 0x98, 0x17, 0xE7, 0x98, 0xF1, 0x81, 0x18, 0x17, 0xF0, 0x00},
    /* U+8F82 */ {0x23, 0xEF, 0xF6, 0x75, 0xC5, 0x1C, 0x7F, 0xE1, 0x63, 0x13, 0xE7, 0xA2, 0x72, 0x21, 0x3E, 0x12, 0x20, 0x00},
    /* U+8F83 */ {0x20, 0x8F, 0xFE, 0x73, 0x45, 0x22, 0x7E, 0x71, 0x14, 0x11, 0xCF, 0x98, 0x51, 0xC1, 0x36, 0x16, 0x20, 0x00},
    /* U+8F84 */ {0x2F, 0xFF, 0xD4, 0x47, 0x47, 0x54, 0x75, 0x4F, 0xF4, 0x35, 0x47, 0xD4, 0xF7, 0xD3, 0xF5, 0x31, 0x60, 0x00},
    /* U+8F85 */ {0x20, 0xAF, 0xFF, 0x60, 0x85, 0x7E, 0x56, 0xA7, 0xFE, 0x16, 0xA3, 0xFE, 0xF6, 0xA1, 0x6A, 0x16, 0xE0, 0x00},
    /* U+8F86 */ {0x2F, 0xFF, 0x98, 0x41, 0x87, 0x7E, 0x77, 0xAF, 0xFE, 0x37, 0xE7, 0xFE, 0xF6, 0xA3, 0x42, 0x34, 0x60, 0x00},
    /* U+8F87 */ {0x7F, 0xE7, 0xFE, 0x39, 0xC6, 0xF6, 0x0C, 0x27, 0xFE, 0x32, 0x03, 0xFE, 0xFF, 0xF0, 0x20, 0x02, 0x00, 0x00},
    /* U+8F88 */ {0x7F, 0xE7, 0xFE, 0x0F, 0x07, 0xFE, 0x08, 0x07, 0xFE, 0x32, 0x03, 0xFC, 0x02, 0x0F, 0xFF, 0x02, 0x00, 0x00},
    /* U+8F89 */ {0x6F, 0xF7, 0xD3, 0x77, 0xE7, 0xB0, 0x7A, 0x85, 0x7E, 0x50, 0x85, 0x88, 0x5F, 0xF5, 0x08, 0x80, 0x80, 0x00},
    /* U+8F8A */ {0x26, 0x2F, 0xFE, 0x76, 0x25, 0x7E, 0x78, 0x01, 0x6E, 0x1F, 0xE7, 0xEC, 0x56, 0xC1, 0x7F, 0x17, 0x60, 0x00},
    /* U+8F8B */ {0x27, 0xEF, 0xD6, 0x65, 0xE7, 0x7E, 0x55, 0xAF, 0xFE, 0x15, 0x23, 0xD2, 0xF5, 0xE1, 0x42, 0x14, 0x60, 0x00},
    /* U+8F8D */ {0x2F, 0xEF, 0xFA, 0x46, 0x66, 0x7E, 0x6D, 0x8F, 0xFE, 0x23, 0xA3, 0xEE, 0xF6, 0x42, 0xDE, 0x39, 0xB0, 0x00},
    /* U+8F8E */ {0x27, 0xAF, 0xD6, 0x65, 0x45, 0x6A, 0x7A, 0xA1, 0xFE, 0x1C, 0xAF, 0xFE, 0x74, 0xA1, 0x4A, 0x17, 0xE0, 0x00},
    /* U+8F8F */ {0xFF, 0xE2, 0x18, 0x77, 0xE7, 0x10, 0x57, 0xF7, 0xBE, 0x17, 0xB7, 0xBE, 0x51, 0xC1, 0x76, 0x14, 0x30, 0x00},
    /* U+8F90 */ {0xFF, 0xF6, 0x7E, 0x76, 0x25, 0x7E, 0x78, 0x01, 0x7E, 0x15, 0xAF, 0xFE, 0x75, 0xA1, 0x5A, 0x17, 0xE0, 0x00},
    /* U+8F91 */ {0x22, 0x2F, 0xBE, 0x70, 0x05, 0x7F, 0x7A, 0x21, 0x3E, 0x1A, 0x2F, 0xBE, 0x56, 0x71, 0x7E, 0x10, 0x20, 0x00},
    /* U+8F93 */ {0xFB, 0xC6, 0x66, 0x6F, 0xF7, 0x00, 0x77, 0xEF, 0xDE, 0x37, 0xE3, 0xFE, 0xF5, 0x63, 0x52, 0x37, 0x60, 0x00},
    /* U+8F94 */ {0x6F, 0x45, 0xCE, 0x6E, 0xE6, 0xF4, 0x7F, 0xE7, 0x20, 0x72, 0xE3, 0xFC, 0x20, 0x42, 0x04, 0x3F, 0xC0, 0x00},
    /* U+8F95 */ {0xFF, 0xE2, 0x08, 0x67, 0xF7, 0x3E, 0x7E, 0x23, 0x7E, 0x13, 0xA7, 0xEE, 0x76, 0x41, 0x3E, 0x13, 0x30, 0x00},
    /* U+8F96 */ {0x27, 0xFF, 0xCB, 0x73, 0xE5, 0x08, 0x7B, 0xE1, 0x7E, 0x10, 0x87, 0xBE, 0xF2, 0x21, 0x22, 0x13, 0xE0, 0x00},
    /* U+8F97 */ {0x7C, 0x27, 0xC2, 0x67, 0xE7, 0x54, 0x7F, 0xE1, 0x54, 0x17, 0xF7, 0xFE, 0xF7, 0x61, 0xBE, 0x1B, 0xB0, 0x00},
    /* U+8F98 */ {0x27, 0xFF, 0xDC, 0x47, 0xE7, 0x5E, 0x75, 0xEF, 0xFE, 0x36, 0xC7, 0xFE, 0xFE, 0xC3, 0xFD, 0x3B, 0x60, 0x00},
    /* U+8F99 */ {0xFF, 0xC4, 0x4F, 0x7F, 0xA7, 0xFA, 0xFF, 0xA3, 0xDE, 0x3F, 0x67, 0xD4, 0xFF, 0x63, 0xDE, 0x3F, 0x90, 0x00},
    /* U+8F9A */ {0x22, 0xCF, 0xFE, 0x43, 0xC7, 0x6E, 0x74, 0xA7, 0x6E, 0x3F, 0xA7, 0xFA, 0xF2, 0xF3, 0x62, 0x3C, 0x20, 0x00},
    /* U+8F9B */ {0x06, 0x07, 0xFE, 0x10, 0x81, 0x98, 0xFF, 0xF0, 0x60, 0x06, 0x07, 0xFE, 0x06, 0x00, 0x60, 0x06, 0x00, 0x00},
    /* U+8F9C */ {0x7F, 0xE3, 0xFC, 0x20, 0x43, 0xFC, 0x06, 0x07, 0xFE, 0x19, 0x87, 0xFE, 0x06, 0x07, 0xFE, 0x06, 0x00, 0x00},
    /* U+8F9E */ {0x77, 0xE3, 0x26, 0xFF, 0x43, 0x14, 0x37, 0xF3, 0x08, 0x78, 0x84, 0xFF, 0x48, 0x87, 0x88, 0x48, 0x80, 0x00},
    /* U+8F9F */ {0x7F, 0xE4, 0xA2, 0x7B, 0x64, 0x14, 0x47, 0xF7, 0x88, 0x6C, 0x86, 0xFF, 0xEC, 0x8F, 0xC8, 0x20, 0x80, 0x00},
    /* U+8FA3 */ {0x37, 0xFF, 0x88, 0x48, 0x87, 0xFE, 0xFE, 0xA3, 0x7E, 0x79, 0xC3, 0x3C, 0x26, 0xE6, 0xCB, 0x40, 0x80, 0x00},
    /* U+8FA8 */ {0x22, 0x4F, 0xBF, 0x56, 0xA5, 0x6A, 0xFF, 0xF2, 0xA4, 0x7A, 0x42, 0x3F, 0x26, 0x46, 0x44, 0x48, 0x40, 0x00},
    /* U+8FA9 */ {0x24, 0x4F, 0xFE, 0x50, 0xA5, 0xEA, 0xFF, 0xF2, 0x64, 0x7E, 0x42, 0x7F, 0x27, 0x46, 0x64, 0x40, 0x40, 0x00},
    /* U+8FAB */ {0x26, 0x4F, 0x4F, 0x57, 0xA7, 0xEA, 0xF6, 0xF2, 0x44, 0x7E, 0x42, 0x0F, 0x6F, 0x44, 0xC4, 0x40, 0x40, 0x00},
    /* U+8FB0 */ {0x7F, 0xE6, 0x00, 0x7F, 0xE6, 0x00, 0x7F, 0xF6, 0xA2, 0x6B, 0x66, 0x98, 0x48, 0xC5, 0xE6, 0xD8, 0x20, 0x00},
    /* U+8FB1 */ {0x3F, 0xE7, 0xFC, 0x60, 0x07, 0xFE, 0x5B, 0xC5, 0xFE, 0x10, 0xAF, 0xFF, 0x10, 0x80, 0x88, 0x03, 0x80, 0x00},
    /* U+8FB6 */ {0x20, 0x03, 0x00, 0x00, 0x0E, 0x00, 0x20, 0x02, 0x00, 0x20, 0x02, 0x00, 0x30, 0x07, 0x80, 0x4F, 0xF0, 0x00},
    /* U+8FB9 */ {0x63, 0x02, 0xFE, 0x03, 0x2E, 0x22, 0x22, 0x22, 0x22, 0x26, 0x22, 0xC6, 0x29, 0xC7, 0x80, 0xCF, 0xF0, 0x00},
    /* U+8FBD */ {0x6F, 0xE2, 0x0C, 0x01, 0x8E, 0x10, 0x21, 0x02, 0x10, 0x21, 0x02, 0x10, 0x27, 0x07, 0x80, 0xCF, 0xF0, 0x00},
    /* U+8FBE */ {0x61, 0x02, 0x10, 0x2F, 0xF0, 0x30, 0xE3, 0x82, 0x2C, 0x26, 0x42, 0xC6, 0x38, 0x27, 0x80, 0xCF, 0xF0, 0x00},
    /* U+8FC1 */ {0x6F, 0x82, 0x10, 0x01, 0x00, 0xFF, 0xE1, 0x02, 0x10, 0x21, 0x02, 0x10, 0x21, 0x07, 0x90, 0xCF, 0xF0, 0x00},
    /* U+8FC2 */ {0x6F, 0xE2, 0x10, 0x01, 0x00, 0xFF, 0xE1, 0x02, 0x10, 0x21, 0x02, 0x10, 0x27, 0x07, 0x80, 0xCF, 0xE0, 0x00},
    /* U+8FC4 */ {0x64, 0x02, 0xFE, 0x18, 0x00, 0xFC, 0xE1, 0x82, 0x30, 0x24, 0x22, 0xC2, 0x27, 0xE7, 0x80, 0x4F, 0xF0, 0x00},
    /* U+8FC5 */ {0x4F, 0xC2, 0x24, 0x02, 0x40, 0x24, 0xFF, 0xC2, 0x24, 0x22, 0x42, 0x27, 0x22, 0x37, 0x80, 0x4F, 0xF0, 0x00},
    /* U+8FC7 */ {0x60, 0xC2, 0xFE, 0x00, 0xC0, 0x4C, 0xE4, 0xC2, 0x6C, 0x22, 0xC2, 0x0C, 0x33, 0xC7, 0x80, 0xCF, 0xF0, 0x00},
    /* U+8FC8 */ {0x4F, 0xF2, 0x20, 0x02, 0x00, 0x7E, 0xE6, 0x22, 0x42, 0x24, 0x62, 0xC6, 0x38, 0xC7, 0x80, 0x4F, 0xF0, 0x00},
    /* U+8FCE */ {0x6D, 0xE3, 0x9A, 0x09, 0xA0, 0x9A, 0xE9, 0xA2, 0x9A, 0x2F, 0xA2, 0xDE, 0x21, 0x87, 0x80, 0xCF, 0xF0, 0x00},
    /* U+8FD0 */ {0x6F, 0xE3, 0x00, 0x00, 0x00, 0xFF, 0xE2, 0x82, 0x6C, 0x24, 0x42, 0xFE, 0x2C, 0x27, 0x80, 0xCF, 0xF0, 0x00},
    /* U+8FD1 */ {0x67, 0xC3, 0x40, 0x04, 0x00, 0x7F, 0xE4, 0x82, 0x48, 0x2C, 0x82, 0x88, 0x38, 0x87, 0x80, 0xCF, 0xF0, 0x00},
    /* U+8FD3 */ {0x4F, 0xE3, 0x44, 0x0C, 0x40, 0xFF, 0xE1, 0xC2, 0x34, 0x26, 0x42, 0xC4, 0x21, 0xC7, 0x80, 0xCF, 0xF0, 0x00},
    /* U+8FD4 */ {0x6F, 0xC2, 0xC0, 0x0F, 0xE0, 0xC6, 0xEE, 0x42, 0xFC, 0x29, 0x82, 0xBC, 0x3E, 0x67, 0x80, 0xCF, 0xF0, 0x00},
    /* U+8FD5 */ {0x64, 0x02, 0xFE, 0x09, 0x00, 0x10, 0xEF, 0xF2, 0x10, 0x21, 0x02, 0x10, 0x21, 0x07, 0x90, 0x4F, 0xF0, 0x00},
    /* U+8FD8 */ {0x6F, 0xE2, 0x10, 0x03, 0x0E, 0x7C, 0x2D, 0x63, 0x92, 0x21, 0x02, 0x10, 0x21, 0x07, 0x80, 0xCF, 0xF0, 0x00},
    /* U+8FD9 */ {0x61, 0x03, 0xFF, 0x00, 0xC0, 0xCC, 0xE7, 0x82, 0x38, 0x23, 0x82, 0xEC, 0x38, 0x67, 0x80, 0xCF, 0xF0, 0x00},
    /* U+8FDB */ {0x62, 0xC2, 0xFE, 0x02, 0xC0, 0x2C, 0xE6, 0xC2, 0xFF, 0x26, 0xC2, 0x4C, 0x2C, 0xC7, 0x80, 0xCF, 0xF0, 0x00},
    /* U+8FDC */ {0x6F, 0xE2, 0x00, 0x00, 0x00, 0xFE, 0xE6, 0x82, 0x68, 0x24, 0x82, 0xCB, 0x38, 0xE7, 0x80, 0xCF, 0xF0, 0x00},
    /* U+8FDD */ {0x6F, 0xE2, 0x10, 0x01, 0x00, 0xFE, 0xE1, 0x03, 0xFF, 0x21, 0x22, 0x12, 0x21, 0x67, 0x90, 0x4F, 0xE0, 0x00},
    /* U+8FDE */ {0x2F, 0xE2, 0x60, 0x05, 0x8E, 0xFE, 0x21, 0x82, 0x18, 0x2F, 0xE2, 0x18, 0x21, 0x87, 0x98, 0xCF, 0xF0, 0x00},
    /* U+8FDF */ {0x67, 0xE2, 0x42, 0x04, 0x20, 0x7E, 0xE5, 0x02, 0xD8, 0x2C, 0xC2, 0x86, 0x38, 0x27, 0x80, 0xCF, 0xF0, 0x00},
    /* U+8FE2 */ {0x4F, 0xE2, 0x32, 0x06, 0x20, 0xCE, 0xE8, 0x02, 0x7E, 0x24, 0x62, 0x46, 0x27, 0xE7, 0x80, 0x4F, 0xF0, 0x00},
    /* U+8FE4 */ {0x6F, 0xE2, 0x80, 0x19, 0x00, 0x5E, 0xEF, 0xE3, 0xD6, 0x25, 0x62, 0x42, 0x27, 0xE7, 0x80, 0xCF, 0xF0, 0x00},
    /* U+8FE5 */ {0x4F, 0xE2, 0x82, 0x0B, 0xA6, 0xAA, 0x6A, 0xA2, 0xBA, 0x28, 0x22, 0x82, 0x28, 0xE7, 0x80, 0xCF, 0xF0, 0x00},
    /* U+8FE6 */ {0x4C, 0xE7, 0xEA, 0x0E, 0xA0, 0xAA, 0xEA, 0xA2, 0xAA, 0x2A, 0xA3, 0xAA, 0x36, 0xE5, 0x82, 0xCF, 0xF0, 0x00},
    /* U+8FE8 */ {0x66, 0xC2, 0x44, 0x0F, 0xE0, 0x02, 0xEF, 0xE2, 0xC6, 0x2C, 0x62, 0xC6, 0x2F, 0xE7, 0x80, 0xCF, 0xF0, 0x00},
    /* U+8FE9 */ {0x64, 0x02, 0xFE, 0x09, 0x21, 0x94, 0xE5, 0x42, 0x56, 0x2D, 0x22, 0x92, 0x33, 0x07, 0x82, 0x4F, 0xE0, 0x00},
    /* U+8FEA */ {0x61, 0x03, 0xFE, 0x09, 0x20, 0x92, 0xEF, 0xE2, 0x92, 0x29, 0x22, 0xFE, 0x20, 0x07, 0x80, 0xCF, 0xF0, 0x00},
    /* U+8FEB */ {0x61, 0x03, 0xFE, 0x0C, 0x6E, 0xC6, 0x2F, 0xE2, 0xC6, 0x2C, 0x62, 0xFE, 0x60, 0x07, 0x80, 0xCF, 0xF0, 0x00},
    /* U+8FED */ {0x65, 0x02, 0xFE, 0x09, 0x00, 0x90, 0xFF, 0xE2, 0x38, 0x23, 0xC2, 0x64, 0x2C, 0x67, 0x80, 0xCF, 0xE0, 0x00},
    /* U+8FEE */ {0x64, 0x02, 0x7F, 0x0B, 0x01, 0xBE, 0xE3, 0x02, 0x30, 0x23, 0xE2, 0x30, 0x23, 0x07, 0x90, 0x4F, 0xF0, 0x00},
    /* U+8FF0 */ {0x61, 0x42, 0x12, 0x2F, 0xE0, 0x38, 0xE3, 0xC2, 0x74, 0x2D, 0x23, 0x92, 0x21, 0x07, 0x90, 0xCF, 0xF0, 0x00},
    /* U+8FF3 */ {0x60, 0xC2, 0x18, 0x0F, 0xE0, 0x82, 0xE7, 0xE2, 0x10, 0x21, 0x02, 0xFE, 0x70, 0x07, 0x80, 0x4F, 0xF0, 0x00},
    /* U+8FF7 */ {0x6D, 0x62, 0x54, 0x05, 0x4E, 0xFE, 0x23, 0x82, 0x7C, 0x2D, 0x62, 0x92, 0x21, 0x07, 0x90, 0xCF, 0xF0, 0x00},
    /* U+8FF8 */ {0x66, 0xC3, 0xFE, 0x06, 0xCE, 0x6C, 0x3F, 0xF2, 0x6C, 0x24, 0xC2, 0xCC, 0x2C, 0xC7, 0x80, 0xCF, 0xF0, 0x00},
    /* U+8FF9 */ {0x61, 0x03, 0xFF, 0x02, 0x80, 0xEE, 0xEA, 0xA2, 0xAA, 0x36, 0xB2, 0x48, 0x2D, 0x87, 0x80, 0xCF, 0xE0, 0x00},
    /* U+8FFD */ {0x67, 0xC2, 0xC6, 0x0C, 0x6E, 0xFC, 0x2C, 0x02, 0xFE, 0x2C, 0x22, 0xC2, 0x27, 0xE7, 0x80, 0x4F, 0xF0, 0x00},
    /* U+9000 */ {0x4F, 0xC2, 0xC4, 0x0F, 0xC0, 0xC4, 0xEF, 0xE2, 0xD6, 0x2D, 0xC2, 0xFC, 0x2E, 0x67, 0x80, 0xCF, 0xF0, 0x00},
    /* U+9001 */ {0x26, 0xC2, 0xFE, 0x01, 0x0E, 0x10, 0x2F, 0xF2, 0x18, 0x23, 0x82, 0x64, 0x2C, 0x67, 0x80, 0xCF, 0xF0, 0x00},
    /* U+9002 */ {0x6F, 0x82, 0x10, 0x1F, 0xF6, 0x10, 0xE1, 0x02, 0xFE, 0x2C, 0x62, 0xC6, 0x2F, 0xE7, 0x80, 0xCF, 0xE0, 0x00},
    /* U+9003 */ {0x4A, 0xA2, 0xAE, 0x0E, 0xC0, 0x28, 0xE6, 0xC3, 0xEE, 0x26, 0xA2, 0x4B, 0x28, 0xE7, 0x80, 0x4F, 0xF0, 0x00},
    /* U+9004 */ {0x67, 0xC2, 0xEC, 0x0B, 0x80, 0xFE, 0xF9, 0x22, 0xFE, 0x2D, 0x02, 0xFE, 0x21, 0x07, 0x80, 0x4F, 0xE0, 0x00},
    /* U+9005 */ {0x6F, 0x82, 0x80, 0x0F, 0xFE, 0x80, 0x2F, 0xE2, 0xE2, 0x2E, 0x23, 0xE2, 0x37, 0xE7, 0x80, 0xCF, 0xF0, 0x00},
    /* U+9006 */ {0x66, 0xC3, 0xFF, 0x09, 0x2E, 0x92, 0x29, 0x22, 0xFE, 0x23, 0x02, 0x30, 0x26, 0x07, 0xC0, 0x4F, 0xF0, 0x00},
    /* U+9009 */ {0x65, 0x02, 0xFE, 0x09, 0x00, 0x10, 0xEF, 0xF2, 0x28, 0x26, 0x82, 0xCB, 0x38, 0xE7, 0xC3, 0x4F, 0xF0, 0x00},
    /* U+900A */ {0x66, 0xC2, 0x5E, 0x05, 0xE0, 0x7E, 0xFF, 0xE2, 0xFF, 0x26, 0xF2, 0x4C, 0x3D, 0xC7, 0x80, 0xCF, 0xE0, 0x00},
    /* U+900B */ {0x6F, 0xF2, 0x10, 0x0F, 0xE0, 0x92, 0xEF, 0xE2, 0x92, 0x2F, 0xE2, 0x92, 0x29, 0x67, 0x80, 0x4F, 0xE0, 0x00},
    /* U+900D */ {0x6D, 0x62, 0x54, 0x0F, 0xE0, 0xC6, 0xEF, 0xE2, 0xC6, 0x2F, 0xE2, 0xC6, 0x3C, 0xE7, 0xC3, 0x4F, 0xF0, 0x00},
    /* U+900F */ {0x6F, 0x83, 0xFF, 0x03, 0x80, 0xD6, 0xEF, 0xA2, 0x28, 0x26, 0xE2, 0x42, 0x3C, 0xE7, 0xC3, 0x4F, 0xF0, 0x00},
    /* U+9010 */ {0x5F, 0xE2, 0x30, 0x0F, 0x61, 0xBC, 0xE7, 0x82, 0x9C, 0x26, 0xA3, 0xC8, 0x23, 0x07, 0x80, 0xCF, 0xF0, 0x00},
    /* U+9011 */ {0x61, 0x62, 0xFF, 0x01, 0x00, 0xD6, 0xE5, 0xC2, 0x3C, 0x2D, 0x63, 0x92, 0x33, 0x07, 0x80, 0x4F, 0xF0, 0x00},
    /* U+9012 */ {0x66, 0xC2, 0xFE, 0x21, 0x20, 0xFE, 0xE9, 0x02, 0xFE, 0x27, 0x22, 0xD6, 0x39, 0x07, 0x90, 0x4F, 0xF0, 0x00},
    /* U+9014 */ {0x63, 0x82, 0x6C, 0x1F, 0xF0, 0x10, 0xEF, 0xE2, 0x50, 0x2D, 0x42, 0x92, 0x23, 0x07, 0x80, 0xCF, 0xF0, 0x00},
    /* U+9016 */ {0x6C, 0xC2, 0xDA, 0x1D, 0xA1, 0x7A, 0xEE, 0xC2, 0xCC, 0x35, 0xE2, 0x52, 0x3F, 0x27, 0x80, 0xCF, 0xF0, 0x00},
    /* U+9017 */ {0x60, 0x02, 0xFC, 0x0C, 0x40, 0xC4, 0x6F, 0xC2, 0x44, 0x26, 0xC2, 0x28, 0x3F, 0xE7, 0x80, 0xCF, 0xF0, 0x00},
    /* U+901A */ {0x62, 0xE3, 0x38, 0x0F, 0xE0, 0x92, 0xEF, 0xE2, 0x92, 0x2F, 0xE2, 0x92, 0x29, 0x67, 0x80, 0xCF, 0xF0, 0x00},
    /* U+901B */ {0x6F, 0xE2, 0xCC, 0x1C, 0xC0, 0x5E, 0xEC, 0xC3, 0xCC, 0x24, 0xC2, 0x4C, 0x2F, 0xF7, 0x80, 0xCF, 0xF0, 0x00},
    /* U+901D */ {0x65, 0xC3, 0xF0, 0x05, 0x00, 0x5F, 0xEF, 0x63, 0xD6, 0x25, 0x62, 0x56, 0x2F, 0x67, 0x82, 0x4F, 0xF0, 0x00},
    /* U+901E */ {0x6C, 0x63, 0xC6, 0x0F, 0xE0, 0x00, 0xEF, 0xE2, 0x10, 0x2F, 0xE2, 0x10, 0x3F, 0xE7, 0x80, 0xCF, 0xF0, 0x00},
    /* U+901F */ {0x6F, 0xF2, 0x10, 0x0F, 0xE6, 0x92, 0x69, 0x22, 0xFE, 0x23, 0xC2, 0x56, 0x39, 0x27, 0x90, 0x4F, 0xF0, 0x00},
    /* U+9020 */ {0x45, 0x02, 0xFE, 0x09, 0x01, 0xFF, 0xE0, 0x02, 0xFE, 0x2C, 0x62, 0xC6, 0x2F, 0xE7, 0x80, 0x4F, 0xF0, 0x00},
    /* U+9021 */ {0x64, 0xC2, 0xFE, 0x04, 0xC0, 0xE6, 0xE7, 0xC2, 0xCC, 0x2B, 0x82, 0x3C, 0x2E, 0x67, 0x82, 0x4F, 0xF0, 0x00},
    /* U+9022 */ {0x67, 0xC2, 0xF8, 0x03, 0xC0, 0xF6, 0xEF, 0xC2, 0x10, 0x2F, 0xC2, 0x10, 0x2F, 0xE7, 0x90, 0x4F, 0xE0, 0x00},
    /* U+9026 */ {0x60, 0x02, 0xEE, 0x0B, 0xEE, 0xFA, 0x2F, 0xE2, 0xFE, 0x2B, 0xA2, 0xBA, 0x2E, 0xE7, 0x80, 0xCF, 0xF0, 0x00},
    /* U+902D */ {0x6F, 0xE3, 0x82, 0x0F, 0xEE, 0x44, 0x27, 0xC2, 0x40, 0x27, 0xE2, 0x42, 0x27, 0xE7, 0x80, 0xCF, 0xF0, 0x00},
    /* U+902E */ {0x6F, 0xE2, 0x16, 0x1F, 0xFE, 0xFE, 0x29, 0x62, 0xFC, 0x27, 0xC3, 0xD6, 0x23, 0x07, 0x80, 0xCF, 0xF0, 0x00},
    /* U+902F */ {0x20, 0x42, 0x7C, 0x00, 0x4F, 0xFE, 0x29, 0x22, 0x5C, 0x27, 0xC2, 0xD6, 0x73, 0x0D, 0x82, 0xCF, 0xF0, 0x00},
    /* U+9035 */ {0x6F, 0xE2, 0x10, 0x1F, 0xE0, 0x28, 0xEC, 0xE2, 0x92, 0x2F, 0xE2, 0x10, 0x3F, 0xF7, 0x80, 0xCF, 0xF0, 0x00},
    /* U+9036 */ {0x4D, 0x82, 0xFE, 0x07, 0xCE, 0xD6, 0x23, 0x02, 0xFF, 0x24, 0xC2, 0x78, 0x2F, 0xE7, 0xC2, 0x4F, 0xF0, 0x00},
    /* U+9038 */ {0x67, 0x82, 0xD8, 0x1F, 0xE0, 0x92, 0xEF, 0xE2, 0x3C, 0x23, 0x42, 0x73, 0x2D, 0xE7, 0x80, 0xCF, 0xF0, 0x00},
    /* U+903B */ {0x6A, 0xA3, 0xAA, 0x0F, 0xEE, 0x20, 0x27, 0xE2, 0xE4, 0x23, 0xC2, 0x38, 0x2E, 0x07, 0xC0, 0xCF, 0xF0, 0x00},
    /* U+903C */ {0x60, 0x02, 0xFC, 0x0C, 0x40, 0x7C, 0xEF, 0xE2, 0x92, 0x2F, 0xE2, 0x92, 0x3F, 0xE7, 0x80, 0x4F, 0xE0, 0x00},
    /* U+903E */ {0x63, 0x82, 0xCC, 0x1F, 0xF0, 0xFA, 0xEB, 0xA2, 0xFA, 0x2B, 0xA2, 0xFA, 0x2B, 0x67, 0x80, 0xCF, 0xE0, 0x00},
    /* U+9041 */ {0x6F, 0x82, 0xFF, 0x09, 0x80, 0xBE, 0xEE, 0x22, 0xBE, 0x2B, 0xE3, 0xA2, 0x23, 0xE7, 0x80, 0xCF, 0xF0, 0x00},
    /* U+9042 */ {0x66, 0xC3, 0xFE, 0x07, 0x20, 0xFC, 0xE7, 0x82, 0xDC, 0x23, 0xA2, 0xDA, 0x23, 0x07, 0x80, 0xCF, 0xF0, 0x00},
    /* U+9044 */ {0x69, 0x22, 0xFE, 0x00, 0x00, 0xFE, 0xE1, 0x02, 0xFE, 0x2A, 0xA2, 0xAA, 0x2A, 0xE7, 0x80, 0x4F, 0xF0, 0x00},
    /* U+9047 */ {0x6D, 0x63, 0xFE, 0x0D, 0x60, 0xFE, 0xEF, 0xE2, 0x92, 0x29, 0xE2, 0xFE, 0x28, 0x67, 0x80, 0xCF, 0xF0, 0x00},
    /* U+904D */ {0x6F, 0xE2, 0x82, 0x0F, 0xEE, 0x80, 0x2F, 0xE2, 0xDA, 0x3F, 0xE3, 0x5A, 0x35, 0xE7, 0xC0, 0xCF, 0xF0, 0x00},
    /* U+904F */ {0x6C, 0x62, 0xFE, 0x0F, 0xEE, 0x60, 0x2F, 0xE2, 0xD2, 0x3F, 0xA2, 0xEA, 0x2F, 0xE7, 0x86, 0xCF, 0xF0, 0x00},
    /* U+9050 */ {0x6A, 0x22, 0xA2, 0x0F, 0xE0, 0x80, 0xEF, 0xE2, 0x92, 0x2F, 0xC2, 0x8E, 0x29, 0xA7, 0x80, 0xCF, 0xF0, 0x00},
    /* U+9051 */ {0x6F, 0xE2, 0xFE, 0x0C, 0x6E, 0xFE, 0x2F, 0xE2, 0x10, 0x2F, 0xE2, 0x10, 0x3F, 0xE7, 0x80, 0xCF, 0xF0, 0x00},
    /* U+9052 */ {0x46, 0x82, 0xFE, 0x0F, 0xE0, 0xAA, 0xEA, 0xA2, 0xCE, 0x2F, 0xE2, 0x82, 0x2F, 0xE7, 0x80, 0x4F, 0xF0, 0x00},
    /* U+9053 */ {0x46, 0xC3, 0xFF, 0x03, 0x00, 0xFE, 0xEF, 0xE2, 0xC6, 0x2F, 0xE2, 0xC6, 0x2F, 0xC7, 0x80, 0x4F, 0xF0, 0x00},
    /* U+9057 */ {0x6F, 0xE2, 0xFE, 0x01, 0x0F, 0xFE, 0x2F, 0xC2, 0xD6, 0x2D, 0x62, 0xBC, 0x2E, 0xE7, 0x82, 0xCF, 0xF0, 0x00},
    /* U+9058 */ {0x6F, 0xE2, 0xFE, 0x1F, 0xEE, 0x10, 0x2F, 0xE2, 0xFE, 0x29, 0x63, 0xFF, 0x28, 0xE7, 0x80, 0xCF, 0xF0, 0x00},
    /* U+905B */ {0x68, 0xA3, 0xAA, 0x1F, 0xAF, 0x96, 0x2F, 0xE2, 0x92, 0x2F, 0xE2, 0x92, 0x2F, 0xE7, 0x80, 0xCF, 0xF0, 0x00},
    /* U+9062 */ {0x68, 0x62, 0xFE, 0x0F, 0xE0, 0x00, 0xFF, 0xE2, 0xAA, 0x26, 0xE2, 0xFE, 0x36, 0x67, 0x82, 0xCF, 0xF0, 0x00},
    /* U+9063 */ {0x69, 0x62, 0xFC, 0x1F, 0xE0, 0x00, 0xEF, 0xC2, 0xFC, 0x2F, 0xE2, 0xC6, 0x3F, 0xE7, 0x80, 0x4F, 0xE0, 0x00},
    /* U+9065 */ {0x6F, 0xC3, 0xD4, 0x05, 0x40, 0xFE, 0xE9, 0x02, 0xFE, 0x21, 0x02, 0xD6, 0x2F, 0xE7, 0x80, 0xCF, 0xF0, 0x00},
    /* U+9068 */ {0x5F, 0x82, 0x4F, 0x1F, 0xAE, 0x52, 0x7F, 0xE2, 0xE4, 0x2A, 0xC2, 0xAE, 0x77, 0xA7, 0x80, 0xCF, 0xF0, 0x00},
    /* U+906D */ {0x5F, 0xE2, 0xFE, 0x0F, 0xE0, 0xAA, 0xEF, 0xE2, 0xFC, 0x2C, 0x42, 0xFC, 0x2F, 0xC7, 0x80, 0xCF, 0xF0, 0x00},
    /* U+906E */ {0x6F, 0xF2, 0x84, 0x0A, 0x4E, 0xFF, 0x2A, 0x42, 0xBC, 0x38, 0x03, 0xFA, 0x35, 0xE7, 0x80, 0xCF, 0xE0, 0x00},
    /* U+9074 */ {0x65, 0xC3, 0xFE, 0x07, 0xCE, 0xD7, 0x2F, 0x42, 0xBE, 0x3F, 0x42, 0x7F, 0x2C, 0x47, 0x84, 0xCF, 0xF0, 0x00},
    /* U+9075 */ {0x7F, 0xE2, 0xFE, 0x0A, 0xA0, 0xCE, 0xEF, 0xE2, 0xFE, 0x20, 0xC3, 0xFF, 0x26, 0xC7, 0x98, 0x4F, 0xF0, 0x00},
    /* U+907D */ {0x61, 0x02, 0xFE, 0x0F, 0xE0, 0x9E, 0xEF, 0xE2, 0xF6, 0x3F, 0xC3, 0x7E, 0x37, 0x87, 0x80, 0x4F, 0xF0, 0x00},
    /* U+907F */ {0x4E, 0x46, 0xBF, 0x0E, 0xA0, 0x8E, 0xF9, 0xF3, 0xE4, 0x3B, 0xE3, 0xA4, 0x2E, 0x47, 0x80, 0xCF, 0xF0, 0x00},
    /* U+9080 */ {0x7E, 0x83, 0xFF, 0x1B, 0xA0, 0xFA, 0xFF, 0xE2, 0x84, 0x2E, 0x42, 0xAE, 0x3F, 0xA7, 0x80, 0xCF, 0xF0, 0x00},
    /* U+9082 */ {0x4E, 0xA3, 0xEA, 0x3F, 0x61, 0x6C, 0xFF, 0xE3, 0x74, 0x3F, 0xF3, 0x64, 0x36, 0x47, 0x80, 0xCF, 0xF0, 0x00},
    /* U+9083 */ {0x7F, 0xE3, 0xEE, 0x0C, 0xE1, 0xFE, 0xE7, 0x42, 0xBC, 0x2F, 0x82, 0x7E, 0x2D, 0xA7, 0xB0, 0x4F, 0xF0, 0x00},
    /* U+9088 */ {0x7D, 0xE3, 0xF2, 0x0F, 0xEF, 0xD2, 0x37, 0xE3, 0xEC, 0x2F, 0xC3, 0xB5, 0x2F, 0x67, 0x80, 0xCF, 0xF0, 0x00},
    /* U+908B */ {0x6B, 0x42, 0xFE, 0x0B, 0xAE, 0xFA, 0x2F, 0xE2, 0xFE, 0x2F, 0xE2, 0xB6, 0x2F, 0xA7, 0x80, 0xCF, 0xF0, 0x00},
    /* U+9091 */ {0x20, 0x43, 0xFC, 0x00, 0x07, 0xFE, 0x66, 0x66, 0x66, 0x66, 0x67, 0xFE, 0x60, 0x06, 0x02, 0x3F, 0xE0, 0x00},
    /* U+9093 */ {0x7F, 0xE0, 0xF2, 0x0B, 0x64, 0xB4, 0x3B, 0x43, 0x36, 0x3B, 0x23, 0xB2, 0x6F, 0xEC, 0x30, 0x03, 0x00, 0x00},
    /* U+9095 */ {0x6C, 0x83, 0x6C, 0x3F, 0xC2, 0x04, 0x3F, 0xC7, 0xFE, 0x66, 0x67, 0xFE, 0x60, 0x06, 0x03, 0x3F, 0xE0, 0x00},
    /* U+9097 */ {0x7F, 0xE1, 0x12, 0x11, 0x61, 0x14, 0xFF, 0x41, 0x12, 0x11, 0x21, 0x12, 0x11, 0xE1, 0x10, 0x11, 0x00, 0x00},
    /* U+9099 */ {0x11, 0xF1, 0x12, 0xFF, 0x66, 0x14, 0x61, 0x46, 0x12, 0x61, 0x26, 0x13, 0x7F, 0xE0, 0x10, 0x01, 0x00, 0x00},
    /* U+909B */ {0xFF, 0xF1, 0x32, 0x13, 0x61, 0x34, 0x13, 0x41, 0x32, 0x3F, 0x2F, 0xB3, 0x03, 0xE0, 0x30, 0x03, 0x00, 0x00},
    /* U+909D */ {0x09, 0x27, 0xF2, 0x61, 0x66, 0x14, 0x61, 0x46, 0x12, 0x41, 0x24, 0x12, 0x41, 0xE4, 0x10, 0xC1, 0x00, 0x00},
    /* U+90A1 */ {0x11, 0x2F, 0xF6, 0x21, 0x62, 0x14, 0x3D, 0x42, 0x56, 0x25, 0x26, 0x52, 0x65, 0xE4, 0xD0, 0xD9, 0x00, 0x00},
    /* U+90A2 */ {0x7F, 0xF2, 0xD2, 0x2D, 0x62, 0xD4, 0xFF, 0x42, 0xD2, 0x2D, 0x26, 0xD3, 0x6D, 0xE4, 0xD0, 0xCD, 0x00, 0x00},
    /* U+90A3 */ {0xFD, 0xE3, 0x52, 0x35, 0x67, 0xD4, 0x35, 0x42, 0x56, 0xFD, 0x22, 0x52, 0x65, 0xE4, 0x50, 0xDD, 0x00, 0x00},
    /* U+90A6 */ {0x11, 0xE7, 0xF2, 0x11, 0x47, 0xD4, 0x11, 0x41, 0x12, 0xFF, 0x23, 0x12, 0x21, 0xE6, 0x10, 0x41, 0x00, 0x00},
    /* U+90AA */ {0x7F, 0xF0, 0x92, 0x69, 0x64, 0x94, 0x7F, 0x41, 0x92, 0x39, 0x22, 0x93, 0xC9, 0xE4, 0x90, 0x39, 0x00, 0x00},
    /* U+90AC */ {0x7D, 0xF4, 0x52, 0x45, 0x65, 0xD4, 0x41, 0x47, 0xF2, 0x07, 0x27, 0xF3, 0x45, 0xE0, 0x50, 0x1D, 0x00, 0x00},
    /* U+90AE */ {0x11, 0xE7, 0xFA, 0x57, 0xE5, 0x7C, 0x57, 0xC7, 0xFA, 0x57, 0xA5, 0x7A, 0x7F, 0xE4, 0x78, 0x01, 0x80, 0x00},
    /* U+90AF */ {0x65, 0x2F, 0xF6, 0x65, 0x66, 0x5C, 0x65, 0xC7, 0xD2, 0x65, 0x26, 0x53, 0x65, 0xE7, 0xD0, 0x45, 0x00, 0x00},
    /* U+90B0 */ {0x31, 0xE2, 0xD2, 0x65, 0x6F, 0xFC, 0x01, 0xC7, 0xD2, 0x45, 0x24, 0x52, 0x45, 0xE7, 0xD0, 0x45, 0x00, 0x00},
    /* U+90B1 */ {0x7D, 0xF6, 0x12, 0x61, 0x67, 0xF4, 0x6D, 0x46, 0xD2, 0x6D, 0x26, 0xD3, 0x7F, 0xEF, 0x90, 0x01, 0x00, 0x00},
    /* U+90B3 */ {0xFF, 0xF1, 0x92, 0x19, 0x63, 0xD4, 0x75, 0x45, 0x72, 0x91, 0x21, 0x13, 0x1F, 0xEF, 0xD0, 0x01, 0x00, 0x00},
    /* U+90B4 */ {0xFF, 0xF1, 0x1A, 0x7F, 0xE5, 0x7C, 0x57, 0xE5, 0xFA, 0x6F, 0xA6, 0x7B, 0x47, 0xE4, 0x78, 0x4D, 0x80, 0x00},
    /* U+90B5 */ {0x7F, 0xF3, 0x72, 0x25, 0x66, 0x54, 0xDD, 0x40, 0x12, 0x7D, 0x24, 0x53, 0x45, 0xE7, 0xD0, 0x45, 0x00, 0x00},
    /* U+90B6 */ {0x34, 0xF3, 0x4A, 0xF7, 0xE3, 0x4C, 0x34, 0xE3, 0x4A, 0x34, 0xA3, 0x4A, 0xF7, 0xE3, 0xE8, 0x30, 0x80, 0x00},
    /* U+90B8 */ {0x7D, 0xE4, 0x92, 0x49, 0x64, 0x94, 0x7F, 0x44, 0x92, 0x49, 0x24, 0x92, 0x5F, 0xE7, 0xF0, 0x47, 0x00, 0x00},
    /* U+90B9 */ {0x3D, 0xF6, 0xD2, 0x49, 0x6C, 0x94, 0x7F, 0x40, 0x72, 0x7F, 0x20, 0x72, 0x07, 0xE7, 0xF0, 0x07, 0x00, 0x00},
    /* U+90BA */ {0x3C, 0xF3, 0xCA, 0x7F, 0xA7, 0xFE, 0x7E, 0xE7, 0xEA, 0x7E, 0xB3, 0xCB, 0x3F, 0xEF, 0xC8, 0x00, 0x80, 0x00},
    /* U+90BB */ {0x19, 0xE3, 0xDA, 0x67, 0xED, 0xBC, 0x09, 0xC7, 0xDA, 0x05, 0xA2, 0x9A, 0x39, 0xE1, 0x98, 0x09, 0x80, 0x00},
    /* U+90BE */ {0x79, 0x37, 0xF2, 0x59, 0x65, 0x94, 0x7F, 0x61, 0x92, 0x3D, 0x37, 0xF3, 0xD9, 0xE1, 0x90, 0x19, 0x00, 0x00},
    /* U+90C1 */ {0xFF, 0xF2, 0x12, 0x21, 0x67, 0xD4, 0xE5, 0x4F, 0xD2, 0x25, 0x23, 0xD2, 0x25, 0xE2, 0x54, 0x2D, 0x00, 0x00},
    /* U+90C4 */ {0x7D, 0xF1, 0xDA, 0x77, 0xE7, 0x1C, 0xFF, 0xE2, 0x9A, 0x39, 0xA7, 0x5A, 0xD7, 0xEB, 0xF8, 0x33, 0x80, 0x00},
    /* U+90C5 */ {0xFF, 0xF2, 0x92, 0x6D, 0x67, 0xF4, 0x53, 0x41, 0x12, 0x7D, 0x21, 0x13, 0x1F, 0xEF, 0xF0, 0x01, 0x00, 0x00},
    /* U+90C7 */ {0x21, 0xF7, 0xFA, 0xC3, 0xAF, 0xBE, 0x4B, 0xC7, 0xBA, 0x4B, 0xA7, 0xFB, 0x47, 0xE0, 0x78, 0x1D, 0x80, 0x00},
    /* U+90CA */ {0x19, 0x27, 0xF6, 0x2D, 0x66, 0x54, 0x4F, 0x42, 0x92, 0x39, 0x21, 0x92, 0x3D, 0xE6, 0x50, 0x41, 0x00, 0x00},
    /* U+90CE */ {0x11, 0xE7, 0xD6, 0x45, 0x47, 0xD4, 0x45, 0x47, 0xD6, 0x49, 0x24, 0x92, 0x7D, 0xE6, 0x50, 0x01, 0x00, 0x00},
    /* U+90CF */ {0x19, 0xA7, 0xFA, 0x5F, 0xE7, 0xDC, 0x3D, 0xEF, 0xFA, 0x19, 0xA3, 0x9B, 0x35, 0xE6, 0x78, 0xC1, 0x80, 0x00},
    /* U+90D0 */ {0x19, 0xE3, 0x5A, 0x63, 0xEF, 0xDC, 0x01, 0xE7, 0xFA, 0x31, 0xA2, 0xDA, 0x25, 0xE7, 0xF8, 0x43, 0x80, 0x00},
    /* U+90D1 */ {0x2D, 0x27, 0xF2, 0x19, 0x61, 0x94, 0x19, 0x6F, 0xF2, 0x19, 0x33, 0x93, 0x25, 0xE6, 0x70, 0x41, 0x00, 0x00},
    /* U+90D3 */ {0x53, 0xA1, 0x1A, 0x7F, 0xE2, 0x1C, 0x69, 0xE7, 0xFA, 0x09, 0xB1, 0xFB, 0x7D, 0xE0, 0x98, 0x09, 0x80, 0x00},
    /* U+90D7 */ {0x7D, 0xF7, 0xD2, 0x75, 0x6F, 0xF4, 0x69, 0x67, 0xF2, 0xFB, 0x37, 0xB3, 0x7B, 0xE7, 0xF0, 0x19, 0x00, 0x00},
    /* U+90DB */ {0x7D, 0xE5, 0x72, 0x75, 0x67, 0xD4, 0x0D, 0x61, 0x92, 0x1F, 0x2F, 0xF2, 0x11, 0xE1, 0x10, 0x31, 0x00, 0x00},
    /* U+90DC */ {0x79, 0x27, 0xF2, 0x59, 0x61, 0x94, 0xFF, 0xC0, 0x12, 0x7F, 0x34, 0x73, 0x47, 0xE7, 0xF0, 0x47, 0x00, 0x00},
    /* U+90DD */ {0x19, 0xB7, 0xFA, 0x19, 0xEF, 0xFC, 0x39, 0xE7, 0xFA, 0x6B, 0xBE, 0xBB, 0x29, 0xE6, 0x98, 0x59, 0x80, 0x00},
    /* U+90E1 */ {0x7D, 0xF3, 0x52, 0xFF, 0x63, 0x54, 0x7D, 0x42, 0x12, 0x7D, 0x26, 0x53, 0xE5, 0xE2, 0x50, 0x3D, 0x00, 0x00},
    /* U+90E2 */ {0x45, 0x24, 0x52, 0x7D, 0x60, 0x14, 0x7F, 0x61, 0x12, 0x7D, 0x21, 0x12, 0x11, 0xE7, 0xF0, 0x41, 0x00, 0x00},
    /* U+90E6 */ {0xFF, 0xF0, 0x0A, 0x7E, 0xA5, 0xAE, 0x5A, 0xE7, 0xEA, 0x7E, 0xA5, 0xAB, 0x5A, 0xE5, 0xA8, 0x7A, 0x80, 0x00},
    /* U+90E7 */ {0x67, 0xE7, 0xFA, 0x01, 0xE7, 0xFC, 0x43, 0xE5, 0x3A, 0x53, 0xA5, 0x3A, 0x59, 0xE6, 0xD8, 0xC7, 0x80, 0x00},
    /* U+90E8 */ {0x7F, 0xE2, 0x5A, 0x25, 0xE2, 0xDC, 0xFF, 0xC0, 0x1A, 0x7F, 0xA4, 0x7A, 0x47, 0xE7, 0xF8, 0x45, 0x80, 0x00},
    /* U+90EB */ {0x7F, 0xF5, 0xBA, 0x7F, 0xA5, 0xBE, 0x7F, 0xE3, 0x5A, 0x6D, 0xAF, 0xFB, 0x0D, 0xE0, 0xD8, 0x0D, 0x80, 0x00},
    /* U+90ED */ {0xFF, 0xF0, 0x12, 0x7D, 0x64, 0x54, 0x7D, 0x47, 0xD2, 0x0D, 0x21, 0xF3, 0xF1, 0xE1, 0x10, 0x31, 0x00, 0x00},
    /* U+90EF */ {0x3B, 0xE7, 0x52, 0x5D, 0x63, 0xD4, 0x67, 0x41, 0xB2, 0x7F, 0x25, 0x52, 0x3D, 0xE6, 0x70, 0xC3, 0x00, 0x00},
    /* U+90F4 */ {0x26, 0xF2, 0x6A, 0xFF, 0xA3, 0x6E, 0x76, 0xE6, 0xFA, 0x6E, 0xAF, 0xEB, 0x36, 0xE2, 0x68, 0x26, 0x80, 0x00},
    /* U+90F8 */ {0x25, 0xE2, 0xDA, 0x7F, 0xE5, 0xBC, 0x7F, 0xC5, 0xBA, 0x7F, 0xA1, 0x9A, 0xFF, 0xE1, 0x98, 0x19, 0x80, 0x00},
    /* U+90FD */ {0x7F, 0xF1, 0x52, 0x1D, 0x6F, 0xF4, 0x31, 0x47, 0xD2, 0xE5, 0x23, 0xD3, 0x25, 0x33, 0xDE, 0x25, 0x00, 0x00},
    /* U+90FE */ {0x41, 0xE7, 0xFA, 0x7F, 0xE6, 0x3C, 0x7F, 0xE7, 0xFA, 0x55, 0xA5, 0xDB, 0x7F, 0xE6, 0x18, 0x7F, 0x80, 0x00},
    /* U+9102 */ {0x5B, 0xE5, 0xBA, 0x7F, 0xE7, 0xFC, 0x01, 0xEF, 0xFA, 0x21, 0xA7, 0xFA, 0x05, 0xE0, 0x58, 0x1D, 0x80, 0x00},
    /* U+9104 */ {0xFF, 0xF3, 0x9A, 0x7F, 0xA7, 0xBC, 0x7B, 0xE7, 0xFA, 0x19, 0xB7, 0xFB, 0x19, 0xE7, 0xF8, 0x61, 0x80, 0x00},
    /* U+9119 */ {0x47, 0xE4, 0x72, 0x7D, 0x6F, 0xF4, 0x11, 0x47, 0xF2, 0x5F, 0x26, 0xF2, 0x7F, 0xE7, 0xF0, 0x43, 0x00, 0x00},
    /* U+911E */ {0xFF, 0xF7, 0xDA, 0x11, 0xE7, 0xFC, 0x53, 0xE7, 0xFA, 0x7F, 0xA1, 0x1A, 0x7F, 0xE3, 0xF8, 0xFD, 0x80, 0x00},
    /* U+9122 */ {0x18, 0xE7, 0xEA, 0x78, 0xEF, 0xFC, 0x60, 0xC7, 0xEA, 0x7F, 0xA0, 0x3A, 0x7F, 0xEE, 0xA8, 0x8E, 0x80, 0x00},
    /* U+9123 */ {0x7F, 0xF2, 0x5A, 0xFF, 0xE7, 0xFC, 0x47, 0xE7, 0xFA, 0x7F, 0xA1, 0x9B, 0xFF, 0xE1, 0x98, 0x19, 0x80, 0x00},
    /* U+912F */ {0x7F, 0xF1, 0x9A, 0x7F, 0xE7, 0xFC, 0x5D, 0xE3, 0xDA, 0xFF, 0xB7, 0xFB, 0x47, 0xE4, 0x78, 0x7F, 0x80, 0x00},
    /* U+9131 */ {0x7D, 0xF7, 0xDA, 0xFF, 0xE3, 0xDC, 0x7F, 0xED, 0xBA, 0x7F, 0xA5, 0xFB, 0x7F, 0xE7, 0xF8, 0x43, 0x80, 0x00},
    /* U+9139 */ {0x5F, 0xF7, 0x3A, 0x76, 0xA5, 0xFE, 0xFF, 0xC1, 0xFA, 0x7B, 0xA7, 0xFB, 0x3E, 0xEF, 0xB8, 0x18, 0x80, 0x00},
    /* U+9143 */ {0x18, 0xFF, 0xFA, 0xFF, 0xA1, 0x8E, 0x7E, 0xE0, 0x0A, 0x7F, 0xB7, 0xDB, 0x7D, 0xE7, 0xF8, 0x74, 0x80, 0x00},
    /* U+9146 */ {0x7E, 0xF7, 0xEA, 0x7E, 0xA7, 0xEC, 0xFF, 0xE0, 0x0A, 0x7E, 0xB7, 0xEB, 0x24, 0xE3, 0xF8, 0x7E, 0x80, 0x00},
    /* U+9149 */ {0xFF, 0xF0, 0x90, 0x7F, 0xE4, 0x92, 0x49, 0x27, 0x9E, 0x60, 0x27, 0xFE, 0x40, 0x27, 0xFE, 0x40, 0x20, 0x00},
    /* U+914A */ {0x3B, 0xF3, 0x84, 0x7C, 0x47, 0x44, 0x74, 0x47, 0xC4, 0x44, 0x47, 0xC4, 0x44, 0x47, 0xC4, 0x45, 0xC0, 0x00},
    /* U+914B */ {0x19, 0x8F, 0xFF, 0x09, 0x03, 0xFE, 0x29, 0x62, 0x96, 0x39, 0xE3, 0xFE, 0x20, 0x63, 0xFE, 0x20, 0x40, 0x00},
    /* U+914C */ {0x31, 0x03, 0x3E, 0x7E, 0x27, 0x62, 0x75, 0x27, 0xDA, 0x44, 0xA7, 0xC2, 0x44, 0x27, 0xC2, 0x44, 0xE0, 0x00},
    /* U+914D */ {0x3B, 0xE3, 0x82, 0x7C, 0x27, 0x42, 0x77, 0xE6, 0xF2, 0x47, 0x07, 0xF0, 0x47, 0x37, 0xF3, 0x45, 0xE0, 0x00},
    /* U+914E */ {0x30, 0x63, 0x06, 0x7F, 0xF7, 0x46, 0x75, 0x67, 0xD6, 0x45, 0xE7, 0xCE, 0x44, 0x67, 0xC6, 0x45, 0xC0, 0x00},
    /* U+914F */ {0x33, 0x83, 0x38, 0x7F, 0xE7, 0xFE, 0x7F, 0xA7, 0xFA, 0x4F, 0xA7, 0xFE, 0x4F, 0x17, 0xF3, 0x4D, 0xE0, 0x00},
    /* U+9150 */ {0x33, 0xF3, 0x08, 0x7C, 0x87, 0xC8, 0x7F, 0xF7, 0xC8, 0x4C, 0x87, 0xC8, 0x4C, 0x87, 0xC8, 0x44, 0x80, 0x00},
    /* U+9152 */ {0x7F, 0xF0, 0x28, 0x0F, 0xEE, 0xAA, 0x2A, 0xA0, 0xEE, 0x2C, 0x22, 0xFE, 0x68, 0x24, 0xFE, 0x48, 0x20, 0x00},
    /* U+9157 */ {0xFC, 0x43, 0x36, 0x7F, 0xE7, 0xEE, 0x7E, 0xA7, 0xEE, 0x4F, 0xE7, 0xF6, 0x4F, 0x27, 0xFE, 0x4C, 0x20, 0x00},
    /* U+915A */ {0xFD, 0x43, 0x14, 0x7F, 0x27, 0x63, 0x77, 0xE6, 0xDE, 0x45, 0x67, 0xD6, 0x45, 0x67, 0xF6, 0x46, 0xC0, 0x00},
    /* U+915D */ {0x33, 0xE3, 0x00, 0x7C, 0x07, 0xC0, 0x7F, 0xF7, 0xD8, 0x4D, 0x47, 0xD6, 0x4F, 0x27, 0xFE, 0x46, 0x20, 0x00},
    /* U+915E */ {0x30, 0x83, 0x08, 0x7F, 0xF7, 0xCC, 0x7C, 0xC7, 0xDC, 0x4D, 0xC7, 0xD4, 0x4F, 0x67, 0xFA, 0x4E, 0xB0, 0x00},
    /* U+9161 */ {0x30, 0x83, 0x3E, 0x7E, 0x27, 0x70, 0x77, 0x26, 0xFE, 0x47, 0x87, 0xF0, 0x47, 0x37, 0xF3, 0x45, 0xE0, 0x00},
    /* U+9162 */ {0x31, 0x03, 0x3F, 0x7E, 0x87, 0xE8, 0x7C, 0xE7, 0xC8, 0x4C, 0x87, 0xCF, 0x4C, 0x87, 0xC8, 0x44, 0x80, 0x00},
    /* U+9163 */ {0x33, 0x23, 0x32, 0x7F, 0xF7, 0xF2, 0x7F, 0x27, 0xFE, 0x4F, 0x27, 0xF2, 0x4F, 0x27, 0xFE, 0x47, 0x20, 0x00},
    /* U+9164 */ {0x30, 0x83, 0x08, 0x7F, 0xF7, 0xC8, 0x7C, 0x87, 0xFE, 0x4E, 0x27, 0xE2, 0x4E, 0x27, 0xFE, 0x46, 0x20, 0x00},
    /* U+9165 */ {0x33, 0xC3, 0x28, 0x7C, 0x87, 0xC8, 0x7F, 0xF7, 0xDC, 0x4D, 0xE7, 0xEA, 0x4E, 0xB7, 0xC8, 0x48, 0x80, 0x00},
    /* U+9169 */ {0xFD, 0xE3, 0x32, 0x7E, 0x47, 0x9C, 0x79, 0x87, 0x98, 0x4F, 0xE7, 0xF2, 0x4B, 0x27, 0xBE, 0x49, 0x20, 0x00},
    /* U+916A */ {0xFD, 0xE3, 0x36, 0x7F, 0x47, 0x5C, 0x75, 0xC6, 0xF7, 0x47, 0xE7, 0xF2, 0x47, 0x27, 0xF2, 0x47, 0xE0, 0x00},
    /* U+916C */ {0xFA, 0xA3, 0x2A, 0xFA, 0xAF, 0xFE, 0xFF, 0xED, 0xFE, 0xCA, 0xAF, 0xAA, 0xCA, 0xAF, 0xEA, 0xCC, 0xA0, 0x00},
    /* U+916E */ {0xFF, 0xE3, 0x62, 0x7F, 0xE7, 0xE2, 0x7F, 0xE5, 0xF6, 0x4F, 0x67, 0xFE, 0x4F, 0x27, 0xE2, 0x4E, 0x60, 0x00},
    /* U+916F */ {0x33, 0xE3, 0x30, 0x7E, 0x37, 0xFE, 0x7C, 0x07, 0xFE, 0x4E, 0x27, 0xFE, 0x4E, 0x27, 0xFE, 0x4E, 0x20, 0x00},
    /* U+9170 */ {0x32, 0x83, 0x3E, 0x7E, 0x87, 0xC8, 0x7F, 0xF5, 0x94, 0x49, 0x47, 0x94, 0x4B, 0x57, 0xA5, 0x4E, 0x60, 0x00},
    /* U+9171 */ {0x6B, 0xE3, 0xF6, 0x79, 0xC4, 0xF0, 0x7F, 0xE0, 0xB0, 0x7F, 0xE7, 0x9E, 0x70, 0x67, 0xFE, 0x7F, 0xE0, 0x00},
    /* U+9172 */ {0xFE, 0x23, 0x22, 0x7B, 0xE7, 0x80, 0x7F, 0xE7, 0x88, 0x48, 0x87, 0xBE, 0x48, 0x87, 0x88, 0x4F, 0xF0, 0x00},
    /* U+9174 */ {0x31, 0xC3, 0x36, 0x7E, 0x37, 0xFE, 0x78, 0x87, 0xFE, 0x48, 0x87, 0xAE, 0x4A, 0xA7, 0xEA, 0x49, 0x80, 0x00},
    /* U+9175 */ {0xFF, 0xE3, 0x1E, 0x79, 0xC7, 0xFF, 0x79, 0x85, 0xBE, 0x4E, 0xC7, 0xFF, 0x48, 0x87, 0x88, 0x49, 0x80, 0x00},
    /* U+9176 */ {0xFB, 0xE3, 0x60, 0x7F, 0xE7, 0xBA, 0x7A, 0xA5, 0xFF, 0x4B, 0x27, 0xAA, 0x4F, 0xE7, 0x86, 0x48, 0xC0, 0x00},
    /* U+9177 */ {0x33, 0x83, 0x3E, 0x7E, 0x87, 0xC8, 0x7F, 0xF7, 0xC0, 0x4F, 0xE7, 0xE2, 0x4E, 0x27, 0xFE, 0x4E, 0x20, 0x00},
    /* U+9178 */ {0x31, 0x63, 0x3E, 0x7F, 0xE7, 0xD6, 0x7F, 0x27, 0xF8, 0x4F, 0xE7, 0xF6, 0x4D, 0xC7, 0xFE, 0x46, 0x30, 0x00},
    /* U+9179 */ {0xFF, 0xC3, 0x2A, 0x7A, 0xA7, 0xBE, 0x78, 0x47, 0xFF, 0x4A, 0x47, 0xB4, 0x49, 0x47, 0x84, 0x49, 0xC0, 0x00},
    /* U+917D */ {0xFB, 0xE3, 0x36, 0x7B, 0x67, 0x94, 0x7F, 0xF7, 0xE0, 0x4E, 0x07, 0xE0, 0x4E, 0x07, 0xC0, 0x4C, 0x00, 0x00},
    /* U+917E */ {0xFF, 0xF3, 0x00, 0x7F, 0xE7, 0xDA, 0x7D, 0xE5, 0xFE, 0x4F, 0xE7, 0xDA, 0x4D, 0xA7, 0xDA, 0x4F, 0xE0, 0x00},
    /* U+917F */ {0xFF, 0xE3, 0x22, 0x7A, 0x27, 0xBE, 0x7A, 0x27, 0xBE, 0x4A, 0xA7, 0xAE, 0x4A, 0x47, 0xFE, 0x4E, 0x20, 0x00},
    /* U+9185 */ {0x30, 0x83, 0x3E, 0x7B, 0x67, 0x94, 0x7F, 0xF7, 0x80, 0x4B, 0xE7, 0xA2, 0x4A, 0x27, 0xA2, 0x4B, 0xE0, 0x00},
    /* U+9187 */ {0xF7, 0xF3, 0x00, 0x7B, 0xE7, 0xA2, 0x7B, 0xE5, 0xBE, 0x48, 0x67, 0x88, 0x4F, 0xF7, 0x88, 0x4B, 0x80, 0x00},
    /* U+9189 */ {0xFF, 0xE3, 0x14, 0xFB, 0x4F, 0xB4, 0xFF, 0xED, 0xC8, 0xC8, 0x8F, 0xFF, 0xC8, 0x8F, 0x88, 0xC8, 0x80, 0x00},
    /* U+918B */ {0xFF, 0xE3, 0x34, 0x7B, 0x47, 0xFF, 0x78, 0x05, 0xBE, 0x4A, 0x27, 0xBE, 0x4A, 0x27, 0xBE, 0x4A, 0x20, 0x00},
    /* U+918C */ {0x36, 0x23, 0x7E, 0xFE, 0x2F, 0xFE, 0xF8, 0x0D, 0xEC, 0xCE, 0xFF, 0xFE, 0xCE, 0xCF, 0xFD, 0x4F, 0x60, 0x00},
    /* U+918D */ {0x32, 0x23, 0x3E, 0x7A, 0x27, 0xBE, 0x78, 0x05, 0xFF, 0x4A, 0x87, 0xAE, 0x4B, 0x87, 0xF8, 0x4C, 0xF0, 0x00},
    /* U+9190 */ {0xFA, 0xB3, 0x2B, 0xFF, 0xBF, 0xAF, 0xFA, 0xBD, 0xFB, 0xCD, 0xFF, 0xDB, 0xCF, 0xBF, 0xCB, 0xC9, 0xE0, 0x00},
    /* U+9191 */ {0xFC, 0xA3, 0x2E, 0x7F, 0x87, 0xFF, 0x7C, 0x07, 0xFE, 0x4F, 0xE7, 0xE2, 0x4F, 0xE7, 0xE2, 0x4E, 0x60, 0x00},
    /* U+9192 */ {0x32, 0x23, 0x3E, 0x7E, 0x27, 0x7E, 0x76, 0x87, 0xFE, 0x46, 0x87, 0xFE, 0x44, 0x87, 0xC8, 0x47, 0xF0, 0x00},
    /* U+919A */ {0xFD, 0xE3, 0x5E, 0x7B, 0xE7, 0xFE, 0x7E, 0xC5, 0xEE, 0x4F, 0xE7, 0xFF, 0x4E, 0xC7, 0xF0, 0x4D, 0xF0, 0x00},
    /* U+919B */ {0xFF, 0xF3, 0x34, 0x79, 0x87, 0xBC, 0x7E, 0x67, 0xFE, 0x48, 0x87, 0xBE, 0x48, 0x87, 0xFF, 0x48, 0x00, 0x00},
    /* U+91A2 */ {0xF7, 0xF3, 0x30, 0x7B, 0xE7, 0xE2, 0x7E, 0x25, 0xBE, 0x4B, 0xE7, 0xB6, 0x4B, 0x67, 0xB6, 0x4F, 0xF0, 0x00},
    /* U+91A3 */ {0xFF, 0xF3, 0x48, 0x7F, 0xE7, 0xCA, 0x7F, 0xF5, 0xFE, 0x4C, 0x87, 0xFE, 0x4F, 0x27, 0xF2, 0x4F, 0xE0, 0x00},
    /* U+91AA */ {0xFD, 0x23, 0x36, 0x7B, 0x67, 0xDA, 0x79, 0x85, 0xFE, 0x4D, 0xA7, 0xAC, 0x4B, 0x67, 0xBC, 0x4F, 0x00, 0x00},
    /* U+91AD */ {0xFB, 0xE3, 0x7F, 0x7B, 0x47, 0x94, 0x7F, 0xE5, 0xBE, 0x48, 0x87, 0xFF, 0x49, 0xC7, 0xB6, 0x4E, 0x20, 0x00},
    /* U+91AE */ {0xFA, 0xC3, 0x3F, 0x7E, 0xC7, 0xFE, 0x7A, 0xC5, 0xBE, 0x4A, 0xC7, 0xBF, 0x4B, 0xA7, 0xFE, 0x4D, 0x70, 0x00},
    /* U+91AF */ {0xFF, 0xE3, 0x34, 0x7B, 0xE7, 0xA4, 0x7A, 0xD5, 0xEF, 0x4C, 0x07, 0xFE, 0x4F, 0xE7, 0xFE, 0x4F, 0xF0, 0x00},
    /* U+91B4 */ {0xFF, 0xE3, 0x7E, 0x7F, 0x67, 0xFE, 0x7B, 0xE7, 0xBE, 0x4B, 0xE7, 0xA2, 0x4B, 0xE7, 0x94, 0x4F, 0xF0, 0x00},
    /* U+91B5 */ {0x30, 0x83, 0x7F, 0x7F, 0xE7, 0xEA, 0x7E, 0xC5, 0xFE, 0x4F, 0xA7, 0xFE, 0x4E, 0xE7, 0xFF, 0x4D, 0x80, 0x00},
    /* U+91BA */ {0x30, 0x83, 0x7F, 0x7B, 0xE7, 0xFE, 0x7F, 0xE5, 0xBE, 0x4B, 0xE7, 0x88, 0x4F, 0xF7, 0xFE, 0x4D, 0x70, 0x00},
    /* U+91C7 */ {0x7F, 0x82, 0x46, 0x26, 0x43, 0x6C, 0x06, 0x87, 0xFE, 0x0F, 0x01, 0xF8, 0x36, 0xCE, 0x67, 0x06, 0x00, 0x00},
    /* U+91C9 */ {0x78, 0x87, 0xFE, 0x7E, 0xAF, 0xEA, 0x36, 0xA3, 0xFE, 0x7E, 0xA7, 0x6A, 0xF6, 0xA3, 0x7E, 0x36, 0x20, 0x00},
    /* U+91CA */ {0xF7, 0xE7, 0xB6, 0x79, 0xC3, 0x1E, 0xFE, 0xB3, 0x08, 0x7F, 0xE7, 0x08, 0xB7, 0xF3, 0x08, 0x30, 0x80, 0x00},
    /* U+91CC */ {0x26, 0x62, 0x66, 0x3F, 0xE2, 0x66, 0x3F, 0xE0, 0x60, 0x06, 0x07, 0xFE, 0x06, 0x00, 0x60, 0xFF, 0xF0, 0x00},
    /* U+91CD */ {0x3F, 0x87, 0xFE, 0x06, 0x03, 0xFC, 0x3F, 0xC2, 0x64, 0x3F, 0xC0, 0x60, 0x7F, 0xE0, 0x60, 0xFF, 0xF0, 0x00},
    /* U+91CE */ {0x7F, 0xE5, 0x46, 0x7D, 0xC5, 0x4C, 0x7F, 0xF1, 0x0A, 0x7C, 0xA1, 0x08, 0x10, 0x8F, 0xC8, 0x43, 0x80, 0x00},
    /* U+91CF */ {0x20, 0xC3, 0xFC, 0x3F, 0xCF, 0xFF, 0x3F, 0xC2, 0x64, 0x3F, 0xC3, 0xFC, 0x7F, 0xE0, 0x60, 0xFF, 0xF0, 0x00},
    /* U+91D1 */ {0x0F, 0x01, 0x98, 0x70, 0xEF, 0xFF, 0x06, 0x00, 0x60, 0x7F, 0xE3, 0x6C, 0x16, 0x81, 0x68, 0x7F, 0xE0, 0x00},
    /* U+91DC */ {0x79, 0xE4, 0xF2, 0x1F, 0x8F, 0x0F, 0x3F, 0xC0, 0x60, 0x06, 0x07, 0xFE, 0x16, 0x81, 0x68, 0x7F, 0xE0, 0x00},
    /* U+9274 */ {0x5B, 0xE5, 0xE0, 0x5C, 0xC4, 0xE4, 0x39, 0x8F, 0xFF, 0x06, 0x07, 0xFE, 0x16, 0x81, 0x68, 0x7F, 0xE0, 0x00},
    /* U+928E */ {0x7A, 0x43, 0x34, 0x3F, 0xD7, 0x67, 0x0F, 0x03, 0x9E, 0xFF, 0xF3, 0xFC, 0x16, 0x81, 0x78, 0x7F, 0xE0, 0x00},
    /* U+92AE */ {0x7F, 0xE0, 0x90, 0x29, 0xC6, 0xB6, 0x0F, 0x07, 0x9E, 0xCF, 0x23, 0xFC, 0x16, 0x81, 0x68, 0x7F, 0xE0, 0x00},
    /* U+92C8 */ {0x2F, 0x87, 0xFE, 0x23, 0x03, 0xEC, 0x6E, 0x65, 0xF8, 0x7F, 0xF0, 0x60, 0x3F, 0xC1, 0x68, 0x7F, 0xE0, 0x00},
    /* U+933E */ {0xFF, 0xC7, 0x10, 0x7F, 0xF3, 0xF4, 0x5A, 0x40, 0xF4, 0x3F, 0xFE, 0x60, 0x3F, 0xC1, 0x68, 0x7F, 0xE0, 0x00},
    /* U+936A */ {0x29, 0xE3, 0xB6, 0x7F, 0xC7, 0xCC, 0x53, 0xE3, 0xF2, 0x7F, 0xEE, 0x66, 0x3F, 0xC1, 0x68, 0x7F, 0xE0, 0x00},
    /* U+938F */ {0x3F, 0xE6, 0xFC, 0x2C, 0x63, 0xD4, 0x7B, 0x54, 0xF6, 0x7F, 0xE6, 0x66, 0x3F, 0xC1, 0x68, 0x7F, 0xE0, 0x00},
    /* U+93CA */ {0x11, 0xF7, 0xE6, 0xFD, 0xC3, 0x8C, 0x6F, 0xED, 0xF2, 0x7F, 0xFE, 0x62, 0x3F, 0xC1, 0xF8, 0x7F, 0xE0, 0x00},
    /* U+93D6 */ {0x7F, 0xE7, 0xFE, 0x49, 0x27, 0xFE, 0x5D, 0xE5, 0xFE, 0x5F, 0xC7, 0xFE, 0x5F, 0xCC, 0xA8, 0xFF, 0xE0, 0x00},
    /* U+943E */ {0x4F, 0xE7, 0x94, 0x7F, 0xF6, 0xFE, 0xFE, 0x83, 0xF8, 0xFF, 0xF0, 0x60, 0x3F, 0xC1, 0x68, 0x7F, 0xE0, 0x00},
    /* U+946B */ {0x39, 0xC7, 0xFE, 0x3F, 0xC1, 0x78, 0x7F, 0xE3, 0x98, 0x7F, 0xE1, 0x08, 0x7F, 0xE7, 0xAE, 0x7F, 0xE0, 0x00},
    /* U+9485 */ {0x7C, 0x04, 0x00, 0x40, 0x07, 0xC0, 0x10, 0x07, 0xC0, 0x10, 0x01, 0x00, 0x14, 0x03, 0xC0, 0x30, 0x00, 0x00},
    /* U+9486 */ {0x7D, 0x04, 0x10, 0xC1, 0x07, 0xD0, 0x11, 0x07, 0xD0, 0x11, 0x01, 0x13, 0x15, 0x31, 0xD2, 0x31, 0xE0, 0x00},
    /* U+9487 */ {0x63, 0xE7, 0x86, 0xC0, 0xC7, 0x88, 0x31, 0x87, 0x90, 0x33, 0x03, 0x23, 0x32, 0x33, 0xE2, 0x33, 0xE0, 0x00},
    /* U+9488 */ {0x78, 0x8C, 0x08, 0x80, 0x87, 0xFF, 0x30, 0x87, 0x88, 0x30, 0x83, 0x08, 0x38, 0x83, 0x88, 0x20, 0x80, 0x00},
    /* U+9489 */ {0x7F, 0xF4, 0x0C, 0x80, 0xC7, 0x8C, 0x30, 0xC7, 0xCC, 0x30, 0xC3, 0x0C, 0x38, 0xC3, 0x8C, 0x31, 0xC0, 0x00},
    /* U+948A */ {0x7D, 0xA4, 0x1A, 0xC1, 0xA7, 0xDA, 0x11, 0xA1, 0x1A, 0xFD, 0xA1, 0x1A, 0x14, 0x21, 0xC2, 0x10, 0xE0, 0x00},
    /* U+948B */ {0x21, 0x07, 0xD0, 0xC1, 0x07, 0xD8, 0x11, 0xE7, 0xD2, 0x11, 0x01, 0x10, 0x1D, 0x03, 0x90, 0x21, 0x00, 0x00},
    /* U+948C */ {0x7F, 0xE4, 0x06, 0x80, 0x47, 0x8C, 0x10, 0x87, 0xC8, 0x10, 0x81, 0x08, 0x1C, 0x83, 0x88, 0x33, 0x80, 0x00},
    /* U+948D */ {0x79, 0x8C, 0x18, 0x81, 0x87, 0xFE, 0x21, 0x8F, 0x98, 0x21, 0x82, 0x18, 0x39, 0x83, 0x7F, 0x20, 0x00, 0x00},
    /* U+948E */ {0x7F, 0x8C, 0x08, 0x80, 0x87, 0x88, 0x30, 0x83, 0x7F, 0xF8, 0x83, 0x08, 0x30, 0x83, 0x88, 0x20, 0x80, 0x00},
    /* U+948F */ {0x7A, 0xAC, 0x2A, 0x82, 0xA7, 0xAA, 0x32, 0xA7, 0xEA, 0x36, 0xA3, 0x6A, 0x3C, 0xA3, 0xCA, 0x2C, 0x20, 0x00},
    /* U+9490 */ {0x7C, 0xCC, 0x38, 0x82, 0x07, 0x86, 0x30, 0xC7, 0xF0, 0x30, 0x33, 0x06, 0x3C, 0xC3, 0xB8, 0x22, 0x00, 0x00},
    /* U+9492 */ {0x7A, 0x4C, 0x24, 0x82, 0x47, 0xB4, 0x33, 0xCF, 0xEC, 0x36, 0x43, 0x64, 0x3C, 0x53, 0xC5, 0x2C, 0x70, 0x00},
    /* U+9493 */ {0x7F, 0x0C, 0x3E, 0x86, 0x27, 0xC2, 0x33, 0x27, 0xDA, 0x30, 0xA3, 0x02, 0x3C, 0x23, 0x86, 0x20, 0xE0, 0x00},
    /* U+9494 */ {0x62, 0x27, 0xE2, 0xC4, 0x27, 0xC2, 0x24, 0x27, 0xC2, 0x24, 0x22, 0x42, 0x3C, 0x23, 0x42, 0x24, 0xE0, 0x00},
    /* U+9495 */ {0x79, 0x04, 0x10, 0xC7, 0xF7, 0xB6, 0x32, 0x47, 0xA4, 0x33, 0xC3, 0x18, 0x39, 0xC3, 0xB6, 0x26, 0x20, 0x00},
    /* U+9497 */ {0x7F, 0xE4, 0x62, 0x83, 0xA7, 0xAE, 0x33, 0x4F, 0x94, 0x31, 0xC3, 0x18, 0x3B, 0xC3, 0xE6, 0x24, 0x30, 0x00},
    /* U+9499 */ {0x7F, 0xF4, 0x08, 0xC6, 0xE7, 0xE8, 0x36, 0x87, 0xFF, 0x30, 0x33, 0x02, 0x38, 0x23, 0x82, 0x20, 0xE0, 0x00},
    /* U+949A */ {0x67, 0xE7, 0x88, 0xC1, 0x87, 0x9C, 0x33, 0xE7, 0xFA, 0x35, 0xA3, 0x18, 0x39, 0x83, 0x98, 0x21, 0x80, 0x00},
    /* U+949B */ {0x79, 0x8C, 0x18, 0x81, 0x87, 0xFF, 0x31, 0x87, 0x98, 0x31, 0xC3, 0x34, 0x3B, 0x63, 0xFA, 0x2C, 0xB0, 0x00},
    /* U+949C */ {0x7B, 0xF4, 0x20, 0x82, 0x07, 0xBE, 0x32, 0x27, 0xE2, 0x33, 0xE3, 0x20, 0x3E, 0x03, 0x3F, 0x20, 0x00, 0x00},
    /* U+949D */ {0x78, 0x84, 0x7F, 0x80, 0x87, 0xEA, 0x26, 0xAF, 0xEA, 0x27, 0xE2, 0x0A, 0x38, 0x83, 0x8B, 0x20, 0xE0, 0x00},
    /* U+949E */ {0x79, 0x8C, 0x3E, 0x87, 0xA7, 0xFA, 0x35, 0xA7, 0x9A, 0x31, 0xE3, 0x0C, 0x39, 0x83, 0xF0, 0x26, 0x00, 0x00},
    /* U+949F */ {0x78, 0x8C, 0x18, 0x87, 0xE7, 0xCA, 0x34, 0xA7, 0xCA, 0x37, 0xE3, 0x4A, 0x38, 0x83, 0x88, 0x20, 0x80, 0x00},
    /* U+94A0 */ {0x78, 0x8C, 0x08, 0x87, 0xE7, 0xDA, 0x35, 0xA7, 0xDE, 0x37, 0x63, 0x76, 0x3C, 0x23, 0xC2, 0x24, 0xE0, 0x00},
    /* U+94A1 */ {0x7F, 0xE4, 0x62, 0xC7, 0xA7, 0xFA, 0x37, 0xA7, 0xFA, 0x37, 0xA3, 0x52, 0x3B, 0xC3, 0x66, 0x2C, 0x30, 0x00},
    /* U+94A2 */ {0x7F, 0xE4, 0x46, 0x86, 0xE7, 0xDA, 0x25, 0xA7, 0xDA, 0x25, 0xA2, 0x76, 0x3E, 0x63, 0xC2, 0x24, 0x60, 0x00},
    /* U+94A3 */ {0x7E, 0x0C, 0x60, 0x86, 0x07, 0xFE, 0x27, 0x2F, 0xF6, 0x25, 0xC2, 0x4C, 0x3C, 0xC3, 0xDE, 0x2B, 0x20, 0x00},
    /* U+94A4 */ {0x79, 0x8C, 0x34, 0x86, 0x67, 0xDB, 0x20, 0x8F, 0xFE, 0x20, 0x42, 0x04, 0x38, 0xC3, 0x88, 0x20, 0x80, 0x00},
    /* U+94A5 */ {0x7B, 0xE4, 0x22, 0x82, 0x27, 0xBE, 0x22, 0x2F, 0xA2, 0x23, 0xE2, 0x22, 0x3A, 0x23, 0xE2, 0x24, 0xE0, 0x00},
    /* U+94A6 */ {0x7B, 0x0C, 0x3F, 0x82, 0x27, 0xEA, 0x31, 0xA7, 0x98, 0x31, 0x83, 0x1C, 0x3B, 0x43, 0xE6, 0x24, 0x20, 0x00},
    /* U+94A7 */ {0x7B, 0x0C, 0x3E, 0x86, 0x27, 0xA2, 0x21, 0xAF, 0x82, 0x20, 0xE2, 0x3A, 0x3E, 0x23, 0x02, 0x21, 0xE0, 0x00},
    /* U+94A8 */ {0x7B, 0xE4, 0x22, 0x82, 0x67, 0xAE, 0x22, 0x07, 0xBE, 0x20, 0x22, 0x7E, 0x38, 0x23, 0x82, 0x20, 0xE0, 0x00},
    /* U+94A9 */ {0x7A, 0x0C, 0x3E, 0x86, 0x27, 0xD2, 0x23, 0xA7, 0xAA, 0x27, 0xE2, 0x7E, 0x38, 0x23, 0x86, 0x20, 0xE0, 0x00},
    /* U+94AA */ {0x79, 0x0C, 0x7F, 0x80, 0x07, 0xBC, 0x22, 0x4F, 0xA4, 0x26, 0x42, 0x64, 0x3E, 0x53, 0xC5, 0x28, 0x60, 0x00},
    /* U+94AB */ {0x78, 0x8C, 0x7F, 0x81, 0x07, 0x90, 0x23, 0x02, 0x3E, 0x7B, 0x22, 0x22, 0x3A, 0x63, 0x66, 0x24, 0xC0, 0x00},
    /* U+94AC */ {0x78, 0x8C, 0x2A, 0x82, 0xA7, 0xFA, 0x35, 0xE7, 0x98, 0x31, 0x83, 0x1C, 0x3B, 0x43, 0xE6, 0x24, 0x30, 0x00},
    /* U+94AD */ {0x7B, 0x4C, 0x1C, 0x80, 0x47, 0xA4, 0x33, 0x47, 0x86, 0x31, 0xF3, 0x7C, 0x38, 0x43, 0x84, 0x20, 0x40, 0x00},
    /* U+94AE */ {0x7F, 0xE4, 0x12, 0xC1, 0x27, 0x92, 0x27, 0xEF, 0xB6, 0x23, 0x62, 0x36, 0x2B, 0x63, 0xA6, 0x2F, 0xF0, 0x00},
    /* U+94AF */ {0x7F, 0xE4, 0x6A, 0xC6, 0xA7, 0xEA, 0x26, 0xAF, 0xFE, 0x26, 0x22, 0x60, 0x3E, 0x13, 0xE3, 0x23, 0xE0, 0x00},
    /* U+94B0 */ {0x7F, 0xF4, 0x08, 0x80, 0x87, 0x88, 0x20, 0x82, 0x7E, 0x78, 0xC2, 0x0A, 0x38, 0xA3, 0x7F, 0x00, 0x00, 0x00},
    /* U+94B1 */ {0x79, 0x2C, 0x1E, 0x87, 0xC7, 0x90, 0x31, 0xE7, 0xFA, 0x31, 0xE3, 0x0E, 0x39, 0xC3, 0x7F, 0x24, 0x60, 0x00},
    /* U+94B2 */ {0x7F, 0xF4, 0x08, 0x80, 0x87, 0xA8, 0x32, 0xE7, 0xA8, 0x32, 0x83, 0x28, 0x32, 0x83, 0xA8, 0x37, 0xF0, 0x00},
    /* U+94B3 */ {0x7A, 0x64, 0x7F, 0xC2, 0x67, 0xA6, 0x32, 0x67, 0xBE, 0x32, 0x63, 0x26, 0x3A, 0x63, 0xBE, 0x22, 0x60, 0x00},
    /* U+94B4 */ {0x78, 0x84, 0x08, 0xC7, 0xF7, 0x88, 0x30, 0x87, 0xFE, 0x36, 0x23, 0x62, 0x3E, 0x23, 0xFE, 0x26, 0x20, 0x00},
    /* U+94B5 */ {0x79, 0x84, 0x7E, 0xC7, 0xE7, 0x9C, 0x23, 0xCF, 0xBE, 0x27, 0xA2, 0x5B, 0x3F, 0xF3, 0x98, 0x21, 0x80, 0x00},
    /* U+94B6 */ {0x77, 0xFC, 0x02, 0x83, 0xA7, 0xAA, 0x22, 0xAF, 0xAA, 0x22, 0xA2, 0x3A, 0x3A, 0x23, 0x02, 0x20, 0xE0, 0x00},
    /* U+94B7 */ {0x7F, 0xE4, 0x60, 0xC7, 0xE7, 0xFA, 0x37, 0xA7, 0xFA, 0x37, 0xA3, 0x7E, 0x3E, 0x03, 0x7F, 0x20, 0x00, 0x00},
    /* U+94B8 */ {0x79, 0x07, 0xFF, 0xC3, 0x87, 0xA8, 0x27, 0xE7, 0xEA, 0x22, 0xA2, 0x2A, 0x3A, 0xE3, 0x08, 0x20, 0x80, 0x00},
    /* U+94B9 */ {0x7B, 0x64, 0x32, 0xC7, 0xF7, 0xB0, 0x33, 0xE3, 0x32, 0x7B, 0x63, 0x3C, 0x36, 0xC3, 0xDE, 0x3F, 0x20, 0x00},
    /* U+94BA */ {0x78, 0xA4, 0x0A, 0xC7, 0xF7, 0xEA, 0x26, 0xAF, 0xEE, 0x26, 0xE2, 0x6C, 0x3F, 0xD3, 0xEF, 0x21, 0x20, 0x00},
    /* U+94BB */ {0x79, 0x8C, 0x1E, 0x81, 0xF7, 0x98, 0x31, 0x87, 0xFE, 0x36, 0x23, 0x62, 0x3E, 0x23, 0x7E, 0x26, 0x20, 0x00},
    /* U+94BC */ {0x7F, 0xE4, 0x62, 0x86, 0x27, 0xFE, 0x36, 0x27, 0xE2, 0x37, 0xE3, 0x62, 0x3E, 0x23, 0xFE, 0x22, 0x20, 0x00},
    /* U+94BD */ {0x7F, 0xE4, 0x22, 0x82, 0x27, 0xBE, 0x32, 0x27, 0xA2, 0x32, 0x23, 0x3E, 0x38, 0x03, 0x80, 0x27, 0xF0, 0x00},
    /* U+94BE */ {0x7F, 0xE4, 0x4A, 0x84, 0xA7, 0xFE, 0x34, 0xA7, 0xCA, 0x37, 0xE3, 0x4A, 0x38, 0x83, 0x08, 0x20, 0x80, 0x00},
    /* U+94BF */ {0x7F, 0xE4, 0x4A, 0x84, 0xA7, 0xCA, 0x37, 0xEF, 0xCA, 0x34, 0xA3, 0x4A, 0x3C, 0xA3, 0xFE, 0x24, 0x20, 0x00},
    /* U+94C0 */ {0x78, 0x8C, 0x08, 0x87, 0xE7, 0xCA, 0x34, 0xA7, 0xFE, 0x34, 0xA3, 0x4A, 0x3C, 0xA3, 0xFE, 0x24, 0x20, 0x00},
    /* U+94C1 */ {0x7A, 0x8C, 0x3E, 0x86, 0x87, 0xC8, 0x30, 0x87, 0xFF, 0x31, 0x83, 0x1C, 0x3B, 0x43, 0xE6, 0x24, 0x30, 0x00},
    /* U+94C2 */ {0x61, 0x07, 0xFE, 0xC6, 0x27, 0xE2, 0x36, 0x23, 0x7E, 0x7E, 0x23, 0x62, 0x3E, 0x23, 0xFE, 0x26, 0x20, 0x00},
    /* U+94C3 */ {0x79, 0x8C, 0x34, 0x82, 0x67, 0xDB, 0x30, 0x87, 0xFE, 0x30, 0x63, 0x0C, 0x3B, 0x83, 0x98, 0x20, 0xC0, 0x00},
    /* U+94C4 */ {0x7F, 0xC4, 0x68, 0xFC, 0x82, 0x48, 0x27, 0xF2, 0x08, 0x78, 0x82, 0x6E, 0x24, 0xA3, 0xCB, 0x23, 0x80, 0x00},
    /* U+94C5 */ {0x7B, 0xC4, 0x24, 0xFA, 0x43, 0x64, 0x34, 0x73, 0x3E, 0xFE, 0x23, 0x62, 0x3E, 0x23, 0xFE, 0x22, 0x20, 0x00},
    /* U+94C6 */ {0x7C, 0xE4, 0x5A, 0xC5, 0xA7, 0x5A, 0x25, 0xA7, 0xDA, 0x27, 0xA2, 0xFA, 0x2E, 0xE3, 0x68, 0x24, 0x80, 0x00},
    /* U+94C8 */ {0x79, 0x8C, 0x7F, 0x80, 0x87, 0xFE, 0x24, 0xAF, 0xCA, 0x24, 0xA2, 0x4A, 0x2C, 0xE3, 0x88, 0x20, 0x80, 0x00},
    /* U+94C9 */ {0x78, 0x84, 0x7F, 0x81, 0x87, 0x92, 0x33, 0x47, 0xFC, 0x30, 0x83, 0x14, 0x3B, 0x63, 0xFE, 0x22, 0x30, 0x00},
    /* U+94CA */ {0x78, 0x87, 0x7F, 0x84, 0x37, 0xE0, 0x32, 0x67, 0xBC, 0x33, 0x03, 0x20, 0x3A, 0x33, 0xA3, 0x23, 0xE0, 0x00},
    /* U+94CB */ {0x78, 0xEC, 0x16, 0x81, 0x47, 0xD6, 0x35, 0xE7, 0xDB, 0x35, 0xB3, 0x30, 0x3B, 0x23, 0xF2, 0x2D, 0xE0, 0x00},
    /* U+94CC */ {0x7F, 0xEC, 0x42, 0x87, 0xE7, 0xD0, 0x25, 0x27, 0xDE, 0x25, 0x82, 0x50, 0x3D, 0x13, 0xD3, 0x2D, 0xE0, 0x00},
    /* U+94CD */ {0x78, 0x8C, 0x7F, 0x84, 0xA7, 0xCA, 0x27, 0xE7, 0xE6, 0x25, 0x42, 0x5C, 0x3D, 0xC3, 0xFE, 0x2A, 0x30, 0x00},
    /* U+94CE */ {0x7F, 0xE4, 0x26, 0xC1, 0xC7, 0xBC, 0x36, 0x7F, 0x98, 0x37, 0xE3, 0x18, 0x3F, 0xF3, 0x98, 0x21, 0x80, 0x00},
    /* U+94D0 */ {0x67, 0xE7, 0x96, 0xC1, 0xC7, 0xFF, 0x23, 0x0F, 0xFE, 0x2E, 0x02, 0x3E, 0x28, 0x63, 0x86, 0x21, 0xC0, 0x00},
    /* U+94D1 */ {0x79, 0x2C, 0x7E, 0x81, 0x47, 0xFF, 0x21, 0x87, 0xB2, 0x27, 0xC2, 0x58, 0x39, 0x33, 0x13, 0x21, 0xE0, 0x00},
    /* U+94D2 */ {0x67, 0xF4, 0x26, 0x83, 0xE7, 0xA6, 0x32, 0x67, 0xBE, 0x32, 0x63, 0x26, 0x3F, 0xF3, 0xF6, 0x20, 0x60, 0x00},
    /* U+94D5 */ {0x79, 0x04, 0x7F, 0xC3, 0x07, 0xFE, 0x36, 0x27, 0xFE, 0x32, 0x23, 0x3E, 0x3A, 0x23, 0xA2, 0x22, 0xE0, 0x00},
    /* U+94D6 */ {0x60, 0xA7, 0x7F, 0xC4, 0x87, 0x4E, 0x27, 0xE2, 0x5E, 0xFD, 0xE2, 0x54, 0x3F, 0xD3, 0xDF, 0x29, 0x20, 0x00},
    /* U+94D7 */ {0x79, 0x8C, 0x7E, 0x81, 0xA7, 0xBE, 0x23, 0xC7, 0xFE, 0x21, 0x82, 0x18, 0x3B, 0x43, 0x66, 0x2C, 0x20, 0x00},
    /* U+94D8 */ {0x7F, 0xF4, 0xEA, 0x8E, 0xA7, 0xFE, 0x2F, 0xEF, 0xEA, 0x26, 0xB2, 0x6B, 0x2E, 0xE3, 0xA8, 0x26, 0x80, 0x00},
    /* U+94D9 */ {0x7F, 0xEC, 0x16, 0xF1, 0xC2, 0x7B, 0x26, 0x6F, 0x80, 0x3F, 0xE2, 0x3C, 0x3A, 0xC3, 0x6F, 0x2C, 0x60, 0x00},
    /* U+94DB */ {0x7F, 0xAC, 0x7E, 0xFB, 0xE3, 0x18, 0x37, 0xE7, 0x82, 0x37, 0xE3, 0x02, 0x38, 0x23, 0xFE, 0x20, 0x20, 0x00},
    /* U+94DC */ {0x7F, 0xEC, 0x42, 0x87, 0xE7, 0xC2, 0x25, 0xE7, 0xD6, 0x7D, 0x62, 0x5E, 0x3D, 0x23, 0x42, 0x24, 0x60, 0x00},
    /* U+94DD */ {0x7F, 0xEC, 0x62, 0x86, 0x27, 0xFE, 0x20, 0x07, 0x80, 0x27, 0xE2, 0x42, 0x3C, 0x23, 0x7E, 0x24, 0x20, 0x00},
    /* U+94DE */ {0x7B, 0xE4, 0x22, 0x82, 0x27, 0xBE, 0x30, 0x87, 0xFE, 0x34, 0xA3, 0x4A, 0x3C, 0xA3, 0xCE, 0x20, 0x80, 0x00},
    /* U+94DF */ {0x7F, 0xE4, 0x5A, 0xC5, 0xA7, 0xFE, 0x25, 0xAF, 0xDA, 0x25, 0xE2, 0x76, 0x3E, 0x23, 0x7E, 0x24, 0x20, 0x00},
    /* U+94E0 */ {0x7C, 0xAC, 0x4A, 0xC7, 0xE7, 0x80, 0x27, 0xE7, 0x82, 0x78, 0x22, 0x7E, 0x24, 0x03, 0xE3, 0x27, 0xE0, 0x00},
    /* U+94E1 */ {0x7F, 0x64, 0x96, 0x8F, 0x67, 0xF6, 0x2F, 0x6F, 0xF6, 0x2F, 0x62, 0xD6, 0x36, 0x23, 0xD2, 0x79, 0x60, 0x00},
    /* U+94E2 */ {0x7A, 0x8C, 0x3E, 0x86, 0x87, 0xC8, 0x30, 0x87, 0x7F, 0x31, 0xC3, 0x3C, 0x3A, 0xE3, 0xEB, 0x20, 0x80, 0x00},
    /* U+94E3 */ {0x62, 0x87, 0xBE, 0xC6, 0x87, 0xC8, 0x37, 0xF7, 0xB4, 0x33, 0x43, 0x34, 0x3A, 0x53, 0x65, 0x24, 0x60, 0x00},
    /* U+94E4 */ {0x7F, 0xC4, 0x64, 0xC4, 0x47, 0xFE, 0x22, 0x4F, 0xA4, 0x2E, 0x42, 0x7F, 0x3E, 0x03, 0xF0, 0x29, 0xF0, 0x00},
    /* U+94E5 */ {0x7F, 0x8C, 0x18, 0x87, 0xE7, 0x98, 0x31, 0x87, 0xFF, 0x31, 0x03, 0x34, 0x3A, 0x63, 0x7E, 0x26, 0x20, 0x00},
    /* U+94E7 */ {0x7E, 0xEC, 0x6C, 0x8E, 0xC7, 0xF8, 0x26, 0xB7, 0x9E, 0x21, 0x82, 0xFF, 0x29, 0x83, 0x18, 0x21, 0x80, 0x00},
    /* U+94E8 */ {0x79, 0xCC, 0x24, 0x86, 0x27, 0xFF, 0x21, 0x87, 0x98, 0x27, 0xE2, 0x18, 0x29, 0x83, 0x98, 0x27, 0xF0, 0x00},
    /* U+94E9 */ {0x7F, 0xCC, 0x1C, 0x87, 0x67, 0xC8, 0x20, 0x87, 0xFF, 0x20, 0x82, 0x2E, 0x3E, 0xA3, 0xCB, 0x21, 0x80, 0x00},
    /* U+94EA */ {0x79, 0x8C, 0x2C, 0x86, 0x67, 0xFE, 0x20, 0x07, 0x80, 0x27, 0xE2, 0x46, 0x3C, 0x63, 0x7E, 0x24, 0x40, 0x00},
    /* U+94EB */ {0x7B, 0xCC, 0x7E, 0x87, 0xE7, 0xFC, 0x23, 0xC7, 0xBC, 0x27, 0xE2, 0x2C, 0x3A, 0xD3, 0xEF, 0x2C, 0x60, 0x00},
    /* U+94EC */ {0x7B, 0xE4, 0x66, 0x87, 0x47, 0x9C, 0x23, 0xC7, 0xE7, 0x27, 0xE2, 0x62, 0x3E, 0x23, 0xFE, 0x22, 0x20, 0x00},
    /* U+94ED */ {0x7B, 0xEC, 0x26, 0x86, 0x47, 0xBC, 0x31, 0x87, 0x98, 0x37, 0xE3, 0x22, 0x3A, 0x23, 0xBE, 0x22, 0x20, 0x00},
    /* U+94EE */ {0x7B, 0xCC, 0x6C, 0x87, 0xE7, 0x9A, 0x21, 0xA7, 0xFF, 0x21, 0xA2, 0x7E, 0x39, 0x83, 0x18, 0x23, 0x00, 0x00},
    /* U+94EF */ {0x7B, 0xC4, 0x64, 0xC6, 0xC7, 0xFE, 0x36, 0xA7, 0xEA, 0x37, 0xE3, 0x60, 0x3E, 0x13, 0xE3, 0x23, 0xE0, 0x00},
    /* U+94F0 */ {0x78, 0x8C, 0x7E, 0x83, 0x47, 0xA6, 0x36, 0x77, 0xB4, 0x31, 0xC3, 0x18, 0x39, 0xC3, 0x36, 0x26, 0x20, 0x00},
    /* U+94F1 */ {0x78, 0x8C, 0x7E, 0x81, 0x87, 0x98, 0x23, 0xAF, 0xFC, 0x27, 0x42, 0x34, 0x3B, 0x63, 0x3B, 0x22, 0x00, 0x00},
    /* U+94F2 */ {0x7F, 0xEC, 0x24, 0x83, 0x47, 0x7F, 0x24, 0x07, 0xC0, 0x24, 0x02, 0x40, 0x3C, 0x03, 0xC0, 0x28, 0x00, 0x00},
    /* U+94F3 */ {0x79, 0x8C, 0x7F, 0x81, 0x47, 0xA6, 0x37, 0xE7, 0xBC, 0x33, 0xC3, 0x2C, 0x3A, 0xD3, 0xEF, 0x2C, 0x60, 0x00},
    /* U+94F4 */ {0x7F, 0xE4, 0x4C, 0x81, 0x87, 0xFE, 0x25, 0x6F, 0x1E, 0x27, 0xA2, 0xEA, 0x3D, 0xA3, 0xB6, 0x2A, 0xC0, 0x00},
    /* U+94F5 */ {0x7F, 0xEC, 0x43, 0xFD, 0xB2, 0x10, 0x27, 0xF2, 0x36, 0xFA, 0x42, 0x3C, 0x21, 0xC3, 0xBE, 0x26, 0x20, 0x00},
    /* U+94F6 */ {0x7F, 0xE4, 0x62, 0xFF, 0xE2, 0x62, 0x27, 0xE2, 0x78, 0xFE, 0xE2, 0x6C, 0x26, 0x43, 0xFE, 0x26, 0x30, 0x00},
    /* U+94F7 */ {0x76, 0xEC, 0x4A, 0x8F, 0xA7, 0x5A, 0x25, 0xAF, 0xFA, 0x2E, 0xA2, 0x6A, 0x37, 0xA3, 0x5E, 0x08, 0xA0, 0x00},
    /* U+94F8 */ {0x7F, 0xE4, 0x10, 0xF7, 0xE2, 0x10, 0x2F, 0xF2, 0x26, 0x7B, 0xE2, 0x76, 0x3D, 0xE3, 0xCE, 0x20, 0xC0, 0x00},
    /* U+94F9 */ {0x7F, 0xFC, 0x24, 0x80, 0x47, 0xFF, 0x24, 0x3F, 0x90, 0x27, 0xE2, 0x12, 0x3B, 0x63, 0x66, 0x2C, 0xC0, 0x00},
    /* U+94FA */ {0x78, 0xA4, 0x7F, 0x80, 0x87, 0xFE, 0x24, 0xA7, 0xFE, 0x24, 0xA2, 0x7E, 0x3C, 0xA3, 0x4A, 0x24, 0xE0, 0x00},
    /* U+94FC */ {0x79, 0x84, 0x7E, 0x85, 0xA7, 0x3E, 0x23, 0xCE, 0x7F, 0x21, 0x82, 0x3C, 0x3F, 0xE3, 0xDB, 0x21, 0x80, 0x00},
    /* U+94FD */ {0x70, 0xEC, 0xFF, 0x80, 0xC7, 0x2C, 0x21, 0xCF, 0xFC, 0x2F, 0xC2, 0xEC, 0x37, 0xD7, 0x77, 0x00, 0x20, 0x00},
    /* U+94FE */ {0x7F, 0xFC, 0x50, 0x81, 0xC7, 0x3C, 0x2F, 0xE2, 0x4C, 0xF7, 0xF2, 0x4C, 0x24, 0xC3, 0xE0, 0x6B, 0xF0, 0x00},
    /* U+94FF */ {0x7F, 0xE4, 0x6A, 0x86, 0xE7, 0x6C, 0x27, 0xE7, 0x3B, 0x21, 0x82, 0x7E, 0x39, 0x83, 0x18, 0x2F, 0xF0, 0x00},
    /* U+9500 */ {0x66, 0xA7, 0xAA, 0xC2, 0x87, 0xFE, 0x34, 0x27, 0xFE, 0x34, 0x23, 0x7E, 0x3C, 0x23, 0x42, 0x24, 0xE0, 0x00},
    /* U+9501 */ {0x7B, 0xEC, 0x3C, 0x87, 0xE7, 0xE2, 0x27, 0xA7, 0xFA, 0x27, 0xA2, 0x7A, 0x3B, 0xA3, 0xEE, 0x2C, 0x30, 0x00},
    /* U+9502 */ {0x7F, 0xEC, 0x6A, 0x87, 0xE7, 0xEA, 0x36, 0xA7, 0xFE, 0x30, 0x83, 0x7E, 0x38, 0x83, 0x88, 0x27, 0xF0, 0x00},
    /* U+9503 */ {0x66, 0x27, 0xE2, 0xC7, 0xE7, 0x80, 0x27, 0xEF, 0x98, 0x21, 0x82, 0x7E, 0x39, 0x83, 0x98, 0x2F, 0xF0, 0x00},
    /* U+9504 */ {0x7F, 0xCC, 0xFC, 0x8F, 0xE7, 0xFE, 0x2F, 0xEF, 0xFA, 0x2F, 0xA2, 0xFA, 0x3F, 0xA3, 0xD2, 0x01, 0x60, 0x00},
    /* U+9505 */ {0x66, 0x2F, 0xE2, 0xFF, 0xE2, 0x08, 0x27, 0xE2, 0x5B, 0xFD, 0xB2, 0x57, 0x26, 0x73, 0xC3, 0x24, 0x60, 0x00},
    /* U+9506 */ {0x7A, 0x8C, 0x7E, 0xC4, 0x87, 0x88, 0x27, 0xF2, 0x00, 0x7B, 0xE2, 0x62, 0x3E, 0x23, 0xFE, 0x22, 0x20, 0x00},
    /* U+9507 */ {0x66, 0xE7, 0xAA, 0xC2, 0x87, 0xFF, 0x22, 0xE7, 0xBE, 0x2E, 0xE2, 0x24, 0x2A, 0xD3, 0xAF, 0x27, 0x20, 0x00},
    /* U+9508 */ {0x67, 0xCF, 0xFF, 0xC1, 0xC7, 0xBE, 0x26, 0xA7, 0xFC, 0x23, 0xC2, 0x2E, 0x3A, 0x23, 0xE2, 0x24, 0xE0, 0x00},
    /* U+9509 */ {0x7B, 0xEC, 0x7E, 0x87, 0xC7, 0xFE, 0x27, 0xE7, 0xDF, 0x21, 0x82, 0x7E, 0x29, 0x83, 0x98, 0x2F, 0xF0, 0x00},
    /* U+950A */ {0x7F, 0xCC, 0x1A, 0x86, 0xA7, 0xAE, 0x30, 0x47, 0xFF, 0x30, 0x43, 0x24, 0x3B, 0x43, 0x84, 0x21, 0xC0, 0x00},
    /* U+950B */ {0x7B, 0xE4, 0x64, 0xC5, 0x87, 0x3C, 0x2F, 0xFF, 0xFE, 0x21, 0x82, 0x7E, 0x39, 0x83, 0xFE, 0x21, 0x80, 0x00},
    /* U+950C */ {0x60, 0x87, 0xFE, 0xC2, 0x67, 0xB4, 0x31, 0x43, 0x7F, 0x78, 0x83, 0x7F, 0x38, 0x83, 0x88, 0x20, 0x80, 0x00},
    /* U+950D */ {0x7F, 0xFC, 0x10, 0x83, 0x47, 0xFE, 0x27, 0xFF, 0xFC, 0x27, 0xC2, 0x7C, 0x3D, 0xD3, 0xDD, 0x28, 0x70, 0x00},
    /* U+950E */ {0x66, 0x27, 0xC2, 0xC7, 0xE7, 0xDA, 0x25, 0xAF, 0xFE, 0x25, 0xA2, 0x7A, 0x2E, 0xA3, 0xEA, 0x24, 0x60, 0x00},
    /* U+950F */ {0x7D, 0xE4, 0x42, 0x8F, 0xA7, 0xEE, 0x2E, 0xEF, 0xFE, 0x2E, 0xE2, 0xEE, 0x3F, 0xA3, 0xC2, 0x6C, 0x60, 0x00},
    /* U+9510 */ {0x7A, 0x44, 0x34, 0xC7, 0xE7, 0xC2, 0x24, 0x2F, 0xFE, 0x23, 0xC2, 0x3C, 0x22, 0xC3, 0xEF, 0x2C, 0x60, 0x00},
    /* U+9511 */ {0x7A, 0x47, 0x7E, 0x81, 0xA7, 0x9A, 0x27, 0xE2, 0x58, 0xFF, 0xF2, 0x3B, 0x37, 0xA3, 0xDE, 0x29, 0x80, 0x00},
    /* U+9512 */ {0x7F, 0xE4, 0x62, 0xC6, 0x27, 0xFE, 0x36, 0x2F, 0xFE, 0x37, 0xA3, 0x6E, 0x3E, 0xC3, 0x7E, 0x26, 0x30, 0x00},
    /* U+9513 */ {0x60, 0x27, 0xBE, 0xC0, 0x27, 0xFE, 0x27, 0xF2, 0x43, 0xFF, 0xE2, 0x34, 0x21, 0xC3, 0xBE, 0x2E, 0x70, 0x00},
    /* U+9514 */ {0x64, 0x27, 0xC2, 0xF7, 0xE2, 0x40, 0x27, 0xF2, 0x42, 0x7F, 0xE2, 0x66, 0x3F, 0xE3, 0xE2, 0x28, 0xE0, 0x00},
    /* U+9515 */ {0x7B, 0xF4, 0xE2, 0x8D, 0xE7, 0xD6, 0x2F, 0x6F, 0xB6, 0x2B, 0x62, 0xFE, 0x39, 0x27, 0x82, 0x48, 0xE0, 0x00},
    /* U+9516 */ {0x7F, 0xE4, 0x7E, 0x81, 0x87, 0xFF, 0x20, 0x07, 0xFE, 0x27, 0xE2, 0x62, 0x3F, 0xE3, 0xE2, 0x26, 0x60, 0x00},
    /* U+9517 */ {0x79, 0x2C, 0x7E, 0x81, 0x47, 0xFF, 0x23, 0x87, 0xFE, 0x26, 0x22, 0x3E, 0x3A, 0x23, 0x3E, 0x22, 0x20, 0x00},
    /* U+9518 */ {0x7F, 0xFC, 0x24, 0x81, 0x07, 0x90, 0x27, 0xF2, 0x30, 0x7F, 0xE2, 0x62, 0x3A, 0x23, 0x3E, 0x22, 0x20, 0x00},
    /* U+9519 */ {0x63, 0x47, 0xFE, 0xC3, 0x47, 0xFF, 0x20, 0x07, 0xBE, 0x26, 0x22, 0x7E, 0x3E, 0x23, 0x7E, 0x22, 0x20, 0x00},
    /* U+951A */ {0x7B, 0x4C, 0x7F, 0x83, 0x47, 0x84, 0x27, 0xE7, 0xEA, 0x26, 0xA2, 0x7E, 0x3E, 0xA3, 0xFE, 0x24, 0x20, 0x00},
    /* U+951B */ {0x79, 0x0C, 0x7F, 0x82, 0xE7, 0xFF, 0x21, 0x8F, 0xBC, 0x22, 0x42, 0xFF, 0x26, 0x43, 0xE4, 0x2C, 0x40, 0x00},
    /* U+951D */ {0x7E, 0x24, 0x7E, 0x86, 0x27, 0xBE, 0x37, 0xF7, 0x84, 0x37, 0xF3, 0x24, 0x3B, 0x43, 0x94, 0x20, 0xC0, 0x00},
    /* U+951E */ {0x7D, 0xAC, 0x5A, 0x87, 0xE7, 0xDA, 0x27, 0xEF, 0x98, 0x27, 0xF2, 0x3C, 0x3B, 0xE3, 0xDB, 0x21, 0x80, 0x00},
    /* U+951F */ {0x64, 0x67, 0xFE, 0xC4, 0x67, 0xFE, 0x20, 0x87, 0xCA, 0x27, 0xE2, 0x48, 0x2C, 0x83, 0xFB, 0x26, 0xE0, 0x00},
    /* U+9521 */ {0x7E, 0x2C, 0x7E, 0x86, 0x27, 0xFE, 0x22, 0x0F, 0xFE, 0x25, 0xE2, 0xBA, 0x3A, 0xA3, 0xD2, 0x23, 0xE0, 0x00},
    /* U+9522 */ {0x7F, 0xE4, 0x4A, 0x87, 0xE7, 0xCA, 0x24, 0xAF, 0xFE, 0x27, 0x62, 0x7E, 0x3C, 0x23, 0x7E, 0x24, 0x20, 0x00},
    /* U+9523 */ {0x7F, 0xF4, 0x57, 0x87, 0xF7, 0x90, 0x23, 0xEF, 0xE2, 0x2F, 0x62, 0x1C, 0x39, 0x83, 0x30, 0x26, 0x00, 0x00},
    /* U+9524 */ {0x7F, 0xC4, 0x18, 0xCF, 0xE7, 0xFE, 0x2F, 0xFF, 0xFE, 0x27, 0xE2, 0xFF, 0x39, 0x83, 0x18, 0x27, 0xE0, 0x00},
    /* U+9525 */ {0x7A, 0xCC, 0x7E, 0x86, 0x87, 0xE8, 0x27, 0xE7, 0xE8, 0x27, 0xE2, 0x68, 0x3E, 0x83, 0xFF, 0x26, 0x00, 0x00},
    /* U+9526 */ {0x7F, 0xE4, 0x62, 0xFF, 0xE2, 0x62, 0x27, 0xE2, 0x18, 0xFF, 0xE2, 0x5A, 0x3D, 0xA3, 0x5E, 0x20, 0x80, 0x00},
    /* U+9528 */ {0x6E, 0x87, 0x8F, 0xC8, 0xA7, 0xFE, 0x2B, 0x6F, 0xA4, 0x2A, 0xC2, 0xAC, 0x2A, 0xE3, 0xBA, 0x2B, 0x30, 0x00},
    /* U+9529 */ {0x7F, 0x64, 0x34, 0xC7, 0xE7, 0x30, 0x2F, 0xE2, 0x66, 0x7F, 0xF2, 0xE4, 0x3A, 0xE3, 0x22, 0x23, 0xE0, 0x00},
    /* U+952A */ {0x7F, 0xE4, 0x7E, 0x8E, 0xA7, 0x6A, 0x2D, 0x2F, 0x9E, 0x23, 0x02, 0xFA, 0x3E, 0xB3, 0xA5, 0x23, 0xC0, 0x00},
    /* U+952B */ {0x7F, 0xEC, 0x26, 0xF2, 0x42, 0x24, 0x2F, 0xF7, 0x80, 0x27, 0xE2, 0x62, 0x3E, 0x23, 0x7E, 0x26, 0x20, 0x00},
    /* U+952C */ {0x7F, 0xAC, 0x5C, 0x85, 0xC7, 0xBE, 0x27, 0xA7, 0xBA, 0x25, 0xE2, 0x5C, 0x3B, 0xC3, 0xE6, 0x24, 0x30, 0x00},
    /* U+952D */ {0x79, 0x8C, 0x7E, 0x80, 0x07, 0xFE, 0x21, 0x87, 0xF8, 0x27, 0xE2, 0x78, 0x37, 0x83, 0xF8, 0x29, 0xF0, 0x00},
    /* U+952E */ {0x6F, 0xE4, 0x4A, 0xC7, 0xF7, 0xFE, 0x22, 0x8F, 0x7E, 0x2E, 0x82, 0x7E, 0x34, 0x83, 0xF8, 0x79, 0xF0, 0x00},
    /* U+952F */ {0x7C, 0x2C, 0x42, 0x87, 0xE7, 0x48, 0x27, 0xF7, 0xC8, 0x24, 0x82, 0x7E, 0x2E, 0x23, 0xE2, 0x2B, 0xE0, 0x00},
    /* U+9530 */ {0x78, 0xCC, 0x08, 0xC7, 0xF7, 0x98, 0x21, 0x8F, 0xB8, 0x27, 0xE2, 0x5A, 0x3D, 0xA3, 0x5A, 0x2F, 0xF0, 0x00},
    /* U+9531 */ {0x7F, 0xEC, 0x54, 0x85, 0xE7, 0xAA, 0x22, 0xA7, 0xFE, 0x24, 0xA2, 0x7E, 0x3C, 0xA3, 0xCA, 0x27, 0xE0, 0x00},
    /* U+9532 */ {0x7F, 0xE4, 0x2E, 0xC7, 0xA7, 0xFA, 0x27, 0xE7, 0x30, 0x71, 0x82, 0xFF, 0x21, 0x83, 0xA6, 0x2E, 0x30, 0x00},
    /* U+9534 */ {0x7C, 0xAC, 0x7E, 0x84, 0x87, 0xFB, 0x27, 0xEF, 0x98, 0x27, 0xE2, 0x62, 0x3F, 0xE3, 0xE2, 0x27, 0xE0, 0x00},
    /* U+9535 */ {0x77, 0xEC, 0xFA, 0x8E, 0xE7, 0xEC, 0x27, 0x6F, 0x7F, 0x2F, 0x62, 0xFE, 0x36, 0xE3, 0x66, 0x66, 0xE0, 0x00},
    /* U+9536 */ {0x7F, 0xE4, 0x4A, 0xFF, 0xE2, 0x4A, 0x27, 0xEF, 0x98, 0x27, 0xA2, 0x7A, 0x3F, 0x33, 0xF7, 0x21, 0xC0, 0x00},
    /* U+9537 */ {0x65, 0xA7, 0xDA, 0xC7, 0xE7, 0xFE, 0x20, 0x0F, 0xFF, 0x22, 0x02, 0x3E, 0x38, 0x63, 0x06, 0x21, 0xC0, 0x00},
    /* U+9538 */ {0x7F, 0x8C, 0x08, 0x87, 0xF7, 0x88, 0x27, 0xE7, 0xCA, 0x24, 0xA2, 0x7E, 0x3C, 0xA3, 0x7E, 0x24, 0x20, 0x00},
    /* U+9539 */ {0x7E, 0x4C, 0x44, 0x84, 0xF7, 0xFE, 0x27, 0xEF, 0x6C, 0x2F, 0xC2, 0xCE, 0x34, 0xA3, 0x5A, 0x25, 0x10, 0x00},
    /* U+953A */ {0x7F, 0xC4, 0x7F, 0x81, 0x87, 0xFE, 0x27, 0xE7, 0xDA, 0x27, 0xE2, 0x18, 0x3F, 0xE3, 0x98, 0x27, 0xF0, 0x00},
    /* U+953B */ {0x64, 0xE7, 0xCA, 0xC7, 0xA7, 0x53, 0x24, 0x0F, 0xFE, 0x24, 0xA2, 0x7E, 0x2E, 0xC3, 0x5E, 0x25, 0x30, 0x00},
    /* U+953C */ {0x7F, 0xE4, 0xD2, 0xFF, 0xE2, 0xD2, 0x2F, 0xE2, 0x10, 0xEF, 0xE2, 0x66, 0x23, 0xC3, 0xFC, 0x6E, 0x70, 0x00},
    /* U+953E */ {0x7F, 0xE4, 0x56, 0x87, 0xE7, 0x20, 0x2F, 0xFF, 0xA0, 0x27, 0xE2, 0x74, 0x3D, 0xC7, 0xFE, 0x0E, 0x70, 0x00},
    /* U+953F */ {0x7F, 0xEC, 0x00, 0x87, 0xE7, 0x42, 0x24, 0x2F, 0xFE, 0x23, 0xA2, 0xEE, 0x3A, 0x43, 0x3E, 0x27, 0x30, 0x00},
    /* U+9540 */ {0x7F, 0xF4, 0x54, 0x87, 0xF7, 0xD6, 0x25, 0xEF, 0xC0, 0x27, 0xE2, 0x56, 0x3C, 0xC3, 0xDE, 0x2B, 0x30, 0x00},
    /* U+9541 */ {0x7A, 0x4C, 0x7E, 0xC1, 0x87, 0xFE, 0x27, 0xF7, 0x98, 0x71, 0x82, 0x7F, 0x21, 0x83, 0xA6, 0x2C, 0x30, 0x00},
    /* U+9542 */ {0x7F, 0xEC, 0x7E, 0x83, 0xC7, 0x7E, 0x2D, 0xAF, 0x90, 0x3F, 0xE2, 0x24, 0x3F, 0xC3, 0x1C, 0x26, 0x60, 0x00},
    /* U+9544 */ {0x7F, 0xE4, 0x7E, 0xC7, 0xC7, 0xFF, 0x26, 0xE7, 0xFE, 0x24, 0x22, 0x5A, 0x3D, 0xA3, 0x3C, 0x26, 0x20, 0x00},
    /* U+9545 */ {0x7D, 0xAC, 0x5A, 0x87, 0xE7, 0x40, 0x27, 0xEF, 0xE2, 0x27, 0xE2, 0x62, 0x3F, 0xE3, 0xE2, 0x2B, 0xE0, 0x00},
    /* U+9546 */ {0x7F, 0xFC, 0x24, 0x87, 0xE7, 0x62, 0x27, 0xE7, 0xFE, 0x21, 0x82, 0x7F, 0x39, 0xC3, 0x36, 0x26, 0x30, 0x00},
    /* U+9547 */ {0x7F, 0xE4, 0x18, 0x87, 0xE7, 0xFE, 0x26, 0x27, 0xFE, 0x27, 0xE2, 0x62, 0x3F, 0xF3, 0xB6, 0x26, 0x20, 0x00},
    /* U+9549 */ {0x7F, 0xF4, 0x7E, 0x84, 0x27, 0xFE, 0x27, 0xEF, 0xE6, 0x25, 0xE2, 0x7E, 0x3D, 0xA3, 0xDA, 0x24, 0x60, 0x00},
    /* U+954A */ {0x74, 0x6C, 0x7E, 0x86, 0x67, 0x7E, 0x2F, 0xFF, 0x00, 0x2F, 0xE2, 0xEA, 0x36, 0xE3, 0x7E, 0x69, 0xB0, 0x00},
    /* U+954C */ {0x7F, 0xEC, 0x68, 0x8F, 0xE7, 0xFE, 0x26, 0x87, 0xFE, 0x27, 0xC2, 0x2E, 0x3A, 0x23, 0xE2, 0x2C, 0xE0, 0x00},
    /* U+954D */ {0x7F, 0xE4, 0x42, 0x87, 0xE7, 0xFE, 0x24, 0x27, 0xFE, 0x27, 0xE2, 0x38, 0x3B, 0xC3, 0xFE, 0x25, 0xA0, 0x00},
    /* U+954E */ {0x7F, 0xC4, 0xFF, 0xC7, 0xC7, 0x46, 0x27, 0xC7, 0xFE, 0x21, 0x82, 0x7E, 0x3F, 0xF3, 0x18, 0x23, 0x00, 0x00},
    /* U+954F */ {0x7E, 0xE4, 0x6E, 0x87, 0xA7, 0xFA, 0x25, 0xEF, 0xFE, 0x25, 0x22, 0x7E, 0x3D, 0x23, 0x52, 0x27, 0xE0, 0x00},
    /* U+9550 */ {0x7F, 0xF4, 0x00, 0x87, 0xE7, 0xC6, 0x27, 0xEF, 0xFE, 0x24, 0x22, 0x7E, 0x3E, 0xE3, 0x7A, 0x24, 0x60, 0x00},
    /* U+9551 */ {0x7F, 0xEC, 0x24, 0x82, 0x47, 0xFF, 0x25, 0xBF, 0xFE, 0x23, 0x02, 0x3E, 0x22, 0x63, 0x66, 0x2C, 0xC0, 0x00},
    /* U+9552 */ {0x7A, 0x4C, 0x24, 0xCF, 0xF7, 0x24, 0x26, 0x6F, 0xC2, 0x27, 0xE2, 0x5A, 0x2D, 0xA3, 0xDA, 0x2F, 0xF0, 0x00},
    /* U+9553 */ {0x7F, 0xEC, 0xC3, 0x87, 0xE7, 0x30, 0x27, 0x6F, 0xDC, 0x27, 0xC2, 0xDE, 0x3B, 0xA3, 0xC9, 0x23, 0x80, 0x00},
    /* U+9554 */ {0x7F, 0xEC, 0x42, 0xF5, 0xE2, 0x38, 0x23, 0xEF, 0xAC, 0x22, 0xC2, 0x7F, 0x3A, 0x43, 0x66, 0x2C, 0x20, 0x00},
    /* U+9556 */ {0x79, 0x84, 0x7E, 0x85, 0xA7, 0xDA, 0x27, 0xE7, 0xFE, 0x20, 0x02, 0x7F, 0x3B, 0xC3, 0xDA, 0x27, 0x80, 0x00},
    /* U+9557 */ {0x7B, 0xEC, 0x1C, 0x87, 0xF7, 0xFF, 0x22, 0x67, 0xBE, 0x21, 0x82, 0x7E, 0x39, 0x83, 0x18, 0x27, 0xF0, 0x00},
    /* U+9558 */ {0x7E, 0x2C, 0x7E, 0x83, 0xE7, 0xFE, 0x25, 0xE7, 0xFE, 0x20, 0x02, 0x7E, 0x3B, 0x43, 0x3C, 0x2E, 0x70, 0x00},
    /* U+9559 */ {0x7D, 0xAC, 0x7E, 0x85, 0xA7, 0x7E, 0x22, 0xCF, 0xF8, 0x23, 0x62, 0x7E, 0x3F, 0xC3, 0x5A, 0x27, 0xA0, 0x00},
    /* U+955B */ {0x67, 0xE7, 0xC8, 0xC5, 0xE7, 0xFF, 0x37, 0xE7, 0xC8, 0x37, 0xE3, 0x7E, 0x3F, 0xE3, 0xAA, 0x2A, 0xE0, 0x00},
    /* U+955C */ {0x7F, 0xEC, 0x34, 0x87, 0xF7, 0x80, 0x27, 0xEF, 0xFE, 0x26, 0x22, 0x7E, 0x3B, 0xC3, 0x6D, 0x2C, 0x60, 0x00},
    /* U+955D */ {0x7F, 0xF4, 0x24, 0x87, 0xE7, 0x4A, 0x27, 0xE2, 0x4A, 0xFF, 0xE2, 0x66, 0x3F, 0xE3, 0x62, 0x24, 0x60, 0x00},
    /* U+955E */ {0x74, 0x87, 0xFF, 0x8D, 0x87, 0xCE, 0x2F, 0xCF, 0xB4, 0x2B, 0xF2, 0xA4, 0x3A, 0xE3, 0xAA, 0x5F, 0x30, 0x00},
    /* U+955F */ {0x75, 0x8D, 0xFF, 0x89, 0x07, 0xFE, 0x2A, 0x6F, 0xBE, 0x2B, 0xE2, 0xBC, 0x3B, 0xC7, 0xFC, 0x57, 0x70, 0x00},
    /* U+9561 */ {0x7B, 0xCC, 0x7E, 0x85, 0xA7, 0xFE, 0x27, 0xE7, 0xE2, 0x77, 0xE2, 0x7E, 0x3F, 0xF3, 0x18, 0x21, 0x80, 0x00},
    /* U+9562 */ {0x7F, 0xF4, 0xFC, 0x8B, 0x47, 0xFF, 0x2F, 0xFF, 0xFE, 0x2F, 0xE2, 0xFE, 0x3A, 0x63, 0xAE, 0x6C, 0x90, 0x00},
    /* U+9563 */ {0x7F, 0xE4, 0x7A, 0x86, 0x67, 0x7E, 0x2E, 0x6F, 0xFC, 0x26, 0x42, 0x7C, 0x3F, 0xC3, 0x5A, 0x23, 0x20, 0x00},
    /* U+9564 */ {0x7F, 0xEC, 0x7F, 0x82, 0x47, 0xA4, 0x27, 0xEF, 0xFE, 0x21, 0x82, 0x7F, 0x29, 0xC3, 0xE6, 0x2C, 0x30, 0x00},
    /* U+9565 */ {0x7E, 0x8C, 0xFE, 0xF7, 0xE2, 0x5A, 0x27, 0xE7, 0xFE, 0x20, 0x02, 0x7E, 0x3F, 0xE3, 0x62, 0x27, 0xE0, 0x00},
    /* U+9566 */ {0x7F, 0xCC, 0x0F, 0x8F, 0xA7, 0xFA, 0x21, 0xEF, 0xFE, 0x26, 0x42, 0xF4, 0x2E, 0xE3, 0x5A, 0x2D, 0x30, 0x00},
    /* U+9567 */ {0x77, 0xEC, 0x52, 0x8F, 0xE7, 0x92, 0x2F, 0xEF, 0xFE, 0x2F, 0xE2, 0x9A, 0x3F, 0xE3, 0xD2, 0x48, 0x60, 0x00},
    /* U+9568 */ {0x7F, 0xEC, 0x7E, 0xFF, 0xE2, 0x3C, 0x27, 0xF2, 0x00, 0xFF, 0xE2, 0x7E, 0x26, 0x23, 0xFE, 0x24, 0x20, 0x00},
    /* U+9569 */ {0x7F, 0xE4, 0xE7, 0x86, 0x67, 0x7E, 0x25, 0xAF, 0xFE, 0x21, 0x82, 0x7E, 0x3D, 0xA3, 0x7E, 0x21, 0x80, 0x00},
    /* U+956A */ {0x63, 0x27, 0x32, 0xCF, 0xE7, 0x8C, 0x29, 0xE7, 0xFE, 0x73, 0xE2, 0x3E, 0x26, 0xE3, 0x6E, 0x6F, 0xB0, 0x00},
    /* U+956B */ {0x7B, 0xCC, 0x67, 0x86, 0x67, 0xFE, 0x2F, 0xF7, 0xE6, 0x26, 0x62, 0x7E, 0x3A, 0x43, 0x2C, 0x2F, 0xF0, 0x00},
    /* U+956C */ {0x67, 0xFC, 0x28, 0x87, 0xE7, 0xFE, 0x27, 0xC7, 0xFC, 0x27, 0xE2, 0x7E, 0x3B, 0x63, 0x1C, 0x27, 0x60, 0x00},
    /* U+956D */ {0x7F, 0xEC, 0x7E, 0x85, 0xB7, 0x7E, 0x27, 0xEF, 0x80, 0x27, 0xE2, 0x5A, 0x3F, 0xE3, 0x5A, 0x27, 0xE0, 0x00},
    /* U+956F */ {0x7D, 0xA4, 0x5A, 0xC7, 0xE7, 0xFE, 0x25, 0x27, 0xFE, 0x25, 0x62, 0x7E, 0x39, 0xA3, 0x7E, 0x20, 0x60, 0x00},
    /* U+9570 */ {0x7F, 0xFC, 0x54, 0x87, 0xE7, 0xD4, 0x27, 0xEF, 0xFE, 0x25, 0x62, 0xFE, 0x3F, 0x63, 0xF7, 0x29, 0x40, 0x00},
    /* U+9571 */ {0x7F, 0xEC, 0x24, 0x87, 0xF7, 0x3C, 0x27, 0xEF, 0xFE, 0x27, 0xE2, 0x18, 0x2F, 0xA3, 0xF7, 0x21, 0xC0, 0x00},
    /* U+9572 */ {0x7F, 0xE4, 0xEB, 0x87, 0xE7, 0xF6, 0x26, 0x4F, 0xFE, 0x2C, 0x02, 0x7E, 0x3F, 0xC3, 0x5A, 0x23, 0x80, 0x00},
    /* U+9573 */ {0x7F, 0xFC, 0xFC, 0x8F, 0xE7, 0xFE, 0x2E, 0x4F, 0xFE, 0x2A, 0xD2, 0xFE, 0x3B, 0xA7, 0xFE, 0x5D, 0x70, 0x00},
    /* U+9576 */ {0x6F, 0xF7, 0x7E, 0xF7, 0xE2, 0x24, 0x27, 0xE7, 0x7E, 0x22, 0x42, 0xFF, 0x3E, 0xE3, 0xBE, 0x27, 0x30, 0x00},
    /* U+957F */ {0x10, 0xC1, 0x38, 0x16, 0x01, 0x00, 0xFF, 0xF1, 0x20, 0x13, 0x01, 0x18, 0x10, 0xC1, 0xE6, 0x38, 0x20, 0x00},
    /* U+95E8 */ {0x30, 0x25, 0x02, 0x40, 0x24, 0x02, 0x40, 0x24, 0x02, 0x40, 0x24, 0x02, 0x40, 0x24, 0x02, 0x40, 0xE0, 0x00},
    /* U+95E9 */ {0x30, 0x24, 0x02, 0x40, 0x24, 0x02, 0x40, 0x25, 0xFA, 0x40, 0x24, 0x02, 0x40, 0x24, 0x02, 0x40, 0xE0, 0x00},
    /* U+95EA */ {0x2F, 0xE3, 0x02, 0x42, 0x24, 0x62, 0x46, 0x24, 0xF2, 0x49, 0x25, 0x9A, 0x50, 0xA4, 0x02, 0x40, 0xE0, 0x00},
    /* U+95EB */ {0x2F, 0xE3, 0x02, 0x40, 0x25, 0xFA, 0x40, 0x25, 0xFA, 0x40, 0x24, 0x02, 0x5F, 0xA4, 0x02, 0x40, 0xE0, 0x00},
    /* U+95ED */ {0x2F, 0xE2, 0x02, 0x41, 0x25, 0xFE, 0x43, 0x24, 0x72, 0x4D, 0x25, 0x92, 0x53, 0x24, 0x72, 0x40, 0xE0, 0x00},
    /* U+95EE */ {0x2F, 0xE3, 0x02, 0x40, 0x24, 0xF2, 0x49, 0x24, 0x92, 0x49, 0x24, 0xF2, 0x48, 0x24, 0x02, 0x40, 0xE0, 0x00},
    /* U+95EF */ {0x30, 0x25, 0x02, 0x5F, 0x24, 0x92, 0x49, 0x25, 0xFA, 0x40, 0xA5, 0xEA, 0x40, 0xA4, 0x3A, 0x40, 0xE0, 0x00},
    /* U+95F0 */ {0x2F, 0xE1, 0x02, 0x5F, 0xA4, 0x62, 0x46, 0x25, 0xFA, 0x46, 0x24, 0x62, 0x5F, 0xA4, 0x02, 0x40, 0xE0, 0x00},
    /* U+95F1 */ {0x2F, 0xE1, 0x02, 0x5F, 0xE4, 0x62, 0x5F, 0xA4, 0x62, 0x7F, 0xE4, 0x6E, 0x47, 0xA4, 0x62, 0x40, 0xE0, 0x00},
    /* U+95F2 */ {0x2F, 0xE3, 0x02, 0x46, 0x24, 0x62, 0x5F, 0xE4, 0xF2, 0x4F, 0xA5, 0xEA, 0x56, 0x24, 0x62, 0x40, 0xE0, 0x00},
    /* U+95F3 */ {0x30, 0x25, 0x42, 0x44, 0x25, 0xFA, 0x4A, 0x24, 0xA2, 0x5F, 0x27, 0x5A, 0x4F, 0xA4, 0x4A, 0x40, 0xE0, 0x00},
    /* U+95F4 */ {0x2F, 0xE2, 0x02, 0x40, 0x25, 0xFA, 0x59, 0xA5, 0xFA, 0x59, 0xA5, 0x9A, 0x4F, 0x24, 0x02, 0x40, 0x60, 0x00},
    /* U+95F5 */ {0x30, 0x24, 0x42, 0x46, 0x25, 0xFA, 0x51, 0x25, 0xB2, 0x46, 0x24, 0x72, 0x59, 0xA5, 0x02, 0x40, 0xE0, 0x00},
    /* U+95F6 */ {0x2F, 0xE2, 0x42, 0x46, 0x25, 0xFA, 0x40, 0x24, 0xF2, 0x49, 0x24, 0x92, 0x59, 0x65, 0x1A, 0x40, 0x60, 0x00},
    /* U+95F7 */ {0x30, 0x24, 0x42, 0x46, 0x25, 0xAA, 0x5A, 0xA5, 0x8A, 0x79, 0xE6, 0x92, 0x4F, 0x24, 0x02, 0x40, 0xE0, 0x00},
    /* U+95F8 */ {0x2F, 0xE2, 0x02, 0x5F, 0xA5, 0x6A, 0x5F, 0xA5, 0x6A, 0x5F, 0xA5, 0x6A, 0x46, 0x24, 0x62, 0x40, 0x60, 0x00},
    /* U+95F9 */ {0x2F, 0xE1, 0x42, 0x46, 0x25, 0xFA, 0x46, 0x25, 0xFA, 0x56, 0xA5, 0x6A, 0x57, 0xA4, 0x62, 0x40, 0xE0, 0x00},
    /* U+95FA */ {0x30, 0x25, 0x62, 0x5F, 0xA4, 0x62, 0x5F, 0xA4, 0x62, 0x5F, 0xA4, 0x62, 0x46, 0x25, 0xFA, 0x40, 0xE0, 0x00},
    /* U+95FB */ {0x6F, 0xE0, 0x02, 0x5F, 0xA5, 0x92, 0x5F, 0x25, 0x92, 0x5F, 0x25, 0x9E, 0x5D, 0x24, 0x12, 0x40, 0xE0, 0x00},
    /* U+95FC */ {0x2F, 0xE2, 0x02, 0x53, 0x25, 0xFA, 0x42, 0x27, 0xB2, 0x5F, 0xA5, 0xCA, 0x7F, 0xE4, 0x02, 0x40, 0x60, 0x00},
    /* U+95FD */ {0x2F, 0xE3, 0x02, 0x46, 0x25, 0xFA, 0x56, 0xA5, 0x6A, 0x5F, 0xA4, 0x6A, 0x5F, 0xA5, 0x82, 0x40, 0x60, 0x00},
    /* U+95FE */ {0x30, 0x25, 0x02, 0x5F, 0xA5, 0x9A, 0x4F, 0x24, 0x02, 0x5F, 0xA5, 0x0A, 0x5F, 0xA5, 0x02, 0x40, 0xE0, 0x00},
    /* U+9600 */ {0x6F, 0xE0, 0x82, 0x5B, 0xA5, 0x3A, 0x7F, 0xA7, 0x2A, 0x53, 0x25, 0x32, 0x5D, 0xE5, 0x02, 0x40, 0x60, 0x00},
    /* U+9601 */ {0x2F, 0xE1, 0x42, 0x4F, 0xA5, 0xF2, 0x47, 0x27, 0xDE, 0x5F, 0xA5, 0x9A, 0x59, 0xA5, 0xFA, 0x40, 0xE0, 0x00},
    /* U+9602 */ {0x30, 0x25, 0x62, 0x5F, 0xA4, 0xC2, 0x5F, 0x24, 0x6A, 0x5D, 0x25, 0x72, 0x5D, 0xA5, 0x8A, 0x40, 0xE0, 0x00},
    /* U+9603 */ {0x2F, 0xE2, 0x02, 0x5F, 0xA5, 0x6A, 0x5F, 0xA5, 0x6A, 0x5F, 0xA5, 0x6A, 0x5F, 0xA4, 0x02, 0x40, 0xE0, 0x00},
    /* U+9604 */ {0x30, 0x21, 0xC2, 0x4F, 0x27, 0xFA, 0x56, 0xA5, 0xFA, 0x56, 0xA5, 0xFA, 0x46, 0xE4, 0x3A, 0x40, 0xE0, 0x00},
    /* U+9605 */ {0x2F, 0xE2, 0x92, 0x4B, 0x25, 0xFA, 0x50, 0xA5, 0x0A, 0x5F, 0xA4, 0xA2, 0x4A, 0xE5, 0x3A, 0x40, 0x60, 0x00},
    /* U+9606 */ {0x30, 0x25, 0x62, 0x5F, 0x25, 0x9A, 0x5F, 0xA5, 0xFA, 0x5C, 0xA5, 0xB2, 0x5D, 0xA5, 0x8A, 0x40, 0xE0, 0x00},
    /* U+9608 */ {0x30, 0x25, 0x3A, 0x42, 0xA7, 0xFE, 0x5E, 0xA5, 0x7A, 0x5F, 0x24, 0x52, 0x7F, 0xE4, 0x6A, 0x40, 0xE0, 0x00},
    /* U+9609 */ {0x2F, 0xE3, 0x42, 0x7F, 0xE4, 0x92, 0x7F, 0xE7, 0x6E, 0x5F, 0xA5, 0xFA, 0x56, 0x64, 0x3A, 0x40, 0xE0, 0x00},
    /* U+960A */ {0x6F, 0xE2, 0x02, 0x5F, 0xA5, 0xFA, 0x5F, 0xA4, 0x02, 0x5F, 0xA5, 0xFA, 0x5F, 0xA4, 0x02, 0x40, 0xE0, 0x00},
    /* U+960B */ {0x2F, 0xE0, 0x02, 0x5F, 0xA5, 0x0A, 0x5F, 0xA5, 0x0A, 0x5F, 0xA4, 0xB2, 0x5B, 0x67, 0x1A, 0x40, 0x60, 0x00},
    /* U+960C */ {0x2F, 0xE1, 0x1A, 0x5F, 0x25, 0xF2, 0x5F, 0xA5, 0x0A, 0x5F, 0x24, 0xF2, 0x4F, 0x25, 0x92, 0x40, 0xE0, 0x00},
    /* U+960D */ {0x30, 0x25, 0xF2, 0x52, 0x25, 0xFA, 0x5F, 0xA5, 0x9A, 0x5F, 0xA5, 0xFA, 0x59, 0xA5, 0xFA, 0x40, 0xE0, 0x00},
    /* U+960E */ {0x2F, 0xE3, 0x42, 0x4F, 0xA5, 0x92, 0x5D, 0x25, 0xBA, 0x5F, 0xA5, 0x0A, 0x5F, 0xA5, 0x0A, 0x40, 0xE0, 0x00},
    /* U+960F */ {0x2F, 0xE3, 0x02, 0x49, 0xA7, 0xFA, 0x52, 0xE5, 0xD2, 0x55, 0xA5, 0x42, 0x75, 0xA6, 0x8A, 0x40, 0xE0, 0x00},
    /* U+9610 */ {0x2F, 0xE2, 0x92, 0x4B, 0x25, 0xFA, 0x5F, 0xA5, 0x6A, 0x5F, 0xA4, 0x62, 0x7F, 0xE4, 0x62, 0x40, 0x60, 0x00},
    /* U+9611 */ {0x30, 0x24, 0x62, 0x5F, 0xA4, 0x62, 0x5F, 0xA5, 0xFA, 0x5F, 0xA4, 0x72, 0x5F, 0xA5, 0x6A, 0x40, 0xE0, 0x00},
    /* U+9612 */ {0x2F, 0xE5, 0xFA, 0x50, 0xA5, 0xFA, 0x5F, 0xA5, 0xFA, 0x47, 0x27, 0xFA, 0x4F, 0x25, 0x9A, 0x40, 0x60, 0x00},
    /* U+9614 */ {0x2F, 0xE1, 0x02, 0x57, 0xA4, 0x32, 0x6F, 0xE5, 0x32, 0x47, 0xA5, 0xCA, 0x77, 0xA6, 0x42, 0x40, 0xE0, 0x00},
    /* U+9615 */ {0x30, 0x25, 0xF2, 0x4F, 0xA5, 0x9A, 0x5F, 0xE7, 0x62, 0x5F, 0xA4, 0x62, 0x4F, 0x25, 0x0A, 0x40, 0xE0, 0x00},
    /* U+9616 */ {0x30, 0x25, 0x62, 0x5F, 0xA5, 0xFA, 0x4D, 0x25, 0xFA, 0x5F, 0xA5, 0x6A, 0x56, 0xA7, 0xFE, 0x40, 0xE0, 0x00},
    /* U+9617 */ {0x2F, 0xE3, 0xFA, 0x44, 0x25, 0xFA, 0x5F, 0xA5, 0xFA, 0x58, 0xA5, 0xFA, 0x7F, 0xE5, 0x9A, 0x50, 0xE0, 0x00},
    /* U+9619 */ {0x2F, 0xE2, 0x52, 0x55, 0x27, 0xFE, 0x4B, 0xE7, 0xFA, 0x7D, 0x25, 0xDA, 0x5B, 0xA7, 0x26, 0x40, 0xE0, 0x00},
    /* U+961A */ {0x30, 0x25, 0xD2, 0x45, 0x27, 0xFE, 0x56, 0xA5, 0xFA, 0x5D, 0xA5, 0x5A, 0x7F, 0xE4, 0x62, 0x40, 0xE0, 0x00},
    /* U+961C */ {0x3F, 0xC2, 0x0C, 0x3F, 0xC2, 0x00, 0x3F, 0xC2, 0x04, 0x3F, 0xC0, 0x60, 0xFF, 0xF0, 0x60, 0x06, 0x00, 0x00},
    /* U+961D */ {0x7C, 0x06, 0xC0, 0x68, 0x07, 0x80, 0x78, 0x06, 0xC0, 0x64, 0x06, 0xC0, 0x7C, 0x06, 0x00, 0x60, 0x00, 0x00},
    /* U+961F */ {0x49, 0x85, 0x98, 0x51, 0x85, 0x18, 0x59, 0x84, 0x98, 0x4B, 0x85, 0xBC, 0x42, 0x44, 0x66, 0x4C, 0x30, 0x00},
    /* U+9621 */ {0x5F, 0x85, 0x18, 0x51, 0x85, 0x18, 0x5F, 0xF5, 0x98, 0x59, 0x87, 0x18, 0x41, 0x84, 0x18, 0x41, 0x80, 0x00},
    /* U+9622 */ {0x7F, 0xF5, 0x2C, 0x52, 0xC7, 0x2C, 0x52, 0xC5, 0xAC, 0x5A, 0xC7, 0x6C, 0x44, 0xD4, 0xCF, 0x48, 0x60, 0x00},
    /* U+962A */ {0x7F, 0xE5, 0x40, 0x54, 0x07, 0x7E, 0x57, 0x25, 0xD6, 0x5D, 0x47, 0x4C, 0x45, 0xC4, 0xF6, 0x4A, 0x30, 0x00},
    /* U+962E */ {0x57, 0xE5, 0x00, 0x70, 0x07, 0xFF, 0x52, 0xC5, 0xAC, 0x5A, 0xC7, 0x2C, 0x46, 0xD4, 0xCF, 0x48, 0x60, 0x00},
    /* U+9631 */ {0x7A, 0x45, 0x24, 0x5F, 0xF7, 0x24, 0x52, 0x45, 0xFF, 0x52, 0x47, 0x64, 0x46, 0x44, 0xC4, 0x48, 0x40, 0x00},
    /* U+9632 */ {0x59, 0x85, 0xFF, 0x52, 0x07, 0x20, 0x53, 0xE5, 0xA2, 0x5A, 0x67, 0x66, 0x44, 0x64, 0xC6, 0x59, 0xC0, 0x00},
    /* U+9633 */ {0x5F, 0xE5, 0x62, 0x56, 0x27, 0x62, 0x5F, 0xE4, 0xE2, 0x5E, 0x27, 0x62, 0x46, 0x24, 0x7E, 0x46, 0x20, 0x00},
    /* U+9634 */ {0x5B, 0xE5, 0xA2, 0x52, 0x25, 0x3E, 0x5A, 0x24, 0xE2, 0x4F, 0xE5, 0xE2, 0x44, 0x24, 0x42, 0x48, 0xE0, 0x00},
    /* U+9635 */ {0x79, 0x05, 0xFF, 0x52, 0x87, 0x68, 0x57, 0xE5, 0x88, 0x58, 0x87, 0x08, 0x4F, 0xF4, 0x08, 0x40, 0x80, 0x00},
    /* U+9636 */ {0x79, 0x85, 0x38, 0x56, 0x67, 0xC3, 0x5A, 0x45, 0xA4, 0x5A, 0x47, 0x24, 0x46, 0x44, 0x44, 0x4C, 0x40, 0x00},
    /* U+963B */ {0x5F, 0xE5, 0x46, 0x54, 0x67, 0x7E, 0x54, 0x65, 0xC6, 0x5F, 0xE7, 0x46, 0x44, 0x64, 0x46, 0x4F, 0xF0, 0x00},
    /* U+963C */ {0x5A, 0x05, 0x7F, 0x55, 0x07, 0xD0, 0x51, 0xE5, 0x90, 0x59, 0x07, 0x9F, 0x41, 0x04, 0x10, 0x41, 0x00, 0x00},
    /* U+963D */ {0x59, 0x05, 0x10, 0x51, 0xF7, 0x10, 0x51, 0x05, 0xFE, 0x5C, 0x27, 0x42, 0x44, 0x24, 0x7E, 0x44, 0x20, 0x00},
    /* U+963F */ {0x7F, 0xF5, 0x06, 0x50, 0x67, 0x7E, 0x55, 0xE5, 0x5E, 0x5F, 0xE7, 0x46, 0x40, 0x64, 0x06, 0x41, 0xE0, 0x00},
    /* U+9640 */ {0x59, 0x85, 0xFF, 0x5C, 0x37, 0x20, 0x52, 0x65, 0xBC, 0x5B, 0x07, 0x20, 0x42, 0x34, 0x22, 0x43, 0xE0, 0x00},
    /* U+9642 */ {0x51, 0x85, 0x7F, 0x75, 0xA7, 0x5A, 0x57, 0xE5, 0xE6, 0x5F, 0x47, 0xDC, 0x49, 0x84, 0xBE, 0x56, 0x30, 0x00},
    /* U+9644 */ {0x76, 0x65, 0x66, 0x7F, 0xF7, 0xC6, 0x5D, 0x65, 0x56, 0x55, 0xE7, 0x46, 0x44, 0x64, 0x46, 0x44, 0xC0, 0x00},
    /* U+9645 */ {0x7F, 0xE5, 0x80, 0x50, 0x05, 0x7F, 0x51, 0x85, 0xBC, 0x5F, 0xE7, 0x5A, 0x4D, 0xA4, 0x9A, 0x43, 0x00, 0x00},
    /* U+9646 */ {0x51, 0x85, 0x7E, 0x71, 0x87, 0x18, 0x5F, 0xF5, 0x18, 0x5D, 0xA7, 0x5A, 0x45, 0xA4, 0x7E, 0x40, 0x20, 0x00},
    /* U+9647 */ {0x5A, 0x65, 0x20, 0x5F, 0xF5, 0x28, 0x52, 0xA5, 0xEE, 0x5E, 0xC7, 0x48, 0x4D, 0x84, 0xFB, 0x5A, 0xE0, 0x00},
    /* U+9648 */ {0x53, 0x05, 0xFF, 0x52, 0x07, 0x78, 0x55, 0x85, 0xFE, 0x51, 0x87, 0x5E, 0x4D, 0xA4, 0x9B, 0x43, 0x00, 0x00},
    /* U+9649 */ {0x5F, 0xE5, 0x0C, 0x71, 0x85, 0x7E, 0x5C, 0x35, 0xFE, 0x59, 0x87, 0x18, 0x41, 0x84, 0x18, 0x4F, 0xF0, 0x00},
    /* U+964B */ {0x77, 0xF5, 0x08, 0x7B, 0xE6, 0xAA, 0x5A, 0xA5, 0xB6, 0x5A, 0x27, 0xA6, 0x48, 0x04, 0xFF, 0x40, 0x00, 0x00},
    /* U+964C */ {0x7F, 0xF5, 0x10, 0x77, 0xE7, 0x42, 0x5C, 0x25, 0xFE, 0x5C, 0x27, 0x42, 0x44, 0x24, 0x7E, 0x44, 0x20, 0x00},
    /* U+964D */ {0x53, 0xE5, 0x64, 0x79, 0x87, 0x7E, 0x5C, 0xA5, 0xFE, 0x55, 0x87, 0x58, 0x4F, 0xE4, 0x18, 0x41, 0x80, 0x00},
    /* U+9650 */ {0x5F, 0xE5, 0x46, 0x57, 0xE5, 0x46, 0x5F, 0xE5, 0xD8, 0x5C, 0xE7, 0x4C, 0x44, 0xC4, 0x7E, 0x46, 0x20, 0x00},
    /* U+9654 */ {0x51, 0x85, 0x7F, 0x71, 0x07, 0x24, 0x57, 0xC5, 0x9A, 0x5B, 0x67, 0x6C, 0x41, 0xC4, 0x76, 0x4C, 0x20, 0x00},
    /* U+9655 */ {0x51, 0x85, 0x7E, 0x75, 0xA7, 0x7E, 0x53, 0xC5, 0xFF, 0x51, 0x87, 0x3C, 0x42, 0x44, 0x66, 0x4C, 0x20, 0x00},
    /* U+965B */ {0x54, 0xA5, 0x7C, 0x74, 0x87, 0x4B, 0x5F, 0xE5, 0x10, 0x51, 0x07, 0xFE, 0x41, 0x04, 0x10, 0x4F, 0xF0, 0x00},
    /* U+965F */ {0x55, 0x85, 0x5E, 0x75, 0x86, 0xFF, 0x51, 0x85, 0x7A, 0x55, 0xE7, 0x5C, 0x41, 0x84, 0x70, 0x4E, 0x00, 0x00},
    /* U+9661 */ {0x51, 0x05, 0x7E, 0x51, 0x07, 0xFF, 0x51, 0x85, 0x78, 0x5D, 0xE5, 0x58, 0x77, 0x84, 0xF8, 0x49, 0xF0, 0x00},
    /* U+9662 */ {0x51, 0x85, 0xFF, 0x7C, 0x37, 0x7E, 0x50, 0x05, 0xFF, 0x52, 0xC7, 0x2C, 0x46, 0xD4, 0x4F, 0x48, 0x60, 0x00},
    /* U+9664 */ {0x53, 0xC5, 0x66, 0x7C, 0x37, 0x7E, 0x51, 0x85, 0xFF, 0x51, 0x87, 0x5E, 0x45, 0xA4, 0x9B, 0x43, 0x80, 0x00},
    /* U+9667 */ {0x7C, 0x25, 0x42, 0x57, 0xE7, 0x42, 0x57, 0xE5, 0x80, 0x59, 0x87, 0x7E, 0x41, 0x84, 0x18, 0x4F, 0xF0, 0x00},
    /* U+9668 */ {0x7C, 0x65, 0x46, 0x57, 0xE7, 0x7E, 0x54, 0x25, 0xD2, 0x5D, 0xA7, 0x52, 0x45, 0xA4, 0x66, 0x4C, 0x30, 0x00},
    /* U+9669 */ {0x53, 0x85, 0x24, 0x74, 0x67, 0xFF, 0x50, 0x05, 0x52, 0x55, 0xE7, 0x6C, 0x40, 0x44, 0xFF, 0x40, 0x00, 0x00},
    /* U+966A */ {0x7F, 0xE5, 0x00, 0x56, 0x67, 0x24, 0x5F, 0xF5, 0x00, 0x5F, 0xE7, 0x42, 0x44, 0x24, 0x7E, 0x44, 0x20, 0x00},
    /* U+966C */ {0x7F, 0xF7, 0xDB, 0x6F, 0xA6, 0xDE, 0x7D, 0xE5, 0xF6, 0x5D, 0x67, 0xF6, 0x4F, 0x64, 0x1E, 0x41, 0xB0, 0x00},
    /* U+9672 */ {0x57, 0xC5, 0x18, 0x7F, 0xE6, 0x7C, 0x77, 0xC5, 0xFF, 0x57, 0xC5, 0xFE, 0x71, 0x84, 0x18, 0x47, 0xE0, 0x00},
    /* U+9674 */ {0x7F, 0xE5, 0x52, 0x77, 0xE6, 0x52, 0x77, 0xE5, 0x38, 0x56, 0x87, 0xFF, 0x40, 0x84, 0x08, 0x40, 0x80, 0x00},
    /* U+9675 */ {0x57, 0xE5, 0x18, 0x71, 0x86, 0xFF, 0x57, 0x65, 0xBE, 0x56, 0x47, 0xFC, 0x41, 0x84, 0x7E, 0x4C, 0x70, 0x00},
    /* U+9676 */ {0x54, 0x05, 0xFE, 0x7E, 0x27, 0xFA, 0x55, 0x25, 0xFE, 0x51, 0x27, 0x5E, 0x47, 0xE4, 0x02, 0x40, 0xE0, 0x00},
    /* U+9677 */ {0x53, 0xE5, 0x64, 0x7C, 0xC7, 0xB8, 0x56, 0xE5, 0xC2, 0x5C, 0x27, 0xFE, 0x4C, 0x24, 0xFE, 0x44, 0x20, 0x00},
    /* U+9685 */ {0x55, 0x25, 0x7E, 0x75, 0x27, 0x7E, 0x51, 0x05, 0xFE, 0x5D, 0xA7, 0xDE, 0x4F, 0xE4, 0xC2, 0x4C, 0x60, 0x00},
    /* U+9686 */ {0x73, 0xE5, 0xFC, 0x71, 0x87, 0x7E, 0x5F, 0xE5, 0x50, 0x5F, 0xE7, 0xD8, 0x47, 0xE4, 0x18, 0x4F, 0xF0, 0x00},
    /* U+9688 */ {0x55, 0xA5, 0x7E, 0x75, 0xA7, 0x7E, 0x50, 0x05, 0xFF, 0x56, 0x87, 0x6E, 0x46, 0xC4, 0x7E, 0x47, 0x30, 0x00},
    /* U+968B */ {0x7F, 0xE5, 0x20, 0x77, 0xE7, 0xFE, 0x50, 0x05, 0x7E, 0x57, 0xE7, 0x42, 0x47, 0xE4, 0x42, 0x44, 0xE0, 0x00},
    /* U+968D */ {0x7F, 0xE5, 0x42, 0x57, 0xE7, 0x42, 0x57, 0xE5, 0x00, 0x5F, 0xE7, 0x18, 0x47, 0xE4, 0x18, 0x4F, 0xF0, 0x00},
    /* U+968F */ {0x7B, 0xF5, 0xD0, 0x73, 0xE6, 0x32, 0x7D, 0xE5, 0x52, 0x55, 0xE7, 0x52, 0x45, 0x64, 0xE0, 0x59, 0xF0, 0x00},
    /* U+9690 */ {0x7F, 0xC5, 0xC8, 0x57, 0xE7, 0x02, 0x57, 0xE5, 0x02, 0x5F, 0xE7, 0x30, 0x4E, 0xA4, 0xE6, 0x43, 0xC0, 0x00},
    /* U+9694 */ {0x5F, 0xF5, 0x7E, 0x74, 0x26, 0x7E, 0x57, 0xE5, 0xE6, 0x5F, 0xE7, 0x7E, 0x45, 0xA4, 0x5A, 0x44, 0x60, 0x00},
    /* U+9697 */ {0x57, 0xE5, 0x5A, 0x77, 0xE7, 0x52, 0x55, 0x25, 0xFE, 0x53, 0x47, 0x3E, 0x47, 0xE4, 0xDB, 0x48, 0xE0, 0x00},
    /* U+9698 */ {0x52, 0x45, 0x28, 0x7F, 0xE7, 0x2C, 0x5C, 0x65, 0xFE, 0x5E, 0xA7, 0xEA, 0x4E, 0xA4, 0xEA, 0x4F, 0xF0, 0x00},
    /* U+9699 */ {0x7F, 0xC5, 0x52, 0x77, 0xE7, 0x42, 0x57, 0xE5, 0x42, 0x5F, 0xE7, 0x54, 0x45, 0x64, 0xD3, 0x43, 0x00, 0x00},
    /* U+969C */ {0x5F, 0xE5, 0x2C, 0x7F, 0xF7, 0x7E, 0x54, 0x65, 0x7E, 0x57, 0xE7, 0x18, 0x4F, 0xF4, 0x18, 0x41, 0x80, 0x00},
    /* U+96A7 */ {0x59, 0x45, 0xFF, 0x61, 0x87, 0xFA, 0x56, 0xC5, 0x7C, 0x56, 0xE7, 0x77, 0x46, 0xC4, 0xF8, 0x5B, 0xF0, 0x00},
    /* U+96B0 */ {0x5C, 0x25, 0xFE, 0x7C, 0x27, 0x7E, 0x56, 0xA5, 0xEC, 0x57, 0xE7, 0xFE, 0x4A, 0xA4, 0xAA, 0x4A, 0xB0, 0x00},
    /* U+96B3 */ {0x57, 0xC5, 0xFE, 0x78, 0x05, 0x7E, 0x5F, 0xE7, 0x7E, 0x4F, 0x47, 0x5E, 0x17, 0xE3, 0x54, 0x2D, 0x00, 0x00},
    /* U+96B6 */ {0x3F, 0xC0, 0x64, 0xFF, 0xF0, 0x64, 0x3F, 0xC2, 0x66, 0x37, 0xC1, 0xF8, 0x3E, 0xC7, 0x66, 0x0C, 0x20, 0x00},
    /* U+96B9 */ {0x11, 0x03, 0xFE, 0x63, 0x06, 0x30, 0xFF, 0xE2, 0x30, 0x23, 0x03, 0xFE, 0x23, 0x03, 0xFF, 0x20, 0x00, 0x00},
    /* U+96BC */ {0x3F, 0xE6, 0x20, 0xFF, 0xC2, 0x20, 0x3F, 0xC3, 0xFE, 0x24, 0x00, 0x60, 0xFF, 0xF0, 0x60, 0x06, 0x00, 0x00},
    /* U+96BD */ {0x3F, 0xE7, 0x20, 0x7F, 0xC3, 0xFC, 0x32, 0x03, 0xFE, 0x7F, 0x80, 0x98, 0x19, 0xE3, 0x02, 0x60, 0xE0, 0x00},
    /* U+96BE */ {0xFA, 0xC1, 0xFF, 0x5E, 0x85, 0xE8, 0x3F, 0xE3, 0x68, 0x37, 0xE7, 0xE8, 0x4E, 0x8C, 0x7F, 0x06, 0x00, 0x00},
    /* U+96C0 */ {0x16, 0xC3, 0x7E, 0x67, 0x21, 0xF0, 0xFF, 0xE1, 0x10, 0x1F, 0xE1, 0x10, 0x1F, 0xE1, 0x10, 0x1F, 0xE0, 0x00},
    /* U+96C1 */ {0x7F, 0xF6, 0xA8, 0x6A, 0xC7, 0xFE, 0x7E, 0x87, 0xFE, 0x5A, 0x85, 0xBE, 0x5A, 0x8D, 0xBF, 0x1A, 0x00, 0x00},
    /* U+96C4 */ {0x23, 0xCF, 0xFE, 0x26, 0x42, 0x64, 0x73, 0xE5, 0x24, 0x5A, 0x4F, 0xBE, 0x2E, 0x47, 0xFF, 0x02, 0x00, 0x00},
    /* U+96C5 */ {0x0B, 0x44, 0xBF, 0x4E, 0x44, 0xE4, 0x7F, 0xE1, 0xA4, 0x3A, 0x42, 0xBE, 0x4A, 0x4C, 0xBF, 0x3A, 0x00, 0x00},
    /* U+96C6 */ {0x3F, 0xE6, 0x20, 0xFF, 0xC3, 0xFC, 0x22, 0x03, 0xFE, 0x26, 0x0F, 0xFF, 0x1F, 0x87, 0x6E, 0xC6, 0x20, 0x00},
    /* U+96C7 */ {0x3F, 0xE2, 0x02, 0x3F, 0xE6, 0x90, 0x7F, 0xE7, 0x90, 0x7F, 0xE7, 0x90, 0x5F, 0xED, 0xFE, 0x18, 0x00, 0x00},
    /* U+96C9 */ {0x42, 0xC7, 0xFE, 0xF6, 0x83, 0xE8, 0xFF, 0xE3, 0x68, 0x37, 0xE3, 0xE8, 0x6E, 0x84, 0x7F, 0x46, 0x00, 0x00},
    /* U+96CC */ {0x29, 0x42, 0x9F, 0x6B, 0x47, 0xF4, 0x6B, 0xE6, 0x94, 0x69, 0x46, 0x9E, 0x7F, 0x47, 0xFF, 0x01, 0x00, 0x00},
    /* U+96CD */ {0x7F, 0xF2, 0x38, 0x22, 0x85, 0xFE, 0x76, 0x82, 0xFE, 0x7A, 0x87, 0xBE, 0x32, 0x86, 0x3F, 0x42, 0x00, 0x00},
    /* U+96CE */ {0x5A, 0xC5, 0xFE, 0x7E, 0x85, 0xE8, 0x5F, 0xE5, 0xE8, 0x7F, 0xE5, 0xE8, 0xFE, 0x8C, 0x7F, 0x06, 0x00, 0x00},
    /* U+96CF */ {0x3F, 0x46, 0xBE, 0x5E, 0x47, 0xE4, 0x0F, 0xE0, 0xA4, 0x7B, 0xE0, 0xA4, 0x0A, 0x47, 0xBF, 0x0A, 0x00, 0x00},
    /* U+96D2 */ {0x3F, 0x46, 0xB4, 0x6B, 0xF7, 0xE4, 0x3B, 0xEE, 0xE4, 0x7E, 0x44, 0xFE, 0x4E, 0x44, 0xFF, 0x7E, 0x00, 0x00},
    /* U+96D5 */ {0x45, 0x45, 0x5F, 0x7F, 0x45, 0x74, 0x7F, 0xF7, 0xD4, 0x6D, 0x46, 0xDF, 0x7D, 0x4C, 0x5F, 0x8D, 0x00, 0x00},
    /* U+96E0 */ {0x77, 0xE7, 0xBF, 0x51, 0xCD, 0xFC, 0xFF, 0xE5, 0x7C, 0x7F, 0xE5, 0x7C, 0x57, 0xC7, 0xDF, 0x41, 0x80, 0x00},
    /* U+96E8 */ {0xFF, 0xF0, 0x60, 0x7F, 0xE4, 0x62, 0x77, 0xA4, 0xEE, 0x46, 0x27, 0xFA, 0x4E, 0xA4, 0x62, 0x46, 0xE0, 0x00},
    /* U+96E9 */ {0x06, 0x07, 0xFE, 0x7F, 0xE7, 0xFE, 0x06, 0x03, 0xFC, 0x7F, 0xE1, 0x00, 0x1F, 0xC0, 0x0C, 0x07, 0xC0, 0x00},
    /* U+96EA */ {0x06, 0x07, 0xFE, 0x46, 0x27, 0xFE, 0x3F, 0xC0, 0x00, 0x3F, 0xC0, 0x04, 0x3F, 0xC0, 0x04, 0x3F, 0xC0, 0x00},
    /* U+96EF */ {0x06, 0x07, 0xFE, 0x7F, 0xE4, 0x62, 0x3F, 0xC0, 0x60, 0x7F, 0xE1, 0x98, 0x0F, 0x01, 0xF8, 0xF0, 0xF0, 0x00},
    /* U+96F3 */ {0x7F, 0xE4, 0x62, 0x7F, 0xE3, 0xFC, 0x00, 0x07, 0xFE, 0x7F, 0xE4, 0x66, 0x44, 0x64, 0xC4, 0xD9, 0xC0, 0x00},
    /* U+96F6 */ {0x06, 0x07, 0xFE, 0x7F, 0xE0, 0x60, 0x3F, 0xC1, 0xF8, 0x76, 0xF3, 0xFC, 0x01, 0x80, 0xF0, 0x03, 0x80, 0x00},
    /* U+96F7 */ {0x06, 0x07, 0xFE, 0x46, 0x27, 0xFE, 0x3F, 0xC0, 0x00, 0x3F, 0xC2, 0x64, 0x3F, 0xC2, 0x64, 0x3F, 0xC0, 0x00},
    /* U+96F9 */ {0x06, 0x07, 0xFE, 0x7F, 0xE3, 0xFC, 0x16, 0x03, 0xFE, 0x7F, 0x42, 0x34, 0x3F, 0xC3, 0x03, 0x1F, 0xE0, 0x00},
    /* U+96FE */ {0x7F, 0xE4, 0x7E, 0x7E, 0x23, 0xFC, 0x1F, 0xC7, 0x9C, 0x1F, 0x8F, 0x5F, 0x7F, 0xC0, 0xC4, 0x71, 0xC0, 0x00},
    /* U+9700 */ {0x06, 0x07, 0xFE, 0x7F, 0xE4, 0x62, 0x3F, 0xC7, 0xFE, 0x04, 0x07, 0xFE, 0x69, 0x66, 0x96, 0x69, 0xE0, 0x00},
    /* U+9701 */ {0x06, 0x07, 0xFE, 0x7F, 0xE3, 0xFC, 0x7F, 0xE1, 0x98, 0x0F, 0x07, 0x9E, 0x10, 0x81, 0x08, 0x30, 0x80, 0x00},
    /* U+9704 */ {0x06, 0x07, 0xFE, 0x7F, 0xE7, 0x9E, 0x36, 0xC1, 0xF8, 0x3F, 0xC3, 0xFC, 0x3F, 0xC2, 0x04, 0x20, 0xC0, 0x00},
    /* U+9706 */ {0x06, 0x07, 0xFE, 0x7F, 0xE3, 0xFC, 0x00, 0xC7, 0x7C, 0x77, 0xE1, 0x90, 0x7F, 0xE3, 0x80, 0x4F, 0xE0, 0x00},
    /* U+9707 */ {0x06, 0x07, 0xFE, 0x7F, 0xE3, 0xFC, 0x00, 0x07, 0xFE, 0x7F, 0xC7, 0xFE, 0x5B, 0x45, 0xFC, 0xDE, 0x60, 0x00},
    /* U+9708 */ {0x06, 0x07, 0xFE, 0x7F, 0xE4, 0x62, 0x3F, 0xC6, 0xFE, 0x11, 0x06, 0xFE, 0x1D, 0x22, 0xD6, 0x41, 0x00, 0x00},
    /* U+9709 */ {0x06, 0x07, 0xFE, 0x7F, 0xE3, 0xFC, 0x3F, 0xE6, 0x00, 0x7F, 0xC7, 0xFE, 0x26, 0x43, 0xFE, 0x01, 0x80, 0x00},
    /* U+970D */ {0x06, 0x07, 0xFE, 0x7F, 0xE7, 0xFE, 0x12, 0x03, 0xFE, 0x62, 0x07, 0xFC, 0x3F, 0xC2, 0x20, 0x3F, 0xE0, 0x00},
    /* U+970E */ {0x06, 0x07, 0xFE, 0x7F, 0xE3, 0xFC, 0x7F, 0xE1, 0x98, 0x7F, 0xE7, 0xFE, 0x19, 0x81, 0xF8, 0x7C, 0xE0, 0x00},
    /* U+970F */ {0x06, 0x07, 0xFE, 0x7F, 0xE7, 0xFE, 0x0E, 0x07, 0x9E, 0x09, 0x07, 0x9E, 0x09, 0x0F, 0x9F, 0x09, 0x00, 0x00},
    /* U+9713 */ {0x7F, 0xE4, 0x62, 0x7F, 0xE3, 0xFC, 0x3B, 0xC2, 0x04, 0x3B, 0xC3, 0xFC, 0x09, 0x01, 0x93, 0x61, 0xE0, 0x00},
    /* U+9716 */ {0x06, 0x07, 0xFE, 0x7F, 0xE4, 0x62, 0x3F, 0xC1, 0x08, 0x7F, 0xE3, 0x1C, 0x7B, 0xED, 0x6B, 0x10, 0x80, 0x00},
    /* U+971C */ {0x06, 0x07, 0xFE, 0x7F, 0xE7, 0xFE, 0x16, 0x01, 0x3E, 0x7F, 0xE3, 0x22, 0x7F, 0xED, 0x22, 0x13, 0xE0, 0x00},
    /* U+971E */ {0x06, 0x07, 0xFE, 0x7F, 0xE3, 0xFC, 0x7F, 0xE4, 0x42, 0x7F, 0xE7, 0xFE, 0x41, 0x67, 0xDC, 0x47, 0x60, 0x00},
    /* U+972A */ {0x06, 0x07, 0xFE, 0x7F, 0xE3, 0xFC, 0x2F, 0xC3, 0x14, 0x45, 0xC6, 0xFC, 0x3F, 0xE6, 0x10, 0x4F, 0xE0, 0x00},
    /* U+972D */ {0x7F, 0xE7, 0xFE, 0x46, 0x23, 0xFC, 0x27, 0xE1, 0x7E, 0x67, 0xE2, 0x7E, 0x2D, 0x23, 0x5A, 0x37, 0xE0, 0x00},
    /* U+9730 */ {0x06, 0x07, 0xFE, 0x7F, 0xE3, 0xFC, 0x7D, 0x02, 0x9E, 0x7F, 0x47, 0xFC, 0x7C, 0xC7, 0xDE, 0x4F, 0x30, 0x00},
    /* U+9732 */ {0x06, 0x07, 0xFE, 0x7F, 0xE3, 0xFC, 0x79, 0x04, 0xBE, 0x7F, 0xC5, 0x3E, 0x5F, 0xE5, 0xA6, 0x7B, 0xE0, 0x00},
    /* U+9738 */ {0x06, 0x07, 0xFE, 0x7F, 0xE3, 0xFC, 0x7F, 0xE2, 0x92, 0x39, 0xE7, 0xD2, 0x7F, 0xE7, 0xF2, 0x12, 0x60, 0x00},
    /* U+9739 */ {0x06, 0x07, 0xFE, 0x7F, 0xE3, 0xFC, 0x7C, 0x84, 0xFE, 0x7D, 0x44, 0x3F, 0x7F, 0xEE, 0xC8, 0x7C, 0x80, 0x00},
    /* U+973E */ {0x7F, 0xE4, 0x62, 0x7F, 0xE3, 0xFC, 0x7B, 0xE7, 0xFE, 0x76, 0xA3, 0xBE, 0x5B, 0xE6, 0x88, 0x7F, 0xF0, 0x00},
    /* U+9752 */ {0x7F, 0xE3, 0xFC, 0x06, 0x07, 0xFE, 0x00, 0x03, 0xFC, 0x3F, 0xC3, 0x04, 0x3F, 0xC3, 0x04, 0x31, 0xC0, 0x00},
    /* U+9753 */ {0x7F, 0xE1, 0x22, 0x7E, 0xAF, 0xEA, 0x02, 0xA7, 0xEA, 0x7E, 0xA4, 0xDC, 0x7D, 0xD4, 0xFF, 0x5E, 0x60, 0x00},
    /* U+9756 */ {0x27, 0xE2, 0x7E, 0xF8, 0x85, 0x7F, 0x50, 0x05, 0x7E, 0x57, 0xE7, 0x62, 0x7F, 0xEE, 0x62, 0x06, 0x60, 0x00},
    /* U+9759 */ {0x7D, 0xC3, 0x2C, 0x7F, 0xEF, 0xCA, 0x00, 0xA7, 0xFF, 0x78, 0xA4, 0xBE, 0x78, 0xA4, 0x88, 0x5B, 0x80, 0x00},
    /* U+975B */ {0x78, 0x83, 0x3F, 0x7A, 0x3F, 0xFF, 0x00, 0x87, 0xA8, 0x7A, 0xE4, 0xB8, 0x7B, 0x84, 0xF8, 0x5C, 0xF0, 0x00},
    /* U+975E */ {0x09, 0x07, 0x9F, 0x09, 0x00, 0x90, 0x79, 0xE0, 0x90, 0x09, 0x0F, 0x9F, 0x09, 0x00, 0x90, 0x09, 0x00, 0x00},
    /* U+9760 */ {0x3F, 0xC7, 0xFE, 0x00, 0x03, 0xFC, 0x3F, 0xC0, 0x90, 0x79, 0xE7, 0x9E, 0x09, 0x0F, 0x9F, 0x09, 0x00, 0x00},
    /* U+9761 */ {0x7F, 0xE4, 0x88, 0x7F, 0xE5, 0xDE, 0x7B, 0xA4, 0x58, 0x7D, 0xE5, 0xDE, 0x45, 0x0F, 0xDF, 0x85, 0x00, 0x00},
    /* U+9762 */ {0xFF, 0xF0, 0x40, 0x7F, 0xE4, 0x92, 0x49, 0x24, 0xF2, 0x49, 0x24, 0xF2, 0x49, 0x27, 0xFE, 0x40, 0x20, 0x00},
    /* U+9765 */ {0x40, 0x04, 0x2C, 0x7F, 0xE4, 0xD8, 0x78, 0xE5, 0xFE, 0x5F, 0xE5, 0x7A, 0x57, 0xAD, 0x4A, 0xDF, 0xE0, 0x00},
    /* U+9769 */ {0x7F, 0xE1, 0x08, 0x1F, 0x80, 0x60, 0x3F, 0xC2, 0x64, 0x3F, 0xC0, 0x60, 0xFF, 0xF0, 0x60, 0x06, 0x00, 0x00},
    /* U+9773 */ {0xFF, 0xC6, 0xA0, 0x7A, 0x03, 0x3F, 0x7E, 0x45, 0xE4, 0x7A, 0x43, 0x24, 0xFE, 0x43, 0x64, 0x34, 0x40, 0x00},
    /* U+9774 */ {0xFA, 0x85, 0x2A, 0x76, 0xA2, 0x6E, 0x7E, 0xC6, 0xB8, 0x7B, 0x82, 0x28, 0xFA, 0x92, 0x2B, 0x22, 0xE0, 0x00},
    /* U+9776 */ {0xFF, 0xE4, 0xAA, 0x7A, 0xA3, 0x2A, 0x7F, 0xE7, 0xE2, 0x7A, 0x03, 0x20, 0xFE, 0x33, 0x23, 0x33, 0xE0, 0x00},
    /* U+977C */ {0xFF, 0xE6, 0xA2, 0x7A, 0x21, 0x22, 0x7F, 0xE5, 0xE2, 0x7E, 0x21, 0x3E, 0xFC, 0x01, 0x00, 0x17, 0xF0, 0x00},
    /* U+9785 */ {0xFC, 0x84, 0xBE, 0x7A, 0xA3, 0x2A, 0x7A, 0xA7, 0xFF, 0x79, 0x83, 0x1C, 0xFD, 0x43, 0x26, 0x36, 0x30, 0x00},
    /* U+978B */ {0xFF, 0xE6, 0x88, 0x78, 0x81, 0x08, 0x7F, 0xF5, 0xC8, 0x7F, 0xE1, 0x08, 0xFC, 0x81, 0x08, 0x17, 0xF0, 0x00},
    /* U+978D */ {0xFF, 0xE4, 0xE3, 0x7F, 0xB3, 0x18, 0x7F, 0xF7, 0xB6, 0x7A, 0x43, 0x34, 0xFD, 0xC3, 0x1E, 0x37, 0x30, 0x00},
    /* U+9791 */ {0xFC, 0xC5, 0x4C, 0x73, 0xF2, 0x0C, 0x7E, 0xC7, 0xEC, 0x7E, 0xE2, 0x7A, 0xFF, 0x22, 0x70, 0x29, 0xF0, 0x00},
    /* U+9792 */ {0xFF, 0xC5, 0x98, 0x7F, 0xF3, 0x14, 0x7B, 0x66, 0xE7, 0x7B, 0x43, 0x34, 0xFA, 0x43, 0x24, 0x34, 0x40, 0x00},
    /* U+9794 */ {0xFB, 0xC5, 0x2C, 0x77, 0xE2, 0x6A, 0x7E, 0xA6, 0xEA, 0x7B, 0xE3, 0x1C, 0xF9, 0xD3, 0x2D, 0x34, 0x60, 0x00},
    /* U+9798 */ {0xFE, 0xA6, 0xAA, 0x78, 0x83, 0x3E, 0x7E, 0x25, 0xFE, 0x7E, 0x23, 0x3E, 0xFE, 0x23, 0x22, 0x32, 0x60, 0x00},
    /* U+97A0 */ {0xFA, 0x05, 0xFE, 0x7C, 0x23, 0x76, 0x7B, 0xE6, 0xFE, 0x79, 0xA3, 0x3E, 0xFF, 0x63, 0x52, 0x31, 0xE0, 0x00},
    /* U+97A3 */ {0xFD, 0x44, 0x9C, 0x7F, 0xF3, 0x1A, 0x7F, 0x87, 0x88, 0x7F, 0xF3, 0x1C, 0xFF, 0xC3, 0x6A, 0x34, 0x80, 0x00},
    /* U+97AB */ {0xFF, 0xE5, 0xE2, 0x7D, 0x23, 0x7E, 0x7B, 0xE6, 0x82, 0x7B, 0xE3, 0x3E, 0xFE, 0x63, 0x3E, 0x30, 0xE0, 0x00},
    /* U+97AD */ {0xFF, 0xF5, 0x6C, 0x75, 0xE2, 0xDE, 0x7D, 0xE6, 0xDE, 0x7D, 0xE2, 0x58, 0xFD, 0x82, 0x5C, 0x27, 0x70, 0x00},
    /* U+97AF */ {0xFF, 0xF5, 0x94, 0x71, 0x02, 0x7F, 0x7B, 0xE6, 0xA2, 0x7E, 0x42, 0x7F, 0xFA, 0x42, 0x24, 0x22, 0xC0, 0x00},
    /* U+97B2 */ {0xFF, 0xE4, 0xFE, 0x7B, 0x43, 0x7F, 0x78, 0x86, 0xFE, 0x7F, 0xE3, 0x6A, 0xFF, 0xF3, 0x62, 0x36, 0x60, 0x00},
    /* U+97B4 */ {0xFF, 0xF5, 0x34, 0x77, 0xF2, 0x30, 0x7F, 0xE6, 0xEA, 0x7B, 0xE2, 0x2A, 0xFB, 0xE2, 0x2A, 0x22, 0xA0, 0x00},
    /* U+97E6 */ {0x06, 0x07, 0xFE, 0x06, 0x03, 0xFC, 0x06, 0x00, 0x60, 0x7F, 0xE0, 0x62, 0x06, 0x20, 0x6E, 0x06, 0x00, 0x00},
    /* U+97E7 */ {0x33, 0xEF, 0xCA, 0x32, 0xA7, 0xAA, 0x32, 0xAF, 0xEA, 0x3D, 0xA3, 0xD2, 0x3B, 0x23, 0x22, 0x34, 0xE0, 0x00},
    /* U+97E9 */ {0xFF, 0xE3, 0x08, 0x78, 0x84, 0xBE, 0x78, 0x87, 0xFF, 0x30, 0xBF, 0xCB, 0x30, 0xA3, 0x0E, 0x30, 0x80, 0x00},
    /* U+97EA */ {0x48, 0x87, 0xFE, 0x48, 0x87, 0xBE, 0x00, 0x8F, 0xFE, 0x50, 0xA5, 0xCA, 0x70, 0xE7, 0x88, 0x8F, 0xF0, 0x00},
    /* U+97EB */ {0x23, 0xEF, 0xA2, 0x23, 0xE7, 0xA2, 0x23, 0xEF, 0x80, 0x2F, 0xE2, 0xF6, 0x3F, 0x62, 0x76, 0x27, 0xF0, 0x00},
    /* U+97EC */ {0x27, 0xCF, 0x92, 0x22, 0xA7, 0xA4, 0x23, 0xEF, 0xE2, 0x2E, 0x22, 0xFE, 0x3E, 0x22, 0x7E, 0x26, 0x20, 0x00},
    /* U+97ED */ {0x09, 0x07, 0x9E, 0x09, 0x00, 0x90, 0x79, 0xE0, 0x90, 0x09, 0x07, 0x9E, 0x09, 0x00, 0x90, 0xFF, 0xF0, 0x00},
    /* U+97F3 */ {0x7F, 0xE1, 0x08, 0x19, 0x8F, 0xFF, 0x00, 0x03, 0xFC, 0x20, 0x43, 0xFC, 0x20, 0x42, 0x04, 0x3F, 0xC0, 0x00},
    /* U+97F5 */ {0xFD, 0x04, 0xBE, 0x6A, 0x2F, 0xF2, 0x01, 0xA7, 0x8A, 0x4C, 0xE7, 0xFA, 0x4E, 0x27, 0xC2, 0x41, 0xE0, 0x00},
    /* U+97F6 */ {0xFF, 0xE4, 0x92, 0x79, 0x2F, 0xF2, 0x02, 0xE7, 0xBE, 0x4A, 0x27, 0xA2, 0x4A, 0x27, 0xBE, 0x42, 0x20, 0x00},
    /* U+9875 */ {0x7F, 0xE0, 0x40, 0x3F, 0xC2, 0x04, 0x26, 0x42, 0x64, 0x26, 0x42, 0x64, 0x0D, 0x83, 0x8C, 0x60, 0x20, 0x00},
    /* U+9876 */ {0xFF, 0xF3, 0x18, 0x37, 0xE3, 0x6A, 0x36, 0xA3, 0x6A, 0x36, 0xA3, 0x6A, 0x31, 0xA3, 0x36, 0x66, 0x30, 0x00},
    /* U+9877 */ {0x67, 0xF6, 0x18, 0x7F, 0xE6, 0x42, 0x65, 0xA6, 0x5A, 0x65, 0xA7, 0xDA, 0x61, 0xC0, 0x66, 0x0C, 0x20, 0x00},
    /* U+9878 */ {0xFF, 0xF3, 0x08, 0x33, 0xE3, 0x2A, 0xFE, 0xA3, 0x2A, 0x32, 0xA3, 0x2A, 0x31, 0xC3, 0x36, 0x36, 0x20, 0x00},
    /* U+9879 */ {0xFF, 0xF2, 0x10, 0x27, 0xE2, 0x52, 0x25, 0xA2, 0x5A, 0x3D, 0xAF, 0x52, 0xC3, 0xC0, 0x66, 0x0C, 0x30, 0x00},
    /* U+987A */ {0x5F, 0xF5, 0x88, 0x5B, 0xE5, 0xA2, 0x5A, 0xA5, 0xAA, 0x5A, 0xA5, 0xAA, 0xD9, 0xCC, 0xF6, 0x86, 0x20, 0x00},
    /* U+987B */ {0x3F, 0xE6, 0x10, 0x47, 0xE1, 0x46, 0x35, 0xE6, 0x5E, 0x05, 0xE1, 0x56, 0x31, 0xC6, 0x66, 0x0C, 0x30, 0x00},
    /* U+987C */ {0xFF, 0xE2, 0x18, 0x27, 0xE2, 0x42, 0x75, 0xA2, 0x5A, 0x25, 0xA2, 0x5A, 0x71, 0xC4, 0x36, 0x0C, 0x20, 0x00},
    /* U+987D */ {0x7B, 0xF0, 0x08, 0x03, 0xEF, 0xEA, 0x7A, 0xA7, 0xAA, 0x7A, 0xA7, 0xAA, 0x5D, 0xCD, 0xB6, 0x06, 0x20, 0x00},
    /* U+987E */ {0x43, 0xF4, 0x08, 0x7F, 0xE7, 0x72, 0x77, 0xA7, 0x7A, 0x7F, 0xA7, 0x3A, 0x7C, 0xCF, 0x96, 0xA2, 0x30, 0x00},
    /* U+987F */ {0x33, 0xFF, 0xC8, 0x73, 0xE7, 0xEA, 0x7E, 0xA7, 0xEA, 0x7E, 0xA3, 0x2A, 0x3D, 0xC3, 0xB6, 0x26, 0x30, 0x00},
    /* U+9880 */ {0x3B, 0xF4, 0x08, 0x43, 0xE7, 0xEA, 0x5A, 0xA5, 0xAA, 0x5A, 0xA5, 0xAA, 0x59, 0xCD, 0xB6, 0x9A, 0x30, 0x00},
    /* U+9881 */ {0x68, 0x84, 0xFE, 0xC6, 0x2F, 0xEA, 0x2A, 0xA2, 0xAA, 0x2A, 0xA2, 0xAA, 0x69, 0xC4, 0x96, 0xFE, 0x20, 0x00},
    /* U+9882 */ {0x7F, 0xF6, 0x88, 0x4B, 0xEC, 0xEA, 0x22, 0xA2, 0x2A, 0x3A, 0xA4, 0xAA, 0x79, 0xCE, 0xF6, 0x06, 0x30, 0x00},
    /* U+9883 */ {0x10, 0x8F, 0xC8, 0x03, 0xE7, 0xAA, 0x6A, 0xA6, 0xAA, 0x6A, 0xA4, 0xAA, 0x4D, 0xC5, 0xB6, 0xC6, 0x30, 0x00},
    /* U+9884 */ {0x7F, 0xF1, 0x88, 0x73, 0xE3, 0x2A, 0xFE, 0xA3, 0xAA, 0x3A, 0xA3, 0x2A, 0x31, 0xC3, 0x36, 0x66, 0x20, 0x00},
    /* U+9885 */ {0x1F, 0xE1, 0x08, 0x7F, 0xE4, 0x72, 0x47, 0xA4, 0x7A, 0x7F, 0xA4, 0x7A, 0x40, 0x8C, 0x16, 0xC6, 0x30, 0x00},
    /* U+9886 */ {0x33, 0xF3, 0x88, 0x6F, 0xED, 0x2A, 0x02, 0xA7, 0xEA, 0x0A, 0xA1, 0xAA, 0x31, 0xC1, 0x16, 0x1E, 0x30, 0x00},
    /* U+9887 */ {0x7F, 0xF5, 0x48, 0x57, 0xE5, 0x32, 0x7F, 0xA4, 0xFA, 0x7B, 0xA5, 0xBA, 0x59, 0xCF, 0x56, 0xE6, 0x30, 0x00},
    /* U+9888 */ {0x7F, 0xF1, 0x88, 0x33, 0xE7, 0xEA, 0x42, 0xA7, 0xEA, 0x12, 0xA1, 0x2A, 0x3D, 0xC7, 0xB6, 0x46, 0x30, 0x00},
    /* U+9889 */ {0x33, 0xFF, 0xC8, 0x33, 0xE3, 0x22, 0x7E, 0xA0, 0x2A, 0x7A, 0xA4, 0xAA, 0x49, 0x87, 0x96, 0x46, 0x30, 0x00},
    /* U+988A */ {0x33, 0xF7, 0xC8, 0x7B, 0xE7, 0xAA, 0x7A, 0xAF, 0xEA, 0x32, 0xA3, 0xAA, 0x29, 0xC4, 0x76, 0xC6, 0x20, 0x00},
    /* U+988C */ {0x38, 0x86, 0xFE, 0xC2, 0x27, 0xAA, 0x02, 0xA7, 0xAA, 0x4A, 0xA4, 0xAA, 0x49, 0xC7, 0xB6, 0x46, 0x30, 0x00},
    /* U+988D */ {0x5F, 0xE7, 0x18, 0x4F, 0xE7, 0xAA, 0x12, 0xAF, 0xEA, 0x7A, 0xA7, 0xAA, 0x5D, 0xC9, 0x36, 0x36, 0x20, 0x00},
    /* U+988F */ {0x33, 0xFF, 0xC8, 0x23, 0xE6, 0xA2, 0x7A, 0xA3, 0x6A, 0x6A, 0xA5, 0xAA, 0x3D, 0xC6, 0x56, 0xC6, 0x20, 0x00},
    /* U+9890 */ {0x58, 0x85, 0x88, 0x7F, 0xE6, 0xFA, 0x6F, 0xA6, 0xFA, 0x7F, 0xA5, 0xBA, 0x58, 0xC7, 0xD6, 0x02, 0x30, 0x00},
    /* U+9891 */ {0x53, 0xF5, 0xC8, 0x53, 0xEF, 0xFA, 0x13, 0xA5, 0x7A, 0x5F, 0xAD, 0xBA, 0x19, 0xC3, 0x16, 0x66, 0x30, 0x00},
    /* U+9893 */ {0x70, 0x87, 0xC8, 0x3B, 0xE7, 0xEA, 0xD6, 0xA1, 0x2A, 0x7A, 0xA6, 0xAA, 0x6D, 0xC4, 0xD6, 0x46, 0x30, 0x00},
    /* U+9894 */ {0x3B, 0xF6, 0xC8, 0xD3, 0xE7, 0xEA, 0x0A, 0xA1, 0xAA, 0x7E, 0xA4, 0xEA, 0x4D, 0xC7, 0xF6, 0x42, 0x30, 0x00},
    /* U+9896 */ {0x7F, 0xE4, 0x58, 0x7F, 0xE0, 0xAA, 0x7A, 0xA1, 0x2A, 0xFE, 0xA3, 0xAA, 0x7D, 0xCD, 0x36, 0x16, 0x20, 0x00},
    /* U+9897 */ {0x57, 0xF7, 0xC8, 0x57, 0xE5, 0x72, 0x7F, 0xAF, 0xFA, 0x3B, 0xA7, 0xBA, 0x55, 0xC1, 0x36, 0x12, 0x30, 0x00},
    /* U+9898 */ {0x4F, 0xF7, 0xC8, 0x4F, 0xE7, 0xEA, 0xFE, 0xA1, 0x2A, 0x53, 0xA5, 0xDC, 0x73, 0x67, 0xE2, 0xCF, 0xF0, 0x00},
    /* U+989A */ {0xF7, 0xFF, 0x48, 0x7F, 0xE7, 0xFA, 0x03, 0xAF, 0xFA, 0x63, 0xA7, 0xFA, 0x0C, 0xC0, 0xD6, 0x3A, 0x30, 0x00},
    /* U+989B */ {0x57, 0xF5, 0x48, 0x7F, 0xE0, 0x32, 0xFF, 0xA1, 0x3A, 0x7F, 0xA6, 0xFA, 0x6C, 0x86, 0xDE, 0x6F, 0x30, 0x00},
    /* U+989C */ {0x7F, 0xF2, 0x88, 0x2B, 0xE7, 0xEA, 0x4A, 0xA7, 0x2A, 0x4A, 0xA7, 0x2A, 0x4D, 0xCF, 0x96, 0xE6, 0x30, 0x00},
    /* U+989D */ {0x7F, 0xFE, 0x48, 0x3F, 0xE4, 0xAA, 0x7A, 0xA7, 0xAA, 0xE6, 0xA7, 0xAA, 0x69, 0xC6, 0x96, 0x7E, 0x30, 0x00},
    /* U+989E */ {0x64, 0xC7, 0xC8, 0x7D, 0xE6, 0xD2, 0x7F, 0xE7, 0xFE, 0x25, 0xE6, 0xDA, 0x6C, 0xC7, 0xDE, 0x93, 0x30, 0x00},
    /* U+989F */ {0xFF, 0xF2, 0x8C, 0xFF, 0xE2, 0x92, 0x7D, 0x66, 0xD6, 0x7D, 0x67, 0xDE, 0x74, 0x84, 0x4E, 0x4F, 0x30, 0x00},
    /* U+98A0 */ {0x7F, 0xF7, 0xC8, 0x4F, 0xE7, 0xEA, 0x7E, 0xA4, 0xEA, 0x7E, 0xA4, 0xEA, 0xFC, 0x86, 0x96, 0xC7, 0x20, 0x00},
    /* U+98A1 */ {0x29, 0xF3, 0x88, 0x69, 0xE7, 0xD6, 0x6D, 0xE7, 0xDE, 0x11, 0xEF, 0xFA, 0x3C, 0x87, 0x5A, 0x13, 0x30, 0x00},
    /* U+98A2 */ {0x4F, 0xF7, 0xC8, 0x7F, 0xE1, 0x3A, 0xFF, 0xA7, 0xFA, 0x4F, 0xA7, 0xFA, 0x58, 0xC5, 0x56, 0x32, 0x30, 0x00},
    /* U+98A4 */ {0xFC, 0x87, 0xC8, 0x77, 0xE7, 0xF2, 0x7F, 0xA7, 0xFA, 0x7F, 0xA7, 0xFA, 0x7C, 0xC1, 0xD6, 0xFE, 0x30, 0x00},
    /* U+98A5 */ {0x7F, 0xF7, 0xC8, 0xF7, 0xE1, 0x12, 0x7D, 0xE7, 0xFE, 0x11, 0xE7, 0xDA, 0x6C, 0xC6, 0xDE, 0x6F, 0x30, 0x00},
    /* U+98A6 */ {0x7C, 0x87, 0xFE, 0x57, 0xA5, 0xBE, 0x7F, 0x63, 0xFC, 0x3F, 0xC3, 0xFC, 0x3B, 0x0F, 0xFF, 0x03, 0x00, 0x00},
    /* U+98A7 */ {0xFF, 0xF7, 0xC8, 0x7F, 0xE7, 0xF2, 0x3B, 0xA7, 0xFA, 0xFF, 0xA5, 0xBA, 0x7C, 0xC7, 0xDE, 0x43, 0x30, 0x00},
    /* U+98CE */ {0x3F, 0xC2, 0x04, 0x29, 0x42, 0xB4, 0x2E, 0x42, 0x64, 0x66, 0x46, 0xD4, 0x79, 0xD5, 0x07, 0xC0, 0x30, 0x00},
    /* U+98D1 */ {0x7D, 0xE4, 0xF2, 0x6F, 0xE7, 0xD6, 0x55, 0xE5, 0x52, 0x5F, 0x66, 0xFE, 0x6E, 0x0C, 0x33, 0x81, 0xE0, 0x00},
    /* U+98D2 */ {0x24, 0x6F, 0xCE, 0x06, 0xE5, 0x7E, 0x55, 0xE5, 0x5E, 0x55, 0xE7, 0x5E, 0x7E, 0xEE, 0xE3, 0x08, 0x20, 0x00},
    /* U+98D3 */ {0x45, 0x26, 0xDE, 0x7D, 0x27, 0xDE, 0x55, 0xE5, 0x52, 0x5F, 0xE7, 0xD4, 0x6F, 0x2E, 0x33, 0x81, 0xE0, 0x00},
    /* U+98D5 */ {0x7F, 0xE4, 0xFE, 0x7E, 0xA7, 0x7E, 0x57, 0xE5, 0x56, 0x7D, 0xC6, 0xCC, 0x6F, 0x2C, 0x31, 0x81, 0xE0, 0x00},
    /* U+98D8 */ {0xFF, 0xE7, 0xE6, 0x77, 0x67, 0xFE, 0x02, 0xA7, 0xAA, 0x7E, 0xE5, 0xBE, 0x5B, 0x6D, 0xF7, 0x34, 0x30, 0x00},
    /* U+98D9 */ {0x12, 0x67, 0xEE, 0x3B, 0xE4, 0xFE, 0x6F, 0xEF, 0xEA, 0x4B, 0xA7, 0xFE, 0x77, 0x7D, 0x63, 0x04, 0x20, 0x00},
    /* U+98DA */ {0x47, 0xA4, 0xCC, 0x6D, 0xE7, 0x72, 0x77, 0x65, 0x7E, 0x5D, 0x66, 0xFE, 0x6E, 0x9C, 0x33, 0x81, 0xE0, 0x00},
    /* U+98DE */ {0x7F, 0x00, 0x12, 0x01, 0x40, 0x18, 0x01, 0x80, 0x1E, 0x01, 0xA0, 0x18, 0x00, 0x90, 0x0F, 0x00, 0x60, 0x00},
    /* U+98DF */ {0x0F, 0x01, 0xD8, 0x7F, 0xE7, 0x0E, 0x3F, 0xC3, 0x0C, 0x3F, 0xC3, 0x6C, 0x33, 0x83, 0xEC, 0x38, 0x60, 0x00},
    /* U+98E7 */ {0x63, 0x87, 0xEC, 0x5D, 0x75, 0xFE, 0xF7, 0xEB, 0x46, 0x17, 0xE3, 0x52, 0x24, 0xE6, 0x7E, 0xC6, 0x20, 0x00},
    /* U+98E8 */ {0x23, 0x86, 0x6C, 0x5D, 0x7F, 0x7E, 0x2F, 0xE7, 0xC6, 0x77, 0xE1, 0x52, 0x34, 0xE6, 0x7E, 0xC6, 0x20, 0x00},
    /* U+990D */ {0x42, 0x84, 0x2C, 0x7F, 0xE5, 0xFE, 0x67, 0xA7, 0xFE, 0x78, 0x44, 0xFC, 0x4F, 0xCC, 0xBE, 0x9E, 0x60, 0x00},
    /* U+9910 */ {0x30, 0x67, 0xDC, 0xFB, 0xC7, 0xF6, 0x7F, 0xC7, 0xFF, 0x1F, 0xC1, 0x0C, 0x1F, 0xC3, 0x7C, 0x3C, 0x60, 0x00},
    /* U+992E */ {0x33, 0xE7, 0xFE, 0x7B, 0xE7, 0xFC, 0x7F, 0xCF, 0xFF, 0x1F, 0x81, 0x08, 0x1F, 0xC3, 0xFC, 0x38, 0x60, 0x00},
    /* U+9954 */ {0x32, 0x82, 0xFE, 0x77, 0xE7, 0xBE, 0x37, 0xE6, 0xF8, 0x7F, 0xE7, 0xFC, 0x10, 0xC1, 0xFC, 0x3F, 0xC0, 0x00},
    /* U+9955 */ {0x7B, 0xE7, 0xFE, 0x7E, 0xE7, 0xDC, 0x3F, 0x61, 0xFC, 0xFF, 0xF1, 0xF8, 0x1F, 0xC1, 0x3C, 0x3C, 0x60, 0x00},
    /* U+9963 */ {0x30, 0x03, 0xE0, 0x66, 0x07, 0x40, 0x50, 0x01, 0x00, 0x10, 0x01, 0x00, 0x1C, 0x01, 0x80, 0x10, 0x00, 0x00},
    /* U+9965 */ {0x63, 0xC7, 0xA4, 0x4A, 0x47, 0xA4, 0xE2, 0x42, 0x24, 0x26, 0x42, 0x64, 0x3C, 0x53, 0xC5, 0x28, 0x60, 0x00},
    /* U+9967 */ {0x60, 0xC7, 0x98, 0x5B, 0x0F, 0x7E, 0x22, 0xE2, 0x2A, 0x27, 0xA2, 0xD2, 0x3B, 0x23, 0x66, 0x64, 0xC0, 0x00},
    /* U+9968 */ {0x61, 0x87, 0xFF, 0x59, 0x8D, 0x5A, 0xA5, 0xA2, 0x5A, 0x27, 0xE2, 0x1A, 0x39, 0x83, 0x1B, 0x60, 0xE0, 0x00},
    /* U+9969 */ {0x63, 0xE7, 0xE0, 0x5F, 0xCF, 0x00, 0x27, 0xC2, 0x04, 0x20, 0x42, 0x04, 0x38, 0x53, 0x07, 0x60, 0x20, 0x00},
    /* U+996A */ {0x67, 0xC7, 0xD8, 0x49, 0x8F, 0x98, 0x27, 0xF2, 0x18, 0x21, 0x82, 0x18, 0x39, 0x83, 0x98, 0x27, 0xE0, 0x00},
    /* U+996B */ {0x67, 0xC7, 0x88, 0x48, 0x8D, 0x88, 0xA7, 0xF2, 0x18, 0x21, 0x82, 0x1C, 0x3B, 0x43, 0x66, 0x24, 0x30, 0x00},
    /* U+996C */ {0x62, 0x07, 0xFF, 0x5D, 0x0F, 0x50, 0x27, 0xE2, 0x12, 0x23, 0x22, 0x32, 0x3A, 0x27, 0x66, 0x44, 0xC0, 0x00},
    /* U+996D */ {0x67, 0xE7, 0xC0, 0x5C, 0x0F, 0x7E, 0xA7, 0x62, 0x56, 0x25, 0xC2, 0x4C, 0x3D, 0xC7, 0xF6, 0x4E, 0x30, 0x00},
    /* U+996E */ {0x63, 0x07, 0xBE, 0x4E, 0x2E, 0xFA, 0xA1, 0x82, 0x18, 0x21, 0x82, 0x1C, 0x3B, 0x43, 0x66, 0x2C, 0x30, 0x00},
    /* U+996F */ {0x61, 0x67, 0xBE, 0x4F, 0x8D, 0x92, 0x23, 0xE2, 0x72, 0x21, 0xA2, 0x1C, 0x39, 0x83, 0x7F, 0x24, 0x60, 0x00},
    /* U+9970 */ {0x62, 0x07, 0xFF, 0x5D, 0x8D, 0x18, 0xA7, 0xE2, 0x5A, 0x25, 0xA2, 0x5A, 0x3D, 0xE3, 0x18, 0x21, 0x80, 0x00},
    /* U+9971 */ {0x63, 0xE7, 0xC2, 0x5C, 0x2D, 0xFA, 0xA6, 0xA2, 0x6A, 0x27, 0xA2, 0x6E, 0x3E, 0x03, 0x63, 0x23, 0xE0, 0x00},
    /* U+9972 */ {0x6F, 0xE7, 0x82, 0x5F, 0xED, 0x02, 0xA7, 0xA2, 0x4A, 0x24, 0xA2, 0x7A, 0x3C, 0x23, 0x02, 0x60, 0xE0, 0x00},
    /* U+9974 */ {0x63, 0x07, 0xA4, 0x5E, 0x6D, 0xFE, 0xAF, 0xF2, 0x00, 0x27, 0xE2, 0x46, 0x3C, 0x67, 0x7E, 0x04, 0x20, 0x00},
    /* U+9975 */ {0x67, 0xF7, 0xE6, 0x4B, 0xED, 0xA6, 0x22, 0x62, 0x3E, 0x22, 0x62, 0x26, 0x2F, 0xF3, 0x76, 0x20, 0x60, 0x00},
    /* U+9976 */ {0x63, 0xE7, 0xFE, 0x59, 0xEF, 0x3A, 0x26, 0xE2, 0x00, 0x2F, 0xE2, 0x28, 0x32, 0x83, 0x6B, 0x4C, 0xE0, 0x00},
    /* U+9977 */ {0x61, 0x07, 0xFE, 0x5C, 0x2F, 0x5E, 0x25, 0x62, 0x56, 0x25, 0x62, 0x5E, 0x35, 0x23, 0x42, 0x64, 0x60, 0x00},
    /* U+997A */ {0x61, 0x87, 0xFF, 0x5A, 0x45, 0x26, 0xE6, 0x62, 0x65, 0x23, 0xC2, 0x18, 0x39, 0x83, 0x7E, 0x2C, 0x30, 0x00},
    /* U+997C */ {0x62, 0x47, 0xB4, 0x5F, 0xEF, 0x34, 0x23, 0x42, 0xFF, 0x22, 0x42, 0x24, 0x3A, 0x43, 0x44, 0x2C, 0x40, 0x00},
    /* U+997D */ {0x67, 0xE7, 0x98, 0x5F, 0xEF, 0x43, 0xA4, 0x32, 0x0C, 0x21, 0x82, 0xFF, 0x31, 0x83, 0x18, 0x63, 0x80, 0x00},
    /* U+997F */ {0x6E, 0xE7, 0xEA, 0x56, 0x8D, 0xFF, 0xA6, 0xA2, 0x6E, 0x2F, 0xE2, 0xEC, 0x26, 0xD3, 0x7D, 0x6F, 0x60, 0x00},
    /* U+9980 */ {0x61, 0x87, 0xA6, 0x5C, 0x3F, 0x3E, 0xA1, 0x82, 0x7E, 0x21, 0x82, 0x7E, 0x3D, 0xA3, 0xDA, 0x23, 0x80, 0x00},
    /* U+9981 */ {0x6F, 0x87, 0xD2, 0x55, 0xCD, 0x54, 0x21, 0x02, 0xFF, 0x22, 0x42, 0x6C, 0x3B, 0x83, 0x3C, 0x6E, 0x20, 0x00},
    /* U+9984 */ {0x64, 0x27, 0xFE, 0x5C, 0x2D, 0x7E, 0x20, 0x82, 0x48, 0x27, 0xE2, 0x48, 0x3C, 0x83, 0x7B, 0x26, 0xE0, 0x00},
    /* U+9985 */ {0x63, 0xE7, 0xA6, 0x5E, 0x4F, 0xD8, 0x26, 0xE2, 0x42, 0x24, 0x22, 0x7E, 0x3C, 0x27, 0x7E, 0x44, 0x20, 0x00},
    /* U+9986 */ {0x67, 0xE7, 0xC3, 0x5C, 0x3D, 0x66, 0x26, 0x62, 0x7C, 0x26, 0x02, 0x7E, 0x3E, 0x27, 0x7E, 0x06, 0x20, 0x00},
    /* U+9987 */ {0x61, 0x87, 0xFE, 0x5B, 0xCF, 0x7E, 0x27, 0xE2, 0x66, 0x27, 0xE2, 0x66, 0x3F, 0xE3, 0x00, 0x2F, 0xF0, 0x00},
    /* U+9988 */ {0x67, 0xE7, 0xD2, 0x57, 0xED, 0xFF, 0xA0, 0x02, 0x7E, 0x25, 0x62, 0x56, 0x35, 0x63, 0x3C, 0x6E, 0x20, 0x00},
    /* U+998A */ {0x67, 0xE7, 0xD2, 0x5F, 0xED, 0xD2, 0xAF, 0xE2, 0x10, 0x2F, 0xE2, 0x66, 0x3B, 0xC7, 0x7C, 0x6E, 0x70, 0x00},
    /* U+998B */ {0x63, 0xC7, 0xC8, 0x5F, 0xED, 0x52, 0xA7, 0xE2, 0x29, 0x2C, 0xF2, 0x1C, 0x3E, 0x47, 0x3C, 0x40, 0x40, 0x00},
    /* U+998D */ {0x67, 0xF7, 0xA4, 0x5F, 0xEF, 0x42, 0x27, 0xE2, 0x7E, 0x21, 0x82, 0x7E, 0x39, 0x83, 0x36, 0x2E, 0x30, 0x00},
    /* U+998F */ {0x66, 0xE7, 0xEA, 0x5F, 0xAD, 0xFA, 0x25, 0xE2, 0x7E, 0x25, 0x22, 0x7E, 0x3D, 0x23, 0x52, 0x67, 0xE0, 0x00},
    /* U+9990 */ {0x62, 0xC7, 0xFE, 0x57, 0xED, 0x30, 0xAF, 0xE2, 0x20, 0x27, 0xE2, 0xD6, 0x3B, 0xE3, 0x14, 0x67, 0xF0, 0x00},
    /* U+9991 */ {0x67, 0xF7, 0xBC, 0x49, 0x8D, 0xFE, 0xA5, 0xA2, 0x7E, 0x27, 0xE2, 0x18, 0x3F, 0xE3, 0x18, 0x6F, 0xF0, 0x00},
    /* U+9992 */ {0x66, 0x67, 0xFE, 0x5F, 0xEF, 0x7E, 0x25, 0xE2, 0x7E, 0x20, 0x02, 0x7E, 0x3B, 0xC3, 0x3C, 0x2E, 0x70, 0x00},
    /* U+9993 */ {0x4F, 0xC7, 0x7F, 0x57, 0xAD, 0xFA, 0xEF, 0xE2, 0x9E, 0x2F, 0x62, 0x94, 0x7F, 0x67, 0x9E, 0x4B, 0x90, 0x00},
    /* U+9994 */ {0x65, 0xA7, 0xFE, 0x5D, 0x8F, 0x7E, 0xA2, 0x42, 0x7E, 0x22, 0x42, 0xFF, 0x3A, 0x47, 0x66, 0x6C, 0x20, 0x00},
    /* U+9995 */ {0x47, 0xC7, 0x7E, 0x5F, 0xED, 0xFF, 0xE7, 0xE2, 0xFE, 0x27, 0xE2, 0xFE, 0x36, 0xC7, 0xFE, 0x47, 0x30, 0x00},
    /* U+9996 */ {0x19, 0x8F, 0xFF, 0x06, 0x03, 0xFC, 0x20, 0x43, 0xFC, 0x20, 0x43, 0xFC, 0x20, 0x43, 0xFC, 0x20, 0x40, 0x00},
    /* U+9997 */ {0x22, 0x42, 0x7F, 0xFB, 0xE2, 0xA6, 0x2B, 0xE2, 0xA6, 0x6B, 0xE6, 0xA6, 0x4B, 0xF4, 0x83, 0xCF, 0xE0, 0x00},
    /* U+9998 */ {0x70, 0xEF, 0xFF, 0x20, 0xC7, 0xFC, 0x4D, 0xE7, 0xDE, 0x4F, 0x67, 0x9C, 0x4F, 0xD7, 0x9F, 0x43, 0x20, 0x00},
    /* U+9999 */ {0x3F, 0x80, 0x60, 0xFF, 0xF0, 0xF0, 0x36, 0xC6, 0x66, 0x7F, 0xE3, 0x04, 0x3F, 0xC3, 0x04, 0x3F, 0xC0, 0x00},
    /* U+99A5 */ {0x73, 0xE1, 0x20, 0x7F, 0xE7, 0xBE, 0xD6, 0x27, 0xBE, 0x49, 0xE7, 0xF6, 0x49, 0xC7, 0xFE, 0x4E, 0x30, 0x00},
    /* U+99A8 */ {0x11, 0x47, 0xFE, 0x7D, 0xC7, 0xDC, 0x7F, 0xE0, 0x60, 0x7F, 0xE3, 0xFE, 0xF0, 0xE3, 0xFC, 0x3F, 0xC0, 0x00},
    /* U+9A6C */ {0x7F, 0xC0, 0x0C, 0x30, 0x83, 0x08, 0x30, 0x83, 0xFE, 0x00, 0x2F, 0xFA, 0x00, 0x60, 0x06, 0x01, 0xC0, 0x00},
    /* U+9A6D */ {0x7F, 0xE4, 0xA2, 0x4B, 0x25, 0xB6, 0x59, 0x47, 0x9C, 0x09, 0xC7, 0x88, 0xE9, 0xC0, 0xB6, 0x3E, 0x20, 0x00},
    /* U+9A6E */ {0x08, 0x80, 0x88, 0x48, 0x85, 0xFF, 0x59, 0x87, 0x98, 0x09, 0xC7, 0x94, 0xEB, 0x40, 0xE6, 0x3C, 0x20, 0x00},
    /* U+9A6F */ {0x7A, 0xA1, 0xAA, 0x5A, 0xA5, 0xAA, 0x52, 0xA7, 0xAA, 0x0A, 0xA3, 0xEA, 0xFE, 0xA1, 0xCA, 0x3C, 0x20, 0x00},
    /* U+9A70 */ {0x7A, 0x81, 0xA8, 0x5A, 0xE5, 0x3A, 0x5E, 0xA7, 0xAA, 0x0A, 0xA3, 0xAE, 0xFA, 0x11, 0xA3, 0x73, 0xE0, 0x00},
    /* U+9A71 */ {0x7F, 0xE1, 0xE0, 0x5F, 0x65, 0x7C, 0x56, 0xC7, 0xEC, 0x0E, 0xE3, 0xFA, 0xFF, 0x21, 0xE0, 0x37, 0xF0, 0x00},
    /* U+9A73 */ {0x7B, 0x60, 0x9C, 0x4B, 0xE5, 0xE2, 0x5A, 0x27, 0xB6, 0x09, 0xC3, 0x98, 0xE9, 0xC0, 0xF6, 0x3C, 0x20, 0x00},
    /* U+9A74 */ {0x18, 0x85, 0xBE, 0x5A, 0x25, 0xA2, 0x53, 0xE7, 0xA2, 0x0A, 0x07, 0xA0, 0xEE, 0x00, 0xE0, 0x3C, 0x00, 0x00},
    /* U+9A75 */ {0x7B, 0xE5, 0xA6, 0x5A, 0x65, 0xBE, 0x52, 0x67, 0xA6, 0x0A, 0x60, 0xBE, 0xFA, 0x61, 0xA6, 0x37, 0xF0, 0x00},
    /* U+9A76 */ {0x18, 0x85, 0xFE, 0x5E, 0xA5, 0xEA, 0x57, 0xE7, 0x98, 0x0B, 0x87, 0xB0, 0xE9, 0x80, 0xBC, 0x3E, 0x70, 0x00},
    /* U+9A77 */ {0x1F, 0xE5, 0xD6, 0x55, 0x65, 0x56, 0x55, 0x67, 0xF6, 0x0E, 0x67, 0xE2, 0xCC, 0x21, 0xFE, 0x34, 0x20, 0x00},
    /* U+9A78 */ {0x1A, 0x65, 0x26, 0x57, 0xF5, 0xE6, 0x5F, 0x67, 0xBE, 0x0A, 0xE3, 0xA6, 0xFA, 0x61, 0xA6, 0x32, 0xC0, 0x00},
    /* U+9A79 */ {0x1A, 0x05, 0xBE, 0x5E, 0x25, 0xC2, 0x53, 0xA7, 0xAA, 0x0A, 0xA3, 0xBA, 0xEA, 0x21, 0x82, 0x30, 0xE0, 0x00},
    /* U+9A7A */ {0x7B, 0xE5, 0xA6, 0x5C, 0x45, 0xFE, 0x50, 0x27, 0x82, 0x0F, 0xE7, 0x82, 0xD8, 0x21, 0xFE, 0x70, 0x20, 0x00},
    /* U+9A7B */ {0x18, 0x85, 0xFE, 0x58, 0x85, 0x08, 0x50, 0x87, 0xFE, 0x08, 0x83, 0x88, 0xE8, 0x80, 0x88, 0x3F, 0xF0, 0x00},
    /* U+9A7C */ {0x19, 0x85, 0xFF, 0x5C, 0x35, 0xE0, 0x52, 0x67, 0xBC, 0x0B, 0x07, 0xA0, 0xEA, 0x31, 0xA3, 0x33, 0xE0, 0x00},
    /* U+9A7D */ {0x7D, 0x66, 0xDC, 0x39, 0xCE, 0xF7, 0x3F, 0xC1, 0x0C, 0x10, 0x83, 0xFE, 0x7F, 0xA0, 0x06, 0x00, 0xC0, 0x00},
    /* U+9A7E */ {0x7F, 0xE2, 0x72, 0x7F, 0xE4, 0x00, 0x3F, 0xC1, 0x0C, 0x10, 0x83, 0xFE, 0x7F, 0xA0, 0x06, 0x00, 0xC0, 0x00},
    /* U+9A7F */ {0x1F, 0xE5, 0xA6, 0x51, 0xC5, 0x3C, 0x56, 0x77, 0x98, 0x0F, 0xE3, 0x98, 0xEF, 0xF1, 0x98, 0x31, 0x80, 0x00},
    /* U+9A80 */ {0x79, 0x05, 0xB4, 0x5A, 0x65, 0x7E, 0x57, 0xF7, 0x80, 0x0B, 0xE7, 0xA2, 0xCA, 0x20, 0xBE, 0x3A, 0x20, 0x00},
    /* U+9A81 */ {0x7B, 0x21, 0xFE, 0x59, 0x65, 0x3A, 0x56, 0xE7, 0x80, 0x0F, 0xE7, 0xBC, 0xFA, 0xC1, 0xED, 0x7C, 0x60, 0x00},
    /* U+9A82 */ {0x4F, 0x24, 0xF2, 0x7F, 0xE3, 0xFC, 0x00, 0xC1, 0x08, 0x3F, 0xE0, 0x02, 0x7F, 0xA0, 0x06, 0x00, 0xC0, 0x00},
    /* U+9A84 */ {0x7F, 0xC5, 0x18, 0x57, 0xF5, 0x34, 0x52, 0x67, 0xE3, 0x0B, 0x47, 0xB4, 0xDA, 0x41, 0xE4, 0x34, 0x40, 0x00},
    /* U+9A85 */ {0x72, 0xA1, 0x6E, 0x5E, 0xC5, 0xF8, 0x56, 0xB7, 0xAE, 0x19, 0x83, 0xFE, 0xF9, 0x81, 0x18, 0x71, 0x80, 0x00},
    /* U+9A86 */ {0x1B, 0xE5, 0xE6, 0x5F, 0x45, 0x1C, 0x53, 0xE7, 0xE3, 0x0F, 0xE3, 0xA2, 0xEA, 0x20, 0xBE, 0x3A, 0x20, 0x00},
    /* U+9A87 */ {0x18, 0x85, 0xFF, 0x59, 0x05, 0x24, 0x57, 0xC7, 0x9A, 0x0B, 0x63, 0xEC, 0xE9, 0xC1, 0xF6, 0x3C, 0x20, 0x00},
    /* U+9A88 */ {0x7B, 0x61, 0x94, 0x5F, 0xE5, 0x14, 0x51, 0x47, 0xFF, 0x0B, 0x47, 0xB4, 0xCA, 0x41, 0xA4, 0x34, 0x40, 0x00},
    /* U+9A8A */ {0xFF, 0xF5, 0x00, 0x57, 0xE5, 0x5A, 0x55, 0xA7, 0xFE, 0x1F, 0xE7, 0xDA, 0xF5, 0xA1, 0x5A, 0x37, 0xE0, 0x00},
    /* U+9A8B */ {0x7F, 0xE5, 0xEA, 0x5F, 0xE5, 0xEA, 0x57, 0xE7, 0xFF, 0x0B, 0x07, 0xBE, 0xE8, 0x20, 0x82, 0x38, 0xE0, 0x00},
    /* U+9A8C */ {0x79, 0x85, 0xBC, 0x5E, 0x65, 0xFF, 0x50, 0x07, 0xAA, 0x0A, 0xA7, 0xAE, 0xC8, 0x41, 0xFF, 0x30, 0x00, 0x00},
    /* U+9A8F */ {0x79, 0x41, 0xBE, 0x5F, 0xE5, 0x34, 0x57, 0x27, 0xF0, 0x0B, 0xE3, 0xF4, 0xF9, 0x81, 0xBC, 0x7E, 0x70, 0x00},
    /* U+9A90 */ {0x7A, 0x65, 0xFF, 0x5A, 0x65, 0xBE, 0x52, 0x67, 0xBE, 0x0A, 0x63, 0xFF, 0xE9, 0x41, 0xA6, 0x36, 0x20, 0x00},
    /* U+9A91 */ {0x7F, 0xE5, 0x98, 0x59, 0xC5, 0xE2, 0x57, 0xF7, 0x82, 0x0B, 0xA7, 0xAA, 0xCB, 0xA0, 0xA2, 0x38, 0xE0, 0x00},
    /* U+9A92 */ {0x1C, 0xA5, 0xCA, 0x57, 0xE5, 0x4A, 0x57, 0xE7, 0x98, 0x0F, 0xF3, 0x9C, 0xEB, 0xE0, 0xFB, 0x39, 0x80, 0x00},
    /* U+9A93 */ {0x1A, 0xC5, 0xFE, 0x5E, 0x85, 0xE8, 0x57, 0xE7, 0xE8, 0x0E, 0x80, 0xFE, 0xFE, 0x80, 0xFF, 0x3E, 0x00, 0x00},
    /* U+9A96 */ {0x13, 0x45, 0x7E, 0x51, 0x85, 0x7E, 0x52, 0x67, 0xDB, 0x0B, 0x47, 0x9A, 0xDB, 0x61, 0x1C, 0x37, 0x00, 0x00},
    /* U+9A97 */ {0xF7, 0xE5, 0x42, 0x54, 0x25, 0x7E, 0x57, 0xE7, 0xF6, 0x1F, 0x67, 0xFE, 0xDF, 0x61, 0xF6, 0x3B, 0x60, 0x00},
    /* U+9A98 */ {0x53, 0xE7, 0xFE, 0x57, 0x27, 0x5C, 0x4F, 0x03, 0xF8, 0x10, 0x83, 0xFE, 0x00, 0x27, 0xFA, 0x01, 0xE0, 0x00},
    /* U+9A9A */ {0xF6, 0x65, 0x3C, 0x51, 0x85, 0x7E, 0x5D, 0xB7, 0xFE, 0x1D, 0xA7, 0xFE, 0xD9, 0xC1, 0xFE, 0x77, 0xF0, 0x00},
    /* U+9A9B */ {0x39, 0xF7, 0xF4, 0x7C, 0xC7, 0x3E, 0x3F, 0xC1, 0x0C, 0x10, 0x83, 0xFE, 0x7F, 0xA0, 0x06, 0x00, 0xE0, 0x00},
    /* U+9A9C */ {0x11, 0xE7, 0xF6, 0x7D, 0xC3, 0xCC, 0x7F, 0xE3, 0xF8, 0x10, 0x83, 0xFE, 0x00, 0x27, 0xFE, 0x01, 0xC0, 0x00},
    /* U+9A9D */ {0xF6, 0xF5, 0x4E, 0x55, 0xA5, 0x7A, 0x54, 0xE7, 0xFE, 0x1D, 0xA7, 0xFE, 0xDD, 0xA1, 0x5A, 0x37, 0xE0, 0x00},
    /* U+9A9E */ {0x7F, 0xE7, 0xFE, 0x09, 0x03, 0xFC, 0x7F, 0xE3, 0x0C, 0x7F, 0xF1, 0xFE, 0x00, 0x67, 0xF6, 0x01, 0xC0, 0x00},
    /* U+9A9F */ {0xF7, 0xE5, 0x42, 0x57, 0xE5, 0x40, 0x57, 0xE7, 0xCE, 0x1F, 0xE7, 0xDA, 0xDF, 0xE1, 0xCA, 0x79, 0xE0, 0x00},
    /* U+9AA0 */ {0x7F, 0xF5, 0xFE, 0x55, 0xE5, 0x5E, 0x57, 0xE7, 0xBE, 0x08, 0x03, 0xFF, 0xFA, 0xE1, 0xEA, 0x33, 0x80, 0x00},
    /* U+9AA1 */ {0x7D, 0xA5, 0xFE, 0x55, 0xA5, 0x7E, 0x52, 0xC7, 0xF8, 0x0B, 0x63, 0xFE, 0xFB, 0xC1, 0xDA, 0x7F, 0xA0, 0x00},
    /* U+9AA2 */ {0x7F, 0xE5, 0x52, 0x57, 0xE5, 0x7A, 0x57, 0xE7, 0xFE, 0x18, 0x87, 0xFE, 0xDF, 0x61, 0xF7, 0x71, 0xC0, 0x00},
    /* U+9AA3 */ {0xF4, 0x25, 0x7E, 0x55, 0xC5, 0x4C, 0x57, 0xE7, 0xC8, 0x1F, 0xE7, 0xD2, 0xDF, 0xF1, 0xD6, 0x3B, 0x60, 0x00},
    /* U+9AA4 */ {0x15, 0xE5, 0x7E, 0x57, 0x65, 0x7E, 0x5F, 0x87, 0xFC, 0x1B, 0x27, 0xFC, 0xDB, 0xC1, 0x76, 0x31, 0x00, 0x00},
    /* U+9AA5 */ {0xFF, 0xE5, 0xFA, 0x57, 0xE5, 0x5A, 0x57, 0xE7, 0xFE, 0x0A, 0x43, 0xFE, 0xFF, 0xE1, 0x24, 0x34, 0x20, 0x00},
    /* U+9AA7 */ {0x17, 0xF5, 0x7E, 0x57, 0xE5, 0x34, 0x57, 0xE7, 0xFE, 0x0B, 0x43, 0xFF, 0xFE, 0xE1, 0xEE, 0x73, 0xB0, 0x00},
    /* U+9AA8 */ {0x30, 0xC3, 0xEC, 0x32, 0xC7, 0xFE, 0x40, 0x27, 0xFE, 0x3F, 0xC3, 0x0C, 0x3F, 0xC3, 0x0C, 0x31, 0xC0, 0x00},
    /* U+9AB0 */ {0x4B, 0x47, 0xB4, 0x5B, 0x4F, 0xE7, 0xCE, 0x04, 0xBE, 0x7B, 0x64, 0x9C, 0x79, 0xC4, 0xBC, 0x5E, 0x60, 0x00},
    /* U+9AB1 */ {0x49, 0xC7, 0x94, 0x5B, 0x6F, 0xE3, 0xCD, 0x44, 0x94, 0x79, 0x44, 0xB4, 0x7B, 0x44, 0xA4, 0x5E, 0x40, 0x00},
    /* U+9AB6 */ {0x4B, 0xC7, 0xA8, 0x5A, 0x8F, 0xE8, 0xCF, 0xE4, 0xAC, 0x7A, 0x44, 0xA4, 0x7A, 0x54, 0xBF, 0x5B, 0xA0, 0x00},
    /* U+9AB7 */ {0x48, 0x87, 0x88, 0x5B, 0xFF, 0xC8, 0xC4, 0x84, 0x88, 0x7B, 0xE4, 0xA2, 0x7A, 0x24, 0xBE, 0x5A, 0x20, 0x00},
    /* U+9AB8 */ {0x48, 0x87, 0xFF, 0x59, 0x8F, 0xD6, 0xCF, 0xC4, 0x8B, 0x7B, 0x24, 0xE4, 0x78, 0xC4, 0xBA, 0x5E, 0x30, 0x00},
    /* U+9ABA */ {0x4B, 0x87, 0xA0, 0x5B, 0xFF, 0xE0, 0xCE, 0x04, 0xBE, 0x7B, 0x24, 0xB2, 0x7B, 0x24, 0xFE, 0x5D, 0x20, 0x00},
    /* U+9ABC */ {0x4B, 0xE7, 0xB6, 0x5F, 0x4F, 0xDC, 0xCF, 0xC4, 0xF7, 0x7B, 0xE4, 0xA2, 0x7A, 0x24, 0xBE, 0x5A, 0x20, 0x00},
    /* U+9AC0 */ {0x4B, 0xE7, 0xAA, 0x5B, 0xEF, 0xEA, 0xCF, 0xE4, 0x90, 0x7A, 0xC4, 0x8C, 0x7F, 0xF4, 0x8C, 0x58, 0xC0, 0x00},
    /* U+9AC1 */ {0x4A, 0xA7, 0xBE, 0x5A, 0xAF, 0xEA, 0xCF, 0xE4, 0x88, 0x7F, 0xF4, 0x9C, 0x7B, 0xE4, 0xEB, 0x58, 0x80, 0x00},
    /* U+9AC2 */ {0x4F, 0xF7, 0xF3, 0x5B, 0xEF, 0xF4, 0xCD, 0xC4, 0xBC, 0x7E, 0x74, 0xBE, 0x7A, 0x64, 0xA6, 0x5B, 0xE0, 0x00},
    /* U+9AC5 */ {0x4B, 0xC7, 0xFE, 0x79, 0xCF, 0xBE, 0xCE, 0xA4, 0x98, 0x7F, 0xF4, 0xB4, 0x7B, 0xC4, 0x9E, 0x5F, 0x30, 0x00},
    /* U+9ACB */ {0x4F, 0xF7, 0xC3, 0x5F, 0xFF, 0xD4, 0xCF, 0xE4, 0xAA, 0x7A, 0xA4, 0xAA, 0x79, 0x94, 0xB9, 0x5E, 0x60, 0x00},
    /* U+9ACC */ {0x4F, 0xE7, 0xC3, 0x5F, 0xFF, 0xF8, 0xCF, 0xE4, 0xA4, 0x7A, 0x44, 0xFF, 0x79, 0x44, 0xB6, 0x5E, 0x20, 0x00},
    /* U+9AD1 */ {0x4D, 0xE7, 0xFE, 0x7A, 0x0F, 0xFE, 0xCD, 0x24, 0xFE, 0x7D, 0x64, 0xFE, 0x79, 0xA4, 0xFE, 0x58, 0x60, 0x00},
    /* U+9AD3 */ {0x4D, 0xF7, 0xFE, 0x7B, 0x4F, 0xBF, 0xFD, 0xE4, 0xFE, 0x7B, 0xA4, 0xBE, 0x7B, 0xE4, 0xF0, 0x5D, 0xF0, 0x00},
    /* U+9AD8 */ {0x7F, 0xE0, 0x00, 0x3F, 0xC3, 0x0C, 0x3F, 0xC7, 0xFE, 0x40, 0x25, 0xFA, 0x51, 0xA5, 0xFA, 0x40, 0x60, 0x00},
    /* U+9ADF */ {0x3C, 0x62, 0x0C, 0x3D, 0x03, 0xC6, 0x20, 0xCF, 0xF8, 0x30, 0x32, 0xC6, 0x64, 0xC7, 0xF8, 0x00, 0x00, 0x00},
    /* U+9AE1 */ {0x79, 0x87, 0xC6, 0x7D, 0xC7, 0xE2, 0x6D, 0xC7, 0xF0, 0x7F, 0xF0, 0x90, 0x19, 0x03, 0x13, 0x61, 0xE0, 0x00},
    /* U+9AE6 */ {0x7D, 0x87, 0xC6, 0x79, 0x87, 0xE6, 0x7D, 0xC7, 0xF8, 0x3E, 0x07, 0xFC, 0x7F, 0xE7, 0x43, 0x07, 0xE0, 0x00},
    /* U+9AEB */ {0x7D, 0x87, 0xCE, 0x61, 0x87, 0xE6, 0x7D, 0xC7, 0xFC, 0x18, 0x47, 0x1C, 0x3F, 0xC2, 0x04, 0x3F, 0xC0, 0x00},
    /* U+9AED */ {0x7D, 0x87, 0xC6, 0x61, 0xC7, 0xE6, 0x7D, 0xC7, 0x70, 0x53, 0x65, 0xFC, 0x53, 0x05, 0xF3, 0xFD, 0xE0, 0x00},
    /* U+9AEF */ {0x7D, 0x87, 0xC6, 0x79, 0x87, 0xE6, 0x7F, 0x83, 0xFC, 0x26, 0x43, 0xFC, 0x7F, 0xE2, 0x04, 0x21, 0xC0, 0x00},
    /* U+9AF9 */ {0x7D, 0x87, 0xC6, 0x79, 0x87, 0xE6, 0x7F, 0x83, 0x10, 0x2F, 0xE6, 0x38, 0xE5, 0x43, 0x97, 0x21, 0x00, 0x00},
    /* U+9AFB */ {0x7D, 0x87, 0xC6, 0x79, 0xC7, 0xE6, 0x67, 0x87, 0xFE, 0x06, 0x07, 0xFE, 0x3F, 0xC2, 0x04, 0x3F, 0xC0, 0x00},
    /* U+9B03 */ {0x7D, 0xA7, 0xDC, 0x61, 0xA7, 0xEE, 0x7F, 0x07, 0xFE, 0x5F, 0xA0, 0x00, 0x7F, 0xE3, 0x6C, 0x6E, 0x60, 0x00},
    /* U+9B08 */ {0x7D, 0xA7, 0xDC, 0x7F, 0x27, 0xDC, 0x76, 0x87, 0xFE, 0x7F, 0xE3, 0x9C, 0x7F, 0xE1, 0x74, 0x1F, 0xC0, 0x00},
    /* U+9B0F */ {0x7F, 0xA7, 0xDC, 0x7F, 0x26, 0xDC, 0x7D, 0x07, 0xAA, 0x7E, 0xA3, 0xAC, 0x79, 0xCD, 0x34, 0x16, 0x30, 0x00},
    /* U+9B13 */ {0x7F, 0xA7, 0xDC, 0x7F, 0x66, 0x5C, 0x7F, 0xE4, 0x0A, 0x1F, 0x21, 0xFC, 0x11, 0x07, 0xFE, 0x70, 0xE0, 0x00},
    /* U+9B1F */ {0x7D, 0xE7, 0xDE, 0x7F, 0xE7, 0xD0, 0x3F, 0xC3, 0xFC, 0x7F, 0xE3, 0xFC, 0x3F, 0xE7, 0x3C, 0x1C, 0x60, 0x00},
    /* U+9B23 */ {0x7D, 0x27, 0xDC, 0x7F, 0x67, 0xDC, 0x36, 0xC7, 0xFE, 0x5F, 0x67, 0xFE, 0x7F, 0xC7, 0xFD, 0x7F, 0xF0, 0x00},
    /* U+9B2F */ {0x7B, 0x67, 0xEE, 0x7F, 0x67, 0xDE, 0x62, 0x67, 0xFE, 0x20, 0x43, 0xFC, 0x3C, 0x22, 0x02, 0x3F, 0xE0, 0x00},
    /* U+9B32 */ {0xFF, 0xE3, 0xFC, 0x20, 0xC3, 0xFC, 0x00, 0x07, 0xFE, 0x49, 0x25, 0xFA, 0x46, 0x24, 0x62, 0x46, 0x60, 0x00},
    /* U+9B3B */ {0x7E, 0xE4, 0xF8, 0x7F, 0xE7, 0xFE, 0x00, 0x03, 0xFC, 0x3F, 0xC7, 0xFE, 0x49, 0x27, 0xFA, 0x46, 0xE0, 0x00},
    /* U+9B3C */ {0x3F, 0xC2, 0x64, 0x3F, 0xC2, 0x64, 0x24, 0x43, 0xFC, 0x0E, 0x80, 0xFC, 0x1B, 0xE3, 0x23, 0x43, 0xE0, 0x00},
    /* U+9B41 */ {0x7D, 0xC5, 0x4C, 0x7F, 0x45, 0x5C, 0x54, 0xC7, 0xCE, 0x37, 0xC3, 0xE4, 0x7E, 0x75, 0x83, 0xCF, 0xE0, 0x00},
    /* U+9B42 */ {0x7F, 0xE0, 0x5A, 0x07, 0xEF, 0xDA, 0x25, 0xA7, 0x7E, 0x59, 0xC7, 0xBE, 0x6B, 0xE0, 0x7B, 0x0C, 0xE0, 0x00},
    /* U+9B43 */ {0x7D, 0xA5, 0x7F, 0x55, 0x07, 0xDE, 0x75, 0x27, 0xFE, 0x36, 0xC3, 0xEE, 0x3F, 0xA5, 0x03, 0xCF, 0xE0, 0x00},
    /* U+9B44 */ {0x27, 0xE7, 0xD2, 0x5F, 0xE5, 0xD2, 0x7D, 0x25, 0xFE, 0x53, 0x45, 0x3E, 0x77, 0xE4, 0xDB, 0x18, 0xE0, 0x00},
    /* U+9B45 */ {0x7C, 0x85, 0x7E, 0x7C, 0x85, 0x7F, 0x75, 0xC7, 0xDC, 0x3F, 0xE3, 0xEB, 0x7C, 0x85, 0x03, 0xDF, 0xE0, 0x00},
    /* U+9B47 */ {0x40, 0x04, 0x2C, 0x7F, 0xE5, 0xCC, 0x7F, 0xE5, 0x24, 0x5F, 0xC5, 0xFC, 0x47, 0xCC, 0xDE, 0xB9, 0xE0, 0x00},
    /* U+9B48 */ {0x7F, 0xA5, 0x5E, 0x7F, 0xE7, 0x72, 0x77, 0xE7, 0xF2, 0x37, 0xE3, 0xF2, 0x7F, 0x65, 0x03, 0xCF, 0xE0, 0x00},
    /* U+9B49 */ {0x7F, 0xE7, 0x94, 0x7B, 0xE7, 0xB6, 0x7B, 0x67, 0xBE, 0x3B, 0xE3, 0xEA, 0x7E, 0x65, 0x03, 0xDF, 0xE0, 0x00},
    /* U+9B4D */ {0x7B, 0xE7, 0xF6, 0x7F, 0xE7, 0xFE, 0x7F, 0xE7, 0xB2, 0x3B, 0xE3, 0xE2, 0x7E, 0x65, 0x03, 0x9F, 0xE0, 0x00},
    /* U+9B4F */ {0x73, 0xEF, 0xEA, 0x3A, 0xA7, 0xFE, 0xD2, 0xA2, 0x3E, 0x7D, 0xE6, 0x9E, 0x7B, 0xE3, 0xE9, 0x64, 0xE0, 0x00},
    /* U+9B51 */ {0x7F, 0xE7, 0xBE, 0x7B, 0xE7, 0xBE, 0x78, 0x82, 0xBE, 0x3B, 0xE3, 0xFE, 0x7E, 0x65, 0x23, 0xDF, 0xE0, 0x00},
    /* U+9B54 */ {0x7F, 0xF4, 0x84, 0x7F, 0xE7, 0xFE, 0x5F, 0xE5, 0x26, 0x5F, 0xE5, 0xFE, 0x47, 0xCD, 0xDF, 0xB1, 0xE0, 0x00},
    /* U+9C7C */ {0x1F, 0x03, 0x30, 0x7F, 0xC6, 0x64, 0x26, 0x43, 0xFC, 0x26, 0x43, 0xFC, 0x00, 0x07, 0xFE, 0x00, 0x00, 0x00},
    /* U+9C7F */ {0x79, 0xE4, 0x9A, 0xFF, 0xF5, 0xD8, 0x5D, 0xC7, 0xDC, 0x5D, 0xC7, 0xDC, 0x03, 0xD7, 0xEF, 0x46, 0x60, 0x00},
    /* U+9C81 */ {0x3F, 0x07, 0xFC, 0x7F, 0xC2, 0x64, 0x3F, 0xC7, 0xFE, 0x00, 0x03, 0xFC, 0x3F, 0xC2, 0x0C, 0x3F, 0xC0, 0x00},
    /* U+9C82 */ {0x38, 0x85, 0xFF, 0xFD, 0x05, 0xD0, 0x5D, 0xE7, 0xD2, 0x5F, 0x27, 0xF2, 0x02, 0x27, 0xE6, 0x44, 0xC0, 0x00},
    /* U+9C85 */ {0x39, 0x67, 0x92, 0x7F, 0xF5, 0xB0, 0x5B, 0xE7, 0xB2, 0x5B, 0xE7, 0xAC, 0x0E, 0xC7, 0xDE, 0x05, 0x30, 0x00},
    /* U+9C86 */ {0x3F, 0xE5, 0x88, 0xFA, 0xA5, 0xAE, 0x79, 0xC5, 0x88, 0x5F, 0xF7, 0x88, 0x00, 0x8F, 0xC8, 0x00, 0x80, 0x00},
    /* U+9C87 */ {0x78, 0x84, 0x88, 0xFC, 0xF5, 0xC8, 0x5C, 0x87, 0xFE, 0x5E, 0x27, 0xE2, 0x02, 0x2F, 0xFE, 0x02, 0x20, 0x00},
    /* U+9C88 */ {0x78, 0xE5, 0x88, 0xFB, 0xE5, 0xA2, 0x5A, 0x27, 0xFE, 0x5E, 0x27, 0xE0, 0x06, 0x07, 0xC0, 0x04, 0x00, 0x00},
    /* U+9C8B */ {0x3B, 0x65, 0xA6, 0xFB, 0xF7, 0xE6, 0x7F, 0x67, 0xAE, 0x7A, 0xE7, 0xA6, 0x02, 0x6F, 0xA6, 0x02, 0xE0, 0x00},
    /* U+9C8D */ {0x3B, 0xE5, 0xA2, 0xFE, 0x25, 0xFE, 0x5A, 0xE7, 0xAE, 0x5B, 0xE7, 0xAE, 0x02, 0x07, 0xE3, 0x43, 0xE0, 0x00},
    /* U+9C8E */ {0x36, 0xC7, 0xFE, 0x48, 0x21, 0xF2, 0x33, 0x07, 0xFC, 0x3F, 0xC2, 0x64, 0x3F, 0xC0, 0x00, 0x7F, 0xE0, 0x00},
    /* U+9C90 */ {0x39, 0x05, 0xB4, 0xFA, 0x65, 0xFF, 0x58, 0x07, 0xBE, 0x5A, 0x27, 0xA2, 0x02, 0x2F, 0xBE, 0x02, 0x20, 0x00},
    /* U+9C91 */ {0x3B, 0xE4, 0x88, 0xF8, 0x85, 0x88, 0x5F, 0xF7, 0x88, 0x5F, 0xE7, 0x88, 0x00, 0x87, 0x88, 0x67, 0xF0, 0x00},
    /* U+9C92 */ {0x78, 0x84, 0xFF, 0xF8, 0x87, 0x88, 0x5F, 0xE7, 0x80, 0x5B, 0xE7, 0xA2, 0x1A, 0x27, 0xBE, 0x02, 0x20, 0x00},
    /* U+9C94 */ {0x39, 0x05, 0xFF, 0xFB, 0x07, 0xBE, 0x7E, 0x27, 0xFE, 0x7A, 0x27, 0xBE, 0x02, 0x27, 0xA2, 0x42, 0x60, 0x00},
    /* U+9C95 */ {0x7F, 0xF5, 0x90, 0xFF, 0xE6, 0xD6, 0x6D, 0x67, 0xD6, 0x6D, 0x67, 0xD6, 0x05, 0x6F, 0xD6, 0x04, 0x60, 0x00},
    /* U+9C9A */ {0x7F, 0xF5, 0xA6, 0xFB, 0x47, 0x9C, 0x7B, 0xE7, 0xE7, 0x7B, 0x47, 0xB4, 0x02, 0x47, 0xA4, 0x04, 0x40, 0x00},
    /* U+9C9B */ {0x7F, 0xE5, 0x80, 0xFB, 0x47, 0xA2, 0x7F, 0x77, 0xD4, 0x79, 0xC7, 0x98, 0x01, 0xC7, 0xB6, 0x46, 0x20, 0x00},
    /* U+9C9C */ {0x3B, 0x64, 0x94, 0xFF, 0xE5, 0xC8, 0x5F, 0xE7, 0xC8, 0x5C, 0x87, 0xFF, 0x00, 0x87, 0xC8, 0x40, 0x80, 0x00},
    /* U+9C9E */ {0x14, 0x87, 0xFE, 0x7F, 0xE3, 0xCC, 0xFF, 0x77, 0xFC, 0x36, 0x43, 0xFC, 0x3F, 0xC0, 0x00, 0x7F, 0xE0, 0x00},
    /* U+9C9F */ {0x7B, 0xE5, 0x82, 0xFB, 0xE7, 0x82, 0x7F, 0xE7, 0x84, 0x7F, 0xF7, 0xA4, 0x03, 0x47, 0x94, 0x40, 0xC0, 0x00},
    /* U+9CA0 */ {0x7F, 0xF5, 0x88, 0xFF, 0xE7, 0xEA, 0x7F, 0xE7, 0xEA, 0x7F, 0xE7, 0xB8, 0x03, 0x07, 0xBC, 0x06, 0x70, 0x00},
    /* U+9CA1 */ {0x7F, 0xF5, 0x00, 0xFF, 0xE6, 0xDA, 0x6D, 0xA7, 0xFE, 0x6F, 0xE7, 0xDA, 0x05, 0xA7, 0xDA, 0x47, 0xE0, 0x00},
    /* U+9CA2 */ {0x77, 0xE5, 0x48, 0xF1, 0xC7, 0xD4, 0x77, 0xE7, 0x44, 0x77, 0xF7, 0x44, 0x04, 0x47, 0xF0, 0x49, 0xF0, 0x00},
    /* U+9CA3 */ {0x77, 0xE5, 0x7A, 0xFF, 0xE6, 0xF4, 0x6F, 0xE7, 0xFB, 0x68, 0x87, 0xFE, 0x00, 0x87, 0x88, 0x67, 0xF0, 0x00},
    /* U+9CA4 */ {0x7B, 0xE5, 0xAA, 0xFB, 0xE5, 0xEA, 0x5E, 0xA7, 0xFE, 0x58, 0x87, 0xBE, 0x00, 0x87, 0x88, 0x47, 0xF0, 0x00},
    /* U+9CA5 */ {0x77, 0x25, 0x52, 0xFD, 0xF6, 0xD2, 0x6F, 0xA7, 0xDA, 0x6D, 0xE7, 0xD6, 0x07, 0x27, 0xC2, 0x40, 0xE0, 0x00},
    /* U+9CA6 */ {0x7B, 0xE5, 0xB6, 0xFD, 0xC7, 0x9C, 0x7F, 0x77, 0x88, 0x7F, 0xF7, 0xA8, 0x02, 0xA7, 0xEB, 0x01, 0x80, 0x00},
    /* U+9CA7 */ {0x7F, 0xC5, 0x94, 0xFB, 0x45, 0xB8, 0x59, 0x27, 0xBE, 0x5B, 0xA7, 0xAE, 0x02, 0xA7, 0xEB, 0x01, 0x80, 0x00},
    /* U+9CA8 */ {0x45, 0x66, 0x96, 0x31, 0x87, 0xF0, 0x48, 0x03, 0xF0, 0x7F, 0xC3, 0xFC, 0x3F, 0xC0, 0x00, 0x7F, 0xE0, 0x00},
    /* U+9CA9 */ {0x78, 0x85, 0xFF, 0xFC, 0x36, 0xBE, 0x68, 0x07, 0xFF, 0x6B, 0x47, 0xB4, 0x02, 0x47, 0xE5, 0x04, 0x60, 0x00},
    /* U+9CAB */ {0x77, 0xE5, 0x5A, 0xFF, 0xA6, 0xDA, 0x6D, 0xA7, 0xFA, 0x6E, 0xA7, 0xFA, 0x07, 0xE7, 0xD8, 0x00, 0x80, 0x00},
    /* U+9CAD */ {0x7F, 0xE5, 0x3E, 0xF8, 0x87, 0xFF, 0x78, 0x07, 0xFE, 0x7F, 0xE7, 0xE2, 0x07, 0xE7, 0xE2, 0x46, 0x60, 0x00},
    /* U+9CAE */ {0x73, 0xE5, 0x08, 0xF8, 0x86, 0xFE, 0x6B, 0x67, 0xF2, 0x6B, 0xE7, 0xF4, 0x01, 0x87, 0xBC, 0x06, 0x60, 0x00},
    /* U+9CB0 */ {0x7F, 0xF5, 0x5F, 0xFF, 0x76, 0xD7, 0x6D, 0x67, 0xF6, 0x6D, 0x67, 0xD6, 0x07, 0xEF, 0xDE, 0x01, 0xB0, 0x00},
    /* U+9CB1 */ {0x39, 0x45, 0xF7, 0xF9, 0x47, 0x94, 0x7F, 0x67, 0x94, 0x79, 0x47, 0xF7, 0x09, 0x47, 0x94, 0x01, 0x40, 0x00},
    /* U+9CB2 */ {0x7E, 0x25, 0xFE, 0xFE, 0x25, 0xFE, 0x5A, 0x07, 0xEC, 0x5F, 0xE7, 0xEC, 0x0A, 0xCF, 0xFD, 0x07, 0x60, 0x00},
    /* U+9CB3 */ {0x7A, 0x25, 0xBE, 0xFA, 0x25, 0xBE, 0x58, 0x07, 0xBE, 0x5E, 0x27, 0xFE, 0x0E, 0x2F, 0xFE, 0x02, 0x20, 0x00},
    /* U+9CB4 */ {0x7F, 0xE5, 0xCA, 0xFF, 0xE6, 0xCA, 0x6C, 0xA7, 0xFE, 0x6F, 0x67, 0xFE, 0x0C, 0x2F, 0xFE, 0x04, 0x20, 0x00},
    /* U+9CB5 */ {0x3A, 0xE5, 0xA2, 0xFB, 0xE5, 0xA2, 0x5A, 0x27, 0xBE, 0x59, 0x47, 0x94, 0x03, 0x47, 0xE5, 0x06, 0x60, 0x00},
    /* U+9CB6 */ {0x79, 0x85, 0x34, 0xFF, 0xE6, 0xC8, 0x6B, 0xE7, 0x84, 0x69, 0xC7, 0xFA, 0x07, 0x2F, 0xF7, 0x01, 0xC0, 0x00},
    /* U+9CB7 */ {0x7C, 0xA5, 0x4A, 0xFF, 0xE6, 0xCA, 0x6F, 0xE7, 0xFE, 0x6F, 0x67, 0xD6, 0x05, 0xEF, 0xC2, 0x08, 0x60, 0x00},
    /* U+9CB8 */ {0x7F, 0xE5, 0x80, 0xFB, 0xE7, 0xA2, 0x7A, 0x27, 0xBE, 0x78, 0x87, 0xAE, 0x06, 0xA7, 0xCB, 0x41, 0x80, 0x00},
    /* U+9CBA */ {0x7F, 0xE5, 0x3E, 0xFF, 0x67, 0x96, 0x7F, 0xE7, 0xDE, 0x7F, 0xE7, 0x9A, 0x01, 0xF7, 0xFF, 0x40, 0x30, 0x00},
    /* U+9CBB */ {0x7F, 0xA5, 0xD4, 0xFF, 0xE7, 0xAA, 0x7A, 0x87, 0xFE, 0x7E, 0xA7, 0xFE, 0x06, 0xA7, 0xEA, 0x67, 0xE0, 0x00},
    /* U+9CBC */ {0x77, 0xE5, 0x28, 0xFF, 0xE6, 0xB6, 0x6B, 0xE7, 0xE2, 0x6E, 0xA7, 0xEA, 0x03, 0xA7, 0xB6, 0x06, 0x30, 0x00},
    /* U+9CBD */ {0x7B, 0xE5, 0x7F, 0xFB, 0xE7, 0xAC, 0x7B, 0xE7, 0x88, 0x7F, 0xF7, 0x9C, 0x0B, 0xEF, 0xEA, 0x04, 0x80, 0x00},
    /* U+9CC3 */ {0x7F, 0xE5, 0x6A, 0xFF, 0xE6, 0xEA, 0x6F, 0xE7, 0x98, 0x6F, 0xA7, 0xFA, 0x07, 0x37, 0xF7, 0x01, 0xC0, 0x00},
    /* U+9CC4 */ {0x7D, 0xA5, 0xDA, 0xFF, 0xE6, 0xBE, 0x68, 0x07, 0xFF, 0x6B, 0x07, 0xBE, 0x08, 0x6F, 0x86, 0x01, 0xC0, 0x00},
    /* U+9CC5 */ {0x7E, 0x45, 0x24, 0xFA, 0xF6, 0xFE, 0x6E, 0xE7, 0xF6, 0x6F, 0x47, 0xEE, 0x0A, 0xAF, 0xBA, 0x03, 0x10, 0x00},
    /* U+9CC6 */ {0x7B, 0xF5, 0xE0, 0xFF, 0xE7, 0xBE, 0x7A, 0x27, 0xBE, 0x7B, 0xE7, 0xF6, 0x05, 0xCF, 0xFE, 0x06, 0x70, 0x00},
    /* U+9CC7 */ {0x7B, 0xE5, 0xA2, 0xFB, 0xE5, 0xA2, 0x5B, 0xE7, 0x80, 0x5F, 0xE7, 0x88, 0x03, 0xE7, 0x88, 0x67, 0xF0, 0x00},
    /* U+9CCA */ {0x77, 0xE5, 0x42, 0xFC, 0x26, 0xFE, 0x6F, 0xE7, 0xFE, 0x6F, 0xE7, 0xFE, 0x0F, 0xE7, 0xFE, 0x0A, 0x60, 0x00},
    /* U+9CCB */ {0x7A, 0xE5, 0xBC, 0xF9, 0xC7, 0xBE, 0x7E, 0xA7, 0xBE, 0x7E, 0xA7, 0xFE, 0x08, 0xCF, 0xFE, 0x07, 0xE0, 0x00},
    /* U+9CCC */ {0x33, 0xE7, 0xF4, 0x7D, 0xC7, 0xDC, 0x5A, 0x73, 0xF0, 0x7F, 0xC3, 0xFC, 0x3F, 0xC0, 0x00, 0xFF, 0xF0, 0x00},
    /* U+9CCD */ {0x3B, 0xE5, 0x14, 0xFF, 0xF7, 0xBE, 0x7F, 0x27, 0x9E, 0x7B, 0xE7, 0xA2, 0x03, 0xEF, 0xBE, 0x02, 0x20, 0x00},
    /* U+9CCE */ {0x7E, 0x25, 0x7E, 0xFE, 0x26, 0xFE, 0x68, 0x07, 0xFE, 0x6D, 0xA7, 0xB6, 0x03, 0x67, 0xDA, 0x43, 0x60, 0x00},
    /* U+9CCF */ {0x7F, 0xE5, 0xDE, 0xFF, 0xE7, 0x88, 0x7B, 0xE7, 0xEA, 0x7D, 0xA7, 0xBC, 0x06, 0xA7, 0xCB, 0x00, 0x80, 0x00},
    /* U+9CD0 */ {0x7F, 0xA5, 0xFA, 0xFA, 0xE7, 0xA0, 0x7B, 0xE7, 0xC8, 0x7F, 0xF7, 0x88, 0x0E, 0xAF, 0xFE, 0x00, 0x20, 0x00},
    /* U+9CD3 */ {0x7F, 0x45, 0x54, 0xF7, 0xE7, 0xF6, 0x7F, 0x67, 0xF6, 0x7F, 0xE7, 0xAE, 0x0F, 0xAF, 0x2A, 0x03, 0x60, 0x00},
    /* U+9CD4 */ {0x39, 0x45, 0xFE, 0xFF, 0x67, 0xF6, 0x7F, 0xE7, 0xBE, 0x78, 0x07, 0xFF, 0x02, 0xE7, 0xEA, 0x45, 0x80, 0x00},
    /* U+9CD5 */ {0x78, 0x85, 0xFE, 0xFC, 0xA7, 0xFE, 0x7B, 0xE7, 0x80, 0x7F, 0xE7, 0x82, 0x03, 0xE7, 0x82, 0x47, 0xE0, 0x00},
    /* U+9CD6 */ {0x59, 0xE7, 0xF4, 0x7E, 0xC7, 0xDE, 0x5E, 0x33, 0xF0, 0x7F, 0xC3, 0xFC, 0x3F, 0xC0, 0x00, 0x7F, 0xE0, 0x00},
    /* U+9CD7 */ {0x72, 0x25, 0x3E, 0xFB, 0xE6, 0x80, 0x6F, 0xE7, 0xFE, 0x68, 0x07, 0xFE, 0x03, 0x47, 0x9C, 0x47, 0x70, 0x00},
    /* U+9CD8 */ {0x41, 0xF7, 0xF4, 0xFF, 0xC5, 0x5C, 0x7F, 0x31, 0xF0, 0x7F, 0xC3, 0xFC, 0x26, 0x43, 0xFC, 0xFF, 0xE0, 0x00},
    /* U+9CD9 */ {0x7F, 0xF5, 0x48, 0xFD, 0xE6, 0xFF, 0x6D, 0xE7, 0xC8, 0x6F, 0xE7, 0xFE, 0x06, 0xA7, 0xFE, 0x6A, 0xE0, 0x00},
    /* U+9CDC */ {0x7F, 0xF5, 0xFC, 0xFF, 0x47, 0xFF, 0x7F, 0xF7, 0xFE, 0x7F, 0xE7, 0xFE, 0x0F, 0x6F, 0xAE, 0x0A, 0x90, 0x00},
    /* U+9CDD */ {0x7F, 0xE5, 0x08, 0xFB, 0xE6, 0x88, 0x6F, 0xE7, 0xAE, 0x6F, 0xF7, 0xFE, 0x06, 0x27, 0xE2, 0x67, 0xE0, 0x00},
    /* U+9CDE */ {0x72, 0xE5, 0x2C, 0xF7, 0xE7, 0xBC, 0x7E, 0xB7, 0xEE, 0x7F, 0xA7, 0xFA, 0x02, 0xFF, 0xE2, 0x0C, 0x20, 0x00},
    /* U+9CDF */ {0x7B, 0x45, 0x7E, 0xFF, 0xE6, 0xFE, 0x6E, 0x27, 0xFE, 0x6F, 0xE7, 0xFF, 0x0A, 0x4F, 0x94, 0x40, 0xC0, 0x00},
    /* U+9CE2 */ {0x7F, 0xE5, 0xFE, 0xFF, 0x67, 0xFE, 0x7B, 0xE7, 0xBE, 0x7B, 0xE7, 0xA2, 0x03, 0xE7, 0x94, 0x07, 0xF0, 0x00},
    /* U+9E1F */ {0x3F, 0xC2, 0x84, 0x2E, 0xC2, 0x08, 0x20, 0x03, 0xFE, 0x00, 0x2F, 0xFA, 0x00, 0x20, 0x06, 0x01, 0xC0, 0x00},
    /* U+9E20 */ {0x23, 0xE2, 0x22, 0xFB, 0xE3, 0xAE, 0x7A, 0xC7, 0xBE, 0x7C, 0x25, 0xFE, 0x40, 0x2C, 0x02, 0x00, 0xC0, 0x00},
    /* U+9E21 */ {0xFF, 0xE0, 0xE6, 0x5F, 0xE7, 0xE4, 0x36, 0xC3, 0x7E, 0x30, 0x23, 0x82, 0x47, 0xEC, 0x02, 0x00, 0xE0, 0x00},
    /* U+9E22 */ {0x0F, 0xEF, 0xF0, 0x0D, 0xB3, 0xFE, 0x2C, 0xC2, 0x78, 0x20, 0x03, 0xFE, 0xFF, 0xA0, 0x06, 0x00, 0xC0, 0x00},
    /* U+9E23 */ {0x77, 0xE5, 0x46, 0x55, 0x65, 0x44, 0x54, 0xC5, 0x7E, 0x50, 0x27, 0x02, 0x4F, 0xE0, 0x02, 0x00, 0xE0, 0x00},
    /* U+9E25 */ {0x7F, 0xE4, 0xA2, 0x6A, 0xA7, 0xA2, 0x5A, 0xE5, 0xBF, 0x78, 0x36, 0xFF, 0x60, 0x27, 0xC2, 0x00, 0xE0, 0x00},
    /* U+9E26 */ {0x7F, 0xE4, 0xA2, 0x4A, 0xA4, 0xA2, 0x7E, 0xE1, 0xBE, 0x39, 0xF6, 0xFF, 0x48, 0x25, 0x82, 0x38, 0xE0, 0x00},
    /* U+9E28 */ {0x5B, 0xE7, 0x22, 0x4F, 0xE7, 0xA6, 0x12, 0xC3, 0x3E, 0xFC, 0x23, 0x02, 0x37, 0xE3, 0x02, 0x30, 0xE0, 0x00},
    /* U+9E29 */ {0x33, 0xEF, 0xF2, 0xF7, 0xEF, 0x76, 0x33, 0xC3, 0x3E, 0x30, 0x23, 0x3E, 0x7C, 0x25, 0x82, 0x80, 0xE0, 0x00},
    /* U+9E2A */ {0x33, 0xE3, 0x22, 0xFF, 0xE3, 0x2E, 0x32, 0xC7, 0xBE, 0x48, 0x24, 0xFE, 0x48, 0x27, 0x82, 0x40, 0xE0, 0x00},
    /* U+9E2B */ {0x23, 0xEF, 0xE2, 0x23, 0xA7, 0x26, 0x52, 0xC7, 0xFE, 0x58, 0x25, 0xFE, 0x54, 0x21, 0x02, 0x30, 0xE0, 0x00},
    /* U+9E2C */ {0x1F, 0xE1, 0x3A, 0x7F, 0xE4, 0x72, 0x47, 0x67, 0xFE, 0x44, 0x24, 0x3E, 0x40, 0x2C, 0x02, 0xC0, 0x60, 0x00},
    /* U+9E2D */ {0x7F, 0xE5, 0x62, 0x57, 0xA7, 0xE2, 0x56, 0x65, 0x7E, 0x7D, 0xE5, 0x3E, 0x10, 0x21, 0x02, 0x10, 0x60, 0x00},
    /* U+9E2F */ {0x3F, 0xC2, 0x44, 0xFF, 0xF3, 0xDC, 0x7F, 0xF2, 0xCC, 0x27, 0x83, 0xFE, 0x00, 0x2F, 0xFA, 0x00, 0xE0, 0x00},
    /* U+9E31 */ {0x7B, 0xE5, 0xB2, 0x5B, 0xA5, 0xB2, 0x7F, 0xC5, 0xBE, 0x48, 0x24, 0xBE, 0x5E, 0x27, 0xC2, 0x40, 0xE0, 0x00},
    /* U+9E32 */ {0x63, 0xE7, 0xF2, 0xC7, 0xEF, 0x76, 0x57, 0xC5, 0x7E, 0x5C, 0x27, 0xFE, 0x4C, 0x20, 0xC2, 0x38, 0xE0, 0x00},
    /* U+9E33 */ {0x6F, 0x67, 0xBE, 0x3B, 0xE6, 0x40, 0x3F, 0xC2, 0xCC, 0x27, 0x83, 0xFE, 0x00, 0x27, 0xFA, 0x00, 0xE0, 0x00},
    /* U+9E35 */ {0x78, 0x84, 0xFF, 0x7E, 0x34, 0xB0, 0x5B, 0x64, 0x3C, 0x7F, 0x80, 0xF0, 0xFF, 0x10, 0xF3, 0x19, 0xE0, 0x00},
    /* U+9E36 */ {0x7B, 0xC3, 0x18, 0x7F, 0xEF, 0xFE, 0x04, 0x03, 0xFC, 0x2F, 0xC3, 0xFE, 0x00, 0x27, 0xFA, 0x00, 0xE0, 0x00},
    /* U+9E37 */ {0x7F, 0xC3, 0xF4, 0x73, 0x57, 0x6F, 0x3F, 0xC2, 0xCC, 0x27, 0x83, 0xFE, 0x00, 0x2F, 0xFA, 0x00, 0xE0, 0x00},
    /* U+9E38 */ {0xFF, 0xE3, 0x12, 0x7D, 0xA6, 0xD2, 0x6D, 0xC6, 0xDE, 0x6C, 0x26, 0xFE, 0x6C, 0x26, 0xC2, 0x4C, 0xE0, 0x00},
    /* U+9E39 */ {0x73, 0xE1, 0x3A, 0xFF, 0xE1, 0x32, 0x13, 0x41, 0x3E, 0x4C, 0x24, 0xFE, 0x4C, 0x27, 0xC2, 0x40, 0xE0, 0x00},
    /* U+9E3A */ {0x29, 0xE6, 0x92, 0x7F, 0xEE, 0x96, 0xED, 0xC7, 0xD0, 0x7F, 0xF7, 0xBE, 0x68, 0x26, 0x82, 0x68, 0x60, 0x00},
    /* U+9E3D */ {0x3B, 0xE6, 0xE2, 0xC7, 0xA7, 0xA2, 0x02, 0xE7, 0xBF, 0x48, 0x34, 0xFE, 0x48, 0x27, 0x82, 0x40, 0xE0, 0x00},
    /* U+9E3E */ {0x7F, 0xE2, 0x94, 0x69, 0x64, 0xD2, 0x3F, 0xC2, 0xCC, 0x27, 0x83, 0xFE, 0x00, 0x2F, 0xFA, 0x00, 0xE0, 0x00},
    /* U+9E3F */ {0x63, 0xE1, 0xF2, 0x0B, 0xEC, 0xB6, 0x6B, 0xC0, 0xBE, 0x2C, 0x27, 0x82, 0x73, 0xE4, 0x02, 0x00, 0xE0, 0x00},
    /* U+9E41 */ {0xFF, 0xE1, 0x3A, 0x7F, 0xE4, 0x72, 0x7F, 0x61, 0x3E, 0x7C, 0x27, 0x3E, 0x10, 0x21, 0x02, 0x70, 0x60, 0x00},
    /* U+9E42 */ {0xFF, 0xE0, 0x12, 0x7F, 0xE5, 0xB2, 0x5B, 0x67, 0xF0, 0x7F, 0xF7, 0xBE, 0x5A, 0x25, 0xA2, 0x7C, 0x60, 0x00},
    /* U+9E43 */ {0x4F, 0xE4, 0xF2, 0x7B, 0xE7, 0xE6, 0x46, 0xC7, 0xFE, 0x44, 0x27, 0xFE, 0x44, 0x24, 0x42, 0x5C, 0xE0, 0x00},
    /* U+9E44 */ {0x53, 0xE7, 0xE2, 0x53, 0xA1, 0x22, 0xFE, 0xC0, 0x3E, 0x7C, 0x24, 0xFE, 0x4C, 0x27, 0xC2, 0x44, 0xE0, 0x00},
    /* U+9E45 */ {0x7D, 0xE2, 0xDA, 0xFF, 0xE2, 0x92, 0x2F, 0x47, 0xDE, 0xEC, 0x22, 0xBE, 0x3A, 0x23, 0xE2, 0x64, 0xE0, 0x00},
    /* U+9E46 */ {0x2F, 0xE4, 0x72, 0xD3, 0xA3, 0xA2, 0x6E, 0xCF, 0xFE, 0x6C, 0x26, 0xFE, 0x6C, 0x27, 0xC2, 0x64, 0xE0, 0x00},
    /* U+9E47 */ {0x7F, 0xE1, 0x72, 0x57, 0xE7, 0xF6, 0x5F, 0xC7, 0xF0, 0x7F, 0xF7, 0x7F, 0x56, 0x25, 0x62, 0x4C, 0x60, 0x00},
    /* U+9E48 */ {0x2B, 0xE7, 0xF2, 0x17, 0xE7, 0xF6, 0x53, 0xC5, 0x3E, 0x7C, 0x23, 0x7E, 0x74, 0x2D, 0xC2, 0x10, 0xE0, 0x00},
    /* U+9E49 */ {0x7F, 0xE0, 0xB2, 0xFF, 0xE2, 0x96, 0x69, 0xC7, 0x9E, 0x68, 0x36, 0xFE, 0x7C, 0x2E, 0x62, 0x06, 0xE0, 0x00},
    /* U+9E4A */ {0x2B, 0xEF, 0xF2, 0x2B, 0xEF, 0xF6, 0x03, 0xC7, 0xFE, 0x4C, 0x27, 0xFE, 0x4C, 0x27, 0xC2, 0x44, 0xE0, 0x00},
    /* U+9E4B */ {0x2B, 0xEF, 0xFA, 0x2B, 0xE7, 0xF2, 0x57, 0x65, 0x7E, 0x7C, 0x25, 0x7E, 0x54, 0x27, 0xC2, 0x44, 0x60, 0x00},
    /* U+9E4C */ {0xFF, 0xE2, 0xBA, 0x57, 0xEF, 0xF2, 0x57, 0x67, 0xFE, 0x54, 0x37, 0xC2, 0x53, 0xE1, 0xC2, 0x38, 0xE0, 0x00},
    /* U+9E4E */ {0x7F, 0xE5, 0x72, 0x7F, 0xA5, 0x72, 0x7F, 0xC2, 0x3E, 0x58, 0x2F, 0xC2, 0x1B, 0xE1, 0x82, 0x18, 0xE0, 0x00},
    /* U+9E4F */ {0x7F, 0xE7, 0xFA, 0x7F, 0xE7, 0xF2, 0x7F, 0x47, 0xF0, 0x7F, 0xE7, 0xE2, 0xFF, 0xEF, 0xE2, 0xBC, 0xE0, 0x00},
    /* U+9E51 */ {0x7F, 0xE0, 0x32, 0x7F, 0xE7, 0xF6, 0x03, 0xC7, 0xF0, 0x1B, 0xEF, 0xFE, 0x10, 0x21, 0x02, 0x70, 0xE0, 0x00},
    /* U+9E55 */ {0x2B, 0xE2, 0xBA, 0xFB, 0xE2, 0xFA, 0x2B, 0xE7, 0xBE, 0x5E, 0x35, 0xBE, 0x7A, 0x24, 0xA2, 0x16, 0x60, 0x00},
    /* U+9E57 */ {0xF5, 0xEF, 0x72, 0x7F, 0xE7, 0xF2, 0x03, 0x6F, 0xFE, 0x60, 0x27, 0xFE, 0x0C, 0x20, 0xC2, 0x38, 0xE0, 0x00},
    /* U+9E58 */ {0x4F, 0xE7, 0xE2, 0x5F, 0xAF, 0xE2, 0xFE, 0xC4, 0xBE, 0x78, 0x24, 0xFE, 0x78, 0x24, 0x82, 0x58, 0xE0, 0x00},
    /* U+9E5A */ {0x2D, 0xE2, 0x92, 0xFF, 0xA6, 0x96, 0x5F, 0xEF, 0xDE, 0x24, 0x36, 0xFF, 0x7E, 0x2F, 0xE2, 0x10, 0xE0, 0x00},
    /* U+9E5B */ {0x55, 0xE5, 0x5A, 0x7D, 0xE4, 0x16, 0x7D, 0x66, 0x5F, 0x7C, 0x37, 0xFF, 0x64, 0x2F, 0xC2, 0xA4, 0xE0, 0x00},
    /* U+9E5C */ {0x3B, 0xF7, 0xF4, 0x34, 0xC7, 0x77, 0x3F, 0xC2, 0xCC, 0x26, 0x83, 0xFE, 0x00, 0x27, 0xFA, 0x00, 0xE0, 0x00},
    /* U+9E5E */ {0x71, 0xE5, 0x7A, 0x5F, 0xE6, 0x32, 0x7F, 0x65, 0x3F, 0xFC, 0x35, 0x7F, 0x54, 0x27, 0xC2, 0x04, 0xE0, 0x00},
    /* U+9E63 */ {0x29, 0xE7, 0xF2, 0x7D, 0xE2, 0xD2, 0xFF, 0x62, 0xD0, 0x7D, 0xF2, 0xC2, 0x6F, 0xEE, 0x82, 0x28, 0x60, 0x00},
    /* U+9E64 */ {0x7D, 0xE6, 0x7A, 0x3B, 0xA7, 0xF2, 0xDB, 0xC7, 0xFE, 0x58, 0x27, 0xC2, 0x5B, 0xE7, 0xC2, 0x40, 0xE0, 0x00},
    /* U+9E66 */ {0x5B, 0xE7, 0xFA, 0x7F, 0xE7, 0xFA, 0x7F, 0xED, 0xBF, 0x7E, 0x32, 0x43, 0x7D, 0xE3, 0xC2, 0x66, 0xE0, 0x00},
    /* U+9E67 */ {0x7F, 0xE5, 0x5A, 0x55, 0xE7, 0xF2, 0x55, 0x65, 0x5E, 0x5C, 0x24, 0x7E, 0x7E, 0x2F, 0xE2, 0xB0, 0x60, 0x00},
    /* U+9E68 */ {0x7F, 0xE7, 0xFA, 0x7F, 0xE7, 0xF2, 0x39, 0x66, 0xD0, 0x31, 0xF7, 0xFE, 0x6C, 0x23, 0x82, 0x40, 0xE0, 0x00},
    /* U+9E69 */ {0x7F, 0xE7, 0x72, 0x7F, 0xE7, 0xF2, 0xC7, 0x67, 0xFF, 0x7C, 0x31, 0x03, 0x7F, 0xE5, 0x42, 0x30, 0xE0, 0x00},
    /* U+9E6A */ {0x6B, 0xE7, 0xF2, 0xCB, 0xAF, 0xF6, 0x7F, 0xC4, 0xBE, 0x7C, 0x26, 0x7E, 0x7C, 0x27, 0xE2, 0x00, 0xE0, 0x00},
    /* U+9E6B */ {0x7F, 0xE4, 0x58, 0x7D, 0x97, 0xFE, 0x3F, 0xC2, 0xCC, 0x27, 0x83, 0xFE, 0x00, 0x27, 0xFA, 0x00, 0xC0, 0x00},
    /* U+9E6C */ {0x29, 0xE7, 0xDA, 0x3D, 0x67, 0x92, 0x11, 0x67, 0xDF, 0x7C, 0x37, 0xFF, 0x6C, 0x27, 0xC2, 0x44, 0xE0, 0x00},
    /* U+9E6D */ {0x7F, 0xC1, 0x3E, 0x5F, 0xE7, 0xFE, 0x04, 0x03, 0xFC, 0x27, 0x83, 0xFE, 0x00, 0x2F, 0xFA, 0x00, 0xE0, 0x00},
    /* U+9E70 */ {0x7F, 0xE4, 0xBE, 0x7F, 0xE7, 0xFE, 0x5F, 0xE4, 0xC0, 0x5F, 0xC5, 0x7C, 0x5F, 0xEF, 0xFA, 0x80, 0xE0, 0x00},
    /* U+9E71 */ {0x7F, 0xF6, 0xA8, 0x7F, 0xE5, 0xFE, 0x77, 0xE7, 0xEC, 0x0F, 0xE1, 0xFE, 0xFB, 0x60, 0xBC, 0x3E, 0x70, 0x00},
    /* U+9E73 */ {0xFF, 0xE7, 0xF2, 0x7F, 0xE7, 0xF2, 0x39, 0xE7, 0xFF, 0xFC, 0x35, 0x83, 0x7F, 0xE7, 0xC2, 0x40, 0xE0, 0x00},
    /* U+9E7E */ {0x3D, 0x43, 0x3E, 0x78, 0x84, 0xBE, 0x79, 0x87, 0xFF, 0x79, 0x07, 0xFE, 0x7E, 0xC7, 0xCC, 0x4B, 0xF0, 0x00},
    /* U+9E7F */ {0x7F, 0xE6, 0x90, 0x7F, 0xE6, 0x92, 0x69, 0x27, 0xFE, 0x51, 0x25, 0xFE, 0x51, 0x05, 0xF3, 0xDD, 0xE0, 0x00},
    /* U+9E82 */ {0x7F, 0xE7, 0xFE, 0x49, 0x67, 0xFE, 0x5F, 0xE5, 0x12, 0x5D, 0xE4, 0xF8, 0x49, 0x8D, 0x9B, 0xF0, 0xE0, 0x00},
    /* U+9E87 */ {0x7F, 0xF7, 0xFE, 0x69, 0x67, 0xFE, 0x5F, 0xE5, 0xFF, 0x5F, 0xC4, 0xE0, 0x7F, 0xED, 0xEC, 0xB2, 0x20, 0x00},
    /* U+9E88 */ {0x7F, 0xF7, 0xFE, 0x49, 0x27, 0xFE, 0x5F, 0xE5, 0xFE, 0x5A, 0x07, 0xFE, 0x5F, 0xCC, 0x20, 0xFF, 0xF0, 0x00},
    /* U+9E8B */ {0x7F, 0xE7, 0xFE, 0x7F, 0xE5, 0x16, 0x5F, 0xC7, 0xFE, 0x5A, 0x44, 0xAC, 0x7F, 0xED, 0xEC, 0xF2, 0x60, 0x00},
    /* U+9E92 */ {0x7D, 0x26, 0xBF, 0x7D, 0x26, 0xDE, 0x6D, 0x27, 0xDE, 0x69, 0x27, 0xFF, 0x69, 0x4F, 0xD2, 0xAA, 0x20, 0x00},
    /* U+9E93 */ {0x7F, 0xE7, 0xFE, 0x56, 0xA7, 0xFE, 0x49, 0x07, 0xFE, 0x7F, 0xE5, 0x16, 0x5F, 0xC5, 0x53, 0xDD, 0xE0, 0x00},
    /* U+9E9D */ {0x49, 0x07, 0xFE, 0x7F, 0xE5, 0xFE, 0x7F, 0xE5, 0xC4, 0x7F, 0xE5, 0xF4, 0x53, 0xCF, 0xEC, 0xFE, 0xC0, 0x00},
    /* U+9E9F */ {0x7D, 0xE6, 0xBF, 0x7D, 0xE6, 0xEB, 0x6E, 0x27, 0xF2, 0x6B, 0xF7, 0xFA, 0x69, 0xFF, 0xE2, 0xA2, 0x20, 0x00},
    /* U+9EA6 */ {0x7F, 0xE0, 0x60, 0x3F, 0xC0, 0x60, 0xFF, 0xF1, 0x80, 0x3F, 0xC7, 0x98, 0x0F, 0x01, 0xF8, 0x70, 0xF0, 0x00},
    /* U+9EB4 */ {0xFF, 0xE7, 0xE2, 0x7F, 0x6B, 0xBE, 0x7B, 0xAE, 0x7E, 0x79, 0xA7, 0xBE, 0x37, 0x23, 0xD2, 0x40, 0xE0, 0x00},
    /* U+9EB8 */ {0x7C, 0x81, 0x3E, 0x7C, 0x8F, 0xC8, 0x20, 0x87, 0xFF, 0x48, 0xCF, 0x9C, 0x39, 0x47, 0xB6, 0x46, 0x30, 0x00},
    /* U+9EBB */ {0x7F, 0xF4, 0x88, 0x48, 0xC4, 0x8C, 0x7F, 0xF4, 0xCC, 0x5F, 0xE5, 0xBE, 0x6A, 0xFC, 0x8C, 0x88, 0xC0, 0x00},
    /* U+9EBD */ {0x7F, 0xE4, 0x88, 0x7F, 0xE5, 0xCC, 0x7F, 0xE6, 0xAA, 0x46, 0x05, 0xB0, 0x56, 0x45, 0xFE, 0xDF, 0x20, 0x00},
    /* U+9EBE */ {0x7F, 0xE4, 0x88, 0x7F, 0xE5, 0xDC, 0x7B, 0xA4, 0xFC, 0x5E, 0x67, 0xFE, 0x4F, 0xEF, 0xE0, 0xC3, 0xE0, 0x00},
    /* U+9EC4 */ {0x7F, 0xE1, 0x98, 0xFF, 0xF0, 0x60, 0x3F, 0xC2, 0x64, 0x3F, 0xC2, 0x64, 0x3F, 0xC3, 0x9C, 0x60, 0x60, 0x00},
    /* U+9EC9 */ {0x7F, 0xE4, 0x92, 0x3F, 0xC1, 0x90, 0x7F, 0xE3, 0xFC, 0x26, 0x43, 0xFC, 0x3F, 0xC1, 0x98, 0x70, 0x60, 0x00},
    /* U+9ECD */ {0x3F, 0x87, 0xFE, 0x0F, 0x83, 0xFC, 0x76, 0x61, 0xF8, 0x76, 0xE5, 0xEA, 0x1F, 0x87, 0x6C, 0x0E, 0x00, 0x00},
    /* U+9ECE */ {0x73, 0xE7, 0xEA, 0x3B, 0xA7, 0xD2, 0xD7, 0x61, 0xF8, 0x76, 0xE5, 0x6A, 0x1F, 0x83, 0xEC, 0x0E, 0x40, 0x00},
    /* U+9ECF */ {0x78, 0x87, 0xCF, 0x38, 0x87, 0x48, 0x30, 0x87, 0xFE, 0xD7, 0x23, 0xB2, 0x7F, 0x25, 0x7E, 0x32, 0x20, 0x00},
    /* U+9ED1 */ {0x36, 0x43, 0xF4, 0x2F, 0x43, 0xFC, 0x06, 0x07, 0xFC, 0x06, 0x0F, 0xFF, 0x00, 0x06, 0xB6, 0x49, 0x20, 0x00},
    /* U+9ED4 */ {0x5D, 0xC7, 0xD4, 0x7F, 0x67, 0xEB, 0x30, 0x87, 0xFE, 0x30, 0x6F, 0xC4, 0x78, 0xCF, 0xC8, 0xA0, 0x80, 0x00},
    /* U+9ED8 */ {0x54, 0xE7, 0xCA, 0x7C, 0x87, 0xFF, 0x10, 0x87, 0xCC, 0x11, 0xC7, 0xD4, 0x65, 0x67, 0xF2, 0xA2, 0x10, 0x00},
    /* U+9EDB */ {0x7F, 0xEE, 0x19, 0x20, 0xE3, 0xFC, 0x3F, 0x43, 0xFC, 0x06, 0x03, 0xFC, 0x7F, 0xE2, 0x84, 0x69, 0x20, 0x00},
    /* U+9EDC */ {0x56, 0xA7, 0xEA, 0x7E, 0xA7, 0xEA, 0x13, 0xE7, 0xE8, 0x12, 0xBF, 0xEB, 0x02, 0xB7, 0xFF, 0xE0, 0x20, 0x00},
    /* U+9EDD */ {0x7A, 0x47, 0xA4, 0x7B, 0xF7, 0xF7, 0x37, 0x77, 0xAF, 0x33, 0xFF, 0xFA, 0x07, 0xA7, 0x8A, 0xB1, 0x60, 0x00},
    /* U+9EDF */ {0x5D, 0xE7, 0xF6, 0x7F, 0xC7, 0xD8, 0x33, 0x87, 0x9F, 0x33, 0x2F, 0x3E, 0x00, 0xC7, 0xB8, 0xF7, 0x00, 0x00},
    /* U+9EE0 */ {0x54, 0x87, 0xFF, 0x7C, 0x87, 0xC8, 0x13, 0xE7, 0xC0, 0x13, 0xEF, 0xF2, 0x03, 0x27, 0xFE, 0xEF, 0x20, 0x00},
    /* U+9EE2 */ {0x59, 0x47, 0xFE, 0x7B, 0x67, 0x96, 0x32, 0x27, 0xF0, 0x33, 0xEF, 0xF6, 0x09, 0xC7, 0xBE, 0xF7, 0x30, 0x00},
    /* U+9EE5 */ {0x54, 0xC7, 0xFF, 0x7F, 0xE7, 0xF2, 0x13, 0x27, 0xFE, 0x10, 0x8F, 0xDE, 0x7E, 0xA7, 0xEB, 0xA1, 0x80, 0x00},
    /* U+9EE7 */ {0x13, 0xEF, 0xEA, 0x79, 0xA5, 0x16, 0x3F, 0xC3, 0xFC, 0x06, 0x03, 0xFC, 0x7F, 0xE6, 0xB4, 0x49, 0x20, 0x00},
    /* U+9EE9 */ {0x5F, 0xE7, 0xC8, 0x7F, 0xE7, 0xC2, 0x11, 0xE7, 0xB8, 0x30, 0x8F, 0xFE, 0x01, 0xC7, 0xF6, 0xE6, 0x30, 0x00},
    /* U+9EEA */ {0x79, 0x47, 0xBE, 0x79, 0x87, 0xFE, 0x33, 0x67, 0xFB, 0x33, 0x4F, 0x9A, 0x7B, 0x6F, 0x9C, 0xA3, 0x00, 0x00},
    /* U+9EEF */ {0x57, 0xE7, 0xD6, 0x7D, 0x47, 0xFF, 0x10, 0x07, 0xFE, 0x12, 0x2F, 0xFE, 0x02, 0x27, 0xE2, 0xEB, 0xE0, 0x00},
    /* U+9EF9 */ {0x39, 0xCF, 0xFF, 0x36, 0xC1, 0x78, 0x7F, 0xE6, 0xE6, 0x6F, 0x67, 0xFE, 0x76, 0xE6, 0x66, 0x66, 0xC0, 0x00},
    /* U+9EFB */ {0x7D, 0xE7, 0xDA, 0xFF, 0xF5, 0xD8, 0x7D, 0xE5, 0x5A, 0x7D, 0xE7, 0xFC, 0x5E, 0xC5, 0x6E, 0x5D, 0x30, 0x00},
    /* U+9EFC */ {0x7C, 0xA7, 0xBF, 0xFC, 0x85, 0xFF, 0x7E, 0xB5, 0x7F, 0x7E, 0xB7, 0xFF, 0x5E, 0xB5, 0x6B, 0x5E, 0xA0, 0x00},
    /* U+9EFE */ {0x3F, 0xC2, 0x04, 0x3F, 0xC0, 0x60, 0x7F, 0xC6, 0x64, 0x7F, 0xC7, 0xFC, 0x66, 0x10, 0x63, 0x03, 0xE0, 0x00},
    /* U+9F0B */ {0x00, 0x07, 0xFE, 0x39, 0x27, 0xFE, 0x20, 0x43, 0xFC, 0x7F, 0xC7, 0xFE, 0x46, 0x67, 0xFF, 0x07, 0xF0, 0x00},
    /* U+9F0D */ {0x7F, 0xE3, 0xFC, 0x3F, 0xC3, 0xFC, 0x7F, 0xE3, 0xFC, 0x3F, 0xC7, 0xFE, 0x7F, 0xE7, 0xFE, 0x07, 0xF0, 0x00},
    /* U+9F0E */ {0x51, 0xA5, 0xFE, 0x5F, 0xE5, 0x1E, 0x5F, 0xE7, 0x9E, 0x09, 0x0F, 0x9E, 0x69, 0x26, 0x92, 0x49, 0x20, 0x00},
    /* U+9F10 */ {0x7F, 0x83, 0x1E, 0xFF, 0xE1, 0xF8, 0x7F, 0xE7, 0x0E, 0x7F, 0xE3, 0xFE, 0xFF, 0xE2, 0xF2, 0x4F, 0x20, 0x00},
    /* U+9F13 */ {0xFC, 0x81, 0x3F, 0x7C, 0x80, 0x08, 0x7F, 0xE4, 0xF2, 0x7D, 0x66, 0x9C, 0x68, 0xC7, 0xFE, 0xE6, 0x30, 0x00},
    /* U+9F17 */ {0x1F, 0x87, 0xBE, 0x79, 0xE5, 0x08, 0x7F, 0xF7, 0xC8, 0x7B, 0xE4, 0xD6, 0x7D, 0xC3, 0xDC, 0xFF, 0x30, 0x00},
    /* U+9F19 */ {0x13, 0xE0, 0x3E, 0x7D, 0x67, 0xDC, 0x7F, 0xE3, 0xFC, 0x3F, 0xC3, 0xFC, 0x39, 0x0F, 0xFF, 0x03, 0x00, 0x00},
    /* U+9F20 */ {0x7B, 0xE7, 0xDE, 0x60, 0x67, 0xFE, 0x24, 0x43, 0xF4, 0x2C, 0x43, 0xF4, 0x2D, 0xC7, 0xFF, 0x76, 0x20, 0x00},
    /* U+9F22 */ {0x5D, 0x47, 0xD6, 0x4E, 0x27, 0xE3, 0x03, 0xE7, 0x9E, 0x79, 0xE7, 0x96, 0x79, 0x67, 0xF6, 0xF6, 0xC0, 0x00},
    /* U+9F2C */ {0x5C, 0x87, 0xFE, 0x4E, 0xA7, 0xEA, 0x42, 0xA7, 0xBE, 0x7A, 0xA7, 0xAA, 0x7A, 0xA7, 0xFE, 0x76, 0x20, 0x00},
    /* U+9F2F */ {0x5D, 0x87, 0xD8, 0x47, 0xE7, 0xD2, 0x03, 0xF5, 0x40, 0x5F, 0xE7, 0xF2, 0x7F, 0x25, 0xFE, 0xF7, 0x20, 0x00},
    /* U+9F37 */ {0x5F, 0xE7, 0xEA, 0x4D, 0x87, 0xD4, 0x03, 0xC7, 0xDE, 0x7F, 0xE7, 0xFF, 0x7C, 0xC7, 0xF6, 0xF7, 0x30, 0x00},
    /* U+9F39 */ {0x4E, 0x27, 0xFE, 0x4F, 0xE7, 0xC8, 0x03, 0xF7, 0xAB, 0x7B, 0xF7, 0x94, 0x7D, 0xC7, 0xDE, 0xF7, 0x20, 0x00},
    /* U+9F3B */ {0x3F, 0xC3, 0xFC, 0x3F, 0xC3, 0xFC, 0x7F, 0xE7, 0xFE, 0x66, 0x67, 0xFE, 0xFF, 0xF3, 0x18, 0x61, 0x80, 0x00},
    /* U+9F3D */ {0x7D, 0x07, 0xD0, 0x7F, 0xC7, 0xD4, 0x7D, 0x47, 0xD4, 0x7D, 0x40, 0x14, 0xFF, 0x56, 0xA5, 0x4A, 0x70, 0x00},
    /* U+9F3E */ {0x4F, 0xE7, 0xCC, 0x7C, 0xC7, 0xCC, 0x7F, 0xF7, 0xCC, 0x7C, 0xC0, 0x0C, 0xFC, 0xC6, 0x8C, 0x48, 0xC0, 0x00},
    /* U+9F44 */ {0x7F, 0xF7, 0xDC, 0x7F, 0xE7, 0xEB, 0x7C, 0x07, 0xFE, 0x7F, 0xE0, 0x32, 0xFF, 0xE6, 0x80, 0x4B, 0xF0, 0x00},
    /* U+9F50 */ {0x7F, 0xE1, 0x98, 0x0F, 0x00, 0xF0, 0x7F, 0xE7, 0x0E, 0x10, 0x81, 0x08, 0x10, 0x83, 0x08, 0x60, 0x80, 0x00},
    /* U+9F51 */ {0x7F, 0xE1, 0x98, 0x0F, 0x07, 0x9E, 0x6E, 0x46, 0xFC, 0x7F, 0xC6, 0xE4, 0x7F, 0xC4, 0xE4, 0xFF, 0xC0, 0x00},
    /* U+9F7F */ {0x37, 0xE3, 0x60, 0x36, 0x0F, 0xFF, 0x46, 0x26, 0x66, 0x6F, 0x67, 0x9E, 0x70, 0xE7, 0xFE, 0x00, 0x20, 0x00},
    /* U+9F80 */ {0x51, 0x85, 0xD8, 0x51, 0xEF, 0xFC, 0x55, 0x85, 0x78, 0x57, 0x87, 0xD8, 0x6D, 0xB7, 0xDB, 0x04, 0xE0, 0x00},
    /* U+9F83 */ {0x51, 0xE5, 0xD2, 0x51, 0x2F, 0xDE, 0x55, 0x25, 0x52, 0x75, 0xE7, 0xD2, 0x6D, 0x27, 0xD2, 0x07, 0xF0, 0x00},
    /* U+9F84 */ {0x50, 0xC5, 0xDC, 0x53, 0x6F, 0xEB, 0x54, 0x85, 0x7E, 0x74, 0x67, 0xC4, 0x6D, 0xC7, 0xCC, 0x04, 0x40, 0x00},
    /* U+9F85 */ {0x51, 0x05, 0xFF, 0x52, 0x3F, 0xFF, 0x57, 0x75, 0x76, 0x77, 0xE7, 0xF6, 0x6F, 0x07, 0xF3, 0x05, 0xE0, 0x00},
    /* U+9F86 */ {0x5F, 0xF5, 0x1A, 0x51, 0xAF, 0xD2, 0x57, 0xE5, 0x40, 0x57, 0xE7, 0xF2, 0x6F, 0x27, 0xFE, 0x07, 0x20, 0x00},
    /* U+9F87 */ {0x71, 0x47, 0x94, 0x73, 0x7F, 0xFE, 0x7B, 0x46, 0xB4, 0x7B, 0x47, 0xB4, 0x6B, 0x57, 0xBD, 0x0F, 0x60, 0x00},
    /* U+9F88 */ {0x53, 0xE5, 0xE2, 0x53, 0xEF, 0xE2, 0x12, 0x27, 0x7E, 0x76, 0xA7, 0xEE, 0x6E, 0x47, 0xFE, 0x07, 0x20, 0x00},
    /* U+9F89 */ {0x51, 0x85, 0xD0, 0x53, 0xEF, 0xD6, 0x57, 0xF7, 0x40, 0x77, 0xE7, 0xE2, 0x6E, 0x27, 0xFE, 0x06, 0x20, 0x00},
    /* U+9F8A */ {0x5F, 0xE5, 0x32, 0x53, 0x2F, 0xFE, 0x54, 0x85, 0x58, 0x77, 0xF7, 0xF8, 0x6F, 0x87, 0xFC, 0x06, 0xF0, 0x00},
    /* U+9F8B */ {0x5F, 0xC5, 0x3E, 0x52, 0xAF, 0xEA, 0x53, 0xE7, 0x88, 0x7B, 0xE7, 0xAE, 0x6B, 0xE4, 0xA2, 0x7A, 0x60, 0x00},
    /* U+9F8C */ {0x5E, 0x25, 0x3E, 0x52, 0x0F, 0xFF, 0x52, 0x87, 0xFA, 0x7F, 0xF7, 0xE4, 0x6F, 0xE7, 0xE4, 0x0F, 0xF0, 0x00},
    /* U+9F99 */ {0x08, 0x80, 0x84, 0xFF, 0xF0, 0xA0, 0x0A, 0x61, 0xAC, 0x13, 0x81, 0x30, 0x37, 0x06, 0xF3, 0xCB, 0xE0, 0x00},
    /* U+9F9A */ {0x7F, 0xE1, 0xA4, 0x13, 0xC7, 0xF2, 0x4B, 0xE1, 0x98, 0x7F, 0xE1, 0x98, 0xFF, 0xF3, 0x9C, 0x60, 0x60, 0x00},
    /* U+9F9B */ {0x1F, 0xC7, 0xFF, 0x40, 0x03, 0xFC, 0x3F, 0xC0, 0xD8, 0x7F, 0xE0, 0xA4, 0x1B, 0xC7, 0xF3, 0xCB, 0xE0, 0x00},
    /* U+9F9F */ {0x1F, 0x03, 0x30, 0x7F, 0xC6, 0x64, 0x66, 0x47, 0xFC, 0x66, 0x47, 0xFC, 0x26, 0x30, 0x63, 0x03, 0xE0, 0x00},
    /* U+9FA0 */ {0x1F, 0x8F, 0xFF, 0x00, 0x07, 0xFE, 0x7F, 0xE3, 0x6C, 0x3F, 0xE6, 0x96, 0x7F, 0xE6, 0x96, 0x69, 0xE0, 0x00},
    /* U+FF01 */ {0x30, 0x03, 0x00, 0x30, 0x03, 0x00, 0x30, 0x03, 0x00, 0x30, 0x00, 0x00, 0x30, 0x03, 0x00, 0x00, 0x00, 0x00},
    /* U+FF08 */ {0x00, 0x60, 0x04, 0x00, 0xC0, 0x0C, 0x00, 0x80, 0x0C, 0x00, 0xC0, 0x04, 0x00, 0x60, 0x02, 0x00, 0x00, 0x00},
    /* U+FF09 */ {0x60, 0x02, 0x00, 0x30, 0x03, 0x00, 0x10, 0x03, 0x00, 0x30, 0x02, 0x00, 0x60, 0x04, 0x00, 0x00, 0x00, 0x00},
    /* U+FF0C */ {0x00, 0x00, 0x00, 0x00, 0x00, 0x00, 0x00, 0x00, 0x00, 0x00, 0x03, 0x00, 0x30, 0x01, 0x00, 0x20, 0x00, 0x00},
    /* U+FF1A */ {0x00, 0x00, 0x00, 0x30, 0x03, 0x00, 0x00, 0x00, 0x00, 0x00, 0x00, 0x00, 0x30, 0x03, 0x00, 0x00, 0x00, 0x00},
    /* U+FF1B */ {0x00, 0x00, 0x00, 0x30, 0x03, 0x00, 0x00, 0x00, 0x00, 0x00, 0x03, 0x00, 0x30, 0x01, 0x00, 0x30, 0x02, 0x00},
    /* U+FF1F */ {0x78, 0x0C, 0xC0, 0x0C, 0x00, 0x80, 0x18, 0x03, 0x00, 0x30, 0x00, 0x00, 0x20, 0x03, 0x00, 0x00, 0x00, 0x00},
    /* U+FF3B */ {0x00, 0xC0, 0x0C, 0x00, 0xC0, 0x0C, 0x00, 0xC0, 0x0C, 0x00, 0xC0, 0x0C, 0x00, 0xC0, 0x0C, 0x00, 0xF0, 0x00},
    /* U+FF3D */ {0x30, 0x03, 0x00, 0x30, 0x03, 0x00, 0x30, 0x03, 0x00, 0x30, 0x03, 0x00, 0x30, 0x0F, 0x00, 0x00, 0x00, 0x00},
    /* U+FF5E */ {0x00, 0x00, 0x00, 0x00, 0x03, 0xC0, 0x6E, 0x3C, 0x76, 0x03, 0xC0, 0x00, 0x00, 0x00, 0x00, 0x00, 0x00, 0x00},
    /* U+FFE5 */ {0x30, 0xC1, 0x08, 0x19, 0x80, 0x90, 0x0F, 0x01, 0xF8, 0x06, 0x01, 0xF8, 0x06, 0x00, 0x60, 0x00, 0x00, 0x00},
};
